index,headword,verified_headword,jyutping,verified_jyutping,definition,page,source_file,verification_status,verification_notes
1,巴閉,,baa1' bai3,,①副詞。表程度加深加重或嚴重、緊張等（含有極力鋪張、渲染、小題大作的色彩）：家下都冇野咯，你使乜講得咁～啊！丨嘈喧～<嘈雜聲吵得不得了> ②興師動衆：你自己做都得唎，使乜咁～啊！ ③了不起，利害：解放軍～夾利害丨边個有你咁～啊！,48,,已校,
2,吧喳,,baa1' zaa1',,①好出主意，包攬事務，凡事都插一手：佢好～㗎！ ②能幹，有魄力，做事潑辣：嗰個正係～女來㗎！ ‖ 吧，廣韵麻韵伯加切：“吧呀，小兒忿爭。”喳，俗字,48,,已校,
3,爸爸,,baa4 baa1,,父親（面稱、背稱均可） ‖ 也叫“阿爸 aa3 baa1'（或 baa4）”,48,,已校,
4,把家姑婆,,baa2 gaa1' gu1' po4,,舊時自梳女自立之後，就有權把娘家看做自己的家，把娘家的事看做自己的事，可以替娘家管家，俗稱“把家姑婆” ‖ 參看“自梳女 zi6 so1' neoi5*2”,48,,已校,
5,把舦,,baa2 taai5,,掌舵，駕船 ‖ 也説“揸舦 zaa1' taai5”,48,,已校,
6,把屁,,baa1' pei3,,頂屁用，不頂用：噉嘅野攞來～咩<這樣的東西拿來頂什麼用啊>！,48,,已校,
7,把炮,,baa2 paau3,,①把握：有～丨冇～ ②靠山，可倚仗的人：你有乜野～啊？咁惡！ ③計策，辦法：問下佢喇，佢有～啊 ‖ ①也説“揸拿 zaa1' naa4”,48,,已校,
8,把口唔收,,baa2 hau2 m4 sau1',,嘴没遮攔，什麼都説，相當於北京話“嘴上没有把門兒的”：～，乜都講！,48,,已校,
9,把心唔定,,baa2 sam1 m4 ding6,,拿不定主意 ‖ 也説“心大心細 sam1' daai6 sam1' sai3”,48,,已校,
10,霸家柵,,baa3 gaa1 zaa6,,①樣樣東西都霸占爲己有者。多用於小孩子 ②把家，不許别人碰自家的東西：個細路<小孩>好～嘅 ‖ 柵，訓讀字,48,,已校,
11,霸枒,,baa3 ngaa6,,霸道，凡事都插手，干涉别人：佢個人好～嘅 ‖ 參看“枒”。也説“𧧝𧨊 ngaa6 zaa6”,48,,已校,
12,霸篼鷄,,baa3 dau1 gai1,,霸占飼料盆的鷄，引申爲霸道的人 ‖ 篼，廣韵侯韵當侯切：“飼馬籠也。”一般寫作“兜”,48,,已校,
13,霸巷鷄乸,,baa3 hong6 gai1' naa2,,比喻惡婦：佢個老婆正～ ‖ 也説“霸王鷄乸 baa3 wong4 gai1' naa2”,48,,已校,
14,罷就,,baa6 zau6,,算了，拉倒：你唔做就～！丨唔要就～吖！,48,,已校,
15,扒扒挖挖,,paa4 paa4 waa2 waa2,,到處抓抓撓撓，亂動東西：嗰個細路哥真係乞人憎<討人嫌>嘅，成日都喺處～噉,48,,已校,
16,扒頭,,paa4 tau4,,超車。最早用於行船，後來才用於行車：唔好～啊，危險啊！,48,,已校,
17,扒長龍,,paa4 coeng4 lung4,,舊時指强盜船來搶劫。强盜船長而輕便靈巧，常追隨客船進行打劫,48,,已校,
18,扒龍舟,,paa4 lung4 zau1,,農曆五月初五，沿門乞討的人手持小木舟，胸前掛小鑼，唱道：“扒龍舟，轉龍頭，細蚊行埋莫打門，老人行埋添福壽，封封利市紥龍頭”,48,,已校,
19,扒龍船,,paa4 lung4 syun4,,農曆五月初五賽龍船,49,,已校,
20,扒屈頭艇,,paa4 gwat6 tau4 teng5,,舊時指嫖尼姑 ‖ 屈頭：齊頭。屈，集韵迄韵渠勿切：“博雅短也。一曰無尾”,49,,已校,
21,扒逆水,,paa4 ngaak6 seoi2,,①喜歡和别人爭辯，北京叫“頂牛兒” ②做事不合時宜：做埋晒啲～嘅野 ‖ 逆，此處白讀，文讀 jik6,49,,已校,
22,爬皮,,paa4 pei4,,非常怕熱。多用於小孩子：個細路好～嘅，熱天就唔着衫嘅嘞,49,,已校,
23,爬離挖壁,,paa4 lei4 waa2 bek3,,參看“扶籬挖壁 fu4 lei4 waa2 bek3”,49,,已校,NA：詞頭“離”疑應為“籬”。
24,筢撓,,paa4 jaau1,,筢取柴草用的竹器 ‖ 撓，文讀 nau4，此處白讀,49,,已校,
25,媽夫,,maa1 fu1',,諷刺，挖苦：畀佢～咗一餐<被他挖苦了一頓> ‖ 同音字,49,,已校,
26,螞螂艇,,maa1 lang1 teng5,,一種尖頭小艇，一人在艇尾搖櫓，有船篷，陳設講究。要僱用須包艇，價較貴。可坐四五人，艇上可設酒宴 ‖ 據説此種艇划行很快，如蜻蜓點水，故名“螞螂”。音借自滿語，即蜻蜓。現在北京口語仍管蜻蜓叫“螞螂”,49,,已校,
27,孖,,maa1',,①雙生的：～仔丨嗰對肥仔係～嘅 ②量詞。相連的一對：一～枧<肥皂>丨一～油炸鬼丨一～臘腸 ③跟，同，和：我～你去 ④共，合：我同你～鋪<同牀睡>丨佢兩個～份<合伙> ‖ 訓讀字,49,,已校,
28,孖孖頭,,maa1' maa1' tau4*2,,並頭，形容親密無間：佢兩個～啊！丨好到～,49,,已校,
29,孖指,,maa1' zi2,,①手指相連分不開 ②多一個手指，六指,49,,已校,
30,孖頭,,maa1' tau4*2,,戲指頭上長大疙瘩的人：嗰個係～啊！,49,,已校,
31,孖頭公仔,,maa1' tau4 gung1 zai2,,雙頭玩偶，形容兩人形影不離：佢兩個好似～噉,49,,已校,
32,媽媽,,maa4 maa1,,母親（面稱、背稱均可） ‖ 也叫“阿媽 aa3 maa1”,49,,已校,
33,麻麻地,,maa4 maa4*2 dei6*2,,①質量不大好，勉强過得去：呢隻布都～嘅啫<這種布只不過勉强可以> ②勉强，湊合：～由你丨～畀你丨～一次喇<含有下不爲例之義>,49,,已校,
34,麻茶,,maa4 caa4（或 maa5 caa5）,,①視綫模糊，看不清楚：我隻眼好～ ②不顯明，不清楚：眼鏡好～丨佢張試卷好～,49,,已校,
35,麻米,,maa4 mai5,,①吝嗇，小氣 ②愛挑剔，瑣碎，刻薄：佢真係夠～嘅嘞丨㤿尖～<小氣，刻薄>,49,,已校,
36,麻經,,maa4 gaang1,,加工較粗的、鬆鬆地擰起來的雙股麻繩 ‖ 也叫“粗麻繩 cou1 maa4 sing4*2”。經，白讀,49,,已校,
37,麻鷹,,maa4 jing1,,老鷹 ‖ 也叫“崖鷹 ngaai4 jing1”,49,,已校,
38,麻糖鷄渜,,maa4 tong4 gai1' nan4*1,,黄色的稀鷄屎 ‖ 渜，參看“鷄渜”,49,,已校,
39,麻通,,maa4 tung1,,脂麻和糖做成的圓筒形的食品，喝茶時作茶點,49,,已校,
40,麻鬣,,maa4 lip3,,舊時婚禮所用的油炸饊子，兩端相連，上面有脂麻,49,,已校,
41,麻甩仔,,maa4 lat1 zai2,,淘氣、頑皮的小孩子，搗蛋、惹人嫌的小伙子 ‖ 甩，俗字,49,,已校,
42,麻甩佬,,maa4 lat1 lou2,,品行不端的男人，色鬼,50,,已校,
43,嫲姐,,maa4 ze2,,舊時指較年輕的女傭,50,,已校,
44,痲痘,,maa4 dau6*2,,痲疹和天花的統稱,50,,已校,
45,馬子膠,,maa5 zi2 gaau1',,膠布，橡皮膏的舊稱,50,,已校,
46,馬杌,,maa5 wu2,,較大的四方木凳 ‖ 杌，訓讀字。也可能是借北方音。北京管四方大凳叫“杌子”,50,,已校,
47,馬拉糕,,maa5 laai1' gou1,,常見的一種甜點心，用麵粉、鷄蛋、糖製成,50,,已校,
48,馬蹄,,maa5 tai4*2,,荸薺：～粉｜～糕｜～肉<去皮的荸薺>｜～籃<有蓋的小竹籃，内紅外黑，彩畫金花>｜～煲<一種扁圓形大肚子的沙鍋>,50,,已校,
49,馬仔,,maa5 zai2,,①小馬，馬駒子 ②薩其馬的俗稱 ③惡霸的打手、爪牙,50,,已校,
50,馬鱭魚,,maa5 cai5 jyu4*2,,鳳尾魚 ‖ 鱭，廣韵薺韵徂禮切：“魚名，常以春時出九江。”《粵東筆記》卷十第八頁：“鳳尾魚一名馬鱭，其子宜醢”,50,,已校,
51,馬死落地行,,maa5 sei2 lok6 dei6 haang4,,熟語。比喻碰到不得已的事情，也就隨遇而安了,50,,已校,
52,馬留,,maa5（或 maa1） lau1,,猴子：～仔<小猴子，比喻頑皮的小孩>｜～戲<耍猴兒>｜～三<猴子，比喻淘氣的孩子>｜～乾<瘦猴兒，比喻瘦人> ‖ 留，本字是“猱”，廣韵宥韵女救切：“爾雅曰猱蝯善援。”蝯就是猿。猱，古去聲今讀高平調，聲母古泥母今讀如來母。今從俗寫作“留”,50,,已校,
53,馬留衣,,maa5 lau1 ji1,,又短又窄的、不合身的衣服（含貶義）,50,,已校,
54,馬後炮,,maa5 hau6 paau6,,象棋術語。喻事情已發生，再想改變也無能爲力,50,,已校,NA：原書“炮”標註paau6，應爲paau3。
55,馬後跳,,maa5 hau6 tiu3*2,,舊時指辦喜事的人家臨時僱來的人，服務内容諸如請客人、送客人、送禮物、分東西等,50,,已校,
56,馬標,,maa5 biu1,,賽馬票：買～｜佢中咗～,50,,已校,
57,馬臣席,,maa5 san4 zek6,,南洋進口的一種精緻的席，用細藤皮編成 ‖ 馬臣，印尼語譯音,50,,已校,
58,馬閘,,maa5 zaap6,,①一種可以摺叠的躺椅 ②不能摺叠的木製躺椅：酸枝～,50,,已校,
59,榪,,maa5,,①用繩子紥，摽：用繩～住啲碗喇｜將兩頭～實佢 ②用釘子釘：用鉚釘～住佢｜～實個箱 ‖ 廣韵禡韵莫駕切：“牀頭横木。”古去聲，今讀如陽上,50,,已校,
60,榪釘,,maa5 deng1,,一種很長的鐵釘,50,,已校,
61,碼子,,maa5 zi2,,天平上用的銅砝碼，豬腰形,50,,已校,
62,螞螂□,,maa5 long4 kong4,,螳螂,50,,已校,
63,花灑,,faa1 saa2,,①澆花用的噴水壺：買個～淋花 ②淋浴用的噴頭：安個～上去冲涼,50,,已校,
64,花鼓,,faa1 gu2,,中空的墩子，瓷製，外形似鼓，可坐，也可用来放花盆 ‖ 也叫“鼓墩 gu2 dan2”,50,,已校,
65,花基,,faa1 gei1,,磚砌的長形的臺，用於置放花盆,50,,已校,
66,花會,,faa1 wui6*2,,舊時一種賭博，開賭局者以千字文中的字句爲根據，每天開出其中一字，參賭者買中則贏錢。參加賭博俗稱“買字花”,50,,已校,
67,花㝝,,faa1 lam1,,花蕾，花骨朵 ‖ 參看“㝝 lam1”,50,,已校,
68,花墩,,faa1 dan2,,①置放花盆的磚砌的墩子 ②舊時迷信者家中若無子女，則買一女孩來養，名叫“花墩”，以求生養：買～丨攞～,50,,已校,
69,花臣,,faa1 san2,,①式樣，花樣：佢好識撚<玩弄>～嘅 ②花招兒，手段：睇佢出乜野～ ‖ 英文 fashion 的音譯,51,,已校,
70,花王,,faa1 wong4,,管理花木的園丁，花兒匠，北方叫“花兒把式”,51,,已校,
71,花花掝,,faa1' faa1` fik1,,①輕浮，輕佻；没信用，靠不住：佢個仔～，唔好信佢 ②大手大腳花錢，揮霍 ‖ 掝，集韵職韵忽域切：“裂聲”,51,,已校,
72,花婆,,faa1' po4*2,,舊時結婚拜堂時，必找一好命的老婦人和一老頭兒，同時點燃一對花燭。老婦叫“花婆”，老頭兒叫“花公”,51,,已校,
73,花被𰃴<⿱冖贛>鷄籠,,faa1' pei5 kam2 gai1' lung4,,①没錢而假裝有錢 ②没本事而自誇，資格不夠而硬充數 ‖ 𰃴<⿱冖贛>，集韵感韵古禫切：“蓋也。”今口語讀如溪母,51,,已校,
74,花尾渡,,faa1' mei5 dou6*2,,尾部有彩色花紋的内河航行渡船，由小火輪船拖行。艙位分爲三等，上等叫餐樓，二等爲公艙，三等爲大艙 ‖ 也叫“拖渡 to1' dou6*2”,51,,已校,
75,花心,,faa1' sam1',,①（根莖類蔬菜）中心失去水分而乾枯：～蘿蔔丨～芥藍頭 ②比喻愛情不專一，見異思遷：佢個野好～嘅 ③起淫心：和尚起咗～,51,,已校,
76,花心蘿蔔,,faa1' sam1' lo4 baak6,,①指空心蘿蔔 ②比喻愛情不專一的人：～壞心人,51,,已校,
77,花面貓,,faa1' min6 maau1,,比喻臉上有污痕的人,51,,已校,
78,花生腳,,faa1' sang1' goek3,,乾癟的帶殼的花生，北京叫“半空兒”,51,,已校,
79,花笭仔,,faa1' leng1 zai2,,調皮搗蛋、不聽大人話的小伙子，多指未成年的 ‖ 笭是一種竹器，舊時用以殮童屍去埋葬。此語駡人極惡毒，今原義已漸消失。參看“笭”。也説“笭仔”,51,,已校,
80,花笭女,,faa1' leng1 neoi5*2,,輕浮、調皮、不聽話的女孩子 ‖ 也説“笭女”,51,,已校,
81,花筒,,faa1' tung2,,煙花的一種，圓筒形，燃放時噴出各種花卉形狀的煙火,51,,已校,
82,花公,,faa1' gung1,,參看“花婆”,51,,已校,
83,化水,,faa3 seoi2,,湮，墨水在紙上散開：呢啲紙唔好用嘅，～嘅,51,,已校,
84,化學,,faa3 hok6,,質量差，不結實，不耐用 ‖ 也説“化化學學”,51,,已校,
85,打,,daa1,,十二個：兩～鉛筆,51,,已校,
86,打孖,,daa2 maa1',,成對，成雙：佢食炒粉一碟唔夠，～來丨佢一買兩隻丨生仔都～來 ‖ 孖，訓讀字。也説“打雙”,51,,已校,
87,打牙骹,,daa2 ngaa4 gaau3,,閑聊天兒，閑扯淡，神聊：好去做野嘞，成日都喺處～ ‖ 骹，俗借字。也有人説“黐牙音 ci1' ngaa4 jam1'”,51,,已校,
88,打蛇隨棍上,,daa2 se4 ceoi4 gwan3 soeng5,,熟語。因利乘便，鑽空子,51,,已校,
89,打瀉茶,,daa2 se2 caa4,,舊時指女子定婚之後，未婚夫死亡,51,,已校,
90,打個突兀,,daa2 go3 dat6 ngat6,,打個愣怔，一怔：佢忽然來到，我～,51,,已校,
91,打個框,,daa2 go3 kwaak1,,轉一個圈子，繞一個彎兒：我～就返來 ‖ 框，訓讀字。也可看作 kwaang1 的音轉,51,,已校,
92,打硪,,daa2 ngo5,,打夯，打地基 ‖ 硪，廣韵歌韵五何切：“说文日石巖也”,51,,已校,
93,打河,,daa2 ho4*2,,燒鴉片煙泡，即在煙燈上把煙膏燒成圓泡形，以備吸食,52,,已校,
94,打荷,,daa2 ho4*2,,負責管理賭客下注、收賭注，即“荷倌”行使職務 ‖ 參看“荷倌 ho4 gun1'”,52,,已校,
95,打荷包,,daa2 ho4 baau1,,扒手掏人家的錢包,52,,已校,
96,打思肊,,daa2 si1 jik1,,打冷嗝兒，因吸進涼氣而打嗝兒 ‖ 肊，廣韵職韵於力切：“氣滿。”也説“打臊肊 daa2 sou1' jik1”,52,,已校,
97,打斧頭,,daa2 fu2 tau4,,替人買東西時虛報價錢，從中得利,52,,已校,
98,打鼓趁興,,daa2 gu2 can3 hing3,,順勢，乘興：你今日去街，～去飲下茶喇,52,,已校,
99,打鼓邊,,daa2 gu2 bin1,,敲邊鼓，喻幫腔助勢 ‖ 也説“敲鼓邊 haau1' gu2 bin1”,52,,已校,
100,打預,,daa2 jyu6,,預料，估計：～你唔來嘅嘞！,52,,已校,
101,打敗仗,,daa2 baai6 zoeng3,,患病的委婉説法：我今日～嘞，唔上班嘞 ‖ 也説“敗陣 baai6 zan6”,52,,已校,
102,打大翻,,daa2 daai6 faan1,,翻跟頭 ‖ 也説“打關斗”,52,,已校,
103,打齋,,daa2 zaai1',,辦喪事時請和尚、道士來做法事，超度亡魂,52,,已校,
104,打晒色,,daa2 saai3 sik1,,當頭兒，做主，拿主意：呢件事你～喇丨呢間鋪係佢～嘅喇！ ‖ 晒，同音字，全部、完全。色，即色子，賭博用具,52,,已校,
105,打低,,daa2 dai1',,打倒，打敗，壓倒：～佢至得 ‖ 也説“打沉”或“抨沉 peng1' cam4”,52,,已校,
106,打仔,,daa2 zai2,,打手，好打架的無賴、流氓,52,,已校,
107,打鷄,,daa2 gai1',,用六個色子玩的賭博,52,,已校,
108,打地氣,,daa2 dei6 hei3,,坐卧在地上以吸收涼氣，或把衣物置放地上使其涼。舊時去城隍廟打地氣，據説可以邀福,52,,已校,
109,打理,,daa2 lei5,,①管理，料理：呢間房都冇人～ ②理會，顧及：我都唔～佢肯唔肯，攞咗先算 ③理會、顧及之否定（在語氣上區别）：～我<别管我>！丨～你<才不管你呢>！丨～佢咁多<管他呢>！,52,,已校,
110,打戲釘,,daa2 hei3 deng1,,混入戲院白看戲,52,,已校,
111,打背語,,daa2 bui6 jyu5,,説暗語，説行話，説黑話。包括打手勢，使眼色,52,,已校,NA：原書“背”標註bui6，但按意思疑似應爲bui3。
112,打包踭,,daa2 baau1' zaang1',,用手肘拱人、碰人：喂，咪～啊！ ‖ 也説“起踭 hei2 zaang1'”。踭，俗字,52,,已校,
113,打飽□,,daa2 baau2 oek6,,打飽嗝,52,,已校,
114,打交,,daa2 gaau1,,打架，動手的爭鬥,52,,已校,
115,打交叉,,daa2 gaau1 caa1,,打叉兒，打一個叉形表示錯誤,52,,已校,
116,打抽,,daa2 cau1',,一種遊戲，北方叫“打𤗿[tʻai˨˩˦]”。用一長一短兩根木棍，兩人輪流以長棍擊短棍，勝者可繼續打下去,52,,已校,
117,打武仔,,daa2 mou5 zai2,,練武術的人,52,,已校,
118,打倒椗,,daa2 dou2 deng3,,①將物品倒過來：將個樽<瓶>～放，好容易跌嘅 ②頭朝下：佢～舂落去丨～冇滴墨水<熟語。胸無點墨> ‖ 椗，俗字。《通俗編》138 頁作“丁”：“俗有丁倒轉來無墨水語”,52,,已校,
119,打尿震,,daa2 niu6 zan3,,小孩在小便前打冷顫,52,,已校,
120,打對臺,,daa2 deoi3 toi4,,唱對臺戲,52,,已校,
121,打探,,daa2 taam3,,打聽，探聽,52,,已校,
122,打喊路,,daa2 haam3 lou6,,打哈欠 ‖ 喊路，同音字,53,,已校,
123,打沉,,daa2 cam4,,打倒，打敗，壓倒 ‖ 也説“打低”或“抨沉 peng1' cam4”,53,,已校,
124,打店,,daa2 dim3,,到飯館去吃飯：我地出去～嘞,53,,已校,
125,打掂,,daa2 dim6,,竪着，直着（與“打横”相對）：～有幾長？丨 ～瞓<睡>丨英文打横寫，中文～寫 ‖ 掂，俗字,53,,已校,
126,打櫼,,daa2 zim1,,①將楔子打入：張凳壞咗，打個櫼入去整好佢嘞 ②比喻在人群中插人，北方叫“加塞兒”：人咁多，～都打唔入 ‖ 櫼，集韵鹽韵將廉切：“説文楔也”,53,,已校,
127,打單,,daa2 daan1,,舊時土匪勒索客商，給以單據，方可通行。這是早先的説法，後來指土匪寫信向人家恫嚇勒索,53,,已校,
128,打單幫,,daa2 daan1' bong1,,獨自一人：我～來廣州嘅啫！,53,,已校,
129,打爛齋鉢,,daa2 laan6 zaai1' but3,,開齋，破了齋戒,53,,已校,
130,打關斗,,daa2 gwaan1'dau2,,翻跟頭 ‖ 也説“打大翻”,53,,已校,
131,打涊道服,,daa2 nan6 dou6 fuk6,,比喻好人沾染上污點，或無端幹了壞事 ‖ 涊，集韵混韵弩本切：“淟涊，濁也。”古次濁上聲，照例應讀陽上，今口語讀高升變音,53,,已校,
132,打邊爐,,daa2 bin1' lou4,,吃火鍋兒，涮鍋子：我地去～好唔好？,53,,已校,
133,打綫刀,,daa2 sin3 dou1,,用一根綫絞去臉上的寒毛，北方叫“絞臉”,53,,已校,
134,打𩝡,,daa2 hin3,,在菜肴中加入用澱粉爲主調成的稠汁，北方叫“勾芡” ‖ 𩝡，廣韵獮韵去演切：“黏也。”古上聲，今口語變讀去聲。俗寫作“獻”,53,,已校,
135,打燕,,daa2 jin3*2,,踢毽子 ‖ 也説“踢燕 tek3 jin3*2”,53,,已校,
136,打亂種,,daa2 lyun6 zung2,,①混血兒的舊稱：嗰個～來嘅 ②雜種（駡人話）,53,,已校,
137,打旋風,,daa2 syun4 fung1',,颳旋風 ‖ 旋，廣韵線韵辭戀切：“遶也”,53,,已校,
138,打冷震,,daa2 laang5 zan3,,打冷顫，打哆嗦,53,,已校,
139,打踭,,daa2 zaang1,,修鞋時釘後掌 ‖ 釘前掌叫“打掌”,53,,已校,
140,打𥔇𥔇,,daa2 kwaang1' kwaang1',,形容響聲，指器物空貌：飯碗～<没有飯吃> 丨 飯煲～<没有米煮> ‖ 𥔇，集韵庚韵口觥切：“𥔇𥔇，石聲”,53,,已校,
141,打横,,daa2 waang4,,①横着（與“打掂”相對）：～有五尺長 丨 ～坐 ②蠻横不講理：～來 丨 ～行,53,,已校,
142,打横打掂,,daa2 waang4 daa2 dim6,,①横七竪八地（亂放）：佢啲野～唔執好佢 ②横竪，反正：～係噉嘅嘞，你都唔使講略 ‖ ②也説“横掂”,53,,已校,
143,打定螺,,daa2 ding6 lo4*2,,抽陀螺，用細繩繞住木陀螺，然後猛地抽出繩子，使陀螺旋轉不止,53,,已校,
144,打整,,daa2 zing2,,①收拾，整理：～下家私什物 ②打扮，修飾：快啲～下出街喇 丨 睇佢～得幾靚<看他打扮得多漂亮>,53,,已校,
145,打醒主意,,daa2 sing2 zyu2 ji3,,提高注意力和警惕,53,,已校,
146,打醒精神,,daa2 sing2 zing1' san4,,提高注意力，提高警惕：出街要～噃，唔好畀人打荷包喎！ 丨 打醒十二個精神,53,,已校,
147,打傾筐,,daa2 king1 kwaang1,,把器物翻轉，弄亂，翻騰東西並弄出響聲：唔好將啲野～,53,,已校,
148,打掌,,daa2 zoeng2,,修鞋時釘前掌 ‖ 釘後掌叫“打踭”,54,,已校,
149,打相知,,daa2 soeng1' zi1',,舊時女子相約不嫁，結盟爲姊妹，若有人變心，另找相知，其他姊妹就聯合起來去打她和她的相知,54,,已校,
150,打雙,,daa2 soeng1',,成對，成雙：佢買衫都～來 ‖ 也説“打孖”,54,,已校,
151,打杠,,daa2 gong3,,改卷子時，用紅筆在旁畫一直杠，表示有錯誤或不妥 ‖ 也説“戙大杉 dung3 daai6 caam1”,54,,已校,
152,打杠架,,daa2 gong3 gaa3*2,,盤杠子，玩單杠,54,,已校,
153,打仰瞓,,daa2 ngong5 fan3,,仰面睡覺 ‖ 也説“反仰瞓 faan2 ngong5 fan3”。仰，讀書音 joeng5，此處是口語音,54,,已校,
154,打風,,daa2 fung1',,颳大風,54,,已校,
155,打風車,,daa2 fung1' ce1,,側翻跟頭，北方叫“打紡車輪兒”,54,,已校,
156,打風舊,,daa2 fung1' gau6,,颳颶風 ‖ 舊，同音字,54,,已校,
157,打鳳眼,,daa2 fung6 ngaan5,,鎖扣眼兒 ‖ 也説“鎖紐門 so2 nau2 mun4”,54,,已校,
158,打通關,,daa2 tung1' gwaan1',,打敗一切對手，所向無敵。多用於猜拳及賭博：我今日～嘞！,54,,已校,
159,打通廳,,daa2 tung1' teng1,,舊時指在酒家大擺宴席，打通所有的房間和廳堂,54,,已校,
160,打同通,,daa2 tung4 tung1,,①兩人或多人合蓋一牀被：佢地幾個細路～瞓咗 ②合謀，串通起來,54,,已校,
161,打種,,daa2 zung2,,動物交配：老虎～，一次過<歇後語>,54,,已校,
162,打工,,daa2 gung1,,做工人，受僱於人：～仔丨～妹丨打住家工<當女傭>,54,,已校,
163,打工仔,,daa2 gung1 zai2,,舊時指在店鋪中做雜工的男性，現泛指一般的工人,54,,已校,
164,打工妹,,da2 gung1 mui6*1,,出外做工的女子,54,,已校,
165,打功夫,,da2 gung1' fu1',,打拳、練武功的統稱 ‖ 也説“耍功夫 saa2 gung1' fu1'”,54,,已校,
166,打𥀈,,daa2 zaap3*2,,皮肤上出現皺紋：佢個面都～咯丨眼尾～ ‖ 𥀈，廣韵洽韵側洽切：“皺𥀈，皮老”,54,,已校,
167,打褶,,daa2 zaap3,,縫紉用語，做出褶子：做裙要～丨做衫都有打幾個褶嘅 ‖ 褶，訓讀字,54,,已校,
168,打嗐嗤,,daa2 hat3 ci1',,打噴嚏 ‖ 嗐，集韵鎋韵下瞎切：“大開口。”古濁入本應讀陽入，今變讀陰入,54,,已校,
169,打躓,,daa2 zat6,,①忽然停頓，一愣：佢講起來，我都打個躓 ②打斷，阻止：我講緊野，佢～我 ‖ 躓，集韵質韵職日切：“跆也。”古清入，今變讀陽入,54,,已校,
170,打出,,daa2 ceot1,,裸露出：～個屎𦜇<屁股>丨～肉,54,,已校,
171,打綟,,daa2 lit3,,打結：打個死綟唔解得開丨打個生綟<活結> ‖ 綟，廣韵屑韵練結切：“麻綟”,54,,已校,
172,打得埋,,daa2 dak1 maai4,,合得來，打成一片：佢同我地都幾～嘅 ‖ 也説“滾得埋 gwan2 dak1 maai4”,54,,已校,
173,打樴,,daa2 dak6,,打橛子：打個樴來綯牛<打個橛子拴牛> ‖ 樴，廣韵德韵徒得切：“杙也。”杙，廣韵職韵興職切：“亦橛也”,54,,已校,
174,打黑摸,,daa2 hak1 mo1',,摸黑兒：今晚我～返去嘞！,54,,已校,
175,打赤肋,,daa2 cek3 lak3,,光着膀子 ‖ 也説“打赤膊 daa2 cek3 bok3”或“打赤背 daa2 cek3 bak1 bui3,54,,已校,
176,打的,,daa2 dik1,,乘坐出租小轎車：我～去火車站 ‖ 的，即“的士”，英文 taxi 音譯後的簡稱,55,,已校,
177,打剔,,daa2 tik1,,打鈎兒，畫一鈎形表示正確 ‖ 剔，英文 tick 的音譯,55,,已校,
178,打色,,daa2 sik1,,賭博時莊家擲色子，引申爲做主，拿主意：你打晒色喇<完全由你做主吧>丨間鋪係佢打晒色嘅喇！,55,,已校,
179,打躆跲,,daa2 kek1 kap1,,①（鞋肥大）不抱腳：我對鞋～㗎！ ②放不穩當，搖動：嗰戙<摞>碗～嘅，因住<小心>佢跌爛啊！ ‖ 躆，集韵陌韵訖逆切：“一曰動作也。”跲，集韵緝韵訖立切：“躓也。”二字均爲古見母，今讀如溪母,55,,已校,
180,打腳綁,,daa2 goek3 bong2,,打綁腿，纏裹腿：行遠路要～至<才>得㗎！,55,,已校,
181,打腳骨,,daa2 goek3 gwat1,,①攔路搶劫 ②引申爲敲竹杠：畀人～,55,,已校,
181-缺1,打薄刀,,daa2 bok6 dou1,,小孩遊戲之一，兩人用手掌互拍，可以拍出許多花樣，同時唱道：“打薄刀，打過姑娘剃面毛。”毛讀高平調˥,,,已校,
182,他佻,,taa1' tiu4,,①心情愉快，悠然自得：佢而家就～嘞！ ②住得寬敞、舒服：你又夠晒～嘞，你住九十平方 ‖ 佻，廣韵蕭韵徒聊切：“獨行貌。詩曰：佻佻公子。”他，同音字,55,,已校,
183,𤶠,,naa1,,①皮膚上的疤痕：佢頸處有笪<處>～丨痘～<牛痘疤痕> ②補靪：件衫有笪～丨補～丨補～衫 ‖ 廣韵麻韵陟加切：“瘡痕”,55,,已校,
184,挐,,naa1',,①同，和：我～你去睇戲丨佢～個仔去咗省城 ②替，幫：我～你做衫丨你～佢去買喇 ‖ 廣韵麻韵女加切：“絲絮相牽。”古濁平本應讀陽平，今變讀陰平,55,,已校,
185,挐挐掕掕,,naa1' naa1' lang3 lang3,,①藕斷絲連，瓜葛：佢同阿陳有啲～ ②物品相連在一塊的樣子：佢買咗咁大搊[tsʻɐu˥˧]<串>野，～，豬肉又有，豬骨又有 ‖ 參看“挐掕”,55,,已校,
186,挐經,,naa1' gaang1',,沾邊兒，挨邊兒：佢講啲野都冇～嘅，越講越遠丨我同佢都冇～ ‖ 經，此處白讀，文讀 ging1',55,,已校,
187,挐掕,,naa1' lang3,,瓜葛，牽連，關係：我同佢冇啲～ ‖ 掕，借用字,55,,已校,
188,𪐀,,naa1',,粘住，着：～家丨～脷丨～黏 ‖ 集韵麻韵女加切：“䵙𪐀，黏着。”古濁平照例應讀陽平，今變讀陰平,55,,已校,
189,𪐀家,,naa1' gaa1',,着家，在家待着：佢成日都唔～嘅丨呢個野好～嘅，好似個女仔噉 ‖ 也説“黐家 ci1' gaa1'”,55,,已校,
190,𪐀脷,,naa1' lei6,,大舌頭，説話不清楚：佢講説話～嘅 ‖ 脷，俗字，舌頭。也説“黐脷底 ci1' lei6 dai2”或“黐脷根 ci1' lei6 gan1”,55,,已校,
191,𪐀黏,,naa1' nim4,,①粘貼得很緊：貼落去都唔～嘅 ②（小輩對長輩）親密體貼：佢個仔對佢好～㗎！ ③脾氣相投，合得來：阿陳同老王都幾～嘅噃！,55,,已校,
192,乸,,naa2,,①雌性的：豬～丨鷄～丨貓～丨婆～ ②母親：老～丨契～<乾媽>丨兩仔～<母子倆>丨掘芋頭連仔帶～<熟語> ③大個兒的：芋～ ‖ 俗字。②中前兩例是舊時的説法，現已不説喇喇聲,55,,已校,
193,喇喇聲,,laa4 laa4*2 seng1',,①形容迅速、快捷的樣子：佢～走返去丨～做晒 ②形容沙沙的聲音：～落雨丨～行來丨～食埋 ‖ 喇，集韵曷韵郎達切：“喝喇，言急。”今讀如陽平,56,,已校,
194,剌,,laa2,,①味道太濃，刺激口腔，北方説“齁”：鹹到～脷丨甜到～喉嚨丨～喉～脷丨一口～脷 ②皮膚受到（藥物、鹽、碱）刺激：碱水好～手嘅丨隻腳畀藥水～親 ③略腌：啲豬肉畀鹽～下先喇！ ‖ 集韵曷韵郎達切：“説文戾也，從束從刀，刀者刺之也。”古入聲，今音轉讀陰上聲,56,,已校,
195,剌脷,,laa2 lei6,,①舌頭受到刺激：鹹到～丨苦到～丨食芥辣好～嘅 ②價錢奇貴：呢張席嘅價錢好～ ③説人精明，要價太高：佢出手好辣嘅，佢好～㗎！,56,,已校,
196,剌喉剌脷,,laa2 hau4 laa2 lei6,,嗓子、舌頭受刺激：食咗指天椒，～,56,,已校,
197,刺口刺脷,,laa2 hau2 laa2 lei6,,口腔、舌頭受到刺激：啲鹹魚鹹到～，唔好食嘅！,56,,已校,
198,揦,,laa2,,①（手）抓：～起個麵包就食丨枝筆畀佢～咗去 ②撩：～起衫腳丨～起褲腳過河 ‖ 俗借字,56,,已校,
199,揦埋,,laa2 maai4,,①任何時候，無論何時：我地食飯～都有三四碟餸<菜肴> ②任何一個（人、物、事）：呢幾年出嘅電影，～都好睇嘅噃丨苦瓜呢味菜，唔係～都歡喜食嘅 ③大多數，大半：啲荔枝～都係好食嘅丨廣州市啲人～都有架電視機㗎！,56,,已校,
200,揦篩,,laa4 sai1',,①做事馬馬虎虎，敷衍塞責：佢做野好～㗎！ ②做工很差，偷工減料：我對鞋做得好～嘅，着咗幾日就壞鬼咗 ‖ 篩，同音字,56,,已校,
201,揦草入城,,laa4 cou2 jap6 seng4,,比喻人吃相不佳：佢食餸好似～噉,56,,已校,
202,揦飲揦食,,laa4 jam2 laa4 sik6,,用手抓東西吃（含貶義）,56,,已校,
203,揦鹽入口,,laa4 jim4 jap6 hau2,,形容味道很鹹：啲菜～噉樣，点食得啊！,56,,已校,
204,揦食,,laa4 sik6,,用手抓東西吃（含貶義）：個細路一返到來就～,56,,已校,
205,剌𠛱,,laa5 zaa2,,髒，不乾凈：污糟～丨啲碗好～嘅，洗洗佢喇 ‖ 𠛱，廣韵末韵姊末切：“剌𠛱，不凈也。”集韵：“剌𠛱，薉濁。”古入聲，今音轉讀陽上聲,56,,已校,
206,罅,,laa3,,縫𨻶，裂縫：度門裂開一條～丨櫃桶有條漏～丨地下有條～都鑽入去丨牙～丨髀～<胯下>丨手指～丨腳趾～丨窿～<洞穴>丨石～ ‖ 訓讀字,56,,已校,
207,揸,,zaa1',,①拿，握：佢～住本書丨～實拳頭丨～主意丨～價 ②量詞。把：一～米丨一～穀 ③把住，掌管：～車丨～舦丨～緊時間丨～錢<管錢>丨～權 ④擠，榨：～牛奶丨～水 ⑤窄，緊：～腰嘅恤衫丨～袖衫丨馬褲～腳嘅 ‖ 集韵麻韵莊加切：“説文叉取也”,56,,已校,
208,揸拿,,zaa1' naa4,,把握：呢件事冇乜～嘅噃 ‖ 也説“把炮 baa2 paau3”,56,,已校,
209,揸價,,zaa1' gaa3,,不肯降低價錢：個賣魚佬好會～嘅,56,,已校,
210,揸車,,zaa1' ce1,,駕駛車輛：我來～喇丨～佬<司機>,56,,已校,
211,揸二攤,,zaa1' ji6 taan1',,①買酒樓飯館的殘羹剩飯來充飢，吃人家的剩餘：你地食完嘞，我地來～ ②買舊貨，撿拾人家用過的衣物：件衫係～㗎 ③接手去做别人未完成的事：我揸佢嘅二攤咯 ④娶再婚女人 ‖ 也説“執二攤 zap1 ji6 taan1'”,56,,已校,
212,揸住髻是丁,,zaa1' zyu6 gai3 si6 ding1,,揪住小辮子，抓住要害：畀人～咯丨我揸住你個髻是丁，睇你重惡<看你還利害> ‖ 也説“揸住辮頂 zaa1' zyu6 bin3 ding2”,57,,已校,
213,揸大葵扇,,zaa1' daai6 kwai4 sin3,,比喻做媒人：我幫你～好唔好？,57,,已校,
214,揸舦,,zaa1' taai5,,①掌舵，駕船：边個～啊？ ②拿主意，指揮：由佢來～喇 ‖ 舦，廣韵泰韵他蓋切：“舟行。”今讀如陽上調。①也説“把舦 baa2 taai5”,57,,已校,
215,揸鷄腳,,zaa1' gai1' goek3,,①抓住短處，抓住把柄 ②挑毛病：揸佢嘅鷄腳,57,,已校,
216,揸袋,,zaa1' doi6*2,,舊時銀鋪用的裝銀幣的錢袋，用草席或麻布做成，長尺許，每袋能盛下一百元的銀幣,57,,已校,
217,揸手,,zaa1' sau2,,①舊時指握手 ②手裏拿着：畀兩個銀錢佢～<人將死，家人把銀錢放其手中，入殮時取出分給子孫輩> ③管理，掌管：畀一層樓佢～丨呢間鋪頭由你～嘞 ④做抵押，做質：你如果唔信得我過，我畀啲野你～,57,,已校,
218,揸腰,,zaa1' jiu1,,細腰，上下寬而中間窄：恤衫要買～嘅丨我個花樽<瓶>係～嘅,57,,已校,
219,揸水,,zaa1' seoi2,,①輕輕洗，涮一涮：啲豬肉唔使点洗㗎，揸揸水佢先嘞 ②擠出水分：黄芽白畀幾粒鹽落去，揸下水先嘞,57,,已校,
220,揸頸,,zaa1' geng2,,忍氣：呢件野真係～啊丨我都認真～嘞丨～就命<熟語。忍氣認命> ‖ 也説“忍頸 jan2 geng2”或“減頸 gam2 geng2”,57,,已校,
221,揸黄腳鷄,,zaa1 wong4 goek3 gai1,,①捉奸 ②設美人計以詐騙錢財 ‖ 也説“捉黄腳鷄 zuk1 wong4 goek3 gai1”,57,,已校,
222,揸痛腳,,zaa1' tung3 goek3,,抓住人家的弱點或短處,57,,已校,
223,揸抸,,zaa1' zaap3,,做投機生意，買空賣空：佢好會～嘅，～銀紙貶下眼就撈大野 ‖ 抸，集韵合韵作答切：“持也”,57,,已校,
224,揸骨,,zaa1' gwat1,,按摩：你幫我揸下骨喇,57,,已校,
225,渣野,,zaa1' je5,,次貨，劣等貨,57,,已校,
226,渣斗,,zaa1' dau2,,次，差，劣,57,,已校,
227,皻鼻,,zaa1' bei6,,酒糟鼻子 ‖ 皻，廣韵麻韵側加切：“皰鼻”,57,,已校,
228,苴,,zaa2,,次，差，劣：佢本事好～嘅丨啲～野來嘅丨你件衫做得好～嘅 ‖ 集韵馬韵展買切：“土苴，糟粕也。一曰不真物。”又側下切：“土苴和糞草也。一曰糟魄”,57,,已校,
229,苴野,,zaa2 je5,,劣等貨，次貨 ‖ 也説“渣野 zaa1' je5”,57,,已校,
230,苴斗,,zaa2 dau2,,劣，差，次：一～貨丨一～野 ‖ 也説“渣斗 zaa1' dau2”,57,,已校,
231,詐假意,,zaa3 gaa2*1 ji3*1,,假裝，佯做：佢地唔係真打嘅，～嘅啫<假裝罷了>丨～煲飯<小兒游戲，做飯玩>,57,,已校,
232,詐傻扮懵,,zaa3 so2 baan6 mung2,,裝傻裝糊塗,57,,已校,
233,詐諦,,zaa3 dai3,,假裝正經，北方叫“裝蒜”：唔好信佢，佢～嘅啫 ‖ 諦，廣韵霽韵都計切：“審也。”集韵又作“諟”，又紙韵上紙切：“説文理也。一曰正也，審也”,57,,已校,
234,詐呆詐吽,,zaa3 ngoi4 zaa3 ngau6,,裝傻裝愚笨 ‖ 吽，俗字,58,,已校,
235,詐鬼詐馬,,zaa3 gwai2 zaa3 maa5,,作怪，裝神扮鬼,58,,已校,
236,詐嬌,,zaa3 giu1',,撒嬌：佢好會～嘅丨詐阿媽嬌<在母親面前撒嬌>丨詐阿爸嬌丨詐老公嬌,58,,已校,
237,詐嬌弄嗲,,zaa3 giu1' lung6 de2,,撒嬌 ‖ 嗲，俗字,58,,已校,
238,詐癲賣戇,,zaa3 din1' maai6 ngong6,,裝瘋賣傻 ‖ 戇，訓讀字,58,,已校,
239,詐癲扮傻,,zaa3 din1' baan6 so4,,裝傻充愣,58,,已校,
240,詐癲納福,,zaa3 din1' naap6 fuk1,,不願勞動而裝傻以占得某種便宜,58,,已校,
241,詐生賴死,,zaa3 sang1' laai6 sei2,,裝死撒賴以向人勒索,58,,已校,
242,詐聾扮啞,,zaa3 lung4 baan6 aa2,,裝聾作啞,58,,已校,
243,棚,,zaa6,,攔擋，阻斷：～住佢，唔畀佢過丨行開，唔好～住條路 ‖ 訓讀字,58,,已校,
244,棚亂,,zaa6 lyun6,,打斷（别人的話），打岔：佢講野你唔好～佢丨咪<别>～我 ‖ 也説“岔亂 caa5 lyun6”,58,,已校,
245,秺,,zaa3,,量詞。①把：落咗一～鹽丨一～米丨一～穀 ②束：一～竹仔丨一～草丨一～禾桿丨一～筆丨一～衣服<約三五件> ‖ 集韵碼韵除駕切：“束禾也”,58,,已校,
246,叉燒,,caa1 siu1,,最常見的一種烤肉，將切成長條的豬肉燒烤而成：～包丨～飯丨～角丨～爐丨蜜汁～ ‖ 舊稱“插燒 caap3 siu1”,58,,已校,
247,差皮,,caa1' pei4,,人品差：佢個人好～㗎！,58,,已校,
248,差一皮,,caa1' jat1 pei4,,差少許，差一點兒：同佢相比，都係～嘞！,58,,已校,
249,蹅,,caa3,,失足踩入（泥水等）：小心唔好～落塘喎丨～入坑渠丨～到腳都濕晒丨～錯腳冇得翻身 ‖ 集韵作“䟗”，佳韵攄佳切：“蹋也”,58,,已校,
250,茶,,caa4,,①茶水：飲～ ②湯藥，中草藥：執一劑～<抓一服湯藥>丨煲～<煎藥>丨～煲<藥銚子>丨涼～<去暑的草藥>丨午時～<藥名> ③糖茶：生日～<年長人做生日吃的甜茶>丨蛋～<鷄蛋、蓮子煮糖水>,58,,已校,
251,茶瓜,,caa4 gwaa1,,用白瓜腌製的小菜，爽甜。病人食欲不佳者多用它送飯或送粥：人話，～送飯，好人有限,58,,已校,
252,茶籮,,caa4 lo4*1,,舊時的茶壺保暖器，籮形，裏面有棉襯,58,,已校,
253,茶果,,caa4 gwo2,,①待客喝茶時吃的小食品，如油炸芋頭絲、白薯片、慈姑片等 ②舊時結婚前後，男方在過禮和回門時送女方的各種小食品 ‖ ①也叫“茶泡”,58,,已校,
254,茶泡,,caa4 paau3*2,,喝茶時吃的各種小食品 ‖ 參看“茶果”,58,,已校,
255,茶樓,,caa4 lau4*2,,賣茶及各種點心小吃的處所，一般早、午、晚都營業，也賣麵、飯、粉等飯食,58,,已校,
256,茶檳,,caa4 ban1,,大酒樓飯店給伙計的賞金，來自向顧客收取的檳榔小碟費等小費 ‖ 檳字源於檳榔,58,,已校,
257,茶竿竹,,caa4 gon1 zuk1,,①一種細而堅實的竹子，多用來晾衣服 ②比喻外表精瘦但很結實的人,58,,已校,
258,茶盅,,caa4 zung1,,有蓋的茶碗，底下的有碟子托着，北京叫“蓋碗兒” ‖ 也叫“焗盅 guk6 zung1”,58,,已校,
259,茶腳,,caa4 goek3,,①喝剩下的茶或隔夜的剩茶水 ②舊式婚俗，男方在過禮或三朝回門時送食品給女方，女方回送的糕餅小吃之類，男方將其分送給親友，叫“茶腳”,59,,已校,
260,査揦,,caa4 laa2,,審問，查問，追查：你～下呢件事丨使乜你來～我啊？,59,,已校,
261,䵦,,caa5,,塗改，塗抹：寫錯字就～咗佢丨～匀佢丨～花口面<抹花了臉>丨～涴丨糊哩麻～<不清楚，模糊一片> ‖ 廣韵馬韵徐野切：“䵦，墁污也。出文字辨疑。”古馬韵三等今讀如二等,59,,已校,
262,䵦涴,,caa5 wo5,,破壞，弄糟：呢件事界佢～哂喇 ‖ 涴，廣韵過韵烏卧切：“泥著物也，亦作污。”古清音去聲今變讀陽上,59,,已校,
263,䵦涴檔,,caa5 wo5 dong3,,破壞，搞亂，搗亂,59,,已校,
264,䵦汪,,caa5 waang1',,弄壞，攪散，使（事情）失敗：畀佢～晒咯 ‖ 汪，集韵耕韵烏宏切：“水貌”,59,,已校,
265,岔亂,,caa5 lyun6,,打斷（别人的話），打岔 ‖ 也説“栅亂 zaa6 lyun6”。岔，本應讀陰去，此處讀如陽上,59,,已校,
266,岔亂歌柄,,caa5 lyun6 go1' beng3,,打斷别人唱歌或説話 ‖ 也説“劖亂歌柄 zaam6 lyun6 go1' beng3”或“栅亂歌柄 zaa6 lyun6 go1' beng3”,59,,已校,
267,奓,,caa3,,叉開，張開：～鼻丨～膊 ‖ 廣韵禡韵陟駕切：“張也，開也。”古知母，今讀如徹母,59,,已校,
268,奓鼻,,caa3 bei6,,鼻翅寬，鼻孔大,59,,已校,
269,奓腳,,caa3 goek3,,①腿向外撇開：～凳丨～衣架 ②上窄下寬的：～衫丨～裙,59,,已校,
270,奓膊,,caa3 bok3,,寬肩膀：佢係～嘅丨買荔枝要揀～嘅,59,,已校,
271,卅六向,,saa1' luk6 hoeng3,,心意不決，心猿意馬 ‖ 也説“廿四向 jaa6 sei3 hoeng3”,59,,已校,
272,沙河粉,,saa1' ho4 fan2,,米粉漿蒸製的食品，切成條狀，可拌可炒，也可加湯料做湯粉。以廣州沙河製作的最有名，故名 ‖ 簡稱“河粉 ho4*2 fan2”,59,,已校,
273,沙屎蟲,,saa1' si1 cung4*2,,蚊子的幼蟲，孑孓,59,,已校,
274,沙梨㞘,,saa1' lei4 duk1,,豬臀部的肉，這個部位最佳：買燒肉最好係～ ‖ 㞘，集韵屋韵都木切：“博雅臀也”,59,,已校,
275,沙煲,,saa1' bou1,,沙鍋的總稱：～罌鐺<盆盆罐罐>丨～㞘丨～大魚頭丨～咁大嘅拳頭 ‖ 也叫“瓦煲 ngaa5 bou1”,59,,已校,
276,沙煲兄弟,,saa1' bou1 hing1' dai6,,喻關係不牢固的“哥們兒”，像沙鍋易打破,59,,已校,
277,沙膽,,saa1' daam2,,大膽，膽大包天（貶義）：你咁～啊，攪佢啲野,59,,已校,
278,沙蟬,,saa1' sim4,,蟬的一種：～喊，荔枝熟<兒歌> ‖ 蟬，古山攝三等，今讀如咸攝三等,59,,已校,
279,沙潬,,saa1' taan5,,水中沙洲逐漸成爲可種植水草的沙地，叫“沙潬”。再經過多年始成爲沙田，可以種稻：蹅落～<做錯事，失足> ‖ 潬，廣韵旱韵徒旱切：“水中沙出爲潬。”俗寫作“坦”，音義不合,59,,已校,
280,沙塵,,saa1' can4,,浮誇輕佻，盲目自大：佢咁～，真乞人憎<討人嫌>,59,,已校,
281,沙塵白攉,,saa1' can4 baak6 fok3,,浮誇，驕傲自大 ‖ 參看“白攉”,59,,已校,
282,沙盆,,saa1' pun4,,一種瓦盆，盆中刻滿深深的條痕，用以研磨薯類、芋頭、豆類、花生、脂麻。配套使用的研磨棍子叫“攂漿棍”,60,,已校,
283,沙艇,,saa1' teng5,,舊時江上游艇的一種，有篷，兩頭鈍，行駛平穩。艇中陳設講究，可供吃酒、住宿。僱用要包艇，不搭散客，費用較貴,60,,已校,
284,沙井,,saa1' zeng2,,滲井，滲坑。排污水用,60,,已校,
285,沙蟲,,saa1' cung4*2,,一種海産動物，管狀，曬乾後是一種海味,60,,已校,
286,沙蝨,,saa1' sat1,,①沙中小蟲，會咬人皮膚②白薯病，肉有黄點，有苦味：啲番薯生～嘅｜好眉好貌生～<外表好看，其實没用>,60,,已校,
287,沙葛,,saa1' got3*2,,一種塊根植物，學名“豆薯”，宜種於沙地，其塊根大如白薯，可做菜也可生吃，很甜很脆。外地叫“葛薯、涼薯、地瓜”,60,,已校,
288,□□滾,,saa4 saa4 gwan2,,浮躁，作風不踏實；魯莽，亂來一通：唔好要佢，嗰個野都係～嘅喇！,60,,已校,
289,□哩弄𧼩,,saa4 lei1 lung6 cung3,,莽撞，亂來：佢～攞咗我本書去｜佢靠唔住㗎，做野都係～嘅！ ‖ 弄，集韵送韵盧貢切：“説文玩也。”又寫作“挵”。𧼩，集韵用韵昌用切：“挵𧼩，邪行”,60,,已校,
290,耍把戲,,saa2 baa2 hei3,,魔術的俗稱 ‖ 也叫“變戲法 bin3 hei3 faat3”或“敕法 cik1 faat3”,60,,已校,
291,耍花槍,,saa2 faa1 coeng1,,夫妻之間開玩笑,60,,已校,
292,耍功夫,,saa2 gung1' fu1',,打拳、練武功的統稱 ‖ 也説“打功夫 daa2 gung1 fu1”,60,,已校,
293,耍得,,saa2 dak1,,有本事，有一手：佢嘅文章好～㗎｜佢做生意好～㗎,60,,已校,
294,挱盲盲,,saa2 maang4 maang4*1,,小孩遊戲之一，捉迷藏，一人蒙着眼來摸衆人 ‖ 挱，集韵麻韵師加切：“挓挱，開貌。”古平聲，今讀如上聲。也説“摸盲盲 mo2 maang4 maang4*1”或“捉盲盲 zuk1 maang4 maang4*1”,60,,已校,
295,灑灰水,,saa2 fui1' seoi2,,抹石灰漿 ‖ 也説“油灰水 jau4 fui1' seoi2”或“掃灰水 sou3 fui1' seoi2”,60,,已校,
296,加把嘴,,gaa1' baa2 zeoi2,,插嘴，答茬兒 ‖ 也説“搭嘴 daap3 zeoi2”,60,,已校,
297,加拿,,gaa1' naa4,,硬要插進來做自己不該做的事或不會做的事，多用於小孩子：使乜你咁～啊！,60,,已校,
298,加羅,,gaa1' lo4,,管閑事，白費勁，瞎張羅：也你咁～㗎！,60,,已校,
299,家,,gaa1,,①專家，從事某種專門活動的人：專～｜行～｜音樂～｜藝術～｜作～｜畫～ ②學術流派：儒～｜道～ ③精於某種事的人：飲～<講究喝酒的人>｜食～｜玩～<玩票者>｜炒～<精於倒買倒賣者> ④當面稱呼自己的姐姐：阿～｜大～｜三～,60,,已校,
300,家,,gaa1',,①家庭，人家：～長｜～産｜八口之～｜世～ ②經營某種行業的人家或具有某種身分的人：商～｜艇～｜東～｜行～<内行人> ③指相對各方中的一方：上～｜下～｜對～｜公～｜佢地兩～都幾好嘅 ④與“之”構成“之家”，用在某些名詞後面，表示屬於那一類人（略帶貶義）：女人之～｜女仔之～｜細路仔之～ ⑤謙辭。對人稱自己的輩分高或年紀大的親屬：～父｜～母｜～公｜～婆｜～兄｜～姐 ⑥家中自製的，質佳的：～機布｜～欄鷄｜～用貨 ⑦量詞。用於計算家庭：一～人｜佢地兩～住埋一齊,60,,已校,
301,家揸頭,,gaa1' zaa1' tau4,,五香大頭菜，黑色，味鹹中帶甜,61,,已校,
302,家下,,gaa1' haa5,,現在，這會兒 ‖ 也説“家陣”或“而家 ji4（或 ji4*1）gaa1”,61,,已校,
303,家姐,,gaa1' ze2*1,,姐姐（背稱）：我有三個～｜大～｜二～,61,,已校,
304,家婆,,gaa1' po4*2,,夫之母（背稱） ‖ 舊時也稱“大人婆 daai6 jan4 po4”,61,,已校,
305,家伙仔,,gaa1' fo2 zai2,,①小家伙，指小孩子 ②手藝，本領，功夫，辦法：佢有啲～嘅！,61,,已校,
306,家持,,gaa1' ci4*2,,①尼姑庵的庵主②做法事時尼姑中的主持人,61,,已校,
307,家私,,gaa1' si1',,家具：買一套～｜～什物｜～鋪,61,,已校,
308,家機,,gaa1' gei1',,家庭手工生産的，精工製作的：～白米｜～布｜～白餅<炒米餅>｜～貨｜～蛋｜～大布<比喻長得結實的小孩>,61,,已校,
309,家頭細務,,gaa1' tau4 sai3 mou6,,泛指一切家務事：我都要做啲～,61,,已校,
310,家嫂,,gaa1' sou2,,兒媳婦（舊時面稱）：大～｜二～,61,,已校,
311,家欄鷄,,gaa1' laan4 gai1,,自家養的鷄,61,,已校,
312,家山發,,gaa1' saan1' faat3,,舊時指因祖墳風水好而走好運，現指財運亨通,61,,已校,
313,家陣,,gaa1' zan6,,現在，這會兒 ‖ 也説“家下”或“而家 i4（或 i4*1）gaa1”,61,,已校,
314,家公,,gaa1' gung1,,夫之父（背稱） ‖ 舊時也稱“大人公 daai6 jan4 gung1'”,61,,已校,
315,家用,,gaa1' jung6*2,,質量佳的，上好的：～野｜呢啲～貨來嘅，唔係客貨<次貨>啊！,61,,已校,
316,嘉魚,,gaa1' jyu4*2,,一種淡水魚，産於北江上游清水中，是魚中上品：清蒸～係好菜來嘅 ‖《嶺南雜記》：“嘉魚出肇慶府，冬月始多，爲魚中第一。廣魚無味，此魚出自石穴，盍食乳水，故肥美”,61,,已校,
317,假使間,,gaa2 si2 gaan1,,假如,61,,已校,
318,假魚肚,,gaa2 jyu4 tou5,,豬肉皮弄凈晾乾後，用沙炒透，使其膨鬆，可用其烹製菜肴。因形似魚肚，故名。商品名稱“浮皮”,61,,已校,
319,假罶,,gaa2 lau5,,①假情假意，不真心：佢講得咁好聽，～啫！ ②不結實，手工很差，以假充真：啲暖水壺都係好～嘅 ‖ 罶，集韵有韵力九切：“説文曲梁，寡婦之笱，魚所留也。”魚笱是捕魚竹器，放在水中，加以偽裝，内有倒鬚，魚進去出不來,61,,已校,
320,假石山,,gaa2 sek6 saan1,,園林中的假山,61,,已校,
321,架勢,,gaa3 sai3,,體面，有氣派，夠排場：喺大公司做野就～嘞！,61,,已校,
322,架步,,gaa3 bou6,,①黑話。手段，辦法：你打算乜野～啊？｜𬦠<⿰𧾷乃>[nai˧˥]下～<打探情况> ②指非法娼賭場所,61,,已校,
323,架生,,gaa3 saang1'（或 caang1'）,,①家具、器物的統稱 ②工人用的工具，演員用的道具：木匠佬都有啲乜野～啊 ‖《夢粱錄》寫作“家生”：“載家生動事，如桌、凳、涼牀、交椅、兀子之類。”《紅樓夢》也寫作“家生”,61,,已校,
324,卡,,kaa1,,①大的載貨汽車：～車 ②火車車廂：呢列火車有幾多個～？｜車～<車廂，車皮>｜貨～ ‖ 英文 car 的音譯,61,,已校,
325,卡位,,kaa1 wai6*2,,①舊時指站崗的崗位 ②茶樓酒館中隔開的背靠背的座椅 ③火車車廂中隔開的背靠背的座椅,61,,已校,
326,卡口,,kaa1 hau2,,①指官方收税的關卡 ②舊時指土匪惡霸設的勒索過客的關卡,62,,已校,
327,抲住,,kaa1' zyu6,,①制服，壓制，抑制：佢畀家婆～唔㤢<動>得丨～佢，唔畀佢去 ②超過：佢九十分，我一百分，我～佢嘞 ‖ 抲，集韵麻韵丘加切：“扼也”,62,,已校,
328,揢罅,,kaa3 laa3*1,,①兩個物體之間的夾縫：張几放喺交椅～處喇丨徛喺兩架車嘅～好危險㗎丨唔好攪埋～處啊 ②副詞。交叉，交互：～丢兩枝箸來蒸野喇丨丢柴要～丢，等佢易乾丨嗰處地方未劃界，三個縣～來管嘅 ‖ 揢，集韵禡韵丘駕切：“持也”,62,,已校,
329,牙齒打卦,,ngaa4 ci2 daa2 gwaa3,,牙齒打顫：凍到～<凍得上下牙相叩> ‖ 也説“牙關打卦 ngaa4 gwaan1' daa2 gwaa3”,62,,已校,
330,牙齒當金使,,ngaa4 ci2 dong3 gam1 sai2,,熟語。一諾千金,62,,已校,
331,牙屎,,ngaa4 si2,,①牙垢 ②驕傲自大 ‖ ②也説“牙擦”,62,,已校,
332,牙灰,,ngaa4 fui1',,稻穀殼製成的去污粉，用來擦洗器皿,62,,已校,
333,牙骹,,ngaa4 gaau3,,牙牀骨：打～<聊天兒>丨鷄髀打牙～軟<熟語。吃了人家的嘴軟>丨～都酸咗 ‖ 骹，俗借字,62,,已校,
334,牙骹鏟,,ngaa4 gaau3 caan2,,指自傲而又饒舌的人：佢正～啊！,62,,已校,
335,牙斬斬,,ngaa4 zaam2 zaam2,,自負而又能説，嘴不饒人,62,,已校,
336,牙煙,,ngaa4 jin1',,危險，很懸：夜晚爬山好～嘅噃 ‖ 同音字。本字不詳,62,,已校,
337,牙譫譫,,ngaa4 zaap3 zaap3,,喋喋不休，亂説一氣 ‖ 譫，廣韵盍韵章盍切：“多言也”,62,,已校,
338,牙擦,,ngaa4 caat3,,自視甚高，看不起人：唔好睬佢，佢好～嘅 ‖ 擦，同音字。也説“牙屎”,62,,已校,
339,牙力,,ngaa4 lik6,,權威，威信：佢有～嘞，佢話就有人聽,62,,已校,
340,𤘅孲仔,,ngaa4 ngaa1 zai2,,數月大的男嬰 ‖ 也叫“孲仔”。𤘅，集韵麻韵牛加切：“吳人謂赤子曰孲𤘅。”孲，集韵麻韵於加切：“孲𤘅，赤子”,62,,已校,
341,𤘅孲女,,ngaa4 ngaa1 neoi5*2,,數月大的女嬰 ‖ 也叫“孲女”,62,,已校,
342,瓦煲,,ngaa5 bou1,,沙鍋的統稱 ‖ 也叫“沙煲 saa1' bou1”,62,,已校,
343,瓦罉,,ngaa5 caang1,,沙鍋，通常指扁的：～葱油鷄丨電子～,62,,已校,
344,瓦桁,,ngaa5 haang1,,屋頂上的瓦壟溝，排水用 ‖ 桁，廣韵庚韵户庚切：“屋桁。”古全濁平聲，此處讀如陰平。參看“桁 haang4*2”,62,,已校,
345,瓦公仔,,ngaa5 gung1 zai2,,老式屋脊上安裝的陶製小人、小獸。迷信者取吉利之意,62,,已校,
346,閕,,ngaa6,,叉開，伸展開：～開腳丨～開手丨～髀～趽<叉開腿坐>丨咪～開晒啲野，占地方 ‖ 集韵禡韵魚駕切：“開裂也”,62,,已校,
347,閕髀閕趽,,ngaa6 bei2 ngaa6 baang1,,①兩腿分開坐着：女仔～有乜好睇啊！ ②走路時兩腿向外撇：～噉行 ‖ 趽，廣韵唐韵步光切：“膝脛曲貌。”集韵庚韵蒲庚切：“説文曲脛馬也。”古濁平聲本應讀陽平，今變讀陽去,62,,已校,
348,枒,,ngaa6,,①占據空間：～個位丨你～住晒張枱丨佢～住晒啲地方丨～手～腳丨唔使你～埋來 ②占時間：～咗兩日時間丨～咗我一日<白等了一天> ‖ 集韵禡韵魚駕切：“一日𨔣枒，木相拒。”廣韵禡韵吾駕切：“一云車輞合處”,62,,已校,
349,枒家栅,,ngaa6 gaa1' zaa6,,①礙事，添亂：行開！咪咁～喇 ②自私，自己之物不給人用；占别人之物爲己有：佢好～嘅！ ③樣樣東西都占爲己有者，多用於小孩子：個細路正～來嘅 ‖ 參看“霸家栅 baa3 gaa1' zaa6”,63,,已校,
350,枒手枒腳,,ngaa6 sau2 ngaa6 goek3,,礙手礙腳,63,,已校,
351,枒碇,,ngaa6 deng6,,占據空間太大：張牀太大好～㗎 ‖ 碇，借用字,63,,已校,
352,𧧝𧨊,,ngaa6 zaa6,,霸道，事事都霸着去做，且干涉别人：佢好～㗎丨佢正～友來㗎丨～大姑 ‖ 𧧝，集韵馬韵語下切；𧨊，集韵馬韵仕下切：“𧨊𧧝，言戾。”今用法字序與集韵相反。𧧝，古次濁上聲，照例應讀陽上調，今讀如陽去調,63,,已校,
353,蝦,,haa1,,水中生活的一種節肢動物：河～丨海～丨塘～丨龍～丨～仔丨～片丨醬～ ‖ 又讀 haa1',63,,已校,
354,蝦仔飯,,haa1 zai2 faan3,,硬飯，煮得顆粒分明有如小蝦,63,,已校,
355,蝦膠,,haa1 gaau1',,鮮蝦肉做成泥狀，是菜肴的半成品,63,,已校,
356,蝦笱,,haa1 gau2,,捕捉河蝦的器具，比蝦籠大些：～艇<捉蝦的小艇> ‖ 笱，廣韵厚韵古厚切：“魚笱，取魚竹器”,63,,已校,
357,蝦毛,,haa1 mou4*1,,①極小的蝦，可腌製成蝦醬 ②比喻低微人物：大魚食細魚，細魚食～<熟語>,63,,已校,
358,蝦春,,haa1 ceon1',,河汊中的一種浮游生物，從前市上有賣，生的灰色，蒸熟後紅色，味美，可做菜肴配料。有人誤以爲蝦卵 ‖ 也叫“泥蝦 nei4 haa1”,63,,已校,
359,蝦餃,,haa1' gaau2,,①蝦肉餃子 ②戲指老人的八字鬚：留一執～丨兩撇～ ③戲指留八字鬚的老人,63,,已校,
360,蝦眼水,,haa1' ngaan5 seoi2,,水初沸時有小泡如蝦眼大，此時的水叫“蝦眼水”：～冲茶最好丨啲菜要用～拖過再炒,63,,已校,
361,蝦蝲,,haa1' laat3,,兩棲動物，形如白蟛蜞而身扁,63,,已校,
362,瘕淋咳嗽,,haa1' lam4 kat1 sau3,,久咳不止：乜你～啊？去睇下醫生喇 ‖ 瘕，集韵麻韵虚加切：“喉病”,63,,已校,
363,謑,,haa1',,欺負：～人丨大～細丨边個畀你～啊！丨～人～物 ‖ 廣韵禡韵呼訝切：“怒言。”古去聲，義近。今暫借之，以備參考,63,,已校,
364,謑霸,,haa1' baa3,,欺負：佢好～人㗎,63,,已校,
365,謑人謑物,,haa1' jan4 haa1' mat6*2,,欺人太甚：佢～嘅，唔好理佢,63,,已校,
366,霞霧,,haa4 mou6,,①浮躁，魯莽：佢做野好～嘅丨佢夠晒～嘞<他太魯莽了> ②礙事：走開，咪咁～ ③愛挑剔，難侍候：呢個女仔好～嘅！,63,,已校,
367,下,,haa5,,①量詞。放在動詞加數詞之後表示動作次數（數詞如果是“一”，往往省去）：打兩～丨（做）三兩～手勢就攪掂丨㨃佢幾～佢都唔㤢丨等我睇～丨試～先丨你上來～好唔好？丨我想同你傾～啫 ②放在“幾”和形容詞之後，表示“挺…的”：佢生得都幾靚～丨個仔都幾高～噃丨條繩都幾長～丨我同佢幾熟～～嘅 ③放在動詞後，然後重叠，構成“V下V下”式，表示動作持續進行，相當於“V着V着”：睇～睇～，睇到我眼瞓丨我地傾～傾～，不知不覺傾咗成個下午 ④放在重叠的動詞後，表示動作進行時態，相當於“VV着”：汽車行行～停咗丨我地行行～街就唔見咗佢丨你唔識，學學～就會喇丨佢讀讀～書就瞌眼瞓,63,,已校,
368,下水船,,haa5 seoi2 syun4,,往下游行駛的船（與“上水船”相對）,64,,已校,NA：按詞義“下”應讀haa6。
369,下,,haa6,,①位置在低處的：～游丨～風丨～底丨～身丨～半橛 ②等次或品級低的：～等丨～級丨～九流丨～人丨～房 ③次序或時間在後的：～次丨～半年丨～文丨～家丨～款 ④忍（氣），消（氣）：～氣丨～火 ⑤做出（言論、判斷等）：～結論丨～字義 ⑥放入：～注丨～種,64,,已校,
370,下杷,,haa6 paa4,,下巴頦兒 ‖ 杷，同音字。參考《通俗編》附《直語補證》第 907 頁,64,,已校,NA：原書其他詞頭寫“下爬”。
371,下杷輕輕,,haa6 paa4 heng1' heng1',,説話不負責任，隨便就説出，説過就算了,64,,已校,NA：原書其他詞頭寫“下爬”。
372,下晝,,haa6 zau3,,下午 ‖ 舊時也説“下晏”,64,,已校,
373,下水,,haa6 seoi2,,牛、豬的内臟：牛～丨豬～ ‖ 也叫“下雜 haa6 zaap6”,64,,已校,
374,下啖氣,,haa6*2 daam6 hei3,,①出氣，消氣：我講咗出來就～嘞！ ②忍氣：我費事同佢計較，～係喇,64,,已校,
375,下欄,,haa6 laan4,,大酒家將下腳料（如鷄頭、鷄腳、冬菇柄等）賣得的錢分給伙計，叫“下欄”：～錢丨重有～二十文添噃,64,,已校,
376,下間,,haa6 gaan1,,廚房的舊稱,64,,已校,
377,下晏,,haa6 aan3,,下午 ‖ 現在多説“下晝”,64,,已校,
378,下滿堂,,haa6 mun5 tong4,,結婚時，新娘封賞男家下人的利市（紅包）的總稱；回門時，男家回封給女家下人的利市的總稱,64,,已校,
379,下腳,,haa6 goek3,,不能用的剩料，下腳料：酒樓賣～,64,,已校,
380,下作,,haa6 zok3,,舉止不高雅，不斯文：佢食野咁～嘅！,64,,已校,
381,丫丫開,,aa1 aa1 hoi1',,①不相干，没關係：呢件事同我都唔拏經<不沾邊兒>嘅，～嘅 ②不協調，不和諧：佢兩嬸母都～嘅 ‖ 丫，廣韵麻韵於加切：“象物開之形”,64,,已校,
382,丫角,,aa1' gok3,,舊時小孩的一種髮型，只留頭兩側圓形頭髮，其餘部分全都剃去：長[tsœng˧˥]～<留丫角頭>,64,,已校,
383,丫角髻,,aa1' gok3 gai3,,十二三歲女孩子梳的髮型，頭兩側各有一圓形髻。也有梳的一側的：梳隻～,64,,已校,
384,啞,,aa2,,喪失説話能力：～佬丨～仔食黄連<歇後語>丨口～～<啞口無言>,64,,已校,
385,阿爸,,aa3 baa1（或 baa4）,,父親（面稱、背稱均可）‖ 也叫“爸爸 baa4 baa1”,64,,已校,
386,阿媽,,aa3 maa1,,母親（面稱、背稱均可）‖ 也叫“媽媽 maa4 maa1”,64,,已校,
387,阿嫲,,aa3 maa4,,祖母（面稱、背稱均可）‖ 嫲，俗字,64,,已校,
388,阿揸,,aa3 zaa1,,老五，排行第五者（背稱）,64,,已校,
389,阿叉,,aa3 caa1,,舊時指印度男人 ‖ 也説“叉哥 caa1 go1”,64,,已校,
390,阿家,,aa3 gaa1,,①姐姐（面稱） ②母親（面稱。帶迷信色彩）,64,,已校,
391,阿啞,,aa3 ngaa2,,啞人，啞巴,65,,已校,
392,阿蝦,,aa3 haa1,,嬰兒 ‖ 也叫“臊蝦仔 sou1' haa1 zai2”。蝦，同音字。本字可能是“孲”。集韵麻韵於加切：“孲𤘅，赤子”,65,,已校,
393,阿瓜,,aa3 gwaa1,,①闊少爺：做～ ②老四，排行第四者 ‖ ②也叫“瓜四 gwaa1 sei3”,65,,已校,
394,阿爹,,aa3 de1,,父親（舊時面稱）,65,,已校,
395,阿姐,,aa3 ze2,,庶母，父親之妾（舊時面稱）,65,,已校,
396,阿姐,,aa3 ze2*1,,①姐姐（面稱） ②稱呼熟悉的姐輩（可加上名字）：阿華姐丨阿平姐,65,,已校,
397,阿爺,,aa3 je4,,①祖父（面稱、背稱均可） ②比喻公家、國家：乜野都係～嘅啫嗎丨～企業<國營或集體企業> ‖ ①面稱也説“爺爺 je4 je4*2”,65,,已校,
398,阿婆,,aa3 po4,,①外祖母（面稱、背稱均可） ②泛稱老年婦女 ‖ ①也叫“婆婆 po4 po4*2”,65,,已校,
399,阿婆髻,,aa3 po4 gai3,,舊時老太婆梳的小髻 ‖ 也説“婆仔髻 po4 zai2 gai3”,65,,已校,
400,阿駝,,aa3 to4*2,,駝背者：～行路，蹱蹱（中中）地<歇後語。中等的，中不溜的>,65,,已校,
401,阿初,,aa3 co1,,新手，不熟練者：佢～來啫嗎，佢唔熟行 ‖ 也叫“初哥 co1 go1”,65,,已校,
402,阿傻,,aa3 so4,,傻瓜，傻子,65,,已校,
403,阿哥,,aa3 go1,,①兄（面稱、背稱均可） ②泛稱與自己年紀相近的男性 ‖ ①也叫“哥哥 go1*4 go1”,65,,已校,
404,阿姨,,aa3 ji4*1,,①母親的妹妹（面稱、背稱均可） ②泛稱比自己約長一輩的婦女 ③在幼兒園工作的女性 ④家庭保姆,65,,已校,
405,阿傅,,aa3 fu6*2,,尼姑（面稱，較尊敬的語氣）,65,,已校,
406,阿姑,,aa3 gu1,,小女孩子的舊稱 ‖ 也叫“姑仔 gu1 zai2”,65,,已校,
407,阿姑,,aa3 gu1',,夫之姐妹的統稱。夫之姐叫“大姑”，夫之妹叫“細姑”,65,,已校,
408,阿大,,aa3 daai6,,父親的正妻（舊時面稱和背稱） ‖ 也叫“阿娘 aa3 noeng4”,65,,已校,
409,阿大,,aa3 daai6*2,,老大，排行最大者：佢係我地嘅～喎 ‖ 也叫“老大 lou5 daai6*2”,65,,已校,
410,阿奶,,aa3 naai5*1,,舊時有功名的人家面稱母親,65,,已校,
411,阿孻,,aa3 lai1,,排行最末一個，行末（父母叫子女）：呢個係～來㗎 ‖ 孻，俗字,65,,已校,
412,阿跛,,aa3 bai1,,瘸子，跛子 ‖ 跛，訓讀字,65,,已校,
413,阿仔,,aa3 zai2,,父母對年幼兒子的戲稱,65,,已校,
414,阿肥,,aa3 fei4*2,,胖子，肥胖者,65,,已校,
415,阿妹,,aa3 mui6*2,,妹妹（面稱、背稱均可）,65,,已校,
416,阿泡,,aa3 paau1,,扒手的别名 ‖ 也叫“泡哥 paau1 go1”,65,,已校,
417,阿愗,,aa3 mau6,,笨人，舉動笨拙、光會吃不會做的人 ‖ 愗，廣韵候韵莫候切：“怐愗。”怐，苦候切：“怐愗，愚貌”,65,,已校,
418,阿斗官,,aa3 dau2 gun1,,闊少爺，敗家子：佢正～啊！丨大良～,65,,已校,
419,阿頭,,aa3 tau4*2,,領頭者，頭目：～話是<頭頭説了算，做主>,65,,已校,
420,阿壽,,aa3 sau6,,笨人，不機靈、不敏捷的人,65,,已校,
421,阿舅,,aa3 kau5,,妻之兄弟的統稱,65,,已校,
422,阿母,,aa3 mou5*2,,夫之嫂（背稱） ‖ 也叫“大母 daai3 mou5*2”,65,,已校,
423,阿嫂,,aa3 sou2,,①兄之妻（面稱、背稱均可） ②舊時長輩面稱晚輩的妻子 ③面稱平輩的妻子,66,,已校,
424,阿女,,aa3 neoi5*2,,父母對年幼女兒的戲稱,66,,已校,
425,阿三,,aa3 saam1,,指猴子 ‖ 也叫“馬留三 maa5 lau1 saam1”,66,,已校,
426,阿嬸,,aa3 sam2,,①叔父之妻（面稱、背稱均可） ②夫之弟婦（面稱） ③大嬸兒，中年婦女的泛稱 ④母親。迷信者怕小孩不成人，改稱母爲嬸 ⑤伯父之妻（面稱。忌諱伯母，音同“百冇”）,66,,已校,
427,阿妗,,aa3 kam5,,女性稱弟之妻（背稱）,66,,已校,
428,阿單,,aa3 daan1,,單眼者：～睇戲，一眼睇齊<歇後語。一目瞭然>,66,,已校,
429,阿奀,,aa3 ngan1,,矮小瘦弱者 ‖ 奀，俗字,66,,已校,
430,阿官仔,,aa3 gun1 zai2,,紈絝子弟，好吃懶做的人,66,,已校,
431,阿崩,,aa3 bang1,,①缺唇、豁唇的人 ②缺門牙的人,66,,已校,
432,阿聲,,aa3 seng1',,先生，舊時對一般男人的尊稱。“聲”即“先生”的合音 ‖ 先生的合音不可讀高平˥。又，現在稱先生的合音爲 saang1,66,,已校,
433,阿丁,,aa3 ding1,,愚人，無知識也無本事的人,66,,已校,
434,阿聾,,aa3 lung4,,聾子，耳聾者：～送殯，唔聽鼓歇<後語。不信你這一套>,66,,已校,
435,阿公,,aa3 gung1',,外祖父（面稱）,66,,已校,
436,阿笪,,aa3 taat3,,舊時指天足女人，不纏足的女人 ‖ 參看“笪”,66,,已校,
437,阿紥,,aa3 zaat3,,舊時指小腳婦女，纏足女人 ‖ 也叫“紥仔 zaat3 zai2”,66,,已校,
438,阿擦,,aa3 caat3,,傲慢自大者 ‖ 參看“牙擦 ngaa4 caat3”,66,,已校,
439,阿乜人,,aa3 mat1 jan4,,誰誰，某某：佢係～嘅左右手喎！,66,,已校,
440,阿伯,,aa3 baak3,,①父之兄（背稱） ②對老人的尊稱 ‖ ①也説“伯父 baak3 fu6”。②也説“老伯 lou5 baak3”,66,,已校,
441,阿隔,,aa3 gaak3,,吝嗇的人 ‖ 參看“隔渣 gaak3 zaa1'”,66,,已校,
442,阿嚗,,aa3 bok1,,鄉下人，土包子 ‖ 嚗，同音字,66,,已校,
443,阿督,,aa3 duk1,,舊時指店鋪中的總管,66,,已校,
444,阿叔,,aa3 suk1,,①父之弟（面稱、背稱均可） ②泛稱比自己長一輩的男人 ③父親。迷信者怕小孩不成人，改稱父爲叔,66,,已校,
445,呀呀烏,,jaa4 jaa4（或 jaa1 jaa1）wu1,,最差，最次,67,,已校,
446,廿,,jaa6,,二十的簡稱：～二歲｜～幾年｜～個橙｜～零個｜我睇佢～零啫<我看他只不過二十來歲>,67,,已校,
447,廿四向,,jaa6 sei3 hoeng3,,心意不定，心猿意馬：你個心都～嘅｜佢都～嘅，唔使問佢咯 ‖ 也説“卅六向 saa1' luk6 hoeng3”,67,,已校,
448,瓜子口面,,gwaa1 zi2 hau2 min6,,瓜子臉：佢生得～,68,,已校,
449,瓜子肉,,gwaa1 zi2 juk6,,指紅皮瓜子仁,68,,已校,
450,瓜皮艇,,gwaa1 pei4 teng5,,形如西瓜皮的無篷小船，兩端是齊頭的，用以運輸,68,,已校,
451,瓜四,,gwaa1 sei3,,老四，排行第四者 ‖ 也叫“阿瓜 aa3 gwaa1”,68,,已校,
452,瓜仁,,gwaa1 jan4,,大的白瓜子,68,,已校,
453,瓜門,,gwaa1 mun4,,單扇門,68,,已校,
454,瓜英,,gwaa1 jing1,,木瓜、黄瓜等切細絲用糖腌製，甜中帶酸，是五柳料之一，做五柳魚用,68,,已校,
455,瓜瓤,,gwaa1 nong4,,①瓜中間的種子和絡：食冬瓜就唔要～嘅喇 ②瓜肉：西瓜就食～嘅嘞 ‖ 瓤，集韵唐韵奴當切：“㼕瓤，瓜瓣”,68,,已校,
456,瓜,,gwaa1',,死的俗稱：～得丨打～佢丨～咗老襯,68,,已校,
457,瓜竇,,gwaa1' dau6,,死了,68,,已校,
458,瓜老襯,,gwaa1' lou5 can3,,①死了 ②失敗，弄糟了：喂，你因住<小心>噃，噉樣做會～嘅噃 ‖ ①參看“老襯”,68,,已校,
459,瓜得,,gwaa1' dak1,,①死：佢就來～嘞<他就要死了>丨佢～嘅嘞 ②要命：真係～嘞,68,,已校,
460,瓜直,,gwaa1' zik6,,①伸腿兒了，蹬腿兒了：佢都～嘞，唔使<不用>醫嘞 ②折了大本錢：呢匀<這回>～咯！,68,,已校,
461,呱呱叫,,gwaa1' gwaa1' giu3,,①口出大言卻不會做：佢凈係～嘅啫！ ②哭：個細路喺處～,68,,已校,
462,寡婆,,gwaa2 po4*2,,寡婦 ‖ 也説“寡母婆”,68,,已校,
463,寡仔,,gwaa2 zai2,,單身漢，没有結婚的男子：佢係單身～,68,,已校,
464,寡母婆,,gwaa2 mou5 po4*2,,寡婦 ‖ 也説“寡婆”,68,,已校,
465,寡佬,,gwaa2 lou2,,結過婚又失去妻子的人 ‖ 也叫“寡公”,68,,已校,
466,寡淡,,gwaa2 taam5,,淡而無味：湯好～丨我個口好～<生病而口内無味>,68,,已校,
467,寡褪褪,,gwaa2 tan3 tan3,,形容淡而無味：啲菜～嘅 ‖ 褪，同音字,68,,已校,
468,寡公,,gwaa2 gung1,,結過婚又失去妻子的人 ‖ 也叫“寡佬”,68,,已校,
469,寡瀎瀎,,gwaa2 met6 met6,,淡而無味：個口～丨啲湯煮到～唔好飲,68,,已校,
470,掛意,,gwaa3 ji3,,①掛念，掛心：你個仔喺外便都幾好，你唔使～嘞！ ②介意，在意，在乎：呢件事你都唔好～,68,,已校,
471,掛住,,gwaa3 zyu6,,掛念，惦念，惦記：佢成日都～個仔 ‖ 也説“掛望”,68,,已校,
472,掛帶,,gwaa3 daai3,,①牽掛：我冇乜～嘅喇 ②惦記，記掛：我時常都～住佢丨我唔坐得耐，我～住個門口啊 ③記住：你去街要～住同我買荔枝啊,68,,已校,
473,掛爐鴨,,gwaa3 lou4 aap3*2,,明爐燒烤的脆皮鴨子,68,,已校,
474,掛單,,gwaa3 daan1,,到别人家寄食：我喺佢處～嘅啫 ‖ 參看“掛單和尚”,68,,已校,
475,掛單和尚,,gwaa3 daan1 wo4 soeng6*2,,①到别處别處寺廟寄食的和尚：～冇庵堂 ②在别人家寄食者：我喺朋友處做～,68,,已校,
476,掛燈,,gwaa3 dang1,,參看“開燈 hoi1' dang1”,69,,已校,
477,掛燈椅,,gwaa3 dang1 ji2,,高背椅子：酸枝～就架勢有氣派嘞,69,,已校,
478,掛望,,gwaa3 mong6,,掛念，惦念：放心喇，唔使～我咯 ‖ 也説“掛住”,69,,已校,
479,掛廊,,gwaa3 long4*2,,老式房屋天井旁的走廊,69,,已校,
480,掛臘鴨,,gwaa3 laap6 aap3*2,,吊頸，上吊,69,,已校,
481,掛綠,,gwaa3 luk6,,廣東增城縣出産的名貴荔枝,69,,已校,
482,跨竈,,kwaa1' zou3,,兒子超過父親,69,,已校,
483,㡁裙,,kwaa2 kwan4,,舊時結婚三天後，新娘脱下鳳冠霞帔換上的衣服。上衣是黑底綉花褂子，裙子是紅底綉花的 ‖ 㡁，廣韵馬韵苦瓦切：“㡁，衿袍也”,69,,已校,
484,挖,,waa2,,①用手指甲抓取：～子<小兒游戲>丨隻貓～損<傷>我隻手丨～損佢個面丨～甩<掉>咗我嘅衫紐 ②用勺刮取：～起啲飯焦丨將啲粥～起晒佢丨～乾凈啲糊喇！ ‖ 集韵馬韵鳥瓦切：“吳俗謂手爬物曰挖”,69,,已校,
485,話,,waa6,,①言語：講大～丨講説～丨～柄丨茶～會丨～口 ②説，道：你～乜野？丨～三～四丨～唔定丨～唔埋丨～頭醒尾丨～下佢丨～是,69,,已校,
486,話,,waa6*2,,①言語，方言：～劇丨打電～丨講～丨廣州～丨鄉下～丨白～丨普通～丨福佬～<福建話> ②語言：日本～丨美國～,69,,已校,
487,話之佢,,waa6 zi1' keoi5,,管他呢，意思是不用理會他：鬧我唔係鬧囉，～<駡我就駡好了，不管他>,69,,已校,
488,話是,,waa6 si6,,説了算，做主：阿頭～丨边個～啊？丨佢屋企都係老婆話晒是嘅<他家中完全是妻子做主>,69,,已校,
489,話是偈,,waa6 si6 gai6*2,,（某人）説的，轉述别人的話時用：阿陳～，今日請我地飲茶,69,,已校,
490,話唔埋,,waa6 m4 maai4,,説不定，説不準 ‖ 也説“話唔定”,69,,已校,
491,話唔定,,waa6 m4 ding6,,説不定，説不準,69,,已校,
492,話頭唔醒尾,,waa6 tau4 m4 sing2 mei5,,遲鈍，不機靈，不善解人意,69,,已校,
493,話頭醒尾,,waa6 tau4 sing2 mei5,,舉一反三，善解人意：佢個仔好靈醒嘅，～㗎,69,,已校,
494,話口,,waa6 hau2,,話頭兒，話茬兒：～唔完佢就到嘞,69,,已校,
495,話三話四,,waa6 saam1' waa6 sei3,,不講老實話，凈説不着邊際的話：你問佢，佢凈係～，話乜話物！,69,,已校,
496,話中,,waa6 zung3,,説對了：畀我～佢喇丨呢句剛啱係～你嘅！,69,,已校,
497,話乜話物,,waa6 mat1 waa6 mat1,,推三推四，閃爍其詞，不説實話：我叫佢放下功夫，佢又話乜，又話物,69,,已校,
498,畫,,waa6*2,,圖畫：一幅～丨油～丨漫～丨～家丨晝[uak˨]～,69,,已校,
499,畫眉,,waa6 mei4*2,,鳥名：～好唱口㗎丨～噉嘴<嘴像畫眉，喻人會説>,69,,已校,
500,啤酒,,be1 zau2,,酒名 ‖ 啤，英文 beer 的音譯俗字,70,,已校,
501,觱,,be1,,哨子：秧～<禾莖做的哨子>丨榕樹～<榕樹葉做的哨子>丨吹牛～<吹牛皮>丨◇吹到佢～噉樣<把他氣死> ‖ 廣韵質韵卑吉切,70,,已校,
502,啤牌,,pe1 paai4*2,,撲克牌 ‖ 簡稱“啤”，是英文 pair 的音譯俗字,70,,已校,
503,𠹇過你,,pe1' gwo3 nei5,,駡人話。呸 ‖ 𠹇，集韵脂韵篇夷切：“叱聲。”古脂韵幫系字應讀 ei 韵，口語變讀 e 韵。也説“啋過你 coi1' gwo3 nei5”,70,,已校,
504,𨈚,,pe5,,蹣跚而行，走路姿勢不正：佢行路～下～下，好似飲醉酒噉丨行到～～下 ‖ 廣韵脂韵房脂切：“䠸𨈚，體柔。”古濁平今變讀陽上調,70,,已校,
505,孭,,me1',,①背負：～仔丨～槍丨你～得起～唔起啊？丨～帶<背小孩用的布帶> ②養育：我～大佢嘅噃 ‖ 俗字,70,,已校,
506,孭仔屋,,me1' zai2 uk1,,緊挨着大屋的附屬小屋,70,,已校,
507,孭凳仔,,me1' dang3 zai2,,指過生日：你幾時～啊？丨今日佢～,70,,已校,
508,乜,,me2,,①不正，斜：個幅畫掛～咗丨～～笡笡 [tsʻɛ˧] <歪歪斜斜>丨～頭 ②歪着，斜着：～起個嘴<怒貌> ‖ 《字彙》：“彌耶切，音哶，眼也斜。”古次濁平聲，今應讀陽平，口語讀高升變音,70,,已校,
509,乜髻,,me2 gai3,,舊時未婚女子梳的髮髻，歪在一旁，直到結婚才改梳正式的髻,70,,已校,
510,乜□□,,me2 baang6 baang6,,歪斜的樣子：佢個口生得～丨塊布剪得～,70,,已校,
511,乜踭,,me2 zaang1,,鞋跟磨損而歪斜：對鞋乜晒踭嘞丨～鞋 ‖ 踭，俗字,70,,已校,
512,乜撑撑,,me2 caang3 caang3,,歪斜的樣子,70,,已校,
513,乜跉䟓,,me6 ling4 cing3,,歪斜貌：件衫着到～ ‖ 跉，廣韵清韵呂貞切：“跉䟓。”䟓，廣韵清韵丑貞切：“跉䟓，行不正。”䟓，古平聲今口語變讀陰去,70,,已校,
514,啡啡流,,fe4 fe4 lau4,,形容人做事不負責任，靠不住：呢個人～嘅 ‖ 啡，俗字,70,,已校,
515,㹃,,fe3,,①用手撥開，使散開：～開啲火灰丨～開啲禾稈 ②翻開，張開：～開被竇<被窩兒>丨對鞋着到～開口咯 ‖ 廣韵未韵方味切：“覆耕。”有人讀作 he3,70,,已校,
516,㹃㹃貢,,fe3 fe3 gung3,,雙手亂抓的樣子 ‖ 有人讀 he3 he3 gung3。貢，同音字,70,,已校,
517,□,,te4,,①水由高處澆下來：啲水～落來丨～啲水去 ②鵝鴨吃帶水的食料：鴨仔～野食 ‖ 由聲音而來,70,,已校,
518,哆,,te2,,①裂開口子：對鞋～咗 ②低聲説話，喃喃：自吟自～<自言自語> ‖ 集韵馬韵丁寫切：“魚口張貌”,70,,已校,
519,嗲,,de2,,①嬌氣：佢個女好～嘅｜咪<别>咁～喇，自己做喇｜嬌嬌～～｜詐嬌弄～ ②疼愛，嬌慣：佢好～個女㗎 ‖ 俗字,71,,已校,
520,襶,,de2,,下垂：件衫～咗一帗[fɐt˥]<塊>｜底衫～咗出來｜門扇～咗<門扇脱臼傾斜>｜嗰枝樹枝～咗落來 ‖ 俗借字,71,,已校,
521,襶襶吊,,de2 de2 diu3,,①吊兒郎當，做事拖拉、散漫：成日都～噉有乜好吖！ ②穿着肋脦，不修邊幅；物品包裝不整齊，掉出或露出來：個書包～噉,71,,已校,
522,離奇,,le4 ke4,,古怪，難看：也佢生得咁～｜講得咁～ ‖ 本讀 lei4 kei4，口語變讀 e 韵。也説“奇離”,71,,已校,
523,離氣,,le4 he3,,①匆忙而狼狽：睇佢食得咁～｜攪到我好～ ②衣着不整：着得咁～ ③做事無計劃，欠周密：佢做野好～嘅，唔靠得住嘅 ④做事不利落：佢個人好～嘅 ‖ 本讀 lei4 hei3，口語變讀 e 韵。也説“離離氣氣”,71,,已校,
524,離咁氣,,le4*2 gam3 hei3,,①匆匆忙忙：都未問清楚，佢～就去咗 ②狼狽，手足無措：攪到我～ ③做事無計劃、無步驟：佢做野～，得個亂字！,71,,已校,
525,褦㹃,,le5 fe5,,①衣着不整，肋脦 ②吊兒郎當，馬馬虎虎 ‖ 褦，俗借字。㹃，本讀 fe3，這裏受前字調同化，變讀 fe5。也説“褦襶 le5 de2”,71,,已校,
526,遮,,ze1,,傘：擔～<打傘>｜雨～<油布傘>｜洋～｜布～｜油紙～｜塑料～｜自動～｜縮骨～<摺叠傘> ‖ 傘與散同音，散字不吉利，故改爲“遮”,71,,已校,
527,遮頭,,ze1 tau4,,傘欛兒，傘柄端手拿之處,71,,已校,
528,遮嘴,,ze1 zeoi2,,傘桿兒的尖端,71,,已校,
529,遮柄,,ze1 beng3,,傘桿兒，包括傘欛兒,71,,已校,
530,遮骨,,ze1 gwat1,,傘的骨架,71,,已校,
531,遮,,ze1',,①擋：～住個面｜搵塊塑料布來～雨｜～風 ②隱瞞，藏：～瞞｜～醜,71,,已校,
532,□,,ze4,,①炒菜時加些水入鍋：～啲水入去喇 ②澆水以熄火：～熄啲火喇 ‖ 由聲音而來,71,,已校,
533,姐姐,,ze2*4 ze2*1,,①叫自己的姊姊 ②面稱比自己年長的同輩女性（比較熟識的）,71,,已校,
534,姐姐噉手,,ze2 ze2 gam2 sau2,,像小姐似的手，指不會幹活兒,71,,已校,
535,姐夫,,ze2 fu1',,姊之丈夫,71,,已校,
536,借乜,,ze3 me2,,借光：唔該～啲<勞駕借光> ‖ 也説“借一借 ze3 jat1 ze3”,71,,已校,
537,借頭借路,,ze3 tau4 ze3 lou6,,藉端，藉口：佢～話肚痛唔去嘅啫！,71,,已校,
538,借尿遁,,ze3 niu6 deon6,,指在飯館餐後不付賬而藉故溜走,71,,已校,
539,借水遁,,ze3 seoi2 deon6,,乘機會溜走，製造迷霧以掩護自己脱身：佢指天擉[tok˥]<指>地～咗嘞<他胡説一通藉故逃走了>,71,,已校,
540,借轉,,ze3 zyun3,,借：～啲錢畀我得唔得啊,71,,已校,
541,蔗,,ze3,,甘蔗：～汁｜～水<甘蔗煮水>,71,,已校,
542,蔗軲轆,,ze3 gu1 luk1,,甘蔗去皮後切成小段：𠜱<削>啲～畀細路食,71,,已校,
543,蔗枅,,ze3 gai1,,甘蔗節上生出的芽：𠜱咗啲～喇｜切䊆[kɐu˨]<塊>～來種蔗,71,,已校,
544,蔗綟,,ze3 lit3,,甘蔗節,71,,已校,
545,車,,ce1,,①陸地上有輪子的運輸工具：火～｜汽～｜大板～｜單～｜～仔 ②利用輪軸旋轉的工具：水～｜衣～<縫紉機>｜風～ ③機器：～間｜開～,72,,已校,
546,車乜,,ce1 me2,,陀螺：擰[neŋ˨]～｜擰到我～咁<忙於應付>,72,,已校,
547,車貨,,ce1 fo3,,私娼的舊稱,72,,已校,
548,車軲轆,,ce1 gu1 luk1,,木製的滑輪，中有小圓孔，用於無軸的窗户，靠它拉上拉下以開閉窗門,72,,已校,
549,車呔,,ce1 taai1,,車輪的内帶：爆咗～，要換過新嘅 ‖ 呔，英文 tyre 的音譯俗字,72,,已校,
550,車仔,,ce1 zai2,,人力車，黄包車 ‖ 最早的叫法是“手車 sau2 ce1”,72,,已校,
551,車鞍,,ce1 on1,,自行車的座兒,72,,已校,
552,車綫,,ce1 sin3,,軸綫，軲轆綫（用於縫紉機的）,72,,已校,
553,車葉,,ce1 ip6*2,,螺旋槳,72,,已校,
554,車轆,,ce1 luk1,,車輪子,72,,已校,
555,車,,ce1',,①用水車取水以灌溉：～水上田 ②用縫紉機做活兒：～衫｜～衣鋪<製衣的費用> ③用車來運輸：～走咗一批貨 ④軋，輾：～死咗兩個人 ⑤閑扯，説大話：～天～地｜亂～廿四<胡説一氣> ‖ 有人用於部分名詞上，如：電車、貨車、大板車、垃圾車、屎車,72,,已校,
556,車大炮,,ce1' daai6 paau3,,胡扯，吹牛皮，亂侃，説謊：唔好信佢，佢～嘅咋<他只是胡吹罷了>,72,,已校,
557,車渡,,ce1' dou6*2,,舊時的一種用人力踩輪子而行的大木船,72,,已校,
558,車腳,,ce1' goek3,,坐車的費用，車錢,72,,已校,
559,斜,,ce4,,①不正，不平：～坡｜～路｜～對面｜～眼｜～紋布｜～領袍<和尚袍> ②斜着：～起對眼睇人,72,,已校,
560,斜,,ce4*2,,斜紋布：藍～｜白～,72,,已校,
561,斜哩眼,,ce4 lei1 ngaan5,,舊時指天生的斜眼 ‖ 現在也叫“斜眼”,72,,已校,
562,斜襟衫,,ce4 kam1 saam1,,斜領衣，多是嬰兒穿,72,,已校,
563,斜紋絨,,ce4 man4*2 jung4*2,,一種斜紋呢子,72,,已校,
564,扯,,ce2,,①拉扯：～住佢件衫｜～風箱｜～大纜<拔河> ②拉使升起：～旗<升旗>｜～𢃇<升起船帆> ③喘息，出氣兒：～瘕｜～鼻鼾｜～氣,72,,已校,
565,扯瘕,,ce2 haa1,,哮喘 ‖ 瘕，集韵麻韵虛加切：“喉病。”也説“牽瘕 hin1' haa1”或“絣瘕 mang1' haa1”,72,,已校,
566,扯鼻鼾,,ce2 bei6 hon4,,打鼾，睡覺時打呼：佢好興～嘅‖鼾，廣韵寒韵許干切：“卧氣激聲。”古輕音平聲，今應讀陰平，口語變讀陽平,72,,已校,
567,扯皮鞋,,ce2 pei4 haai4,,縫皮鞋，因把綫頭扯來扯去，故云,72,,已校,
568,扯皮條,,ce2 pei4 tiu4,,撮合不正當的男女關係,72,,已校,
569,扯氣,,ce2 hei3,,臨死時喘氣 ‖ 也説“牽氣 hin1' hei3”,72,,已校,
570,扯貓尾,,ce2 maau1 mei5,,兩人合謀去作弄别人：嗰個野佢～，唔好信佢 ‖ 也説“絣貓尾 mang1 maau1 mei5”,72,,已校,
571,扯頭纜,,ce2 tau4 laam6,,牽頭，帶頭，發起：边個～啊？‖也説“拉頭纜 laai1' tau4 laam6”或“帶頭 daai3 tau4”,72,,已校,
572,扯綫,,ce2 sin3,,介紹，搭橋：你幫佢扯下綫喇 ‖ 也説“拉綫 laai1 sin3”,72,,已校,
573,扯綫公仔,,ce2 sin3 gung1 zai2,,①拉綫木偶人 ②比喻不能自主的人 ‖ 也説“木頭公仔 muk6 tau4 gung1 zai2”,73,,已校,
574,扯風,,ce2 fung1',,通風，使空氣對流：呢條冷巷好～㗎丨開個南北窗扯下風喇,73,,已校,
575,扯風箱,,ce2 fung1' soeng1',,①拉風箱 ②喻哮喘,73,,已校,
576,跙,,ce2,,走開，離去：唔好買嘞，～喇！～喇！丨～人喇丨～去歸<回家去>丨返[fan˥˧]～<回家去>丨佢放工～咗嘞 ‖ 集韵馬韵淺野切：“𨇦跙，足利。”𨇦，叉鑒切：“行貌。”一般寫作“扯”,73,,已校,
577,跙記,,ce2 gei3,,走開，離去：唔坐咯，～丨喂，我地～嘞,73,,已校,
578,跙人,,ce2 jan4,,走開，離去 ‖ 也説“走人 zau2 jan4”,73,,已校,
579,笡,,ce3,,①有坡度，陡：～路丨樓梯好～丨～坡 ②斜坡，陡坡：上～丨落～ ‖ 廣韵禡韵遷謝切：“斜逆也”,73,,已校,
580,笡肩,,ce3 gin1,,削肩膀，俗謂美人肩 ‖ 也説“笡膊 ce3 bok3”,73,,已校,
581,賒數,,se1' sou3,,賒賬，買物不付現款而記賬 ‖ 也説“賒賬 se1' zoeng3”,73,,已校,
582,賒得過,,se1' dak1 gwo3,,躲得過去，能夠免去。一般用於否定語氣：～都唔做丨～都唔去丨～都唔食佢嘅,73,,已校,
583,蛇,,se4,,①長蟲：毒～丨眼鏡～丨～膽酒 ②懶而且精明滑頭：佢好～㗎丨咪咁～喇 ③偷懶，躲懶：唔知佢又～咗去边處,73,,已校,
584,蛇皮袋,,se4 pei4 doi6*2,,俗指尼龍編織袋,73,,已校,
585,蛇仔,,se4 zai2,,舊時指汽車司機的助手，幫助修車和招呼乘客,73,,已校,
586,蛇竇,,se4 dau3,,①蛇窩 ②指盜賊的巢穴 ‖ 竇，廣韵候韵徒候切：“空也，穴也。”古全濁去聲，文讀 dau6。作爲窩巢義時讀陰去。也叫“蛇窿 se4 lung4*1”,73,,已校,
587,蛇頭,,se4 tau4,,①蛇的腦袋 ②手指頭上長的一種毒瘡：生～,73,,已校,
588,蛇頭鼠眼,,se4 tau4 syu2 ngaan5,,形容人的相貌，象徵陰險、狡猾,73,,已校,
589,蛇佬,,se4 lou2,,幫人偷渡（港澳）以詐財者,73,,已校,
590,蛇王,,se4 wong4,,①指極懶的人，懶蟲，懶骨頭：佢正～來㗎 ②形容人非常懶：佢好～㗎,73,,已校,
591,蛇殼,,se4 hok3,,去皮去掉内臟的蛇,73,,已校,
592,捨得,,se2 dak1,,願意割捨：你～唔～送畀我？,73,,已校,
593,寫,,se2,,①書寫：～字丨～信 ②畫：～畫丨～生丨～真,73,,已校,
594,寫字枱,,se2 zi3 toi4*2,,辦公桌子，書桌,73,,已校,
595,寫契,,se2 kai3,,定契約,73,,已校,
596,寫單,,se2 daan1,,在飯館用餐完畢叫服務員結賬 ‖ 也説“睇數 tai2 sou3”或“埋單 maai4 daan1”,73,,已校,NA：現在（2020s）“寫單”似乎多意爲“下單”。
597,寫真,,se2 zan1,,舊時指照着人畫像或照着相片畫像 ‖ 也説“畫真 waak6 zan1”,73,,已校,
598,瀉,,se2,,溢出，灑出：倒～咗一碗水丨啤酒斟太滿就～出來嘞丨唔好倒～啲米噃 ‖ 廣韵禡韵悉姐切：“瀉水”,73,,已校,
599,社壇,,se5 taan4,,社神所在，農村多設在大樹腳下，也有設在街頭巷尾的,73,,已校,
600,社公,,se5 gung1,,社神，以一塊大石頭刻上“社神”二字，放在社壇上面以供祭祀：拜～,73,,已校,
601,卸車,,se3 ce1,,把車上的東西搬下來,74,,已校,
602,卸貨,,se3 fo3,,把貨物由車或船上搬下來 ‖ 也説“落貨 lok6 fo6”,74,,已校,
603,卸膊,,se3 bok3,,把肩上的東西放下：我幫你～喇 ‖ 也説“落膊 lok6 bok3”,74,,已校,
604,瀉,,se3,,自己流出來：唔好裝咁滿噃，佢會～出來㗎,74,,已校,
605,嘅,,ge3,,助詞“的”。①表示領屬關係：我～書丨你～手丨呢間屋係佢～ ②用於定語之後：点樣～野？丨佢都幾聰明～丨你要点樣～呢？ ‖ 俗字,74,,已校,
606,嘅,,ge3*2,,助詞“的”，只用於句末。①表示較强的肯定語氣：佢唔會鬧你～丨你都傻～丨佢都幾會講～丨個細路都唔聽話～ ②表疑問語氣：真～<真的嗎>？丨真有呢啲事～？丨係佢～？我唔信,74,,已校,
607,□,,ke1,,屎的俗稱：屙～<拉屎，大便>,74,,已校,
608,奇離,,ke4 lei4,,古怪，難看：佢生得好～丨睇佢個樣好～ ‖ 本讀 kei4 lei4，這裏是口語變讀。也説“離奇”,74,,已校,NA：現在（2020s）習讀ke4 le4。
609,茄瓜,,ke4*2 gwaa1,,茄子的一種，較短,74,,已校,
610,茄醬,,ke4*2 zoeng3,,西紅柿醬,74,,已校,
611,茄汁,,ke4*2 zap1,,西紅柿汁,74,,已校,
612,騎,,ke4,,兩腿跨坐：～馬丨～牛丨～牛搵馬 ‖ 文讀 kei4，口語音多讀 ke4,74,,已校,
613,騎馬帶,,ke4 maa5 daai3*2,,月經帶,74,,已校,
614,騎籬𧊅,,ke4 lei4 gwaai2,,一種會上樹、會以尿射向敵人的青蛙，較瘦。以之喻瘦人：你睇佢～噉樣 ‖ 𧊅，俗字,74,,已校,
615,騎留王馬,,ke4 lau4 wong4 maa5,,吞没經手的别人錢物：佢啲錢畀人騎咗留王馬,74,,已校,
616,騎樓,,ke4 lau4*2,,①陽臺 ②過街樓（樓下是人行道）,74,,已校,
617,騎樓底,,ke4 lau4*2 dai2,,過街樓下的人行道,74,,已校,
618,騎牛搵馬,,ke4 ngau4 wan2 maa5,,熟語。騎馬找馬，喻已有職業但一直在找較好的職業,74,,已校,
619,騎劫,,ke4 gip3,,打劫，搶劫：賊佬又來～,74,,已校,
620,騎膊馬,,ke4 bok3 maa5,,小孩騎在大人肩上,74,,已校,
621,喏,,je1',,①理睬，答理：唔好～佢 ②出聲，吭聲：唔敢～一聲丨佢阿媽叫佢做乜就做乜，～都冇得～ ‖ 廣韵寫作“𠰚”，馬韵人者切：“應聲也。”今從集韵作喏，古上聲，今讀如陰平。有人讀nge1',75,,已校,
622,椰,,je4*2,,①椰子的簡稱：買個～返來 ②戲指人的腦袋：㩧[pɔk˥]<用棍敲打穿>個～,75,,已校,
623,椰子,,je4 zi2,,椰樹的果實，一般指果實的肉質部分：～雪糕丨～炖鷄丨～糖,75,,已校,
624,椰衣,,je4 ji1,,椰子殼外的厚厚的棕狀皮：～掃把,75,,已校,
625,椰菜,,je4 coi3,,圓白菜，洋白菜,75,,已校,
626,椰菜花,,je4 coi3 faa1,,菜花，學名“花椰菜”,75,,已校,
627,椰水,,je4 seoi2,,鮮椰子中的汁水,75,,已校,
628,椰升頭,,je4 sing1 tau4,,舊時戲指剪短髮的女人髮式 ‖ 也叫“椰升殼 je4 sing1 hok3”,75,,已校,
629,椰汁,,je4 zap1,,鮮椰子肉榨出的汁：鮮奶～雪糕,75,,已校,
630,椰殼,,je4*2 hok3,,椰子的硬殼,75,,已校,
631,椰肉,,je4 juk6,,椰子的白色肉質部分,75,,已校,
632,爺爺,,je4 je4*2,,祖父（面稱） ‖ 也叫“阿爺 aa3 je4”,75,,已校,
633,野仔,,je5 zai2,,私生子,75,,已校,
634,野鷄,,je5 gai1,,①山鷄 ②妓女 ‖ ②現簡稱“鷄”,75,,已校,
635,野味,,je5 mei6*2,,①可作肴饌的野生動物：打～ ②指暗娼,75,,已校,
636,野貓,,je5 maau4,,①野生的貓 ②有姘夫的女人,75,,已校,
637,野水鴨,,je5 seoi2 aap3,,野鴨子,75,,已校,
638,惹,,je5,,①招惹，招引：～屎上身丨～是非丨～烏蠅丨～蟻 ②生出（疾病、毛病）：食糖多會～痰 ③傳染：天花會～人,75,,已校,
639,惹屎上身,,je5 si2 soeng5 san1',,熟語。惹一身臊，招來麻煩,75,,已校,
640,惹是惹非,,je5 si3 je5 fei1',,招惹是非,75,,已校,
641,嘢,,je5,,①東西，物件：買～丨食～丨想唔想飲～啊？丨靚<漂亮>～丨平～唔靚<便宜貨不好>丨水～<次貨>丨正斗～<上等貨> ②事情，事兒，工作：冇～做丨冇～吖，唔使驚丨做～打爛嘢<幹活兒打破東西> ③指人（貶義），相當於“家伙”或“東西”：衰鬼～丨個～好惡㗎丨死人～<死家伙> ④量詞。所代表的容器或其他東西不固定：食咗兩～粥丨打佢一～ ⑤姿態：扮～<裝模作樣> ⑥想法，心事：個心梗有～<心中準有事> ‖ 俗字。爲方便，本書其他地方一律以“野”代“嘢”,75,,已校,
642,夜,,je6,,①夜晚，晚上：～晚丨～工<夜班>丨行～路丨過～ ②很晚，很遲（白天不説）：佢好～至返來丨我昨晚好～至瞓,75,,已校,
643,夜麻麻,,je6 maa1' maa1',,晚上黑暗貌：～睇唔見你 ‖ 也説“夜咪麻 je6 mi1' maa1'”,75,,已校,
644,夜鬼,,je6 gwai2,,夜貓子，喜歡在夜晚做事的人,75,,已校,
645,夜游鶴,,je6 jau4 hok6*2,,①鶴的一種 ②比喻夜游的人,76,,已校,
646,夜盜蟲,,je6 dou6 cung4,,一種硬殼蟲，晚上出來咬花，白天多匿居花盆底,76,,已校,
647,夜晚,,je6 maan5,,晚上 ‖ 也説“夜晚黑 je6 maan5 hak1”,76,,已校,
648,夜船,,je6 syun4*2,,夜班開航的内河輪船：搭～去廣州,76,,已校,
649,夜冷,,je6 laang1,,①二手貨，便宜貨，舊貨：睇下～丨投～ ②賣便宜貨、二手貨之處：我去巡下～ ‖ 英文 yelling 的音譯,76,,已校,
650,夜冷貨,,je6 laang1 fo3,,①拍賣的貨物：我去投啲～ ②舊貨，便宜貨：去買～,76,,已校,
651,夜工,,je6 gung1',,夜班：返～<上夜班>,76,,已校,
652,夜學,,je6 hok6,,夜校：返～丨讀～,76,,已校,
653,撝,,we5,,①咧開（嘴），裂開（口子）：個細路哥～開把口想喊丨個衫袋～咗口丨對鞋～開口丨～口袋<寬口的袋子> ②（布類撕開後，毛邊）鬆弛歪斜：啲布唔好絣[mɐŋ˥˧]<拉拽>～佢丨呢隻布好容易～嘅 ③（布類、織物）鬆，不平整：啲布好～，唔做得衫嘅丨啲襪頭好～嘅 ‖ 集韵紙韵羽委切：“裂也。”紙韵合口見系字一般讀 uai 韵，口語變讀 ue 韵,77,,已校,
654,撝身,,we5 san1',,（布匹）鬆，稀疏：啲布～嘅！,77,,已校,
655,撝口袋,,we5 hau2 doi6*2,,①寬口的袋子 ②喻愛哭的小孩,77,,已校,
656,撝口,,we5 hau2,,①咧嘴，張開嘴：成日都撝開個口 ②口寬大的：～袋,77,,已校,
657,撝撝□□,,we5 we5 te5 te5,,①（布類、織物）鬆而變形，不平整：件冷衫織到～ ②無精打采，做事不起勁：佢做野做得～嘅！,77,,已校,
658,多,,doe1,,少：咁～～<這麼少>丨啲咁～～<丁點兒，一點點> ‖ 這是“多 do1'”的變韵，詞義也轉爲反義,78,,已校,
659,哆,,doe1',,①話多，饒舌：嘴～～丨口～～丨成日都～～聲！ ②流水聲：水喉冇閂就～～聲嘅 ‖ 廣韵箇韵丁佐切：“語助聲。”韵母由 ɔ 變爲 œ，本去聲，今口語變讀陰平,78,,已校,
660,𨹄,,doe1',,鼓起（嘴唇），噘起（嘴）：～起條嘴 ‖ 廣韵戈韵丁戈切：“𨹄堆。”口語由 o 韵變讀 oe 韵,78,,已校,
661,朵,,doe2,,量詞。用於花：一～花 ‖ 口語音，讀書音 do2,78,,已校,
662,唾,,toe3,,吐：～口水丨～痰 ‖ 這是白讀音，文讀 to3,78,,已校,
663,𦧲,,loe1',,吐（無聲的）：～痰丨～口水丨～血丨食人唔～骨 ‖ 俗字,78,,已校,
664,𦧲脷,,loe1' lei6,,説話口齒不清楚，俗稱大舌頭：佢講説話～嘅 ‖ 皆爲俗字,78,,已校,
665,□,,loe2,,①用乾粉或顆粒物去弄乾凈濕的或帶油的器物、地面等，北方俗云“溲”：畀啲飯～下個鑊丨攞啲麵～乾凈個碟 ②打滾，攪拌：細路仔～地丨泥漿湴～<泥濘難行> ③糾纏，纏磨不休：～阿媽去睇戲丨～去街丨～瞓覺丨～我買野食,78,,已校,
666,□地,,loe2 dei6*2,,在地上打滾 ‖ 也説“□地沙 loe2 dei6 saa1”,78,,已校,
667,□地,,loe2 dei6,,拖在地上，多用於布類、衣服等：件衫～嘞,78,,已校,
668,脧,,zoe1,,小男孩的生殖器：～仔丨～～丨鳩～<義同前> ‖ 廣韵灰韵臧回切：“赤子陰也。”讀書音 zeoi1，口語變讀 oe 韵。俗稱“鴣鴣 gu4 gu1”,78,,已校,
669,嗻,,zoe1,,①話多，喋喋不休：吱～丨～～聲丨嘴～～ ②巧言令色來説服：佢成日都～住人 ‖ 集韵麻韵之奢切：“囉嗻，多言。”本應讀 e 韵，口語變讀 oe 韵,78,,已校,
670,嗻嗻聲,,zoe1 zoe1 seng1',,①話多，嘰嘰喳喳的：佢成日都～ ②吱吱響：火屎<燒剩下的未完全熄滅的柴或木炭>跌落水就～嘞,78,,已校,
671,杵,,coe2,,鏟：～下個鑊丨～起啲菜丨～乾凈佢丨～下煲 ‖ 本讀 yu 韵，口語變讀 oe 韵,78,,已校,
672,瀡,,soe4,,滑動：～落來丨～滑梯丨唔好～落地啊丨～板 ‖ 集韵支韵髓隨切：“滑也。”讀音雖不甚相合，但義合，暫借用,78,,已校,
673,瀡板,,soe4 baan2,,小孩玩的滑梯,78,,已校,
674,□,,soe4,,順手牽羊，乘機拿人家的東西：畀佢～咗本書去,78,,已校,
675,□,,goe1',,揉搓：張紙畀佢～埋一䊆[kɐu˨]<揉成一團>｜～䩌<皺>件衫嘞,79,,已校,
676,鋸,,goe3,,①鋸子：一把～｜鋼～｜～柄｜電～ ②用鋸拉：～木｜～開佢｜～幼<細>佢｜～薄佢 ‖ 口語音，文讀 geoi3,79,,已校,
677,鋸牙,,goe3 ngaa4*2,,①鋸齒 ②像鋸齒的東西：枱邊起晒～嘞,79,,已校,
678,鋸頸,,goe3 geng2,,自刎,79,,已校,
679,瘸,,koe4,,肢體麻木、僵直不能動：做到手都～晒｜冷到手～～,79,,已校,
680,紶,,koe2,,①（衣服、布類過長）拖在地上：件衫～地嘞 ②繞（綫、繩等）：～起啲綫 ‖ 集韵語韵口舉切：“緒也。”本應讀 eoi 韵，口語變讀 oe 韵,79,,已校,
681,紶紶貢,,koe2 koe2 gung3,,衣服晾得重重叠叠、拖曳的樣子：晾咁多衫喺處，～阻住晒！,79,,已校,
682,靴,,hoe1,,靴子：着～｜雨～｜水～｜皮～,79,,已校,
683,靴咁大隻腳,,hoe1 gam3 daai6 zek3 goek3,,熟語。指求人遭到拒絶，腳步難抬：今日我去搵佢借錢，～趯<跑>返出來,79,,已校,
684,㗾㗾聲,,hoe1 hoe1 seng1',,水初沸的聲音 ‖ 㗾，廣韵戈韵許𦚢切：“道經疏云吐氣聲也”,79,,已校,
685,譁,,hoe1',,衆人起哄，喝倒彩：～下佢｜～衰佢 ‖ 集韵戈韵呼𦚢切：“喧也”,79,,已校,
686,哬哚,,hoe4 doe1,,嗩呐，喇叭：～花｜呢個花樽<瓶>係～嘴嘅｜～噉嘴｜吹～ ‖ 哬，集韵歌韵寒歌切：“哬哬，衆聲。”口語由 a 韵變讀 oe 韵。哚，俗字,79,,已校,
687,哬哚花,,hoe4 doe1 faa1,,喇叭花，牽牛花,79,,已校,
688,哬哚噉嘴,,hoe4 doe1 gam2 zeoi2,,嘴像喇叭似的，形容噘嘴,79,,已校,
689,哬哬聲,,hoe4 hoe4*2 seng1',,①人聲鼎沸，衆怒聲 ②嗓門兒高：咪喺處～喇！ ③流水聲：啲水～咁流,79,,已校,
690,波,,bo1,,①球：打～｜～板<乒乓球拍>｜～場｜～飛<球票> ②汽車的檔：一～｜二～｜低～行駛 ‖ ①是英文 ball 的音譯,80,,已校,
691,波羅鷄,,bo1 lo4 gai1,,廣州南有古神廟，名波羅廟。每逢神誕日，廟前有賣一種紙糊的鷄，上面粘有鷄毛。游人買回去，謂可以擋煞氣 ‖ 這是一句舊時的歇後語，下句是“靠黐 kaau3 ci1'”。因波羅鷄是靠“黐<糊，粘>”而成的。而“靠黐”又是指白吃人家的飯或白拿人家的東西,80,,已校,
692,波羅蓋,,bo1 lo4 goi3,,膝蓋骨 ‖ 也叫“膝頭蓋 sat1 tau4 goi3”,80,,已校,
693,波子,,bo1 zi2,,小孩玩的小玻璃球：打～ ‖ 也叫“波珠 bo1 zyu1”,80,,已校,
694,波鞋,,bo1 haai4,,球鞋，打球時穿的鞋 ‖ 也叫“球鞋 kau4 haai4”,80,,已校,
695,波樓,,bo1 lau4*2,,枱球房,80,,已校,
696,波帽,,bo1 mou6*2,,鴨舌帽 ‖ 也叫“喼帽 gip1 mou6*2”,80,,已校,
697,波衫,,bo1 saam1,,球衣，打球時穿的運動衣 ‖ 也叫“球衣 kau4 ji1”,80,,已校,
698,波場,,bo1 coeng4,,球場 ‖ 也叫“球場 kau4 coeng4”,80,,已校,
699,波恤,,bo1 seot1,,①絨衣，衛生衣 ②有人指球衣 ‖ 英文 ball shirt 的音譯,80,,已校,
700,玻璃,,bo1 lei4*1,,①一種硬而脆的透明物體 ②某些像玻璃的東西：～紙｜～絲,80,,已校,
701,玻璃瓦,,bo1 lei4*1 ngaa5,,嵌在屋頂上的透明瓦，用以透入陽光,80,,已校,
702,笸籮,,po2 lo4*1,,竹子編的圓形器物，幫較深，用以盛物,80,,已校,
703,菠蘿,,bo1' lo4,,鳳梨，即草本菠蘿（區别於木本菠蘿）,80,,已校,
704,菠蘿麻,,bo1' lo4 maa4,,一種粗麻布，本色，稀疏，穿起來很涼爽,80,,已校,
705,菠蘿釘,,bo1' lo4 deng1,,菠蘿果皮上的一個個長有毛刺的小坑：起咗啲～,80,,已校,
706,菠蘿蜜,,bo1' lo4 mat6,,木菠蘿，常綠灌木，樹幹高大 ‖ 也叫“大樹菠蘿 daai6 syu6 bo1' lo4”,80,,已校,
707,菠菜豆腐,,bo1' coi3 dau6 fu6,,俗指不好的、不吉利的事情：你如果有啲～，唔好來搵我 ‖ 也説“冬瓜豆腐 dung1' gwaa1' dau6 fu6”,80,,已校,
708,簸,,bo3,,用器物盛着糧食顛動，除去其中的糠秕和雜物：～米,80,,已校,
709,簸箕,,bo3 gei1,,竹子編的圓形器具，有矮邊，底有細孔，簸米用,80,,已校,
710,蔢䓾,,bo6 so3,,形容樹矮而枝葉茂密：呢樖[pʻɔ˥˧]<棵>樹好～ ‖ 蔢，集韵過韵步卧切：“蔢𦽅，草名。”䓾，廣韵歌韵素何切：“䓾蔢，草木盛貌。”古平聲，今口語變讀去聲,80,,已校,
711,蔢,,po1',,棵，株：一～樹｜三～花｜五～禾｜一～草 ‖ 俗字,80,,已校,
712,婆,,po4,,婦人：阿～<外婆，老太太>｜外～｜伯～<父之伯母>丨肥～丨老姑～<老處女>丨鬼～<洋女人>丨豆皮～<女麻子>丨契家～<情婦>丨八～<饒舌婦>丨事頭～<老板娘>丨外江～<外省女人>,80,,已校,
713,婆,,po4*2,,婦人：伯爺[iɛ˥]～<老太婆>丨媒人～丨八卦～<長舌婦>丨皮條～<拉皮條的婦人>丨使～<女傭>丨乞兒～丨番鬼～<洋女人>丨喊口～<哭喪婦>丨執仔～<接生婦>丨月～<産婦>,81,,已校,
714,婆媽,,po4 maa1,,女傭 ‖ 也説“使婆 sai2 po4*2”或“使嫲 sai2 maa4*2”,81,,已校,
715,婆乸,,po4*2 naa2,,女人、娘兒們的俗稱,81,,已校,
716,婆乸形,,po4*2 naa2 jing4,,駡人話。婦人氣，娘兒們似的：你正～啊！,81,,已校,
717,婆婆,,po4 po4*2（或 po4*1）,,外祖母（面稱）‖ 也叫“阿婆 aa3 po4”,81,,已校,
718,婆仔髻,,po4 zai2 gai3,,舊時老太婆梳的小髻 ‖ 也説“阿婆髻 aa3 po4 gai3”,81,,已校,
719,破柴,,po3 caai4,,劈柴，將大塊的木柴用刀劈細,81,,已校,
720,破柴綟,,po3 caai4 lit3,,劈開柴節，喻解決難題，處理棘手的事情：你同我破咗個柴綟丨個醫生專門～嘅<這個大夫醫術高明> ‖ 綟，節,81,,已校,
721,破氣,,po3 hei3,,傷氣，傷身體：唔好食佢喇，食多會～㗎丨唔好講喇，同佢講好～㗎,81,,已校,
722,破水囊,,po3 seoi2 nong4*2,,破水，産婦分娩前羊水流出,81,,已校,
723,破金,,po3 gam1',,喉嚨變得沙啞，是一種病態,81,,已校,
724,破爛,,po3 laan6,,不完整，不值錢：堆埋晒啲～嘅野,81,,已校,
725,破相,,po3 soeng3,,損壞相貌：舊時迷信話，男仔錐[iøy˥˧]耳，使佢～就容易長大,81,,已校,
726,破日,,po3 jat6*2,,舊時曆書上説的不吉利的日子：揀～就唔好咯,81,,已校,
727,摩打,,mo1 daa2,,馬達，電動機 ‖ 英文 motor 的音譯,81,,已校,
728,摩囉叉,,mo1 lo1 caa1,,舊時對印度巡警的俗稱,81,,已校,
729,摩囉綢,,mo1 lo1 cau4*2,,印度綢,81,,已校,
730,摩登,,mo1 dang1,,時興，時髦 ‖ 英文 modern 的音譯,81,,已校,
731,摩托車,,mo1 tok3 ce1,,機動兩輪車 ‖ 摩托，英文 motor 的普通話音譯。廣州照搬普通話的音譯。俗稱“電單車 din6 daan1' ce1”,81,,已校,
732,摩,,mo1',,①撫摩，摩弄：～佢一下丨～頭～耳<苦思貌>丨～口～面丨～頭～髻 ②慢騰騰，遲緩：佢做好野～嘅丨～陀,81,,已校,
733,摩姐,,mo1' ze2,,動作慢的女子,81,,已校,
734,摩摩□□,,mo1' mo1' man3 man3,,慢吞吞,81,,已校,
735,摩摩撚撚,,mo1' mo1' nan2 nan2,,慢，磨蹭：成日喺度～点得㗎！,81,,已校,
736,摩陀,,mo1' to4,,緩慢，遲慢：～大姐,81,,已校,
737,摩頭摩耳,,mo1' tau4 mo1' ji5,,抓耳撓腮：想唔出就～,81,,已校,
738,摩頭摩髻,,mo1' tau4 mo1' gai3,,摩弄腦袋：行開，唔好～,81,,已校,
739,摩□,,mo1' man3,,動作遲慢：佢做野好～，慢慢撚,81,,已校,
740,摩身摩勢,,mo1'san1' mo1' sai3,,撫摩身體的樣子,81,,已校,
741,摩頂友,,mo1' deng2 jau5*2,,舊時對理髮師的俗稱,81,,已校,
742,魔術,,mo1' seot6,,雜技之一，戲法,81,,已校,
743,磨,,mo4,,研磨：～芋頭丨～墨丨～爛丨～穿,81,,已校,
744,磨磨旋,,mo4 mo4*2 zyun6,,走來走去，無所事事：佢成朝都喺處～～，做咗乜野吖？ ‖ 旋，廣韵線韵辭戀切：“遶也”,82,,已校,
745,磨穿席,,mo4 cyun1' zek6,,①指留連某處不願走的人 ②指安心從事某種工作的人，不會跳槽的人 ‖ 也説“磨爛席 mo4 laan6 zek6”,82,,已校,
746,摸,,mo2,,觸摸：～佢一下｜～盲盲｜～門釘 ‖ 廣韵鐸韵暮各切：“摸𢱢。”今讀如陰上,82,,已校,
747,摸茶杯底,,mo2 caa4 bui1 dai2,,指去茶樓喝茶：摸住茶杯底就好商量嘞 ‖ 也説“摸焗盅蓋 mo2 guk6 zung1 goi3”,82,,已校,
748,摸酒杯底,,mo2 zau2 bui1 dai2,,戲稱請人喝酒：摸住酒杯底就講掂嘅嘞｜我同佢酒杯底都摸滑嘅喇<喻我與他是好朋友>,82,,已校,
749,摸門釘,,mo2 mun4 deng1,,吃閉門羹，到人家去撞了鎖,82,,已校,
750,摸盲盲,,mo2 maang4 maang4*1,,捉迷藏 ‖ 也説“挱盲盲 saa2 maang4 maang4*1”或“捉盲盲 zuk1 maang4 maang4*1”,82,,已校,
751,摸黄咗,,mo2 wong4 zo2,,麻將術語。抓黄了，即摸牌達到規定限度而不能再摸了,82,,已校,
752,摸碟底,,mo2 dip6 dai2,,摸底細，多指不好的歷史：摸下佢嘅碟底至得 ‖ 也説“摸碟腳 mo2 dip6 goek3”,82,,已校,
752-缺1,摸骨肉,,mo2 gwat1 juk6,,迷信者認爲人死後三七之内，鬼魂會回來看看親人，甚至會摸摸其兒女,,,已校,
752-缺2,摸黑,,mo2 hak1,,在黑暗中做事：房裏便冇燈，～去攞喇 ‖ 也説“監黑 gaam3 hak1”,,,已校,
752-缺3,磨,,mo6,,①名詞。磨：打石～｜鑿石～｜～盤｜～耳 ②動詞。用磨來粉碎糧食：～米｜～粉｜～豆腐,,,已校,
752-缺4,磨,,mo6*2,,研磨糧食的工具：石～｜電～｜鋼～｜小～麻油,,,已校,
752-缺5,磨心,,mo6 sam1,,磨的中軸，比喻受折磨、受氣的人：將我來做～,,,已校,
752-缺6,磨碌,,mo6 luk1,,磨盤上的磨扇，用來形容矮胖的人：佢好似～噉,,,已校,
752-缺7,科錢,,fo1' cin4*2,,湊錢：大家科啲錢送畀佢喇｜～食野,,,已校,
752-缺8,火,,fo2,,①物體燃燒時所發的光和焰 ②怒氣：發～｜～滾<怒氣冲冲>｜一把～｜下～<消氣兒> ③瓦：買個四十～燈膽｜呢個燈膽幾多～㗎？,,,已校,
752-缺9,火遮眼,,fo2 ze1' ngaan5,,一時性起，突然發火：佢点解～噉樣？,,,已校,
752-缺10,火車,,fo2 ce1',,一種交通運輸工具,,,已校,
752-缺11,火𤓓,,fo2 lo3,,燒焦的氣味，煙熏味：啲飯焗咗～｜好大～味就唔食得喇 ‖ 𤓓，俗字,,,已校,
752-缺12,火屎,,fo2 si2,,燒剩下的未完全熄滅的柴或木炭,,,已校,
752-缺13,火柴,,fo2 caai4*2,,一種引火的工具：買盒～｜～頭｜～盒｜～枝<火柴棍兒> ‖ 後面有中心詞時，柴字均讀本調,,,已校,
752-缺14,火柴骨,,fo2 caai4 gwat1,,用過的火柴棍兒,,,已校,
752-缺15,火尾,,fo2 mei5,,火焰，火苗兒,,,已校,
752-缺16,火麒麟,,fo2 kei4 leon4,,歇後語。下句爲“周身癮（引）”，喻癮頭極大者，對任何事都躍躍欲試,,,已校,
752-缺17,火起,,fo2 hei2,,怒火，火兒了：激到我～ ‖ 也説“火爆 fo2 baau3”、“火滾 fo2 gwan2”或“爆火 baau3 fo2”,,,已校,
753,火氣,,fo2 hei3,,脾氣：佢好大～丨滿肚～ ‖ 也説“火性 fo2 sing3”,83,,已校,
754,火蓋頂,,fo2 goi3 deng2,,突然怒氣冲天 ‖ 也説“火壅頂 fo2 ung1' deng2”,83,,已校,
755,火灰,,fo2 fui1',,燒草木後剩下的灰：㹃[fɛ˧]開啲～<把灰撥開>,83,,已校,
756,火酒,,fo2 zau2,,酒精：～爐,83,,已校,
757,火牛,,fo2 ngau4,,變壓器的俗稱,83,,已校,
758,火候,,fo2 hau6,,①烹飪時燒火時間的長短和火力的大小：你啲豬肉～夠未啊？丨白粥煲得夠晒～ ②引申爲學問、武藝、修養的深淺：佢學問都夠～㗎 ‖ ①也説“火路 fo2 lou6”,83,,已校,
759,火爐,,fo2 lou4,,專指磚砌的大竃,83,,已校,
760,火燒眼眉,,fo2 siu1' ngaan5 mei4,,迫在眉睫，非常急迫：都到～嘞，佢重唔理,83,,已校,
761,火腿,,fo2 teoi2,,腌製的豬腿：～粽丨～月餅,83,,已校,
762,火腿繩,,fo2 teoi2 sing4*2,,比喻仗他人之勢而無能的人,83,,已校,
763,火水,,fo2 seoi2,,煤油：～燈丨～罐丨～爐,83,,已校,
764,火燂煤,,fo2 taam4 mui4,,舊式廚房（燒柴草的）牆壁、屋頂上的黑油煙、灰塵蜘蛛絲的混合物 ‖ 也叫“火燂毛 fo2 taam4 mou4*1”。燂，廣韵覃韵徒含切：“火爇。”煤，廣韵灰韵莫杯切：“炱煤，灰集屋也”,83,,已校,
765,火籃,,fo2 laam4*2,,舊式的取暖用具，外形如花籃，内有泥胎以盛炭火 ‖ 也叫“火通 fo2 tung1”,83,,已校,
766,火鐮,,fo2 lim4,,舊式的鐵製取火用具，用它敲打火石，濺出火星以點火 ‖ 也叫“火鐮刀 fo2 lim4 dou1”,83,,已校,
767,火鉗,,fo2 kim4,,舊式廚房用具，用來夾取燃着的柴炭,83,,已校,
768,火箭,,fo2 zin3,,煙花的一種，點燃後會冲上天,83,,已校,
769,火煙,,fo2 jin1',,①煮飯燒焦的氣味：煮飯時一焗咗～就唔食得嘞！ ②廚房裏的油煙積垢：掃下啲～,83,,已校,
770,火盆,,fo2 pun4,,取暖用的燒炭火的金屬盆,83,,已校,
771,火罐,,fo2 gun3,,治病用的陶罐：同你拔個～喇,83,,已校,
772,火船,,fo2 syun4,,火輪船的舊稱，即航行海上的機動船,83,,已校,
773,火船仔,,fo2 syun4 zai2,,小火輪船，用以牽引渡船行駛在内河航綫上,83,,已校,
774,火蒜,,fo2 syun3,,用火熏過的大蒜頭，皮色發紅，宜貯存,83,,已校,
775,火棒,,fo2 paang5,,燒火棍，煮飯燒柴草用,83,,已校,
776,火頸,,fo2 geng2,,易怒，易發火：呢個野好～嘅,83,,已校,
777,火秧𠢠,,fo2 joeng1' lak6,,植物名，肉質莖，四棱有芒刺，可治鷄病：生蟲鷄有～<熟語> ‖ 𠢠，廣韵職韵林直切：“趙魏間呼棘，出方言。”古曾攝三等字，本應讀 ik 韵，今口語讀如一等,83,,已校,
778,火紅火綠,,fo2 hung4 fo2 luk6,,怒氣冲冲地：佢～噉鬧人,83,,已校,
779,火燭,,fo2 zuk1,,着火，火警：燒炮仗要小心～啊！,83,,已校,
780,火燭車,,fo2 zuk1 ce1',,消防車的舊稱,83,,已校,
781,伙,,fo2,,家，户：呢處住咗三～人丨兩～人一齊搬走 ‖ 也説“主 zyu2”,83,,已校,
782,伙夫,,fo2 fu1,,軍隊中的廚師的舊称，也泛指一般的廚師：請個～返來煮飯,83,,已校,
783,伙計,,fo2 gei3,,①店鋪中職工的舊稱 ②朋友：我同佢好～丨我地兩～好䞟檔<很合得來>嘅,83,,已校,
784,伙頭,,fo2 tau4*2,,廚師，大師傅的俗稱,84,,已校,
785,伙頭仔,,fo2 tau4*2 zai2,,廚師的幫手，做雜務的人,84,,已校,
786,貨,,fo3,,貨物：～車｜～尾｜～底｜～倉｜～不對辦[pan˨꜔꜒] <名不副實>,84,,已校,
787,貨卡,,fo3 kaa1,,運貨的火車車皮,84,,已校,
788,貨車,,fo3 ce1',,運載貨物的汽車或火車,84,,已校,
789,貨底,,fo3 dai2,,賣剩下的貨，次貨 ‖ 也説“底貨”或“貨尾 fo3 mei5”,84,,已校,
790,貨櫃,,fo3 gwai6,,集裝箱,84,,已校,
791,貨辦,,fo3 baan6*2,,貨物樣品,84,,已校,
792,貨面,,fo3 min6*2,,擺在櫃面上的貨，好貨‖也叫“面貨”,84,,已校,
793,貨倉,,fo3 cong1',,貯貨倉庫,84,,已校,
794,貨腳,,fo3 goek3,,運貨費用‖也叫“運腳 wan6 goek3”,84,,已校,
795,多,,do1',,①數量大：請咗好～人客來｜買～啲菜喇｜上得山～遇着虎<熟語>｜你嘅錢～過我 ②超出原有或應有的數目：～咗兩斤｜～個香爐～隻鬼<熟語>｜～咗五個人來 ③過分的，不必要的：～心｜～嘴｜～聲｜～手～腳 ④表示相差的程度大：佢高過我好～｜食鹽～過你食米，行橋～過你行路<熟語> ⑤表示常常有某種情况：你喺边處食飯～呢？｜細路哥用匙羹食飯～｜我喺呢間戲院睇戲～｜佢地都係星期日行街～ ⑥和“唔”連用構成否定句，表示不太、不大：你會做唔會呢？ ——唔～會｜佢講乜野我都唔～信㗎｜我都唔～食啲噉嘅野,84,,已校,
796,多謝,,do1' ze6,,客氣話。謝謝：～你｜～晒 <太感謝了>,84,,已校,
797,多多事幹,,do1' do1' si6 gon3,,事兒多，多管閑事,84,,已校,
798,多籮籮,,do1' lo4 lo4,,很多很多：工夫～ <活兒很多>,84,,已校,
799,多和少,,do1' wo4 siu2,,形容多，必須和“盡”連用：我食用盡～都未見過咁好嘅荔枝｜講盡～，你地都重係噉攪法｜勸盡你～你都唔聽｜見盡～，未見過你咁呭[iɐi˨˧] <頑皮> 嘅,84,,已校,
800,多事,,do1' si6,,多管閑事，事兒多：乜你咁～啊,84,,已校,
801,多耳,,do1' ji5,,耳朵旁長出的贅肉,84,,已校,
802,多手,,do1' sau2,,愛動人家的東西：也你咁～㗎！,84,,已校,
803,多手多腳,,do1' sau2 do1' goek3,,形容愛動人家的東西,84,,已校,
804,多口,,do1' hau2,,多嘴，説不該説的話：呢個野好～嘅,84,,已校,
805,多數,,do1' sou3,,①較大的數量：我地班人占～ ②多半兒，大概：～係佢偷嘅,84,,已校,
806,多少,,do1' siu2,,或多或少：我～都有幾個嘅,84,,已校,
807,多除少補,,do1' ceoi4 siu2 bou2,,多退少補,84,,已校,
808,多心,,do1' sam1',,①心眼兒多，想法多：我唔係点樣嘅，唔好～啊 ②不專心，心思旁鶩：你唔好咁～喇，都係讀書好喇,84,,已校,
809,多煩,,do1' faan4,,客氣話。費心，煩勞：～你嘞,84,,已校,
810,多聲,,do1' seng1',,多嘴，説不該説的話,84,,已校,
811,多得,,do1' dak1,,客氣話。多虧，感謝：～晒 <感謝不盡>｜～你嘞！,84,,已校,
812,躲懶,,do2 laan5,,偷懶：唔好～啊，好好讀書,84,,已校,
813,嚲,,do2（或 doe2）,,①下垂：條繩～咗落來，絣[mɐŋ˥˧]<拉>返直佢喇 ②下垂的弧形：放紙鷂時，綫～太大就要蹬下佢丨拉拫[hɐŋ˨˩]<綳緊>條繩喇，個～好大啊！ ‖ 廣韵哿韵丁可切：“垂下貌”,85,,已校,
814,墮,,do6,,垂下，墜下：衫尾～咗落去丨屋頂～咗落來，要整嘅嘞<要修理了>,85,,已校,
815,墮落,,do6 lok6,,①沾染上壞習慣，幹壞事：佢～到做賊喇丨佢～晒嘞 ②没落，敗落：佢個家～晒喇,85,,已校,
816,墮落鷄,,do6 lok6 gai1,,駡人話。下流貨,85,,已校,
817,墮角,,do6 gok3,,偏遠，路不順（不易去） ‖ 也説“窵腳 tiu3 goek3”,85,,已校,
818,拖,,to1',,①用墩布擦洗：～下笪<塊>地喇丨～乾凈佢 ②用開水略燙：將啲菜～～佢先 ③牽，拉：～拉手丨～男帶女,85,,已校,
819,拖卡,,to1' kaa1,,貨車的拖車，拖斗 ‖ 卡，英文 car 的音譯,85,,已校,
820,拖帶,,to1' daai3*2,,拖船的一種，靠小汽船拖行在内河航道上：我地搭～去,85,,已校,
821,拖拉,,to1' laai1',,拖沓，緩慢：佢做好野～㗎,85,,已校,
822,拖拉手,,to1' laai1' sau2,,手拉手：～，買地豆<兒歌>,85,,已校,
823,拖鞋,,to1' haai4*2,,没有後半鞋幫的便鞋，多在室内穿,85,,已校,
824,拖地,,to1' dei6*2,,接觸到地上，垂到地上：件衫長到～丨條繩～嘞,85,,已校,
825,拖友,,to1' jau5*2,,情人，戀人,85,,已校,
826,拖刀,,to1' dou1,,用刀切物時没有完全切斷，每每幾片相連：刀嘴唔利，切黄瓜時～嘅 ‖ 也説“褦刀 naai3 dou1”,85,,已校,
827,拖渡,,to1' dou6*2,,參看“花尾渡 faa1' mei5 dou6*2”,85,,已校,
828,拖累,,to1' leoi6,,連累：我畀佢～咗咯 ‖ 也説“佗累 to4 leoi6”,85,,已校,
829,拖船,,to1' syun4,,專門裝載貨物的船，靠小汽船拖行在内河航道上,85,,已校,
830,拖落水,,to1' lok6 seoi2,,受連累，被牽連：我畀佢～,85,,已校,
831,拖落氹,,to1' lok6 tam5,,使人沾上惡習，使人陷入困境：佢唔食煙，你又拖佢落氹丨佢本來唔會賭錢嘅，畀人～啫嘛 ‖ 氹，俗字，水坑,85,,已校,
832,陀陀擰,,to4 to4*2 ning6,,暈頭轉向：今日攪到我～,85,,已校,
833,佗,,to4,,①帶，掛（在身上）：～住枝手槍丨～住個錶丨～住塊玉 ②懷（孩子）：佢老婆～仔 ③連累：畀佢～衰晒<全叫他給連累了>丨～累你添<連你也拖累了> ‖ 集韵歌韵唐何切：“説文負荷也”,85,,已校,
834,佗仔,,to4 zai2,,懷孕：佢個老婆又～嘞,85,,已校,
835,佗歸仔,,to4 gwai1 zai2,,被母親帶着改嫁的孩子 ‖ 也叫“油瓶仔 jau4 peng4*2 zai2”,85,,已校,
836,佗手掕腳,,to4 sau2 lang6 goek3,,拖住手腳，纍贅：生咁多細路，～有乜野好處啊？丨帶咁多行李，～，唔帶嘞 ‖ 掕，集韵登韵盧登切：“博雅止也。”又證韵里孕切：“説文止馬也。”也説“佗手佗腳 to4 sau2 to4 goek3”,85,,已校,
837,佗累,,to4 leoi6,,拖累，連累：呢件事～埋你嘞 ‖ 也説“拖累 to1' leoi6”,85,,已校,
838,佗衰,,to4 seoi1',,連累人倒霉、倒運：你唔怕我～你啊？,85,,已校,
839,佗衰家,,to4 seoi1' gaa1',,①敗家：舊時有話，女大唔嫁～ ②駡人話。敗家者：佢正一～！,85,,已校,
840,佗腳錘,,to4 goek3 ceoi4*2,,累贅物，拖累物。多指小孩,86,,已校,
841,砣,,to4,,秤砣，鐵砣：公不離婆，秤不離～ <熟語>丨冇尾飛～，一去無蹤<歇後語>,86,,已校,
842,砣錶,,to4 biu1,,懷錶，因形似秤砣而得名 ‖ 也叫“袋錶 doi6*2 biu1”,86,,已校,
843,駝背,,to4 bui3,,羅鍋兒：佢有啲～丨～佬丨～上樓梯，舂舂地（中中地）<歇後語。中等，中不溜兒>,86,,已校,
844,駝背夾直,,to4 bui3 gaap3 zik6,,熟語。强人所難,86,,已校,
845,妥當,,to2 dong3,,完成得很好：我做好啲野嘞，～哂嘞<全部完成得很好>,86,,已校,NA：原書“妥”注音to2疑有誤，習讀to5。
846,捼,,no1',,用手指捻、揉搓：將蚊～死佢丨～爛佢丨將啲粉～碎佢丨～成一粒粒 ‖ 參看“捼 no4”,86,,已校,
847,捼撚,,no1' nan2,,①玩弄：～女人丨～妾侍 ②巴結，討好：佢～人丨新婦好會～家婆 ‖ 撚，集韵銑韵乃殄切：“説文執也，一曰蹂也。”本應讀 in 韵，這裏變讀 an 韵,86,,已校,
848,挪摙,,no4 lin5,,翻騰，折騰：唔好將啲野～爛啊丨我成日～係喇 ‖ 摙，廣韵獮韵力展切：“擔運物也”,86,,已校,
849,捼,,no4,,用手揉搓：用番梘～下件衫 ‖ 廣韵戈韵奴禾切：“捼莎，説文曰摧也。一曰兩手相切摩也”,86,,已校,
850,糯米,,no6 mai5,,江米，一種有黏性的大米：～飯丨～粉丨～酒丨～餈 ‖ 也説“糯”,86,,已校,
851,糯米餈,,no6 mai5 ci4,,江米粉做的有餡的糰子，蒸食或煎食 ‖ 餈，廣韵脂韵疾資切：“飯餅也。”俗寫作“糍”,86,,已校,
852,糯米餈荔枝,,no6 mai5 ci4 lai6 zi1,,荔枝的一個優良品種，肉厚核小，味甜，屬中遲熟品種,86,,已校,
853,糯米屎𦜇,,no6 mai5 si2 fat1,,形容到人家裏久坐不走，北方叫“屁股沉” ‖ 廣韵没韵有“胐”，苦骨切：“胐臀，俗又作𦜇。”也叫“長屎𦜇 coeng4 si2 fat1”,86,,已校,
854,糯米鷄,,no6 mai5 gai1,,一種常見食品，江米中放入肉，用葉子包裹，綑緊蒸熟,86,,已校,
855,糯米酒,,no6 mai5 zau2,,糯米甜酒中加入白酒，浸泡若干時候再去渣而成,86,,已校,
856,糯米蕉,,no6 mai5 ziu1,,香蕉的一種，較短小，非常香甜，綽號叫“過山香”,86,,已校,
857,糯米甜酒,,no6 mai5 tim4 zau2,,江米做的甜酒，一般都連渣吃 ‖ 俗稱“酒釀 zau2 noeng6*2”,86,,已校,
858,糯米甜醋,,no6 mai5 tim4 cou3,,江米做的甜醋,86,,已校,
859,囉囉孿,,lo1' lo1' lyun1',,①心中不寧：個心～ ②折騰，翻騰：個細路仔成晚～，硬係唔瞓,86,,已校,
860,囉嗦,,lo1' so1',,①挑剔，難侍候：佢好～㗎！好難同佢相處 ②忌諱性詞語。小孩多病痛：個仔好～嘅,86,,已校,
861,囉柚,,lo1' jau6*2,,屁股的俗稱 ‖ 也叫“屎𦜇 si2 fat1”,86,,已校,
862,囉孿,,lo1' lyun1',,①心情不安寧，有難解決的事：我尋晚瞓唔着，一晚都好～丨我個心好～，唔去睇戲咯 ②小孩多疾病：佢個仔好～嘅,86,,已校,
863,腡,,lo4*2,,圓形指紋：睇下有幾多個～，幾多個欃 [tsʻam˧˥］<箕形指紋>,86,,已校,
864,螺,,lo4*2,,螺螄：田～｜響～｜石～｜東風～｜～殼｜～肉｜～殼粉,87,,已校,
865,螺絲批,,lo4 si1' pai1',,改錐，螺絲刀,87,,已校,
866,螺絲口,,lo4 si1' hau2,,連接處有螺紋的：電燈膽係～嘅,87,,已校,
867,螺絲鑽,,lo4 si1' zyun3*2,,用以開啓木塞的工具,87,,已校,
868,螺絲釘,,lo4 si1' deng1,,有螺紋的釘子,87,,已校,
869,螺□,,lo4*2 bu1,,用大海螺殼製成的號角：吹～‖現也叫“螺角 lo4 gok3”,87,,已校,
870,螺髻,,lo4*2 gai3*2,,舊時婦女梳的一種高髻,87,,已校,
871,螺帽,,lo4 mou6*2,,螺絲母 ‖ 也叫“絲帽 si1 mou6*2”,87,,已校,
872,螺厴,,lo4 jim2,,螺殼口上的扁平甲殼 ‖ 厴，集韵琰韵於琰切：“蟹腹下甲”,87,,已校,
873,螺旋椅,,lo4 syun4 ji2,,轉椅,87,,已校,
874,螺殼粉,,lo4*2 hok3 fan2,,用米粉做的螺殼形食品，煮食,87,,已校,
875,羅斗,,lo4 dau2,,用來羅麵粉或米粉的器具，有銅絲的、紗絹的,87,,已校,
876,羅傘,,lo4 saan2,,華蓋，綾羅做的傘狀物：舊時新娘落轎，就撑開把～遮住佢嘞｜～帳<圓頂蚊帳的舊稱>,87,,已校,
877,羅漢果,,lo4 hon3 gwo2,,廣西等地産的一種果子，乾後做藥用，可去痰火,87,,已校,
878,羅漢齋,,lo4 hon3 zaai3,,一道著名素菜，用腐竹、蘑菇、髮菜、麵筋、時菜等合炒而成,87,,已校,
879,羅漢牀,,lo4 hon3 cong4,,三面有欄的大炕牀,87,,已校,
880,羅經,,lo4 gaang1,,風水先生用的羅盤 ‖ 經，廣韵青韵古靈切：“常也，絞也，徑也，亦經緯。”一般讀 king1'，這裏讀 gaang1。古梗攝四等韵變讀二等,87,,已校,
881,㒍氣,,lo4 hei3,,説話多，費力氣：你想使佢，好～㗎 ‖ 㒍，集韵戈韵盧戈切：“疲勞也”,87,,已校,
882,蘿蔔,,lo4 baak6,,①一種蔬菜：～煲牛腩 ②手腳上凍瘡的俗稱：隻腳生～,87,,已校,
883,蘿蔔花,,lo4 baak6 faa1,,一種眼病：佢個眼起～,87,,已校,
884,蘿蔔刨,,lo4 baak6 paau4*2,,金屬做的擦絲器，可把蘿蔔和瓜類弄成絲，北方叫“礤牀”,87,,已校,
885,蘿蔔頭,,lo4 baak6 tau4,,舊時指日本侵略軍,87,,已校,
886,蘿蔔潤,,lo4 baak6 jeon6*2,,腌製的鹹蘿蔔乾 ‖ 因忌諱“乾”而改爲“潤”,87,,已校,
887,籮,,lo4,,竹編的籮筐：殼～｜一擔～｜買咗一～橙｜～耳<筐耳>｜～底｜～繩｜～蓋,87,,已校,
888,籮,,lo4*1,,小簍子，小籃子：字紙～｜菜～<無蓋的菜籃子>｜茶～<有蓋的茶壺保溫器>,87,,已校,
889,籮底橙,,lo4 dai2 caang4*2,,①比喻剩貨、次貨、殘貨 ②轉喻挑剩下的人、能力不足的人 ‖ 歇後語，下句爲“揀剩尾”,87,,已校,
890,籮摪,,lo4 coeng3,,籮底交叉的兩條尖頭的寬竹片，用以支持籮底 ‖ 摪，集韵漾韵七亮切：“刺也”,87,,已校,
891,鑼,,lo4,,銅製的打擊樂器：打～｜銅～｜～鼓手,87,,已校,
892,鑼鼓手,,lo4 gu2 sau2,,爲唱戲伴奏的樂師的統稱,87,,已校,
893,攞,,lo2,,①討，要：～錢｜～命｜～債｜～債鬼｜～好意頭<討吉利> ②拿，持：～住啊｜～來喇｜～籌<拿號兒> ③娶：～老婆｜～妾侍｜～新婦｜～新婦仔<童養媳> ④（到銀行、郵局）支取，領取：～錢｜～包裹 ⑤捕取，割取：～魚｜～魚艇｜～柴｜～草 ⑥找，自找：～便宜丨～頭～路<找藉口>丨～來衰<自找倒霉>丨～來攪<自找麻煩>丨～來賤<自討苦吃>丨～來激<自找氣生>丨～來行<多跑冤枉路> ⑦弄，使：～到佢滾<使他發火>丨～掂佢 ‖ 俗借字,87,,已校,
894,攞意頭,,lo2 ji3 tau4,,取好兆頭，討彩頭 ‖ 也説“攞兆頭 lo2 siu6 tau4”或“攞勢頭 lo2 sai3 tau4”,88,,已校,
895,攞苦來辛,,lo2 fu2 lai4 san1',,熟語。自找苦吃,88,,已校,
896,攞來做,,lo2 lai4 zou6,,不必做而做，做不必做的事情,88,,已校,
897,攞來笑,,lo2 lai4 siu3,,聊博一笑而非真心：呢啲唔係真嘅，～嘅啫,88,,已校,
898,攞來混,,lo2 lai4 wan6,,不需要做而瞎做，自找麻煩,88,,已校,
899,攞來講,,lo2 lai4 gong2,,説些没有事實根據的話；説些没必要的話，没話硬找話説：佢～嘅啫！,88,,已校,
900,攞彩,,lo2 coi2,,增光，露臉：個仔同我攞晒彩<兒子太給我露臉了>,88,,已校,
901,攞竇,,lo2 dau6*2,,戲語。死了,88,,已校,
902,攞口響,,lo2 hau2 hoeng2,,光説不做：佢～嘅啫，唔好信佢,88,,已校,
903,攞掂,,lo2 dim6,,①弄直：～呢條路丨衣服骨<接縫>唔直，～佢喇 ②使正，把正：～舦[tʻai˨˧] <舵>喇，隻船𧽼𧽼[tʻɐm˨˩]轉<這船在打旋兒哪> ‖ 掂，俗字，直，順,88,,已校,
904,攞滾,,lo2 gwan2,,觸怒，使發火：唔好～我丨攞到佢滾,88,,已校,
905,攞便宜,,lo2 pin4 ji4,,占便宜，找便宜：你想～咩？,88,,已校,
906,攞命,,lo2 meng6,,要命，討命：真係～嘞！攪來攪去都攪唔掂丨你唔怕佢隻鬼來～啊？,88,,已校,
907,攞頸掂,,lo2 geng2 dim6,,要順自己脾氣，任性：個細路喊得咁緊要，都係～嘅啫丨佢想点就点，都係～,88,,已校,
908,攞景,,lo1 ging2,,揶揄，故意要人家好看：你想～咩！丨攞佢景至得,88,,已校,
909,𤓓,,lo3,,焦，煳：啲飯㷫[heŋ˧]<燜>～咗丨◇窮到～<窮到極點> ‖ 俗字,88,,已校,
910,𤓓𪡷,,lo3 ceoi4,,煳味，燒焦的氣味：啲飯有～丨咁～，你慌唔係燒咗電綫啊！ ‖ 𪡷，俗字，氣味,88,,已校,
911,左撓,,zo2 jaau1,,①用左手拿筷子、用刀剪等：佢食飯係～㗎丨佢做野～嘅 ②左撇子，用左手幹活兒的人：佢個仔係～ ‖ 撓，讀書音 nau6， jaan1 是特殊讀法,88,,已校,NA：原書釋義錯植，應為jaau1而非jaan1。
912,左手便,,zo2 sau2 bin6,,左邊 ‖ 也説“左便”,88,,已校,
913,左口魚,,zo2 hau2 jyu4*2,,比目魚，一般多指比目魚乾，常用以熬湯、煮粥，味道鮮美 ‖ 也有人叫“大地魚 daai6 dei6 jyu4*2”,88,,已校,
914,左右,,zo2 jau6*2,,副詞。大約，大概：佢有五十歲～,88,,已校,
915,左蹻右䞘,,zo2 kiu4 jau6 gat6,,左推右脱，不順從：叫佢返學，佢～唔肯去丨佢～問老豆攞錢 ‖ 蹻，廣韵宵韵巨嬌切：“驕也，慢也”,88,,已校,
916,左近,,zo2 gan6*2,,附近：佢就住喺～ ‖ 也説“左右”,88,,已校,
917,阻,,zo2,,①阻擋：～路丨～街～巷丨～住晒條路<把路全擋住了>丨～地方 ②礙事，妨礙：～手～腳丨～頭～勢丨～事～幹 ③耽誤：唔～你嘞丨～時間丨～咗我幾日,88,,已校,
918,阻事,,zo2 si6,,費時間，耽誤事：擇芽菜好～㗎,88,,已校,
919,阻滯,,zo2 zai6,,①擋道，堵塞通道：馬路好多車～住，唔行得過丨你咪～住我喇 ②障礙，不順利的事：我謀事都有好多～啊丨我都經好多～至來得到呢處啊,89,,已校,
920,阻頭阻路,,zo2 tau4 zo2 lou6,,①擋道：行開啲喇，唔好喺處～ ②妨礙，阻礙：人地做緊野，佢硬係喺度～,89,,已校,
921,咗,,zo2,,動詞詞尾。表示完成，相當於“了”：我食～飯嘞丨佢去～未啊？ ‖ 俗字,89,,已校,
922,助起,,zo6 hei2,,煽動，挑撥：佢冇咁蠻嘅，都係佢老婆～佢嘅啫嘛 ‖也説“撥起 put3 hei2”,89,,已校,
923,助成,,zo6 sing4,,幫助完成：請佢～呢件事丨你幫我～佢喇,89,,已校,
924,坐,,zo6,,①將物置於與之相配的座上：將面盆～落面盆架處喇丨將花樽<瓶>～落個花樽座處喇 ②放在爐子上加熱：～返熱啲菜丨呢壺滾水凍咗，你幫我～返熱佢喇丨～酒丨～住個煲喇 ③下陷，塌：地板～落去嘞丨牆腳～咗落去嘞丨條枋<樑>～落來 ④坐落，用於房屋、田地、墳地等：你掛墳山係～南向北定係～東向西㗎？,89,,已校,
925,坐板癩,,zo6 baan2 laai3,,臀部長的疥瘡，患者坐過的地方會傳染别人,89,,已校,
926,坐定嗰粒六,,zo6 ding6 go2 lap1 luk6,,確定，肯定：佢今晚請我食飯，～嘅嘞丨呢件事我～嘅嘞 ‖ 源於賭博術語。擲色子最大之數是六，肯定得六點，即一定得勝,89,,已校,
927,坐向,,zo6 hoeng3,,房屋的坐落方向：你間屋嘅～点樣㗎？丨佢間屋係坐南向北嘅,89,,已校,
928,坐莊,,zo6 zong1,,①掌握大權，主管其事：佢地輪流～ ②戲語。久坐，呆坐：佢成日喺處～丨你係～啊，定係行街啊？丨人地都去晒嘞，我一個人～ ‖ 源於賭博術語,89,,已校,
929,坐實,,zo6 sat6,,絶對確實，非常肯定：呢件事～係噉嘅嘞丨～係佢偷嘅嘞,89,,已校,
930,坐食山崩,,zo6 sik6 saan1' bang1',,坐吃山空,89,,已校,
931,座,,zo6,,量詞。用於山、房屋等：一～山丨兩～屋丨三～樓,89,,已校,
932,座,,zo6*2,,座兒，底座：花樽<瓶>～丨古玩～,89,,已校,
933,座地燈,,zo6 dei6 dang1,,落地燈,89,,已校,
934,座地風扇,,zo6 dei6 fung1' sin6,,落地電扇,89,,已校,NA：原書標音錯，“扇”應作sin3。
935,座鐘,,zo6 zung1,,老式的擺在桌上的鐘,89,,已校,
936,座鐘仔,,zo6 zung1 zai2,,指一般用的擺在桌子上的鐘，較老式座鐘小些,89,,已校,
937,初初,,co1' co1',,起初：佢～係噉講嘅，而家又轉卦嘞 ‖ 也説“初時 co1' si4”,89,,已校,
938,初哥,,co1' go1,,新手，不熟練者，外行 ‖ 也説“阿初 aa3 co1”,89,,已校,
939,初來暴到,,co1' lai4 bou6 dou3,,新來乍到,89,,已校,
940,初頭初勢,,co1' tau4 co1' sai3,,初次（含有求吉利之意）‖ 較俗的説法。也説“初頭初路 co1' tau4 co1' lou6*2”,89,,已校,
941,初頭萬大,,co1' tau4 maan6 daai6,,初次，頭一次。含有非常隆重的意味 ‖ 也説“頭威頭勢 tau4 wai1 tau4 sai3”,89,,已校,
942,初生蛋,,co1' sang1' daan6*2,,小母鷄生的第一個蛋：～靈舍<特别，格外>有益嘅,89,,已校,
943,初一流流,,co1' jat1 lau4 lau4,,大年初一的，指節日的隆重氣氛：～，要攞個好意頭,90,,已校,
944,初一能能,,co1' jat1 nang1' nang1',,大年初一的大清早，天色未大亮時。含有隆重的節日色彩：～，唔好亂𡀾[ŋɐp˥]<説>啊｜～，連頭都唔梳啊,90,,已校,
945,搓,,co1',,①兩個手掌來回摩擦：～手｜～紙條<紙媒子>｜～湯圓｜將塊紙～埋一䊆[kɐu˨]<團> ②用手掌壓住來回摩擦：～老泥<身上的積垢>｜用熱水毛巾～下佢,90,,已校,
946,搓圓㩒扁,,co1' jyun4 gam6 bin2,,做人能屈能伸，隨和，容易打交道：佢好好相與嘅，能夠～嘅,90,,已校,
947,鋤,,co4,,用鋤頭勞作：～田｜～地｜～草,90,,已校,
948,鋤頭,,co4 tau4,,鋤，耕田除草用的農具,90,,已校,
949,坐,,co5,,將臀部置於椅子等物體上，以支持身體重量：請～｜～落去｜～喺呢張椅處,90,,已校,
950,坐霸王車,,co5 baa3 wong4 ce1,,坐車不買票,90,,已校,
951,坐花廳,,co5 faa1' teng1,,舊時指蹲監獄、坐牢,90,,已校,
952,坐乜,,co5 me2,,舊時指做填房，北方叫“續弦”：某人個女～㗎 ‖ 乜，《字彙》：“彌耶切，音哶，眼乜斜”,90,,已校,
953,坐夜,,co5 je6*2,,舊時指夜晚服侍或陪伴别人,90,,已校,
954,坐歌堂,,co5 go1 tong4,,舊時女子出嫁，臨上花轎前，在堂前坐定，吹起嗩呐，父兄向其送酒，女子則向父兄哭祝詞以示告别娘家，然後上轎,90,,已校,
955,坐唔黏,,co5 m4 nim4,,坐不定，坐不住：叫佢讀書，佢就～嘅嘞,90,,已校,
956,坐櫃面,,co5 gwai6 min6*2,,指店鋪掌櫃的人站櫃枱、管收款,90,,已校,
957,坐位,,co5 wai6,,（皇帝）登基 ‖ 也説“登位 dang1' wai6”,90,,已校,
958,坐死夜,,co5 sei2 je6*2,,守靈，夜裏陪伴死者（與“坐生夜”相對）,90,,已校,
959,坐監,,co5 gaam1,,蹲監獄，坐牢 ‖ 俗稱“踎監 mau1' gaam1”,90,,已校,
960,坐穩車,,co5 wan2 ce1,,客氣話，祝詞。送人乘車遠行時用,90,,已校,
961,坐穩船,,co5 wan2 syun4,,客氣話，祝詞。送人乘船遠行時用,90,,已校,
962,坐生夜,,co5 saang1' je6*2,,夜裏陪伴、服侍人（如産婦、病人）（和“坐死夜”相對）,90,,已校,
963,坐正,,co5 zeng3,,扶正，妾升爲妻：將二奶來～,90,,已校,
964,坐定定,,co5 ding6 ding6,,坐得很安穩：你～，開完會先至去<開完會再走>,90,,已校,
965,坐月,,co5 jyut6*2,,坐月子 ‖ 也説“住月 zyu6 jyut6*2”,90,,已校,
966,錯,,co3,,錯誤：講～咗｜行～路｜食～藥｜行～一着｜搭～綫<誤會人意>,90,,已校,
967,錯手,,co3 sau2,,失手：～打崩隻茶杯｜人會～，馬有失蹄<熟語>,90,,已校,
968,錯有錯着,,co3 jau5 co3 zoek6,,錯雖錯了，但碰到意外的結果,90,,已校,
969,錯𠿑,,co3 ngaam5,,巧遇的便宜事：有咁～咩！｜边有咁～吖？‖ 𠿑，集韵感韵五感切：“可也”,90,,已校,
970,錯見,,co3 gin3,,失策，没見識：也你咁～啊｜你～嘞，唔應該噉做,90,,已校,
971,錯蕩,,co3 dong3,,客氣話。對不常來訪的客人説的：乜你咁～啊,90,,已校,NA：原書標音錯，“蕩”應作dong6。
972,梭仔,,so1 zai2,,織網袋用的小梭子,91,,已校,
973,梭心,,so1 sam1,,縫紉機上的零件之一，繞綫用,91,,已校,
974,梳,,so1,,梳子：木～丨膠～<塑料梳子>丨牛骨～丨牛角～丨化學～,91,,已校,
975,梳化椅,,so1 faa2 ji2,,軟椅，沙發椅 ‖ 梳化，英文 sofa 的音譯,91,,已校,
976,梳化牀,,so1 faa2 cong4,,彈簧牀，沙發牀,91,,已校,
977,梳打,,so1 daa2,,純碱，半透明固體，洗物用 ‖ 英文 soda 的音譯,91,,已校,
978,梳打埠,,so1 daa2 fau6,,澳門的别稱。澳門是有名的賭窟，人進去就好像被梳打水洗過一樣的乾凈（輸光），故名,91,,已校,
979,梳打水,,so1 daa2 seoi2,,碱水，洗東西用,91,,已校,
980,梳篦,,so1 bei6*2,,篦子：大良<地名，在順德縣>～最靚,91,,已校,
981,梳菜,,so1 coi3,,一種腌製的菜頭，切成相連的一片片，像梳子,91,,已校,
982,梳刷,,so1 caat3*2,,刷梳子和篦子用的小刷子,91,,已校,
983,梳,,so1',,①梳理：～頭丨～辮 ②量詞。用於像梳子的東西：一～香蕉丨一～薑,91,,已校,
984,梳西裝,,so1' sai1 zong1,,男性留分頭 ‖ 也説“長西裝 coeng4 sai1 zong1”,91,,已校,
985,梳頭嫲,,so1' tau4 maa4*2,,舊時大户人家僱用爲女主人梳頭的婦女 ‖ 也叫“近身 gan6 san1”,91,,已校,
986,梳辮,,so1' bin1,,①梳理髮辮 ②留辮子 ‖ ②也説“長辮 zoeng2 bin1”,91,,已校,
987,梳妝枱,,so1' zong1' toi4*2,,婦女梳妝打扮時用的帶有鏡子的桌子 ‖ 也叫“鏡枱 geng3 toi4*2”,91,,已校,
988,梳妝盒,,so1' zong1' hap6*2,,舊時婦女用來盛放梳頭搽粉用具的匣子 ‖ 也叫“𰃴<⿱冖贛>妝 gaan2 zong1”,91,,已校,
989,唆擺,,so1' baai2,,挑唆，挑撥：受人～,91,,已校,
990,疏,,so1',,①稀疏，不密：啲菜種得好～丨呢隻布好～丨～篩 ②少：舊年荔枝係大造<大年>，今年梗係～喇，隔年大造喇嘛丨今日車站啲人好～嘅丨呢啲貨都好～,91,,已校,
991,疏疏列列,,so1' so1' laat3 laat3,,（編織物）稀疏貌：件冷衫織到～ ‖ 列，集韵薛韵力蘖切：“説文分解也。”讀書音 lit6，這裏是口語音,91,,已校,
992,疏篱,,so1' lei4*1,,竹子編的盛菜用具，洗好的蔬菜放入可把水漏去，圓形或長圓形，有兩耳。北方叫“菜淺兒”,91,,已校,
993,疏肝,,so1' gon1',,心情暢快，浪漫溫存：佢同個愛人行街幾咁～啊,91,,已校,
994,疏門,,so1' mun4*2,,稀少，不經常有：呢種貨好～嘅啫丨家下曹白鹹魚好～嘅嘞,91,,已校,
995,疏冷冷,,so1' laang1' laang1',,稀疏 ‖ 也説“疏零零 so1' leng1' leng1'”,91,,已校,
996,疏零爛框,,so1' leng4*1 laan1' kwaak3,,稀疏，不密實（多用於竹、藤器）：藤椅織到～～,91,,已校,
997,疏堂,,so1' tong4,,堂房，叔伯（之間的關係）：～姊妹丨～兄弟丨～大佬丨～叔伯 ‖ 也説“堂”,91,,已校,
998,疏爽,,so1' song2,,慷慨，手頭大方：手勢好～丨佢個人好～㗎,91,,已校,
999,疏殼,,so1' hok3,,漏勺，布滿小圓孔的長柄勺 ‖ 也叫“通窿殼 tung1' lung4*1 hok3”,91,,已校,
1000,蓑衣,,so1' ji1',,用草或棕製作的雨衣,91,,已校,
1001,傻,,so4,,頭腦糊塗：～佬丨～瓜丨～頭～腦丨你都～嘅丨～妹丨～仔丨～更<傻瓜>,91,,已校,
1002,傻瓜,,so4 gwaa1,,傻子,92,,已校,
1003,傻瓜瓜,,so4 gwaa1' gwaa1',,有些傻氣：個野～噉<這個人傻瓜似的>,92,,已校,
1004,傻傻㰮㰮,,so4 so4 san5 san5,,傻里傻氣：佢好似有啲～噉,92,,已校,
1005,傻傻更更,,so4 so4 gaang1' gaang1',,傻呵呵的，傻乎乎的,92,,已校,
1006,傻傻戇戇,,so4 so4 ngong6 ngong6,,呆傻貌 ‖ 戇，訓讀字,92,,已校,
1007,傻仔,,so4 zai2,,傻小子：嗰個野正～來嘅,92,,已校,
1008,瑣碎,,so2 seoi3,,①不大方，斤斤計較：佢好～㗎 ②事情多而瑣碎：家務好～,92,,已校,
1009,鎖,,so2,,①鎖門、鎖箱子等用的器具：銅～｜鐵～｜～鏈｜珠～<撞鎖>｜字～<號碼鎖> ②用鎖把門等關住：～門｜～鐵閘｜～住個箱｜～住櫃桶 ③縫紉用語。用綫把衣物的毛邊縫住：～邊｜～紐門,92,,已校,
1010,鎖匙,,so2 si4,,鑰匙,92,,已校,
1011,鎖匙窿,,so2 si4 lung4*1,,鑰匙孔，鎖眼兒,92,,已校,
1012,鎖紐門,,so2 nau2 mun4,,鎖紐扣眼兒 ‖ 現在也説“打鳳眼 daa2 fung6 ngaan5”,92,,已校,
1013,鎖鏈,,so2 lin4*2,,鎖物用的鏈子,92,,已校,
1014,哥,,go1,,①兄長：大～｜二～｜表～｜契～<乾哥哥> ②對年輕男性的尊稱：後生～｜阿初～<新手>｜學生～｜～仔 ③稱比自己年長的同輩男性：老～｜偉～｜福～,92,,已校,
1015,哥哥,,go1*4 go1,,當面稱呼兄長,92,,已校,
1016,哥仔,,go1 zai2,,小青年，小伙子，小男孩,92,,已校,
1017,歌,,go1,,歌曲：唱～｜～書<歌本>｜～詞,92,,已校,
1018,歌紙,,go1 zi2,,歌片兒,92,,已校,
1019,歌仔,,go1 zai2,,歌，兒歌：唱支～,92,,已校,
1020,歌柄,,go1 beng3,,話頭，話茬兒：唔好打亂～,92,,已校,
1021,嗰,,go2,,指示代詞。那：～日｜～晚｜～度<那裏>｜～處｜～間屋｜～便<那邊>｜～個｜～隻｜～牌<那陣子>｜～位 ‖ 俗字。其實是“個”的變音,92,,已校,
1022,嗰啲,,go2 di1,,那些 ‖ 啲，俗字,92,,已校,
1023,嗰時,,go2 si4,,那時候。指某個較短暫的時間：佢同我講緊～有人叫佢｜你做完～等我來睇過,92,,已校,
1024,嗰處,,go2 syu3,,那裏，那兒 ‖ 也説“嗰度 go2 dou6”,92,,已校,
1025,嗰牌,,go2 paai4*2,,那陣子，前些日子：～佢都冇來過,92,,已校,
1026,嗰位,,go2 wai6*2,,那位，那一位：呢，就係～先生,92,,已校,
1027,嗰兜友,,go2 dau1' jau5*2,,那個家伙（含貶義） ‖ 也説“嗰條友 go2 tiu4 jau5*2”,92,,已校,
1028,嗰頭,,go2 tau4,,那頭，那邊：你件衫喺～啊｜呢頭入，～出,92,,已校,
1029,嗰頭近,,go2 tau4 kan5,,指病入膏肓，眼看快要死了：～嘞，唔使請醫生嘞 ‖ 忌諱説死字。也説“嗰條路近 go2 tiu4 lou6 kan5”,92,,已校,
1030,嗰柳手野,,go2 lau5 sau2 je5,,那檔子事情，那一套貨色（含貶義）：又係～，早睇穿你嘅嘞,92,,已校,
1031,嗰板豆腐,,go2 baan2 dau6 fu6,,比喻不好的事，那套貨色（含貶義）：我知你～ ‖ 也説“嗰籠野 go2 lung5 je5”,92,,已校,
1032,嗰陣,,go2 zan6,,那時候，那會兒。指某階段時間：佢阿爸來廣州～，佢重好細<他還很小> ‖ 也説“嗰陣時 go2 zan6 si4”,92,,已校,
1033,嗰窿路,,go2 lung4*2 lou6,,那一類（含貶義）：佢地係同埋～嘅，又賭錢，又呃人,93,,已校,
1034,嗰笪,,go2 daat3,,那塊，那片：～菜地丨～田丨～𤶠[na˥]<疤痕>,93,,已校,
1035,嗰日,,go2 jat6,,那天,93,,已校,
1036,個,,go3,,①量詞。個：兩～人丨成～人變咗丨三～蘋果，五～雪梨 ②元，塊（貨幣單位）：～二 <一元二角>丨～半< 一元五角>丨三～六丨～零啲<一元多點>,93,,已校,
1037,個把,,go3 baa2,,一個多：～月丨～星期丨～銀錢<一元多些>丨有～人喺處,93,,已校,
1038,個頭,,go3 tau4*2,,①人的個子，塊頭：佢嘅～好高好大丨～好矮細 ②物品的個數：菠蘿係論～賣嘅丨大個嘅生果至論～嘅丨我啲靚荔枝係斷[tyn˧]～買來㗎<我這些好荔枝是論個買來的啊>,93,,已校,
1039,蛾眉月,,ngo4 mei4 jyut6*2,,新月，月牙兒,93,,已校,
1040,鵝,,ngo4,,一種家禽：～蛋丨～毛扇丨～腎丨～潤<肝>丨天～ ‖ 口語中不單用，只作爲語素,93,,已校,
1041,鵝,,ngo4*2,,一種家禽：一隻～丨獅頭～丨燒～,93,,已校,
1042,鵝花,,ngo4 faa1,,初出殼的小鵝,93,,已校,
1043,鵝扶翅,,ngo4 fu4 ci3,,鵝肝、鵝肫、鵝腸三者的合稱,93,,已校,
1044,鵝蛋口面,,ngo4 daan6*2 hau2 min6,,鵝蛋形的臉,93,,已校,
1045,鵝蛋粉,,ngo4 daan6*2 fan2,,舊時婦女搽臉用的一種粉，做成橢圓形的塊狀,93,,已校,
1046,鵝蛋形,,ngo4 daan6*2 jing4,,橢圓形,93,,已校,
1047,鵝春石,,ngo4 ceon1 sek6,,鵝卵石,93,,已校,
1048,鵝公喉,,ngo4 gung1 hau4,,嗓音似鵝叫，北方叫“公鴨嗓”,93,,已校,
1049,鵝朴,,ngo4 pok3*2,,半大的鵝,93,,已校,
1050,我,,ngo5,,代詞。稱自己,93,,已校,
1051,我嘅,,ngo5 ge3,,我的 ‖ 嘅，俗字,93,,已校,
1052,我地,,ngo5 dei6,,我們 ‖ 地，同音字,93,,已校,
1053,我地嘅,,ngo5 dei6 ge3,,我們的,93,,已校,
1054,卧底,,ngo6 dai2,,做内應，打入敵人内部,93,,已校,
1055,卧鋪,,ngo6 pou1,,①火車上的卧席：坐～去喇 ②舊時指臨時弄的牀鋪：整個～畀佢瞓喇丨開個～,93,,已校,
1056,卧臀,,ngo6 tyun4,,臀部拱起：紥腳女人多數～嘅,93,,已校,
1057,餓,,ngo6,,肚子飢餓：～到軟晒<餓得全無力了>丨～到眼光光丨個肚好～,93,,已校,
1058,餓貓,,ngo6 maau1,,比喻飢餓的人：好似～噉,93,,已校,
1059,餓狗搶屎,,ngo6 gau2 coeng2 si2,,貶稱衆人爭搶東西,93,,已校,
1060,呵,,ho1',,①哄，撫慰：～下佢喇丨打咗佢一下，又～返佢 ②疼愛：佢阿媽好～佢㗎,93,,已校,
1061,苛刻,,ho1' hak1,,刻薄：佢待人好～嘅丨佢個人好～㗎,93,,已校,
1062,何苦來由,,ho4 fu2 loi4 jau4,,何苦：～做成噉呢！,93,,已校,
1063,何來,,ho4 loi4,,何苦，何必：噉又～吖！,93,,已校,
1064,何老大,,ho4 lou5 daai6*2,,泛指姓何的人，熟人可以當面稱呼 ‖ 簡稱“老大”,93,,已校,
1065,河,,ho4,,①河流：～水丨～灘丨～流丨～邊丨大～丨一條～丨～蝦 ②河裏産的：～蟹丨～鮮,93,,已校,
1066,河,,ho4*2,,沙河粉的簡稱：牛肉炒～丨齋～<素粉>丨乾炒牛～丨魚片～丨滑鷄～ ‖ 不單用，只作爲詞素用。參看“沙河粉 saa1' ho4 fan2”,93,,已校,
1067,河下,,ho4 haa6,,舊時稱妓院：賣落～,94,,已校,
1068,河河流流,,ho4 ho4 lau4 lau4,,①貪吃貌，饞嘴貌：睇佢～個樣 ②穿着寒酸、單薄：佢～個樣，有衫唔着,94,,已校,
1069,河柴,,ho4 caai4,,質量最好的木柴：燒～，食白米<形容生活好>,94,,已校,
1070,河流,,ho4 lau4,,貪嘴，饞：佢好～㗎，乜都揦來食 ‖ 同音字，來源不詳,94,,已校,
1071,河口絲,,ho4 hau2 si1,,質地最佳的一種米粉乾，細而透明，非常爽口,94,,已校,
1072,河粉,,ho4*2 fan2,,沙河粉的簡稱 ‖ 參看“沙河粉 saa1' ho4 fan2”,94,,已校,
1073,荷惠,,ho4 wai6,,舊時新婦過門，次晨拜見翁姑及親屬時，獻上幣帛帨履：呢啲係新婦～嘅野喎｜～鞋,94,,已校,
1074,荷包,,ho4 baau1,,舊時稱小錢包、小皮夾子：打<扒竊>～｜～乾咗<没錢了>｜～脹<有錢>,94,,已校,
1075,荷包打倒椗,,ho4 baau1 daa2 dou3 dieng3,,指没有錢，因爲荷包倒着放也不怕錢掉出來 ‖ 椗，俗字，柄,94,,已校,
1076,荷包茄,,ho4 baau1 ke4*2,,茄子的一種，形如豬膽,94,,已校,
1077,荷包鎖,,ho4 baau1 so2,,舊時的一種鎖，形如荷包,94,,已校,
1078,荷包仔,,ho4 baau1 zai2,,偷人錢包的小偷，扒手,94,,已校,
1079,荷包倒吊,,ho4 baau1 dou3 diu3,,指亂花錢，揮霍：你真係將個～啫,94,,已校,
1080,荷包暗稔,,ho4 baau1 am3 nam5*2,,有錢而不顯露,94,,已校,
1081,荷包蛋,,ho4 baau1 daan6*2,,整個兒煎的蛋,94,,已校,
1082,荷包亂揈,,ho4 baau1 lyun6*2 fang6,,揮霍錢財，花錢無度 ‖ 揈，集韵耕韵呼宏切：“揮也。”又乎萌切：“擊也。”古平聲，今口語讀如陽去,94,,已校,
1083,荷蘭薯,,ho4 laan4*1 syu4*2,,馬鈴薯的舊稱 ‖ 現在叫“薯仔 syu4 zai2”,94,,已校,
1084,荷蘭豆,,ho4 laan4*1 dau6*2,,豆角的一種，相傳自荷蘭傳入，形如豌豆，可以連豆莢一起做菜吃 ‖ 有人叫“雪豆 syut3 dau6*2”,94,,已校,
1085,荷蘭水,,ho4 laan4*1 seoi2,,汽水的舊稱，因傳説從荷蘭傳入而得名,94,,已校,
1086,荷蘭水樽,,ho4 laan4*1 seoi2 zeon1,,比喻吃飽就睡的懶人。最早的汽水瓶不能直立，瓶底是尖的。因爲直立時瓶蓋易被氣冲開,94,,已校,
1087,荷倌,,ho4 gun1',,賭場中負責管理賭客下注、判輪贏並收賭注的人 ‖ 參看“打荷 daa2 ho4*2”,94,,已校,
1088,可了,,ho2 liu5*2,,便宜，使得到便宜：唔鬧你已經～你，你重出聲？｜～你嘞，重唔滿意？｜佢慌死～我<他生怕便宜了我>,94,,已校,
1089,賀,,ho6,,慶賀，祝賀：～年｜～喜,94,,已校,
1090,賀喜,,ho6 hei2,,客套話。恭喜，祝賀：～你嘞,94,,已校,
1091,賀年咭,,ho6 nin4 kaat1,,賀年片 ‖ 也叫“拜年咭 baai3 nin4 kaat1”。咭，英文card的音譯俗字,94,,已校,
1092,阿□,,o1' go6,,①注重繁文縟節，過於隆重：佢屋企個啲老人好～嘅｜佢對貴客好～ ②過於瑣碎，以致幹不出活兒：唔使咁～嘅,94,,已校,
1093,阿哩吉諦,,o1' li1' gat1 dai3,,①胡亂，糊里糊塗：畀佢咁多錢都～使咗去｜你講親野都係～嘅 ②落魄，陷入困境：佢攪到～，連飯都冇得食,94,,已校,
1094,阿彌陀佛,,o1' lei4 to4 fat6,,念佛聲，意思是感謝佛祖：佢嘅病好返晒我就～嘞 ‖ “彌”此處口語讀 l 韵母,95,,已校,NA：原書備註“韵母”應爲“聲母”。
1095,屙,,o1',,排泄：～屎丨～尿丨～屁丨肚～丨～血丨又～又嘔 ‖ 《玉篇》卷十一尸部：“烏何切，上廁也”,95,,已校,
1096,屙馬蹄屎,,o1' maa5 tai4 si3,,因大便乾燥而拉乾尿，形似荸薺，故名,95,,已校,
1097,屙□,,o1' doe1,,①專指小男孩撒尿 ②糟了，壞事了：噉樣做就～嘞 ‖ ①也説“屙脧”,95,,已校,
1098,屙脧,,o1' zoe1,,專指小男孩撒尿 ‖ 脧，集韵戈韵臧戈切：“赤子陰也。”古戈韵一等，本應讀 o 韵，今口語變讀 oe 韵,95,,已校,
1099,屙□□,,o1' soe4 soe2,,拉稀屎，瀉肚,95,,已校,
1100,屙哼,,o1' ng1,,哄小孩語。拉尿 ‖ 也説“屙哼哼 o1' ng4 ng1”,95,,已校,
1101,屙痢,,o1' lei6,,拉痢疾,95,,已校,
1102,屙㽱肚,,o1' nau4*2 tou5,,拉稀屎時肚子也疼 ‖ 㽱，集韵尤韵尼猷切：“小痛”,95,,已校,
1103,屙肚,,o1' tou5,,瀉肚，拉肚子 ‖ 也説“肚屙”,95,,已校,
1104,屙尿唔上壁,,o1' niu6 m4 soeng5 bek3,,熟語。舊時駡婦女無用，不如男人,95,,已校,
1105,屙尿遞草紙,,o1' niu6 dai6 cou2 zi2,,熟語。喻行事不當,95,,已校,
1106,屙扽,,o1' dan3,,舊時指拉屎、大便,95,,已校,
1107,屙渜,,o1' nan4*1,,①拉稀屎，吃東西不消化所致：食得蛋多就屙蛋渜 ②引申爲説話不當而泄露了不應説的話或辦事不當：我今日真係～咯丨乜你咁～啊？ ‖ 渜，集韵魂韵奴昆切：“濡湯也。”古合口今讀如開口,95,,已校,
1108,屙羊咩屎,,o1' joeng4 me1 si2,,便秘，拉屎如羊屎球兒,95,,已校,
1109,屙遏尿,,o1' at1 niu6*2,,小便不暢，次數多而量少,95,,已校,
1110,婀,,o2,,①撅，拱起：～起個屎胐<撅起屁股>丨～臀～㞘[tok˥] ②隆起：個袋～起來，因爲裝得野多 ‖ 集韵哿韵有“娿”，倚可切：“娿娜，弱態。”又作“妸”。暫借字,95,,已校,
1111,果蔗,,gwo2 ze3,,作爲水果吃的甘蔗（與榨糖用的甘蔗不同）,96,,已校,
1112,果子狸,,gwo2 zi2 lei4,,野生動物，是有名的野味之一,96,,已校,
1113,果皮,,gwo2 pei4,,曬乾的橘子皮，可用做粥、湯、菜肴的香料,96,,已校,
1114,果欄,,gwo2 laan4*1,,水果批發行，解放前在五仙門附近有果欄街,96,,已校,
1115,裹蒸粽,,gwo2 zing1 zung3*2,,一種大的鹹粽子，有四個角，長而略扁，裏面是江米包着豬肉、燒鴨、鹹鴨蛋、香菇等,96,,已校,
1116,過,,gwo3,,①由一地點或時間移到另一地點或時間，經過某個空間或時間：你～來喇丨我今日唔～你處丨～海丨～河丨～橋丨～馬路丨～年丨～節丨～日子丨～夜丨～車<換乘另一車> ②超過（某個範圍和限度）：～期丨～時丨～界丨睇電視唔好太～耐<久>丨寫字唔好寫～格 ③使經過（某種處理）：麵粉要～羅丨～篩丨～水丨～秤丨～磅丨～冷河<用涼水冲一下>丨～衫<用清水洗去衣服上的肥皂沫>丨將啲麵～凍佢<用涼水使麵條降溫> ④由甲方轉移到乙方：～門丨～禮丨～癩<傳染癩病> ⑤用在動詞後，表示某種行爲或變化曾經發生：我去～廣州丨你食～呢啲糖冇啊？ ⑥用在動詞後，表示重複一次該動作：今日賣晒嘞，等到聽日來睇～丨換～件衫丨計得唔啱，再計～喇丨倒～啲水來喇 ⑦用在動詞和“得”組成的詞組後面，表示值得去做：呢隻布買得～噃，又平又靚丨呢沓樓住得～丨食得～就食丨着得～丨睇得～丨賣得～丨坐得～ ⑧介詞。A）表示比較：我大～佢丨鷄細～鴨丨快～你丨今日凍～昨日丨呢本書好睇～嗰本 B）給：佢買本書～我丨佢每個月要畀錢～屋企,96,,已校,
1117,過火,,gwo3 fo2,,①烹飪食物時間超過一定的限度：啲飯煮～就燶咗咯丨炒蛋唔好炒～啊 ②過頭，過分：咪做得咁～喇！,96,,已校,
1118,過羅過篩,,gwo3 lo4 gwo3 sai1,,精挑細揀：呢啲靚野來嘅，～嘅嘞,96,,已校,
1119,過河卒,,gwo3 ho4 zeot1,,①象棋術語 ②指被利用者：你同佢做～啫嘛<你只不過受他利用了>,96,,已校,
1120,過志,,gwo3*2 zi3,,過頭，過度：精～丨聰明～<反語。諷刺人不明理>丨𥌮[lɛk˥]<能幹>～丨貪心～,96,,已校,
1121,過意唔去,,gwo3 ji3 m4 heoi3,,過意不去 ‖ 也説“唔過得意 m4 gwo3 dak1 ji3”,96,,已校,
1122,過唔去,,gwo3 m4 heoi3,,故意刁難：你噉做法想同我～啊[ia˨˩],96,,已校,
1123,過樹榕,,gwo3 syu6 jung4,,一種毒蛇，是著名的“三蛇”之一,96,,已校,
1124,過攋人話,,gwo3 laai5 jan4 waa6,,被人議論，招致别人的譏諷：你噉做唔好啊，～啊！,96,,已校,
1125,過攋人笑,,gwo3 laai5 jan4 siu3,,惹人譏笑,96,,已校,
1126,過攋人彈,,gwo3 laai5 jan4 taan4,,被人批評，招别人指責：呢件事唔好做喇，免得～,97,,已校,
1127,過街過巷,,gwo3 gaai1 gwo3 hong6,,走街串巷，四處串門,97,,已校,
1128,過費,,gwo3 fai3,,客氣話。破費,97,,已校,
1129,過底紙,,gwo3 dai2 zi2,,複寫紙 ‖ 舊時也叫“留底紙 lau4 dai2 zi2”,97,,已校,
1130,過禮,,gwo3 lai5,,舊時結婚前男家將禮品送到女家,97,,已校,
1131,過世,,gwo3 sai3,,死亡（較文的説法）,97,,已校,
1132,過繼,,gwo3 gai3,,把兄弟的兒子做自己的兒子或把自己的兒子給兄弟做兒子：佢～畀佢大伯,97,,已校,
1133,過基峽,,gwo3 gei1' haap6,,一種毒蛇,97,,已校,
1134,過氣,,gwo3 hei3,,①錯過了最佳時刻，多用於食物：啲飯凍咗就～嘞丨熝咗粥就快啲食，過咗氣就唔好食嘞丨呢啲係滾水來㗎，不過係過咗氣嘅啫 ②過時的，不時髦的：中山裝就係～野嘞丨～人物,97,,已校,
1135,過海,,gwo3 hoi2,,特指過珠江（一般指廣州市和河南島中間的那段珠江），也泛指過較寬的河流：去河南就～喇丨～電船丨叫艇～<僱小艇過江>,97,,已校,
1136,過埠,,gwo3 fau6,,出洋，去外國：～客<華僑>,97,,已校,
1137,過頭,,gwo3 tau4,,超出一定的限度：大～丨細～丨冷～丨熱～丨貴～丨高～,97,,已校,
1138,過頭笠,,gwo3 tau4 lap1,,套頭的，用於衣服：我要買件～嘅冷衫<毛綫衣>,97,,已校,
1139,過手,,gwo3 sau2,,經手：呢件野係過我手拎畀佢嘅丨嗰件野冇過我手㗎,97,,已校,
1140,過手寳,,gwo3 sau2 bou2,,經手的好東西，不是自己的：呢件野靚就靚嘞，～來嘅啫<只是過手的好東西而已>,97,,已校,
1141,過造,,gwo3 zou6,,①（有季節性的物品）過了最旺盛時期：呢啲係～野丨禾蟲都～咯丨過咗荔枝造嘞 ②婉辭。死了：佢都～喇,97,,已校,
1142,過秒,,gwo3 miu5*2,,没趕上，遲到：昨晚我去睇戲都過咗秒咯丨佢去搭船，船都開身咯，過晒秒嘞,97,,已校,
1143,過橋抽板,,gwo3 kiu4 cau1' baan2,,熟語。過河拆橋,97,,已校,
1144,過水磨,,gwo3 seoi2 mo4*2,,（將磚牆或磚地）用水磨光滑：嗰啲牆係～嘅,97,,已校,NA：原書“磨”本調注音疑似應為mo6。
1145,過番,,gwo3 faan1,,舊時指出洋、去外國,97,,已校,
1146,過犯,,gwo3 faan6,,冒犯：佢冇乜～你啊，使乜咁獳[nɐu˥˧]<怒>啊？丨我講噉兩句話就～你啊？,97,,已校,
1147,過山班,,gwo3 saan1' baan1,,舊時的一種較低檔的流動戲班子，跋山涉水到各處去演唱,97,,已校,
1148,過山香,,gwo3 saan1' hoeng1',,一種香蕉，果實短小而香甜 ‖ 參看“糯米蕉 no6 mai5 ziu1”,97,,已校,
1149,過山峰,,gwo3 saan1' fung1,,毒蛇名,97,,已校,
1150,過身,,gwo3 san1',,去世：佢都過咗身嘞,97,,已校,
1151,過雲雨,,gwo3 wan4 jyu5,,陣雨，時間不長的中雨,97,,已校,
1152,過便,,gwo3 bin6,,透過背面：寫字寫到墨水～,97,,已校,
1153,過仙橋,,gwo3 sin1' kiu4,,舊俗，人死後做七時，孝子扶着靈牌過紙紥的橋,97,,已校,
1154,過綫,,gwo3 sin3,,跳槽，由某工作崗位跳到另一工作崗位,97,,已校,
1155,過腸過肚,,gwo3 coeng4 gwo3 tou5,,喻自己親生：唔係自己～嘅，梗係冇咁貼心喇,97,,已校,
1156,過江腸,,gwo3 gong1' coeng4*2,,豬的十二指腸和大腸相連的一段腸子：～熝粥食最爽脆嘞,98,,已校,
1157,過冬,,gwo3 dung1,,專指過冬至節：～好隆重㗎，所謂“冬大過年”喇嘛,98,,已校,
1158,過冬,,gwo3 dung1',,度過冬天,98,,已校,
1159,過籠,,gwo3*2 lung4,,①過頭，超過一定限度：我食兩碗啫，再食就～咯 ②超過一定的時間，過了目的地：你瞓～咯丨坐～咯，好返去嘞丨佢行～又行返轉頭,98,,已校,
1160,過鐘,,gwo3 zung1,,過了預定的時間：快啲行喇，過晒鐘嘞,98,,已校,
1161,過密篩,,gwo3 mat6 sai1,,喻經受過重重苦難：日本仔時候就～喇,98,,已校,
1162,過日,,gwo3 jat6,,過日子，消磨時間：佢好清閑嘅，睇書、捉棋～嘅,98,,已校,
1163,過骨,,gwo3 gwat1,,①過某種關口，及格：佢平日成績唔好，今次反而過咗骨嘞 ②（做事）到家，合格，過得硬：佢做工夫好～嘅丨我做廚房工夫幾～嘅,98,,已校,
1164,過節,,gwo3 zit3,,過節日，包括正月十五燈節、清明節、五月初五端陽節、七月十五盂蘭盆會、八月十五中秋節等，但陰曆過年不能説過節,98,,已校,
1165,窩,,wo1,,大瓷盆，扁平，直壁，外有兩耳，外底部有三個矮足。多用以盛湯菜或湯麵：湯～丨～麵<用窩盛的湯麵>,98,,已校,
1166,窩,,wo1',,用湯水煮（整個去殼的生鷄蛋）：一隻蛋落去丨～蛋奶丨～蛋飯,98,,已校,
1167,窩蓋,,wo1' goi3,,寬竹篾編成的淺沿的圓蓋，用以盛物或蓋物，也用來簸糧食 ‖ 也叫“窩籃 wo1' laam4*2”,98,,已校,
1168,窩參,,wo1' sam1,,黑話。把綁架的人質藏起來,98,,已校,
1169,窩釘,,wo1' deng1,,鉚釘,98,,已校,
1170,禾,,wo4,,稻子：割～丨～草丨～秧丨～田丨～稈,98,,已校,
1171,禾花雀,,wo4 faa1 zoek3*2,,秋天由北方飛到廣東的一種候鳥。因正值水稻揚花灌漿時期，故名。學名叫“黄胸鵐”。是一種上等野味,98,,已校,
1172,禾杈,,wo4 caa1,,農具，用以挑翻稻草的木製大杈子,98,,已校,
1173,禾杈髀,,wo4 caa1 bei2,,喻堂兄弟、叔伯兄弟（通俗的説法）：佢係我～大佬丨～細佬<堂弟> ‖ 參看“疏堂 so1' tong4”,98,,已校,
1174,禾尾,,wo4 mei5,,稻穗,98,,已校,
1175,禾尾掃,,wo4 mei5 sou3*2,,用去掉穀粒的稻穗做的掃帚,98,,已校,
1176,禾造,,wo4 zou6,,①水稻的收成：今年～好唔好啊？ ②水稻收割前後：禾蟲係要～嗰陣至有,98,,已校,
1177,禾鐮,,wo4 lim4,,鐮刀,98,,已校,
1178,禾稈,,wo4 gon2,,稻子秸，稻草 ‖ 也叫“禾稈草 wo4 gon2 cou2”,98,,已校,
1179,禾稈頭,,wo4 gon2 tau4,,收割稻子後剩下的根部，稻茬子,98,,已校,
1180,禾稈𰃴<⿱冖贛>珍珠,,wo4 gon2 kam2 zan1 zyu1,,喻美好的東西不外露 ‖ 𰃴<⿱冖贛>，集韵感韵古禫切：“蓋也。”古見母今讀如溪母,98,,已校,
1181,禾田,,wo4 tin4,,稻田,98,,已校,
1182,禾船,,wo4 syun4,,插秧時用的盛秧苗的木盆，因浮在水面上，故名,98,,已校,
1183,禾桶,,wo4 tung2,,舊時手工打稻子用的大圓木桶,98,,已校,
1184,禾蟲,,wo4 cung4*2,,一種生於水稻田中的水蟲，似螞蝗，青黄色相間，可做菜肴，廣東人視爲美味,98,,已校,
1185,禾雀,,wo4 zoek3*2,,一種小鳥。可馴養用來叼簽卜卦：～占卦,99,,已校,
1186,禾熟噉頭,,wo4 suk6 gam2 tau4*2,,腦袋下垂似熟透的稻穗，形容打瞌睡：你睇佢好似～,99,,已校,
1187,和過,,wo4 gwo3*2,,①平局，不輸不贏：我同佢捉棋，捉個～丨佢兩個打交，打個～丨你今日贏咗幾多啊？——～咯！ ②兩相抵消：我以前托佢買野未畀錢，家下佢又托我買野，噉就～嘞,99,,已校,
1188,和事酒,,wo4 si6 zau2,,爲調停糾紛而擺的酒席：去飲～,99,,已校,
1189,和味,,wo4 mei6,,味道調和得好，多用於腌製品：呢啲野夠晒～丨～甘草欖丨～酸辣菜丨～嘉應子,99,,已校,
1190,和尚,,wo4 soeng6*2,,出家修行的男佛教徒（背稱）：～寺丨～頭三個～冇水食<熟語>,99,,已校,
1191,和揖,,wo4 jap1,,①親近（别人）：佢好～得人嘅丨佢好能～人㗎 ②和睦：佢兩兄弟好～㗎 ③和藹：佢對人好～嘅,99,,已校,
1192,涴,,wo5,,①壞，不新鮮：啲粥煲～咗丨隻蛋～咗丨呢啲係～野來㗎 ②糟了，壞事了：呢件事～咗咯丨考試考～咗丨撚～咗<弄砸了> ‖ 廣韵過韵烏卧切：“泥著物也。”古清音去聲，今口語變讀陽上,99,,已校,
1193,涴□<⿰卵叚>,,wo5 to5,,①因吃到了不新鮮的食物而感到不舒服：嗰碗過氣粥食到個肚好～ ②形容人愚笨、不爽利：佢個人好～嘅咋！ ③做事做得不像樣子、不像話：辦事辦得咁～丨着衫着得咁～丨食野食得咁～ ‖ □<⿰卵叚>，集韵果韵杜果切：“卵壞”,99,,已校,NA：原書“□<⿰卵叚>”應作“毈”。
1194,涴蛋,,wo5 daan6*2,,散黄的蛋，臭蛋,99,,已校,
1195,□□,,bi4 bi1,,嬰孩，小孩：～仔｜～女｜～裝<小女孩的齊眉髮式> ‖ 英文 baby 的音譯,100,,已校,
1196,咪咪摸摸,,mi1 mi1 mo2 mo2,,磨磨蹭蹭，動作慢：佢成日～，都唔知做啲乜野 ‖ 咪，俗字,100,,已校,NA：現在（2020S）習讀mi1 mi1 mo1 mo1。
1197,啲,,di1,,①用於形容詞後，表示略微：快～行喇｜畀多～添｜大聲～｜好返～｜耐性～｜我要新～嘅 ②表示不定的數量：呢～<這些>｜嗰～<那些>｜边～<哪些>？｜我～書唔見咗｜你～衫喺度<在這兒> ③用於名詞前，前頭不加任何成分，表示這些或那些：～人出晒街｜～紙係我嘅｜～魚好好食噃｜～火車票好難買得到 ‖ 俗字,100,,已校,
1198,啲打,,di1 daa2,,嗩呐的俗稱，由聲音而得名：吹～｜～佬<嗩呐手>,100,,已校,
1199,啲多,,di1 doe1,,一點點，數量很少：你要幾多水呢？——我要～｜重有～飯，怕唔夠食噃 ‖ 多，本音 do1'，口語中讀 doe1，表示少,100,,已校,
1200,啲啲吺吺,,di1 di1 dau1 dau1,,形容好講話，説個不停：佢兩個成日都～嘅｜個細路仔成晚都～噉 ‖ 吺，集韵侯韵當侯切：“説文讘吺，多言也。”廣韵：“輕出言貌”,100,,已校,
1201,啲啲䙞䙞,,di1 di1 dang3 dang3,,（衣着）長短不整齊，肋脦；（物件）大小長短不一：睇佢着得～｜佢揸住一搊[tsʻɐu˥˧]<嘟嚕，束>野，～ ‖ 䙞，《篇海》：“都騰切，音登，毛帶也。”古平聲，今讀如陰去。暫借字,100,,已校,
1202,啲吺,,di1 dau1,,①饒舌，好説話：佢見到人好～嘅｜嗰個婆乸好～㗎 ②關係親密：佢兩個好～嘅,100,,已校,
1203,啲咁多,,di1 gam3 do1,,一點兒，極少 ‖ 多，此處也讀 doe1,100,,已校,
1204,啲啲震,,di4 di4 zan3,,發抖，打哆嗦：嚇到～｜慌到～｜冷到～ ‖ 也説“□□震 zi4 zi4 zan3”,100,,已校,
1205,□恤,,ti1 seot1,,針織有領短袖襯衫 ‖ 英文 T shirt 的音譯。T 像襯衫的形狀,100,,已校,
1206,呢,,ni1（或 nei1）,,指示代詞。這：～個｜～處｜～隻｜～便｜～啲<些>｜～樣野 ‖ 集韵旨韵女履切：“言以示人。”古上聲，今口語讀平聲,100,,已校,
1207,呢呢粒粒,,ni1 ni1 nap1 nap1,,身上起的紅色小粒：起咗啲～｜個頭處生咗啲～,100,,已校,
1208,呢處,,ni1 syu3,,這裏，這兒 ‖ 也説“呢度 ni1 dou6”,100,,已校,
1209,呢世人,,ni1 sai3 jan4,,這一輩子：我地～都係唔夠運嘅喇,100,,已校,
1210,呢陣,,ni1 zan6,,這會兒，現在：～啱啱係十二點鐘咯,101,,已校,
1211,呢陣時,,ni1 zan6 si4,,①這個時候：我晚晚都係～食飯 ②這會兒，現在（一段時間）：～啲人出門就要坐飛機,101,,已校,
1212,呢匀,,ni1 wan4,,這次，這一回,101,,已校,
1213,呢便,,ni1 bin6,,這邊兒：我住～，佢住嗰便<那邊兒>,101,,已校,
1214,呢樣,,ni1 joeng6,,這一種：你愛～定愛嗰樣啊<你要這種還是要那種啊>？,101,,已校,
1215,呢粒,,ni1 nap1,,切成小方丁的菜肴：今晚食炒～ ‖ 也説“粒粒 nap1 nap1”,101,,已校,
1216,呢笪,,ni1 daat3,,這塊（地方）：～田有三畝｜買～地係佢做中人嘅,101,,已校,
1217,呢一牌,,ni1 jat1 paai4*2,,這些日子，近來：～我都有去過街｜～都唔見到你嘅 ‖ 也説“呢一輪 ni1 jat1 leon4”,101,,已校,
1218,呢一㬍,,ni1 jat1 bok3,,這一陣子，近來：～好少落雨,101,,已校,
1219,哩哩啦啦,,li1 li1 laa1 laa1,,做事馬虎：攪到～｜佢做事～嘅,101,,已校,
1220,哩啦,,li1 laa1,,①糟糕，壞：呢件事攪到咁～｜佢做野好～㗎 ②挑剔，刻薄：佢個人好～㗎,101,,已校,
1221,芝士,,zi1 si2,,乾奶酪 ‖ 英文 cheese 的音譯,101,,已校,
1222,螆,,zi1,,①小動物身上長的癩：生～貓 ②植物上長的蚜蟲：啲花上便有～｜有～必有蟻 ‖ 俗借字,101,,已校,
1223,之後,,zi1' hau6,,在某個時間的後面：你去～冇人來過,101,,已校,
1224,之先,,zi1' sin1',,在某個時間的前面：我未去～話落啲野你知,101,,已校,
1225,之中,,zi1' zung1',,中間，裏面。用於人、事物：你地～点個來得早啲呢？,101,,已校,
1226,之工,,zi1' gung1',,質量差，不結實，不牢固：呢對鞋好～嘅，着着下 [ha˨꜔꜒] 就爛嘞｜～野<劣貨>,101,,已校,
1227,之不過,,zi1' bat1 gwo3,,連詞。不過,101,,已校,
1228,支支坐坐,,zi1' zi1' zo6 zo6,,①磨洋工：叫佢做野，佢又～做唔來 ②推三推四，藉故推搪：佢～噉推,101,,已校,
1229,支支繃繃,,zi1' zi1' mang1' mang1',,①不平整，不整齊：件衫晾成～噉｜嗰繩～，搵唔到個口<頭緒> ②不夠開支，經費支絀：我個個月都係～嘅咋<我每個月都是捉襟見肘的呀> ‖ 繃，讀書音 bang1'，口語音 maang1' 或 mang1',101,,已校,
1230,支離,,zi1' lei4,,閃爍其詞：佢講得咁～嘅,101,,已校,
1231,支離蛇拐,,zi1' lei4 se4 gwaai2,,支支吾吾，推托，掩飾：佢講野～，冇句真,101,,已校,
1232,支繃,,zi1' mang1',,花銷，開銷：呢個月都唔夠～,101,,已校,
1233,支長,,zi1' coeng4,,超支，虧空：我呢個月又～咗,101,,已校,
1234,支窒,,zi1' zat6,,推讓，多用於送禮物時：咁多～嘅｜咪咁～喇，咁啲多 [tœ˥] 野<這點兒東西别推讓了>,101,,已校,
1235,吱喳,,zi1' zaa1'（或 zi6 zaa6）,,好談論是非，搬弄口舌：佢好～嘅,101,,已校,
1236,吱嗻,,zi1' zoe1',,多嘴，饒舌：佢老婆好～㗎 ‖ 嗻，集韵麻韵之奢切：“嗻嗻，多言。”本應讀 e 韵，今口語變讀 oe 韵,101,,已校,
1237,吱啁,,zi1' zaau1',,話多，説個不停：咪咁～喇 ‖ 啁，廣韵肴韵陟交切：“説文曰啁嘐也”,101,,已校,
1238,枝,,zi1',,量詞。①用於桿狀的東西，用於瓶裝盒裝的東西：一～（竹、旗杆、旗仔、天綫、笛、細電<小電池>、火柴、藥膏、汽水、啤酒等） ②用於人：你一～公去食野啊[a˨˩]？丨我地兩～公去街,102,,已校,
1239,枝竹,,zi1' zuk1,,捲成長條狀的腐竹：江門三邊<地名>～最靚,102,,已校,
1240,知,,zi1',,知道：你～唔～？丨我～嘞！唔使你話嘞,102,,已校,
1241,知微,,zi1' mei4*1,,錙銖必較，極其吝嗇：財主佬好～㗎丨～友<吝嗇鬼>,102,,已校,
1242,知微麻利,,zi1' mei4*1 maa4 lei6,,自私自利，損人利己,102,,已校,
1243,知啲唔知啲,,zi1' dei1 m4 zi1' dei1,,一知半解：你～咪亂𡀾[ŋɐp˥]啊 ‖ 啲，俗字，一般讀di1，這裏是變讀,102,,已校,NA：該詞“啲”一般讀di1。
1244,知死,,zi1' sei2,,知道利害：到其時你就～丨你知唔～啊？,102,,已校,
1245,知機,,zi1' gei1',,有預見性，能應變，機伶：勸你地趁早～，呢件事唔好做嘞！丨佢都好～嘅,102,,已校,
1246,知頭唔知尾,,zi1' tau4 m4 zi1' mei5,,知其一不知其二,102,,已校,
1247,知醜,,zi1' cau2,,懂得羞恥：你都唔～嘅丨你咁大個咯，都要知下醜吖[a˥] ‖ 也説“知羞 zi1' sau1'”,102,,已校,
1248,知到,,zi1' dou3,,知道,102,,已校,
1249,知衰,,zi1' seoi1',,知道好歹：你都唔～嘅,102,,已校,
1250,知慳識儉,,zi1' haan1' sik1 gim6,,懂得節儉，會過日子,102,,已校,
1251,知慎,,zi1' san6,,吝嗇，摳門兒：佢好～嘅丨～友[iɐu˨˧꜔꜒]<吝嗇鬼>,102,,已校,
1252,知冷知熱,,zi1' laang5 zi1' jit6,,知道天氣冷暖，懂得加減衣服：個細路佢自己都～嘅,102,,已校,
1253,知碇,,zi1' deng6,,認識路綫及目的地：佢唔～噃，点去吖？ ‖ 碇，俗借字，地方。也説“識碇 sik1 deng6”,102,,已校,
1254,知醒,,zi1' seng2,,自己會睡醒：到時我～嘅丨叫一叫佢喇，佢唔～嘅,102,,已校,
1255,知實,,zi1' sat6,,確信，確認：我～係你嘅嘞,102,,已校,
1256,知日,,zi1' jat6*2,,舊時女子定婚之後，得知夫家迎娶日期，即躲在房内不見生人，邀約女伴來唱送嫁歌,102,,已校,
1257,知客,,zi1' haak3*2,,①寺廟中管接待的僧人 ②舊時有錢人家辦婚喪喜慶事，請來幫忙招呼賓客的人,102,,已校,
1258,姿整,,zi1' zing2,,①打扮，裝扮：佢好會～嘅丨佢唔知幾～正出得街嘅 ②磨蹭，拖時間：乜你咁好[hou˧]～㗎？,102,,已校,
1259,脂麻,,zi1' maa4,,一種油料作物，這裏指其種子：～咁大[tai˨꜒]<極言其小>丨～醬丨～糊丨～餅丨～通<食品名>丨～糖,102,,已校,
1260,脂麻綠豆,,zi1' maa4 luk6 dau6*2,,喻小事情，鷄毛蒜皮：～咁小事丨～咁大[tai˨꜔꜒]件事,102,,已校,
1261,脂肪大相,,zi1' fan2 daai6 soeng3,,男妓,102,,已校,
1262,滋滋味味,,zi1' zi1' mei6 mei6,,津津有味：睇佢食得～噉,102,,已校,
1263,滋滋悠悠,,zi1' zi1' jau4 jau4,,慢悠悠地，慢條斯理：佢地兩個行得～噉,102,,已校,
1264,滋事,,zi1' si6,,生事，多事：佢好～嘅丨～婆<長舌婦>,102,,已校,
1265,滋味,,zi1' mei6,,①津津有味，味道好：睇佢聴得幾～丨佢兩個傾得咁～丨呢樣野食起來很好～嘅 ②舒服，愉快：去海邊游水不知幾～啊丨今日玩咗成日，真係～嘞,102,,已校,
1265-缺1,滋悠,,zi1' jau4,,慢條斯理，不慌不忙：乜你咁～啊，重唔快啲行？丨～佬<不着急的人>丨～倓[tam˨]定<不慌不忙>,,,已校,
1265-缺2,□□震,,zi4 zi4 zan3,,發抖，打哆嗦：嚇到～ ‖ 也説“啲啲震 di4 di4 zan3”,,,已校,
1265-缺3,子,,zi2,,量詞。綹：一～綫,,,已校,
1265-缺4,子鷄,,zi2 gai1,,嫩鷄，筍鷄：炸～丨西瓜炖～ ‖ 也叫“童子鷄 tung4 zi2 gai1”,,,已校,
1265-缺5,子喉,,zi2 hau4,,花旦腔，一種粵劇唱腔,,,已校,
1265-缺6,子口,,zi2 hau2,,連接的部位，接縫處：裁衫要留～丨張枱～好密<嚴絲合縫>丨木器～就快爛喇丨件衫～深，可以放闊丨～淺，件衫就快爛,,,已校,
1265-缺7,子孫燈,,zi2 syun1' dang1,,舊俗，生了男孩，次年元宵節掛出一盞花燈在祖先牌位前，此花燈叫“子孫燈”：掛～,,,已校,
1265-缺8,子孫桶,,zi2 syun1' tung2,,舊時結婚，新娘的陪嫁物品有一新馬桶，裏面放些蓮子、花生等果品及一封利市。新娘過門後，照例由男家的一位男童把馬桶蓋揭開，取走那包利市，這馬桶方能使用,,,已校,
1265-缺9,子棚,,zi2 paang4*2,,舊時搭的戲棚兩側的觀衆棚：有錢就坐～喇,,,已校,
1265-缺10,子薑,,zi2 goeng1,,嫩薑：～炒牛肉,,,已校,
1265-缺11,子鴨,,zi2 aap3*2,,嫩鴨：鹽焗～,,,已校,
1265-缺12,子侄,,zi2 zat6,,泛指後輩,,,已校,
1265-缺13,子閣,,zi2 gok3,,在牀後架的幾塊能承物的板，大的可住人,,,已校,
1265-缺14,止得咳,,zi2 dak1 kat1,,①有能力做主，有勢力説了算：某人都～嘅 ②能幫得上忙，能解決問題：搵佢就～嘅喇,,,已校,
1265-缺15,姊妹,,zi2 mui6*2,,姐妹：我地兩～丨三～｜我地一場～，都唔好計較乜野喇,,,已校,
1265-缺16,姊妹鬼鬼,,zi2 mui6*2 gwai2 gwai2,,親密姊妹之間，只用於同輩分的女性熟人：重使乜咁客氣啊，～,,,已校,
1265-缺17,指指彈彈,,zi2 zi2 taan4 taan4,,評頭品足，指着發議論,,,已校,
1265-缺18,指倚,,zi2 ji5,,①指望，依靠：唔好樣樣都～人｜～晒你嘞<全靠你了> ②靠山，指望：有～｜冇～ ③妄想：你唔使～咯！ ‖ 倚，本讀陰上，這裏讀如陽上,,,已校,
1265-缺19,指鼻,,zi2 bei6,,稱霸，當頭兒：呢帶地方都係佢～嘅,,,已校,
1265-缺20,指手擉腳,,zi2 sau2 duk1 goek3,,指手畫腳 ‖ 擉，集韵燭韵株玉切：“刺也。”中古知母今讀如端母，保留上古音,,,已校,
1265-缺21,指天椒,,zi2 tin1' ziu1,,一種小辣椒，尖端朝上簇生，味極辣,,,已校,
1265-缺22,指手擉地,,zi2 sau2 duk1 dei6,,形容説話誇張到極點，實際做不到：佢～借水遁咗嘞,,,已校,
1265-缺23,指冬瓜話葫蘆,,zi2 dung1' gwaa1' waa6 wu4 lou4,,胡説亂説以欺騙人,,,已校,
1265-缺24,指甲水,,zi2 gaap3 seoi2,,指甲油，染紅指甲用的,,,已校,
1265-缺25,指甲鉗,,zi2 gaap3 kim4*2,,指甲刀,,,已校,
1265-缺26,紙,,zi2,,①寫字、繪畫、印刷、包裝等所用的東西：～花｜～簿｜～袋｜～繩｜～條 ②鈔票：銀～｜港～｜大～｜碎～<零鈔>｜散～<零鈔> ③證件，證明書：出世～｜入伙～<住房許可證>｜出水～<提貨單>｜落貨～<卸貨單>,,,已校,
1265-缺27,紙下爬,,zi2 haa6 paa4,,紙做的下巴，指説話不負責任，説了話不算：個野係～，唔好信佢,,,已校,
1265-缺28,紙糊飯黏,,zi2 wu4 faan6 nim4,,喻不結實、不牢固：呢啲正係～嘅野，一用就爛,,,已校,
1266,紙皮,,zi2 pei4,,馬糞紙,104,,已校,
1267,紙媒,,zi2 mui4,,一種黄色粗紙，可做紙媒子，吸水煙袋用，也是做紙元寳的材料,104,,已校,
1268,紙條,,zi2 tiu4*2,,吸水煙袋時用的紙媒子，用以點燃煙絲：搓～,104,,已校,
1269,紙鷂,,zi2 jiu4*2,,風箏：放～,104,,已校,
1270,紙撚,,zi2 nan5*2,,一端很尖的紙撚子：搓～來通下煙斗,104,,已校,
1271,紙通,,zi2 tung1,,一種紙，厚而多孔，鬆軟，可製花朵、掛燈等：砌～丨～花,104,,已校,
1272,紙紥,,zi2 zaat3,,迷信品，紙糊的燒給死者的車船轎馬和其他用具等：～鋪,104,,已校,
1273,紙紥公仔,,zi2 zaat3 gung1 zi2,,①紙糊的人物 ②比喻無用的人：佢正一～，冇野做得來<什麼都不會幹>,104,,已校,
1274,紙笮,,zi2 zaak3,,鎮紙，用石或玻璃製作的壓紙的用具 ‖ 笮，集韵陌韵側格切：“説文迫也”,104,,已校,
1275,紙朴,,zi2 pok3*2,,①硬紙殼，如薄的馬糞紙之類 ②把數張紙裱糊起來的較硬的紙 ‖ 朴，集韵覺韵匹角切：“説文木皮也”,104,,已校,
1276,紙角,,zi2 gok3*2,,舊時用以包裝小商品的三角形紙袋,104,,已校,
1277,紫洞艇,,zi2 dung6 teng5,,舊時珠江邊的一種華麗酒舫，可在其中宴客,104,,已校,
1278,至,,zi3,,①副詞。才：噉樣～得丨而家～到丨靚啲嘅我～買丨搵咗成日～搵到你 ②副詞。最：～多畀幾多錢？丨～少要三文[mɐn˥]<元>丨～遲等到四點鐘丨～衰係你嘞！ ③副詞。再：得閑～斟喇丨第日～來喇丨肚餓～食喇 ④介詞。到：由呢處～你處有幾遠？丨兩點～五點,104,,已校,
1279,至話,,zi3 waa6,,剛才，剛剛 ‖ 也説“正話 zing3 waa6”,104,,已校,
1280,至多,,zi3 do1',,①最多：我～買十隻丨鷄蛋去車站買～嘞 ②充其量，大不了：～唔係畀佢鬧一餐<大不了還不是叫他駡一頓>,104,,已校,
1281,至到,,zi3 dou3,,①達到：由初一～十五丨由呢處～海邊丨由第一頁～十二頁 ②至於：～呢個問題，第二日至講喇,104,,已校,
1282,至好,,zi3 hou2,,①最好：～唔去丨我話～係食快餐咯丨～係你 ②才好：你要學多啲野～丨天時冷要着多件衫～啊,104,,已校,
1283,至得,,zi3 dak1,,才行，才成：要行快啲～，唔係就遲到嘞丨你要畀十文[mɐn˥]我～<你要給我十元才行>,104,,已校,
1284,痣,,zi3,,皮膚上成片的斑痕，有青色、黑色或紅色的：佢背後有一笪[tat˧]<塊，處>～,104,,已校,
1285,置業,,zi3 jip6,,購置産業：佢置咗好多業,104,,已校,
1286,寺門,,zi6 mun4,,寺院，廟宇：廣州有幾多間～？丨入～<出家>,104,,已校,
1287,自把自爲,,zi6 baa2 zi6 wai4,,自作主張，不聽人勸,104,,已校,
1288,自梳女,,zi6 so1' neoi5*2,,南海、番禺、順德的女子自願不嫁、自己謀生者。這種做法叫“梳起”,104,,已校,
1289,自梳妹,,zi6 so1' mui4*1,,婢女有不願嫁，自己贖身，仍在主人家傭工者 ‖ 參看“自梳女”,104,,已校,
1290,自己,,zi6 gei2（或 zi6 gei1）,,代詞，複指前面的名詞或代詞,104,,已校,
1291,自己攞來死,,zi6 gei2*1 lo2 lai4 sei2,,自找死路,104,,已校,
1292,自己友,,zi6 gei2*1 jau5*2,,自己人,104,,已校,
1293,自己工,,zi6 gei2 gung1,,計件工,104,,已校,
1294,自來水,,zi6 loi4 seoi2,,由自來水管道中流出來的水 ‖ 俗稱“水喉水 seoi2 hau4 seoi2”,105,,已校,
1295,自斟自飲,,zi6 zam1' zi6 jam2,,①獨自飲酒 ②喻自己拿主意,105,,已校,
1296,自啽自哆,,zi6 ngam4 zi6 de2,,喃喃自語，自言自語：佢一個人喺度～ ‖ 啽，廣韵覃韵五含切：“寐中言語”,105,,已校,
1297,自彈自唱,,zi6 taan4 zi6 coeng3,,喻自己提議，自己贊成,105,,已校,
1298,自搵自食,,zi6 wan2 zi6 sik6,,自己掙錢自己花，没有負擔,105,,已校,
1299,自然,,zi6 jin4,,①不局促，不呆板：態度好～丨周身唔～噉 ②感覺舒服，心情舒暢：呢張椅坐喺處好～丨件衫着起好～丨個心好～,105,,已校,
1300,自不然,,zi6 bat1 jin4,,理所當然，自然而然：～佢會去嘅,105,,已校,
1301,自乜來由,,zi6 mat1 loi4 jau4,,何苦來,105,,已校,
1302,字,,zi6,,①文字：唔識～ ②鐘錶上面的數字，一個字代表五分鐘：一點三個～丨六個～即係半點鐘丨爭兩個～四點<四點差十分>,105,,已校,
1303,字花,,zi6 faa1,,一種不公開的賭博：買～ ‖ 參看“花會 faa1 wui6*2”,105,,已校,
1304,字花師爺,,zi6 faa1 si1' je4,,字花賭博時掌握開字者，即決定賭徒命運者 ‖ 參看“花會 faa1 wui6*2”,105,,已校,
1305,字架,,zi6 gaa3*2,,男子結婚時，起個字（别名），寫好裝入鏡框掛在客廳中，這鏡框叫“字架”：上～,105,,已校,
1306,字鎖,,zi6 so2,,號碼鎖,105,,已校,
1307,字簿紙,,zi6 bou6*2 zi2,,寫毛筆字用的一種薄紙，因習字簿使用它，故名 ‖ 也叫“竹紙 zuk1 zi2”,105,,已校,
1308,字號,,zi6 hou6,,店鋪的名稱：你嗰間鋪係乜野～啊？丨佢間鋪係老～<他的店鋪歷史悠久>,105,,已校,
1309,字粒,,zi6 lap1,,鉛字：執～<排字>丨佢係～工人<他是排字工>,105,,已校,
1310,字帖,,zi6 tip3*2,,供學習書法者臨摹的範本：呢個～係顔體,105,,已校,
1311,字格,,zi6 gaak3*2,,小學生習毛筆字用的帶格子的單張字帖：印～<描字帖>,105,,已校,
1312,字墨,,zi6 mak6,,文章，學問：佢好好～㗎丨佢有～嘅 ‖ 也説“筆墨 bat1 mak6”,105,,已校,
1313,治,,zi6,,整治，苛待：我畀佢～得好緊要丨而家係新婦～家婆丨口水～木蝨<熟語。一物降一物>,105,,已校,
1313-缺1,趑車轉,,ci1' ce' zyun3,,轉來轉去，團團轉：咪喺處～丨大墟場啲人～丨攪到我～丨落班時單車就～嘞 ‖ 趑，廣韵脂韵取私切：“趑趄，趨不進也”,,,已校,
1313-缺2,黐,,ci1',,①粘：～手丨張紙～住喺枱面丨～牙罅<塞牙縫>丨～綫 ②黏：～～𥹉𥹉[nɐp˨]<黏黏糊糊> ③（小孩）纏住（大人）：個細路好～老母㗎丨～手～腳～丨~纏 ④叨擾：～飯餐丨～餐飯食下<擾他一頓飯> ‖ 廣韵支韵丑知切：“所以粘鳥。”集韻：“博雅黏也”,,,已校,
1313-缺3,黐家,,ci1' gaa1',,喜歡在家中待着：佢好～嘅，成日都唔出門 ‖ 也説“𪐀家 naa1' gaa1'”,,,已校,
1313-缺4,黐牙罅,,ci1' ngaa4 laa3,,塞牙縫：咁少野都唔夠我～ ‖ 也説“䂻牙罅 zaang6 ngaa4 laa3”,,,已校,
1313-缺5,黐牙音,,ci1' ngaa4 jam1',,①閑聊天兒 ②好用齒尖音説話：西關少奶最會～嘅喇丨佢又黐起牙音來講野 ‖ ①也説“打牙骹 daa2 ngaa4 gaau3”,,,已校,
1314,黐黐𥹉𥹉,,ci1' ci1' nap6 nap6,,黏黏糊糊 ‖ 𥹉，集韵洽韵昵洽切：“粘也”,106,,已校,
1315,黐脷底,,ci1' lei6 dai2,,大舌頭，説話不清楚 ‖ 也説“𪐀脷 naa1' lei6”或“黐脷根 ci1' lei6 gan1'”,106,,已校,
1316,黐膠,,ci1' gaau1,,捕鳥用的膠,106,,已校,
1317,黐頭芒,,ci1' tau4 mong1,,①一種野草，其種子有尖芒，易附於人衣褲上 ②喻總是跟着大人的小孩子：呢個仔正～喇,106,,已校,
1318,黐手黐腳,,ci1' sau2 ci1' goek3,,指小孩子纏着大人,106,,已校,
1319,黐金,,ci1' gam1,,塗金，貼金：～菩薩丨呢個塔係～嘅,106,,已校,
1320,黐飯餐,,ci1' faan6 caan1',,在人家中寄食 ‖ 也説“黐餐”,106,,已校,
1321,黐筋,,ci1' gan1',,精神不大正常，腦子混亂不清。多用於駡人,106,,已校,
1322,黐纏,,ci1' cin4,,纏綿，形容形影不離：佢兩個好～嘅,106,,已校,
1323,黐綫,,ci1' sin3,,①電話綫串綫，以致打錯 ②精神病，腦筋不清楚：你真係～嘅丨～佬,106,,已校,
1324,黐腳,,ci1' goek3,,形容跟隨着别人不肯離去：呢個細路哥成日都咁～嘅,106,,已校,
1325,黐腳鷄,,ci1' goek3 gai1,,喻總愛跟着大人的小孩子,106,,已校,
1326,茨實,,ci4 sat6,,芡實，一種水生植物的種子，北京叫“鷄頭米”,106,,已校,
1327,祠堂,,ci4 tong4*2,,同族的人共同祭祀祖先用的房屋,106,,已校,
1328,瓷不扻瓦,,ci4 bat1 ham2 ngaa5,,熟語。喻好人不和無賴拼命，相當於北方話的“好鞋不踩臭狗屎” ‖ 扻，集韵憾韵苦感切：“擊也”,106,,已校,
1329,匙羹,,ci4 gang1,,匙子，小勺兒,106,,已校,
1330,雉鷄尾,,ci4 gai1 mei5,,野鷄翎，特指戲裝頭飾中的長形翎毛 ‖ 雉，古澄母上聲，讀書音 zi6，今口語讀如澄母平聲,106,,已校,
1331,雉鷄尾扇,,ci4 gai1 mei5 sin3,,舊戲中用的一種大的翎毛扇,106,,已校,
1332,辭仙,,ci4 sin1,,舊俗，女子嫁後第二年回娘家拜仙，此後就不回去拜 ‖ 參看“拜仙 baai3 sin1”,106,,已校,
1333,辭靈,,ci4 ling4,,舊時送殯送到一定的地方，一般的朋友不再前行，向死者告别後離去,106,,已校,
1334,辭陽,,ci4 joeng4,,舊俗，人死後人殮之前，有喃無先生來主持的一種儀式。殺一隻小公鷄，和米、鷄蛋、柿餅、酒等物供在死者面前。儀式完畢，將供物酬勞喃無先生 ‖ 也叫“辭生 ci4 saang1'”,106,,已校,
1335,辭工,,ci4 gung1',,工人辭去自己的工作：我～去歸咯,106,,已校,
1336,柿,,ci2,,柿子：水～丨鷄心～丨大紅～丨牛心～丨～餅丨～霜餅 ‖ 特殊變音。按語音演變規律應讀 si5 或 si6，高升變音後讀 si2，但聲母又變爲 tsʻ，恐是忌諱性變音,106,,已校,
1337,欼,,ci2,,用牙齒幫助手把東西弄斷：～開佢丨～斷條繩 ‖ 廣韵止韵初紀切：“齧也”,106,,已校,
1338,褫,,ci2,,撕扯，拉扯（衣服）：你咪～住我啊丨～爛我件衫咯 ‖ 廣韵止韵敕里切：“徹衣，又奪衣”,106,,已校,
1339,似,,ci5,,相似，像：佢個仔好～佢丨～到乜野噉丨～十足丨佢～足佢老母,107,,已校,
1340,似模似樣,,ci5 mou4 ci5 joeng6*2,,相似：佢扮起上來～噃丨佢～噉坐喺度,107,,已校,
1341,似樣,,ci5 joeng6*2,,像樣，像話：噉樣做就～嘞丨你噉似乜野樣啊<你這樣像什麼樣子啊>？,107,,已校,
1342,恃,,ci5,,依賴，倚仗：～你有錢有勢咩！丨～你大隻啫嘛<仗着你個子大罷了>丨～住你老豆咩！丨～勢謑[ha˥˧]<欺>人,107,,已校,
1343,恃老賣老,,ci5 lou5 maai6 lou5,,倚老賣老,107,,已校,
1344,恃蠻恃惡,,ci5 maan4 ci5 ok3,,自恃兇蠻：你估你～就得嘅喇[la˨˩]？,107,,已校,
1345,司碼秤,,si1' maa5 cing3,,從前的標準秤，即十六兩秤,107,,已校,
1346,司理,,si1' lei5,,舊時店鋪中的總管，位置在經理之下,107,,已校,
1347,私家,,si1' gaa1',,私人：呢啲野係～嘅丨～車丨～醫生丨～花園,107,,已校,
1348,私伙局,,si1' fo2 guk6,,廣東民間的一種自由結合的音樂、曲藝小組，參加者以粵劇、粵曲爲主要内容，互相學習交流,107,,已校,
1349,私己,,si1' gei2,,私蓄，體己錢：佢個女有好多～㗎丨你儲[tsʻou˨˧]埋幾多～啊？,107,,已校,
1350,思疑,,si1' ji4,,懷疑：我～佢未曾去過嘅丨我唔係～你丨我對佢有好大～,107,,已校,
1351,師爺,,si1' je4,,①指會出主意的人：扭計～丨字花～ ②舊時指海關上管定税的人 ③自以爲是，自作聰明，愛挑剔：佢好～嘅,107,,已校,
1352,師爺鬚,,si1' je4 sou1',,指稀疏的鬍子,107,,已校,
1353,師父,,si1' fu6*2,,①齋堂的主持人 ②和尚、尼姑之收徒者，徒弟稱他們爲“師父”,107,,已校,
1354,師傅,,si1' fu6*2,,①有手藝的人：點心～丨鐘錶～丨泥水～丨木匠～丨打鐵～丨打石～ ②有本事，懂得多，講得頭頭是道：佢講説話好～嘅丨你都夠晒～嘞,107,,已校,
1355,師傅尺,,si1' fu6 cek3,,泥水匠用的尺 ‖ 舊稱“周通尺 zau1' tung1' cek3”,107,,已校,
1356,師姑,,si1' gu1,,尼姑（背稱）：～庵,107,,已校,
1357,師太,,si1' taai3*2,,①老尼姑（面稱） ②師娘，師母,107,,已校,
1358,師奶,,si1' naai2*1,,太太，夫人：陳～丨王～,107,,已校,
1359,師弟,,si1' dai6*2,,指同從一個師父學習而拜師時間在後者,107,,已校,
1360,師公,,si1' gung1,,師父的師父,107,,已校,
1361,斯文倓定,,si1' man4 daam6 ding6,,斯文而鎮定，不慌不忙 ‖ 倓，廣韵闞韵徒濫切：“安也，靜也，恬也”,107,,已校,
1362,斯文大臭,,si1' man4 daai6 cau3,,斯文敗類，無行文人,107,,已校,
1363,絲,,si1,,像絲的物品：鋼～丨蠄蟧～網丨肉～丨魚～丨蛋～丨蘿蔔～丨葱～,107,,已校,
1364,絲,,si1',,蠶絲或其他絲類：～綫丨～棉丨～綢丨人造～丨尼龍～,107,,已校,
1365,絲瓜,,si1' gwaa1,,一種作爲蔬菜的瓜，過去有些人也叫“勝瓜”,107,,已校,
1366,絲瓜刨,,si1' gwaa1 paau4*2,,去瓜皮用的工具，以兩片金屬合成,107,,已校,
1367,絲瓜絡,,si1' gwaa1 lok3*2,,老絲瓜的瓜瓤，可擦洗器具，也可入藥,107,,已校,
1368,絲絲𦠿𦠿,,si1' si1' sap1 sap1,,零零碎碎，挑剩下的：買埋晒啲～嘅野 ‖ 𦠿，集韵盍韵悉盍切：“䏠𦠿，肉雜也”,107,,已校,
1369,絲偈,,si1' gai6*2,,舊時的繅絲工廠 ‖ 偈，同音字,107,,已校,
1370,絲帽,,si1' mou6*2,,螺絲母 ‖ 也叫“螺帽 lo4 mou6*2”,108,,已校,
1371,絲苗米,,si1' miu4 mai5,,一種上好的白米,108,,已校,
1372,絲髮,,si1' faat3,,絲織衣料的統稱：我想買啲～,108,,已校,
1373,獅子,,si1' zi2,,哺乳動物，號稱百獸之王,108,,已校,
1374,獅子魚,,si1' zi2 jyu4*2,,一種海魚，産於珠江口鹹淡水交界處，俗稱“黄皮”，肉味鮮美,108,,已校,
1375,獅頭鵝,,si1' tau4 ngo4*2,,鵝的一種，體形很大，可長到十幾斤重，頭上有肉瘤,108,,已校,
1376,撕,,si1',,用手撕扯：～爛張紙丨～開丨～甩[lɐt˥]<掉>丨手～鷄<菜肴名>,108,,已校,
1377,螄蚶,,si1' ham1,,蚶子，北方也叫“瓦楞子”,108,,已校,
1378,𢠹𢠹縮縮,,si1' si1' suk1 suk1,,害怕，畏縮不前：睇佢～個樣 ‖ 𢠹，集韵支韵相支切：“慄也”,108,,已校,
1379,時時,,si4 si4,,時常，經常：佢～來咩？丨個手袋我～用嘅丨我～去佢處㗎 ‖ 也説“長時 coeng4 si4”,108,,已校,
1380,時派,,si4（或 si4*1）paai3*1,,講排場，擺架子：佢好～㗎丨佢請客就夠～嘞,108,,已校,
1381,時菜,,si4 coi3,,應時的蔬菜，當令的青菜,108,,已校,
1382,時候,,si4 hau6,,①一段時間：快啲行喇，有幾多～嘞 ②時間中的某一點：家下乜野～？,108,,已校,
1383,時髦,,si4 mou4*1,,入時，摩登,108,,已校,
1384,時路病,,si4 lou6*2 beng6,,流行病，如感冒、發燒等,108,,已校,
1385,時文,,si4 man4,,①辦喜事時念的成套的吉祥詞句，多由堂倌及大妗姐來念 ②話語：我對你講句～喇丨你唔好信人～啊,108,,已校,
1386,時辰鐘,,si4 san4 zung1,,座鐘、掛鐘等的統稱,108,,已校,
1387,時辰八字,,si4 san4 baat3 zi6,,人出生的年、月、日、時辰：鬼叫你個～唔好啊,108,,已校,
1388,時年,,si4 nin4,,年成，年頭兒：今年好～丨舊年唔好～,108,,已校,
1389,時款,,si4 fun2,,樣子時髦，款式入時：呢件衫好～嘅嘞丨你隻金戒指乜咁～啊,108,,已校,
1390,時興,,si4 hing1,,行時，時髦,108,,已校,
1391,時不時,,si4 bat1 si4,,不時，時常（比“時時”次數少）,108,,已校,
1392,屎,,si2,,①糞：屙～丨～桶丨～蟲<蛆>丨～車 ②燒剩下的渣：火～丨煤～丨炭～丨煙～ ③五官分泌出來的固體物質：鼻～丨耳～丨牙～丨眼～ ④能力差，水平低：佢捉棋好～嘅𫫊<⿰口隻>丨～棋丨～計,108,,已校,
1393,屎巴爛醉,,si2 baa1' laan6 zeoi3,,爛醉如泥：飲到～,108,,已校,
1394,屎皮,,si2 pei4,,質量差，水平低 ‖ 也説“屎斗 si2 dau2”,108,,已校,
1395,屎撓,,si2 ngaau1,,屎耙子，曬糞肥用的五齒耙 ‖ 撓，口語音,108,,已校,
1396,屎撓噉手,,si2 ngaau1 gam2 sau2,,手像五齒耙子，喻見物就取，又指向人要錢：又試～嘞<又伸手要東西啦>,108,,已校,
1397,屎埠,,si2 fau6*2,,舊時壟斷糞便的一種組織機構，賤買貴賣以剝削農民：佢係做～嘅，食屎食到肥晒,108,,已校,
1398,屎頭瓜,,si2 tau4 gwaa1,,屎橛子，乾的成形的糞便,108,,已校,
1399,屎淋尿瀨,,si2 lam4 niu6 laai6,,①屁滾尿流：嚇到佢～ ②拖泥帶水，喻做事情不爽利：佢做野～,108,,已校,
1400,屎滾尿流,,si2 gwan2 niu6 lau4,,屁滾尿流，形容人很狼狽,109,,已校,
1401,屎滾滾,,si2 gwan2 gwan2,,形容人着急貌,109,,已校,
1402,屎片,,si2 pin3*2,,小孩的尿布,109,,已校,
1403,屎坑,,si2 haang1,,廁所的舊稱,109,,已校,
1404,屎坑蟲,,si2 haang1 cung4,,糞蛆：～，瘟咁貢<形容人到處鑽>,109,,已校,
1405,屎艇,,si2 teng5,,運糞的船：順風～，快夾臭<比喻文章差但寫得快>,109,,已校,
1406,屎急,,si2 gap1,,憋着大便，急於大便：～開坑<熟語。想大便才去掘坑>,109,,已校,
1407,屎胐,,si2 fat1,,屁股 ‖ 也叫“囉柚 lo1' jau6*2”。胐，廣韵没韵苦骨切：“胐臀，俗又作𦜇”,109,,已校,
1408,屎胐椏,,si2 fat1 aa1',,屁股溝近肛門處：一條腸透到～<直腸子，喻性格直爽>,109,,已校,
1409,屎胐墩,,si2 fat1 dan1,,屁股蛋兒,109,,已校,
1410,屎胐痕,,si2 fat1 han4,,屁股癢，指做了錯事，該打 ‖ 痕，同音字,109,,已校,
1411,屎胐窿,,si2 fat1 lung4*1,,屁股眼兒，肛門 ‖ 窿，本字爲“竉”，今從俗,109,,已校,
1412,屎胐㤢,,si2 fat1 juk1,,屁股動，指坐不住、好動，又指很想去幹某事而躍躍欲試,109,,已校,
1413,市,,si5,,①行政區劃單位：廣州～ ②市場：菜～｜街～｜花～ ③生意，買賣：開～｜收～｜發～｜好～<生意好>｜爛～<貨賣不出去>｜旺～｜淡～｜斷～<脱銷>｜渴～<暢銷>,109,,已校,
1414,市頭,,si5 tau4*2,,菜市的舊稱：去～買菜,109,,已校,
1415,市頭仔,,si5 tau4*2 zai2,,市井之徒，擺攤賣菜的 ‖ 也叫“街市仔 gaai1' si5 zai2”,109,,已校,
1416,嗜好,,si3 hou3,,①特殊的愛好：我有兩種～，睇書同埋養花 ②喜好，中意：有人～食煙，有人～飲酒 ‖ 嗜，廣韵至韵常利切，應讀陽去，今口語讀陰去。黄錫凌《粵音韵彙》也作陰去,109,,已校,
1417,試過,,si3 gwo3,,曾有過，經受過：佢都未～畀人鬧到咁慘｜我～成晚唔瞓,109,,已校,
1418,試味,,si3 mei6,,嘗一下味道：煮好菜試下味喇,109,,已校,
1419,試飯碗,,si3 faan6 wun2,,試工的俗稱,109,,已校,
1420,試身,,si3 san1,,做好衣服後試穿，看是否合身,109,,已校,
1421,試館,,si3 gun2,,舊時爲同族人來省城應試時住宿而設的館所：陳氏～,109,,已校,
1422,試工,,si3 gung1',,被僱用者到主人家試着做一段時間，合則留，不合則去。俗稱“試飯碗”,109,,已校,
1423,士巴拿,,si3 baa1 naa2,,擰螺絲用的扳手 ‖ 英文 spanner 的音譯,109,,已校,
1424,事例,,si6 lai6,,規矩，俗例：我地廣東冇噉嘅～，嫁女要外母送上門 ‖ 也説“例規 lai6 kwai1'”或“規例 kwai1' lai6”,109,,已校,
1425,事頭,,si6 tau4*2,,①主人，對家庭中僱用的工人而言：男～｜女～ ②店鋪的經理，掌櫃的，老板,109,,已校,
1426,事頭婆,,si6 tau4 po4,,掌櫃的老婆，内掌櫃的，老板娘,109,,已校,
1427,事頭仔,,si6 tau4*2 zai2,,老板的兒子,109,,已校,
1428,事老頭,,si6 lou5 tau4*2,,對老板的尊稱,109,,已校,
1429,事關,,si6 gwaan1',,因爲，與某某有關：細路仔爲乜野喊，～食野有份｜～到我，我就要開聲喇,109,,已校,
1430,事幹,,si6 gon3,,事情，事兒：而家冇乜野～，你可以去喇｜乜咁多～㗎｜多多～<斥人多管閑事>,109,,已校,
1431,事急馬行田,,si6 gap1 maa5 haang4 tin4,,習慣用語，來自象棋術語。比喻急不擇路，違常理而行：佢係～啫，理得咁多！,110,,已校,
1432,侍仔,,si6 zai2,,舊時指招待員、服務員，多指西餐館的男性侍者,110,,已校,
1433,是處,,si6 cyu3,,最後，指事情的極點、盡頭：攪到～都叫佢扯咗｜呢件事攪到～就好傑[kit˨]<糟>嘅嘞！,110,,已校,
1434,是非實,,si6 fei1' dau3,,製造是非者，搬弄是非者：嗰個正～來嘅｜佢嗰班人都係～來㗎,110,,已校,
1435,是非啄,,si6 fei1' doeng1,,好搬弄是非者，是非窩：佢正一～ ‖ 啄，訓讀字,110,,已校,
1436,是但,,si6 daan6,,隨便，兩可：你食乜野啊？ ──～喇｜～要乜野都得,110,,已校,
1437,是必,,si6 bit1,,必定，必須，勢必：呢個會我～要參加｜人讀書～望成功,110,,已校,
1438,豉油,,si6 jau4,,①醬油的統稱，包括生抽、熟抽：～鷄｜～樽｜～碟 ②專指熟抽，味較生抽淡而顔色較深,110,,已校,
1439,豉汁,,si6 zap1,,豆豉汁：～排骨,110,,已校,
1440,竪中秋,,si6 zung1' cau1,,舊俗，中秋節之夜，家家竪起一高竿，頂上是七星旗，下掛一串小燈籠，寫着“慶祝中秋” ‖ 竪，文讀 syu6，這裏是口語音,110,,已校,
1441,蒔禾,,si6 wo4,,插秧 ‖ 蒔，廣韵志韵時吏切：“種蒔。”也説“蒔秧 si6 joeng1'”,110,,已校,
1442,伊府麵,,ji1 fu2 min6,,一種油炸過的麵條，做成餅狀，吃時加料煮沸即可 ‖ 簡稱“伊麵”,110,,已校,
1443,咿咿哦哦,,ji1 ji1 ngo4 ngo4,,形容説話吞吞吐吐：佢～講唔出 ‖ 咿，廣韵脂韵於脂切：“喔咿”,110,,已校,NA：現在（2020s）多讀ji4 ji1 ngo4 ngo4。
1444,咿咿呶呶,,ji1 ji1 jau1 jau1,,①饒舌聲，聒噪聲：咪喺處～ ②草率，有頭無尾（指做事）：佢做野～嘅 ‖ 呶，訓讀字。廣韵肴韵女交切：“喧呶”,110,,已校,
1445,咿咿咠咠,,ji1 ji1 jap1 jap1,,私語，偷偷摸摸貌：佢兩個喺度～做乜野啊！ ‖ 咠，集韵緝韵一入切：“聶語也”,110,,已校,
1446,咿唔大呻,,ji1 ng4 daai6 san3,,呻吟，大聲叫苦：叫佢做啲野就～ ‖ 呻，原本是陰平，這裏變讀陰去,110,,已校,
1447,衣,,ji1,,①物體外面的一層薄皮：花生～｜豆～｜蒜～｜鷄腳～ ②某些果實外面的保護層：椰～,110,,已校,
1448,衣,,ji1',,衣服：運動～｜操～｜衛生～｜故～｜壽～｜游泳～,110,,已校,
1449,衣架,,ji1' gaa3*2,,掛衣服的帶鈎的三角形架子，用木、鐵、塑料等製成,110,,已校,
1450,衣車,,ji1' ce1,,縫紉機,110,,已校,
1451,衣紙,,ji1' zi2,,舊時做紙衣用的彩色紙。紙衣是迷信者燒給死者的,110,,已校,
1452,衣柱,,ji1' zyu5,,木製直立衣架，頂部有若干鈎，用以掛衣物,110,,已校,
1453,衣櫃,,ji1' gwai6,,裝衣服的櫃子,110,,已校,
1454,衣料,,ji1' liu6*2,,製作衣服的布料,110,,已校,
1455,衣掃,,ji1' sou3*2,,刷去衣服上的塵土用的刷子 ‖ 也叫“衣刷 ji1' caat3*2”,110,,已校,
1456,衣剪,,ji1' zin2,,裁縫師傅專用的大剪子 ‖ 也説“洋剪 joeng4 zin2”,110,,已校,
1457,衣夾,,ji1' gaap3*2,,晾衣服時用的小夾子,110,,已校,
1458,依喇,,ji1' laa1',,輕易，只用於否定語氣：我～都唔做㗎，只係爲你至做｜我～都唔食禾蟲嘅，家下順你人情食嘅咋 ‖ 有人説“依喇七 ji1' laa1' cat1”或“依嘮七 ji1' lou1' cat1”,110,,已校,
1459,依時依候,,ji1' si4 ji1' hau6,,按時：你要～去到佢處,111,,已校,
1460,依傍,,ji1' bong6,,依靠 ‖ 也説“倚傍 ji2 bong6”,111,,已校,
1461,𡄵,,ji1',,咧（嘴），露出牙齒：～開口｜～牙～齒｜～口～舌 ‖ 集韵之韵於其切：“𡄵嘘，開口笑也”,111,,已校,
1462,𡄵牙□齒,,ji1' ngaa4 baang3 ci2,,齜牙咧嘴 ‖ 也説“𡄵牙□哨 ji1' ngaa4 baang6 saau3”,111,,已校,
1463,𡄵開朋牙,,ji1' hoi1' paang4 ngaa4,,咧嘴露出一口牙齒：佢笑到～ ‖ 朋，量詞，一排,111,,已校,
1464,𡄵口𡄵脷,,ji1' hau2 ji1' lei6,,咧嘴吐舌：食苦藥食到佢～｜痛到佢～,111,,已校,
1465,醫院,,ji1' jyun6*2,,治療和護理病人的機構,111,,已校,
1466,醫生,,ji1' saang1,,大夫：私家～｜黄六～<庸醫>,111,,已校,NA：現在（2020s）習讀ji1 sang1。
1467,醫生館,,ji1' saang1 gun2,,舊時私人開的診療所,111,,已校,
1468,而家,,ji4（或 ji4*1） gaa1,,現在，這會兒 ‖ 也説“家下 gaa1' haa5”或“家陣 gaa1' zan6”,111,,已校,
1469,而字噉手,,ji4 zi6 gam2 sau2,,手伸出來像個“而”字，喻手像個耙子，向人要錢收禮,111,,已校,
1470,兒嬉,,ji4 hei1',,①不實在，靠不住：佢講野好～㗎｜咪咁～喇！ ②不結實，不牢：呢種鞋好～嘅，好快爛嘅,111,,已校,
1471,宜得,,ji4 dak1,,①樂得：我都～噉樣做｜我～佢來 ②巴不得，恨不得：～一噉吞落去｜激到佢生蝦咁跳，～一棍打死個爛仔 ③寧願（二者比較而擇一）：今日天時咁熱，我～佢落雨咯,111,,已校,
1472,姨媽,,ji4 maa1,,母親的姐姐（背稱、面稱均可。多指已婚者）,111,,已校,
1473,姨媽姑姐,,ji4 maa1 gu1 ze2*1,,母親之姐妹和父親之姐妹的統稱,111,,已校,
1474,姨仔,,ji4*1 zai2,,①妻之妹，小姨子（背稱） ②母親之妹（背稱年紀和自己差不多的姨）,111,,已校,
1475,姨表,,ji4 biu2,,兩家母親是姐妹的親戚關係：～姐｜～兄弟｜～姐妹,111,,已校,
1476,姨丈,,ji4 zoeng6*2,,姨母的丈夫（面稱、背稱均可）,111,,已校,
1477,移,,ji4,,挪動：～動｜～出｜～入｜～開｜～埋<近>｜～正,111,,已校,
1478,移些,,ji4（或 ji4*1） se1,,差一點，差些：係廣州人正聽得懂，～嘅都唔得,111,,已校,
1479,移移㤢㤢,,ji4*1 ji4*1 juk1 juk1,,①動來動去，不安足：細路哥唔好喺處～ ②拿不定主意：個心～ ‖ 㤢，集韵屋韵乙六切：“心動”,111,,已校,
1480,移㤢,,ji4*1 juk1,,移動，動作，活動：我一日都冇乜～｜天時咁熱，我都唔想～喇｜咪咁～喇,111,,已校,
1481,倚凭,,ji2 bang6,,依靠，靠山：佢一個人冇～｜有～ ‖ 凭，廣韵證韵皮證切：“依几也。”古曾攝三等今本應讀 ing 韵，但口語讀如一等 ang 韵。也説“挨凭 aai1' bang6”,111,,已校,
1482,倚傍,,ji2 bong6,,依靠：佢都冇咗～嘅嘞 ‖ 也説“依傍 ji1' bong6”,111,,已校,
1483,椅,,ji2,,椅子：一張～｜梳化～<沙發>｜太師～｜搖～｜藤～｜木～｜摺～｜交～｜竹～｜螺旋～,111,,已校,
1484,椅披,,ji2 pei1,,舊時中式椅子背上的布製裝飾品，有綢緞綉花的 ‖ 也叫“椅搭 ji2 daap3”,111,,已校,
1485,椅手,,ji2 sau2,,椅子的扶手,111,,已校,
1486,椅墊,,ji2 din3*2,,椅子上的坐墊 ‖ 也叫“椅薦 ji5 zin3*2”,111,,已校,
1487,椅横,,ji2 waang6,,椅子腿間的横木，椅子牚,112,,已校,
1488,椅憑,,ji2 peng4*1,,椅子靠背 ‖ 憑，廣韵蒸韵扶冰切：“憑托。”這裏是口語音。讀書音 pang4,112,,已校,
1489,椅籠,,ji2 lung5*2,,舊時小孩子坐的有圍欄的木椅，防止小孩跌倒，用以坐着吃飯,112,,已校,
1490,椅腳,,ji2 goek3,,椅子腿,112,,已校,
1491,耳,,ji5,,①耳朵：錐～<鑽耳孔>丨撩～<掏耳垢> ②器物用手拿的部分：鑊～丨煲～丨茶壺～丨杯～丨籮～丨籃～丨暖水壺～丨窗門～丨桶～丨書包～,112,,已校,
1492,耳屎,,ji5 si2,,耳垢：挖～,112,,已校,
1493,耳珠,,ji5 zyu1,,耳垂：～𠆶𠆶[tɐm˧] <耳垂下垂貌>,112,,已校,
1494,耳仔,,ji5 zai2,,耳朵的俗稱：～好靈丨～尖丨～軟<輕信人言>丨～長<消息多>,112,,已校,
1495,耳仔邊,,ji5 zai2 bin1,,漢字偏旁，右耳刀兒,112,,已校,
1496,耳枅,,ji5 gai1,,耳屏，耳朵眼旁邊突出的那片軟骨，用以保護耳孔,112,,已校,
1497,耳匭,,ji5 gwai2,,耳内腔：嘈到～都𣤩[tsʻɛk˧]<痛>丨撩耳撩到～痛丨～叫<耳鳴>,112,,已校,
1498,耳機,,ji5 gei1',,聽筒，耳機子 ‖ 也叫“耳筒 ji5 tung4*2”,112,,已校,
1499,耳背,,ji5 bui6,,聽覺不靈：佢個耳好背㗎,112,,已校,
1500,耳環,,ji5 waan4*2,,耳垂上戴的飾物,112,,已校,
1501,耳環墜,,ji5 waan4*2 zeoi6*2,,耳垂上戴的飾物，環形帶有墜兒的,112,,已校,
1502,耳門,,ji5 mun4,,耳朵眼入口處,112,,已校,
1503,耳性,,ji5 sing3,,記性：冇～,112,,已校,
1504,耳窿,,ji5 lung4*1,,耳朵眼兒,112,,已校,
1505,耳挖,,ji5 waat3*2,,耳挖子,112,,已校,
1506,耳骨硬,,ji5 gwat3 ngaang6,,不輕易聽人的話，有主見,112,,已校,
1507,意意思思,,ji3 ji3 si3 si3,,猶豫不決，有意但決心不大：佢對個女朋友～嘅啫丨我叫佢去睇電影，佢～噉,112,,已校,
1508,意頭,,ji3 tau4,,兆頭：好～嘅話丨唔好～丨～菜丨攞～<取好兆頭>丨～野<表示好兆頭的物品>,112,,已校,
1509,薏米,,ji3 mai5,,薏仁米：～白果糖水,112,,已校,
1510,二花面,,ji6 faa1' min6*2,,粵劇中的角色之一，扮演正直的、好打抱不平的武士。多用來比喻正直的人：呢個～係來㗎,112,,已校,
1511,二花面頸,,ji6 faa1' min6*2 geng2,,正直的性格，正義感：佢個人有～嘅,112,,已校,
1512,二打六,,ji6 daa2 luk6*2,,①不稱職，能力不足：呢班人都係～嘅啫丨搵埋晒啲～嘅泥水佬，点會起屋吖？ ②質量差，粗糙：呢套碗好～嘅,112,,已校,
1513,二架梁,,ji6 gaa3 loeng4*2,,指好管閑事者，好招攬閑事而又幫不上忙的人：都唔關你事，使乜做咁多～啊！,112,,已校,
1514,二車,,ji6 ce1,,輪船上管機器的二把手 ‖ 俗稱“二偈”,112,,已校,
1515,二指,,ji6 zi2,,食指，二拇指,112,,已校,
1516,二胡,,ji6 wu4*2,,胡琴的一種，有兩根弦 ‖ 也叫“二弦 ji6 jin4*2”,112,,已校,
1517,二奶,,ji6 naai5*1,,妾，姨太太：佢嫁人做～ ‖ 也叫“妾侍 cip3 si6”,112,,已校,
1518,二世祖,,ji6 sai3 zou2,,指承受祖業而不務正業的子弟，來源於秦二世皇帝,112,,已校,
1519,二偈,,ji6 gei6*2,,輪船上管機器的二把手的俗稱 ‖ 偈，俗借字，義爲機器，來源待考。參看“二車”,112,,已校,
1520,二釐館,,ji6 lei4*1 gun2,,舊時指最低檔的小飯館,113,,已校,
1521,二枱貨,,ji6 toi4*2 fo3,,舊貨，揀剩下的貨 ‖ 也叫“二手貨 ji6 sau2 fo3”,113,,已校,
1522,二手,,ji6 sau2,,①助手，幫手：佢做點心師傅嘅～ ②接班人：你老嘞，交落畀～喇,113,,已校,
1523,二跳四,,ji6 tiu3 sei3,,跳躍貌：打到佢～丨激到我～丨痛到佢～丨急到我～,113,,已校,
1524,二朝,,ji6 ziu1,,指結婚第二天：～請飲叫做“梅酌”,113,,已校,
1525,二水貨,,ji6 seoi2 fo3,,次等貨，挑剩下的貨：買～,113,,已校,
1526,二分四,,ji6 fan1' sei3,,舊時對打工者的俗稱,113,,已校,
1527,二婚,,ji6 fan1',,再婚女人：攞個～ ‖ 俗稱“二婚二 ji6 fan1 ji6*2”,113,,已校,
1528,二煙,,ji6 jin1,,鴉片煙灰渣再加上煙膏熬成的煙，供給缺銀少錢的煙客：～館,113,,已校,
1529,二房,,ji6 fong4,,同姓的宗族子孫衆多，追溯起自己的祖上時，都以最早的“始祖”的分支來區分，“始祖”如有三個兒子，則長子一支叫“長房”，次子一支叫“二房”：我係～嘅，佢係長房嘅,113,,已校,
1530,二房,,ji6 fong4*2,,舊式房屋緊挨着客廳的房間叫頭房，頭房再過去叫二房,113,,已校,
1531,二房東,,ji6 fong4 dung1,,轉租房屋從中謀利者,113,,已校,
1532,二湯,,ji6 tong1',,用煮過“上湯”的原料再加上水和鹽熬成的湯，多用做菜肴的配料 ‖ 參看“上湯 soeng3 tong1'”,113,,已校,
1533,二黄,,ji6 wong4*2,,粵曲的聲腔之一：～慢板丨～中板,113,,已校,
1534,二八天,,ji6 baat3 tin1,,二八月的天氣，泛指冷暖交替的季節：～亂穿衣,113,,已校,
1535,二撇鬚,,ji6 pit3 sou1',,蓄在上唇的八字鬍子 ‖ 俗稱“二撇鷄 ji6 pit3 gai1”,113,,已校,
1536,二宅,,ji6 zaak6*2,,指次子的家（大家庭分家之後説的）：過去～<到老二家去>,113,,已校,
1537,二叔,,ji6 suk1,,專指姓陳的人：陳～,113,,已校,
1538,二叔婆,,ji6 suk1 po4*2,,泛指上了年紀的女人，等於“阿婆”或北方的“大媽、大嬸”：～鷄乸，麻麻地[tei˧˥] <歇後語。勉强。湊合>,113,,已校,
1539,易過借火,,ji6 gwo3 ze3 fo2,,易如反掌，極言容易,113,,已校,
1540,異相,,ji6 soeng3,,怪相，難看：佢生得個樣幾～丨着起件衫好～丨行起來好～,113,,已校,
1541,刳骨,,fu1' gwat1,,①下流淫猥；難侍候，討人嫌。多用於男性：佢好～㗎 ②諷刺挖苦，語意雙關：佢講嘅説話好～㗎 ③挑吃挑喝，非精品不吃：佢食野好～嘅 ‖ 刳，廣韵模韵苦胡切：“剖破，又判也，屠也”,114,,已校,
1542,枯,,fu1',,枯朽，霉爛：個門～咗丨條枋～咗丨張枱～咗,114,,已校,
1543,枯㱂,,fu1' hong2,,①乾枯而無光澤：頭髮～丨面色好～丨隻鷄啲毛幾～ ②久無人住之地發出難聞氣味：間屋好～丨有人氣就唔～ ‖ 㱂，集韵唐韵丘岡切：“説文飢虛也。”古清音平聲，今口語讀如陰上,114,,已校,
1544,𣗺,,fu1',,榨油後剩下的餅狀渣：豆～丨花生～丨茶～丨油～<總稱> ‖ 集韵模韵空胡切：“𣗺餅”,114,,已校,
1545,骷顱頭,,fu1' lou4 tau4,,死人的頭骨：醫生牀前就有～嘞,114,,已校,
1546,扶翅,,fu4 ci3,,禽類的肫肝：鷄～丨鴨～丨鵝～ ‖ 二字皆同音字，從俗,114,,已校,
1547,扶籬挖壁,,fu4 lei4 waa2 bek3,,扶牆摸壁，形容小腳女人走路 ‖ 挖，集韵馬韵烏瓦切：“吳俗謂手爬物曰挖。”也説“爬籬挖壁 paa4 lei4 waa2 bek3”,114,,已校,
1548,扶箕,,fu4 gei1,,占卜術的一種,114,,已校,
1549,扶手,,fu4 sau2,,能讓手扶住的東西：樓梯～丨欄杆又可以叫做～,114,,已校,
1550,扶正,,fu4 zeng3,,特指把妾升爲正妻：二奶[nai˨˧꜒]變大婆叫做～ ‖ 俗稱“水鬼升城隍 seoi2 gwai2 sing1' sing4 wong4”,114,,已校,
1551,符法,,fu4 faat3,,①法術：喃無先生使～ ②辦法：我睇你有乜～,114,,已校,
1552,斧頭,,fu2 tau4*2,,斧子,114,,已校,
1553,斧口柴,,fu2 hau2 caai4,,木匠做木器時劈下來的多餘的碎木片 ‖ 也叫“錛口柴 bun1 hau2 caai4”,114,,已校,
1554,苦瓜,,fu2 gwaa1,,蔬菜的一種，有苦味 ‖ 也叫“涼瓜 loeng4 gwaa1”,114,,已校,
1555,苦瓜噉面,,fu2 gwa1 gam2 min6,,苦瓜般的臉色，形容愁眉苦臉,114,,已校,
1556,苦口苦面,,fu2 hau2 fu2 min6,,苦着臉，愁眉苦臉,114,,已校,
1557,苦刁刁,,fu2 diu1' diu1',,形容苦味,114,,已校,
1558,苦淰椗,,fu2 nam6 ding3,,苦果子苦味浸透到柄，喻苦到極點：睇佢幾凄涼，～瞰丨佢喊到～ ‖ 淰，俗借字。椗，俗字，柄,114,,已校,
1559,苦麥菜,,fu2 mak6 coi3,,菜名，葉尖似蕹菜，易生長，價賤，能去火清熱,114,,已校,
1560,戽,,fu3,,①用戽斗舀水，用手撩水：～水丨～蝦<戽水捕蝦>丨～魚<戽水捕魚>丨～水攞船浮[pʻou˨˩]<齊心協力幹> ②蹬踹使掀開：細路仔瞓覺～開被,114,,已校,
1561,戽斗,,fu3 dau2,,戽水用具,114,,已校,
1562,戽氹,,fu3 tam5,,把溪流堵住兩頭，戽乾其中的水來捉魚 ‖ 氹，俗字，小水坑,114,,已校,
1563,副,,fu3,,①非正職的：～官丨～市長丨～校長 ②量詞。用於成套的東西：一～眼鏡丨一～牀板丨一～酸枝枱椅<一套硬木桌椅>,114,,已校,
1564,褲,,fu3,,褲子：長～丨短～丨西裝～丨唐裝～丨馬～丨牛仔～丨三角～丨底～丨運動～丨球～,115,,已校,
1565,褲髀,,fu3 bei2,,褲腿,115,,已校,
1566,褲頭,,fu3 tau4,,褲腰,115,,已校,
1567,褲頭帶,,fu3 tau4 daai3*2,,褲腰帶，中式褲子用的,115,,已校,
1568,褲頭墜,,fu3 tau4 zeoi6*2,,舊時中式褲腰帶上的飾物,115,,已校,
1569,褲𧟘,,fu3 nong6,,褲襠 ‖ 𧟘，集韵宕韵乃浪切：“寬緩也”,115,,已校,
1570,褲骨,,fu3 gwat1,,西式褲子左右兩側的縫合處,115,,已校,
1571,褲腳,,fu3 goek3,,褲腿的下端,115,,已校,
1572,負氣,,fu6 hei3,,賭氣,115,,已校,
1573,負氣袋,,fu6 hei3 doi6*2,,指經常賭氣、不愛答理人者 ‖ 也説“鼓氣袋 gu2 hei3 doi6*2”,115,,已校,
1574,腐乳,,fu6 jyu5,,豆腐切成小方塊，經過發酵腌製而成：白豆～丨辣椒～丨霉香～丨黑豆～,115,,已校,
1575,腐皮,,fu6 pei4,,豆腐皮，北方叫“油皮”：～包<春捲>,115,,已校,
1576,腐竹,,fu6 zuk1,,豆製品，用豆腐皮晾乾製成，有片狀的，有捲成長條狀的，後者也叫“枝竹”,115,,已校,
1577,姑仔,,gu1' zai2,,①夫之妹（背稱） ②舊時稱小女孩 ‖ ①也叫“細姑 sai3 gu1'”。②也叫“阿姑 aa3 gu1”,115,,已校,
1578,軲轆,,gu1 luk1,,輪狀物：車～丨綫～丨絞水用～丨蔗～<甘蔗去皮切成的小段>,115,,已校,
1579,孤單單,,gu1' daan1' daan1',,孤獨,115,,已校,
1580,孤寒,,gu1' hon4,,吝嗇，小氣，摳門兒：唔使咁～吖！丨～鬼丨～種,115,,已校,
1581,孤寒鐸,,gu1' hon4 dok6,,吝嗇鬼，駡極吝嗇的人。據説以前有最吝嗇者名“鐸” ‖ 也叫“鐸叔 dok6 suk1”,115,,已校,
1582,孤仃仃,,gu1' ding1' ding1',,孤單，孤獨,115,,已校,
1583,孤清清,,gu1' cing1' cing1',,孤單貌，形單影隻,115,,已校,
1584,孤獨,,gu1' duk6,,性情孤僻，不和别人來往：佢好～嘅,115,,已校,
1585,姑媽,,gu1' maa1,,父親的姐姐（面稱、背稱均可）,115,,已校,
1586,姑嫲,,gu1' maa4*2,,舊時指專帶已斷奶小孩的女用人 ‖ 也叫“乾腰 gon1' jiu1”,115,,已校,
1587,姑姐,,gu1' ze2*1,,父親的妹妹（面稱、背稱均可）,115,,已校,
1588,姑爺,,gu1' je4（或 je4*2）,,女婿（面稱）：新～,115,,已校,
1589,姑婆,,gu1' po4*2,,父親的姑母或母親的姑母（面稱、背稱均可）,115,,已校,
1590,姑太,,gu1' taai3*2,,丈夫的姑母（年紀大些，已有兒媳婦的。面稱、背稱均可）,115,,已校,
1591,姑奶,,gu1' naai5*1,,丈夫的姐姐，大姑子：大～丨二～,115,,已校,
1592,姑奶奶,,gu1' naai5*4 naai5*2,,丈夫的姑母（比較年輕的）,115,,已校,
1593,姑表,,gu1' biu2,,兄妹或姐弟之間的親戚關係：～兄弟丨～姊妹,115,,已校,
1594,姑娘,,gu1' noeng4,,①女士，舊時年輕女性的尊稱：王～ ②對女護士的尊稱,115,,已校,
1595,姑娘仔,,gu1' noeng4 zai2,,小姑娘,115,,已校,
1596,姑丈,,gu1' zoeng6*2,,姑母的丈夫（面稱、背稱均可）,115,,已校,
1597,姑勿論,,gu1' mat6 loen6,,連詞。且不説，無論：現在～边個啱，边個唔啱，都要坐落來好商量,115,,已校,
1598,咕咕雀,,gu4 gu1 zoek3*2,,布穀鳥,116,,已校,
1599,鴣鴣,,gu4 gu1,,小男孩生殖器的俗稱 ‖ 也説“脧脧 zoe1 zoe1”、“脧仔 zoe1 zai2”或“鳩脧 gau1 zoe1”,116,,已校,
1600,古,,gu2,,①故事：我講隻～你聽下 ②謎語：我打隻～你估下,116,,已校,
1601,古怪,,gu2 gwaai3,,怪僻，與衆不同：佢個野好～嘅,116,,已校,
1602,古仔,,gu2 zai2,,故事：講～,116,,已校,
1603,古氣,,gu2 hei3,,呆板，不靈活，迂腐,116,,已校,
1604,古老,,gu2 lou5,,年代久遠：～大屋丨佢件衫幾～啊,116,,已校,
1605,古老十八代,,gu2 lou5 sap6 baat3 doi6,,上八輩子：講埋晒啲～嘅野<凈説些老八輩子的東西>,116,,已校,
1606,古老石山,,gu2 lou5 sek6 saan1',,喻不愛説話、呆板而固執的人：佢正一～來嘅,116,,已校,
1607,古板,,gu2 baan2,,形容人性格板滯、執拗,116,,已校,
1608,古人,,gu2 jan4*2,,①古代人：～係噉樣講嘅 ②古裝人物：呢幅畫就有～嘞,116,,已校,
1609,古玩座,,gu2 wun6*2 zo6*2,,古玩下面的座子,116,,已校,
1610,古玩鋪,,gu2 wun6*2 pou3*2,,賣古玩的商店：我想去～買個舊花樽,116,,已校,
1611,古靈精怪,,gu2 ling4 zing1' gwaai3,,稀奇古怪：打扮得～,116,,已校,
1612,古月粉,,gu2 jyut6 fan2,,胡椒粉的别稱 ‖ 也叫“胡椒粉 wu4 ziu1' fan2”,116,,已校,
1613,古惑,,gu2 waak6,,特殊，與衆不同：我食野好～嘅,116,,已校,
1614,古縮,,gu2 suk1,,不開朗，不愛答理人：佢好～嘅,116,,已校,
1615,估,,gu2,,①以爲：我重～你去咗丨你～我係講玩咩？ ②猜想，猜測：我～唔到你會來丨我打隻古你～一下。 ——我～唔出丨～中丨我都係～～下嘅啫<我只是猜猜罷了>,116,,已校,
1616,估話,,gu2 waa6,,以爲，認爲：我～噉樣做就得咯丨你咪～好架勢！,116,,已校,
1617,估烏白,,gu2 wu1' baak6*2,,用硬幣立着旋轉，然後用手蓋上按倒，叫人猜是正面或是反面朝上。最初是用制錢，有滿文的一面叫“烏”，有漢文的一面叫“白” ‖ 有人説“擰烏白 ning6 wu1' baak6*2”,116,,已校,
1618,估柑核,,gu2 gam1 wat6*2,,賭博的一種，猜柑子裏面有多少粒核，猜中或接近者勝 ‖ 也有人叫“估柑標 gu2 gam1 biu1”,116,,已校,
1619,估錢,,gu2 cin4*2,,賭博的一種，各人手握錢若干，每人競猜錢數的總和，猜中者爲贏家，錢都歸他所有,116,,已校,
1620,估燈謎,,gu2 dang1 mai4*2,,猜燈謎,116,,已校,
1621,鼓住道氣,,gu2 zyu6 dou6 hei3,,①氣不順，憋着氣兒：你睇佢～個樣！ ②努着勁兒，憋着氣用力：～就屙出嘞 ‖ ①也説“鼓埋泡氣 gu2 maai4 paau1' hei3”,116,,已校,
1622,鼓皮,,gu2 pei4,,鼓面：～都打到爛,116,,已校,
1623,鼓氣,,gu2 hei3,,態度冷酷：佢個人好～嘅丨～佬,116,,已校,
1624,鼓氣袋,,gu2 hei3 doi6*2,,指經常賭氣、不愛答理人者 ‖ 也説“負氣袋 fu6 hei3 doi6*2”,116,,已校,
1625,鼓槌蕉,,gu2 ceoi4 ziu1,,蕉的一種，味道不及香蕉好吃，較短，呈三棱形 ‖ 也叫“大蕉 daai6 ziu1”,116,,已校,
1626,臌脹,,gu2 zoeng3,,大肚子病：佢生～嘅,116,,已校,
1627,蠱惑,,gu2 waak6,,心術不正，損人利己：呢個人好～嘅丨周身～丨～仔,116,,已校,
1628,故此,,gu3 ci2,,連詞。所以：佢講大話，～我唔信佢,117,,已校,
1629,故衣,,gu3 ji1',,舊衣服：買～丨～鋪丨～佬丨賣～,117,,已校,
1630,故登,,gu3 dang1,,專門，特地，特意 ‖ 現多説“專登 zyun1' dang1”或“特登 dak6 dang1”,117,,已校,
1631,僱主,,gu3 zyu2,,買主，顧客,117,,已校,
1632,顧家,,gu3 gaa1',,照顧家庭：唔～丨佢好～嘅,117,,已校,
1633,顧住,,gu3 zyu6,,小心着，提防：有人打荷包，你～啲噃丨你～有人搵笨噃<你小心有人想占你的便宜哪>,117,,已校,
1634,顧面,,gu3 min6*2,,顧面子，看重臉面：咁大個女重鬧佢，都顧下佢面喇！,117,,已校,
1635,顧命,,gu3 meng6,,提防，當心性命：你～啊,117,,已校,
1636,顧食唔顧着,,gu3 sik6 m4 gu3 zoek3,,只注重吃而穿着隨便,117,,已校,
1637,箍,,ku1,,緊緊套在東西外面的圈兒：橡筋～丨襪～<襪帶>丨桶～丨柴～丨鐵～丨篾～ ‖ 本字是“䉐”。集韵模韵空胡切：“篾也”,117,,已校,
1638,箍,,ku1',,①用金屬條或竹篾綑緊：～桶丨～盆丨～柴 ②管理；支撑；約束，管束：～返住個家喇丨佢搵錢唔多，能夠～住個家都唔易咯丨我都～佢唔住，佢好唔聽話嘅 ③和好，恢復關係：佢兩個又～返咯<他們倆又和好啦> ④量詞。綑兒：兩～柴 ‖ 廣韵模韵古胡切：“以篾束物。”古見母今應讀 g 聲母，口語讀如溪母,117,,已校,
1639,箍唔過,,ku1' m4 gwo3,,入不敷出，不夠開支：呢個家都～喇,117,,已校,
1640,箍頸,,ku1' geng2,,勒脖子：唔好～啊丨箍住佢條頸,117,,已校,
1641,箍得過,,ku1' dak1 gwo3,,日子過得去，勉强夠開支：呢個家好難～,117,,已校,
1642,污哩七糟,,wu1' lei1 cat1 zou1',,①髒，不潔凈 ②亂七八糟，亂了套,117,,已校,
1643,污糟,,wu1' zou1',,①不乾凈，髒 ②（迷信者）指有鬼物出没：呢間屋好～嘅，唔畀人住嘅,117,,已校,
1644,污糟邋遢,,wu1' zou1' laat6 taat3,,形容骯髒 ‖ 邋遢，古盍韵字，文讀 laap6 taap6，此處爲口語音,117,,已校,
1645,烏垂垂,,wu1' soe4 soe4（或 soe4*2）,,一無所知，稀里糊塗：呢件事佢都～嘅 ‖ 垂，文讀 seoi4,117,,已校,
1646,烏魚,,wu1' jyu4*2,,海鮮的一種，貌似黑魚，無鱗，是名貴的滋補品,117,,已校,
1647,烏龜,,wu1' gwai1,,①龜的一種 ②駡人話，指開妓院的人、拉皮條的人,117,,已校,
1648,烏龜殼,,wu1' gwai1 hok3,,駡人話。指妓院老板及撮合不正當男女關係的人 ‖ 也説“老龜殼 lou5 gwai1 hok3”,117,,已校,
1649,烏眉瞌睡,,wu1' mei4 hap1 seoi6,,無精打采、打瞌睡貌,117,,已校,
1650,烏哩單刀,,wu1' lei1' daan1' dou1',,一塌糊塗：攪到～,117,,已校,
1651,烏豆,,wu1' dau6*2,,黑豆 ‖ 也叫“黑豆 hak1 dau6*2”,117,,已校,
1652,烏口烏面,,wu1' hau2 wu1' min6,,形容人面色鐵青，態度不好 ‖ 也説“黑口黑面 hak1 hau2 hak1 min6”,117,,已校,
1653,烏欖,,wu1' laam5*2,,黑橄欖，廣東特産之一，果肉和果仁皆可吃,117,,已校,
1654,烏箖箖,,wu1' lam5*2 lam5*2,,毫無所知，不了解（内情）‖ 箖，集韵寢韵力錦切：“博雅翳也”,118,,已校,
1655,烏面貓,,wu1' min6 maau1,,比喻臉上有污痕的人 ‖ 也説“黑面貓 hak1 min6 maau1”,118,,已校,
1656,烏煙,,wu1' jin1',,黑色顔料，在建築物上畫圖用,118,,已校,
1657,烏𥌽𥌽,,wu1' aang1' aang1',,懵懂無知貌：佢都係～嘅，一啲野都唔識 ‖ 𥌽，集韵耕韵於莖切：“𥌽𥊲，目無光”,118,,已校,
1658,烏𥌯𥌯,,wu1' mang1' mang1'（或 maang1' maang1'）,,烏黑無光，黑暗：廚房幅牆～‖ 𥌯，廣韵耕韵莫耕切：“𥉸𥌯，視不分明”,118,,已校,
1659,烏燈黑火,,wu1' dang1 hak1 fo2,,黑燈瞎火，形容室内黑暗：我入到房，～摸摸貢，唔知燈掣喺边度<摸來摸去，不知道電燈開關在哪兒>,118,,已校,
1660,烏蠅,,wu1' jing4*1,,蒼蠅：～拍[pʻak˧꜔꜒]丨拍～,118,,已校,
1661,烏噹噹,,wu1' doeng1' doeng1',,①（對某事）一無所知，糊里糊塗 ②懵懂，愚鈍 ‖ 噹，本音 dong1'，鑼聲，此處變讀 doeng1',118,,已校,
1662,烏東東,,wu1' dung1' dung1',,懵懂，糊塗,118,,已校,
1663,烏龍,,wu1' lung4*2,,糊塗，什麼也不知道：擺～<弄糊塗了>,118,,已校,
1664,烏龍王,,wu1' lung4*2 wong4,,糊塗蟲，思路混亂的人,118,,已校,
1665,烏龍龍,,wu1' lung4*2 lung4*2,,糊塗，弄不明白：佢做報告，聽到我～,118,,已校,
1666,烏卒卒,,wu1' zeot1 zeot1,,①黑得好看：頭髮～ ②不知情：呢件事你都～嘅,118,,已校,
1667,烏墨墨,,wu1' mak6 mak6,,一無所知：我唔知㗎，我一啲都～㗎！,118,,已校,
1668,烏肉蛇,,wu1' juk6 se4,,毒蛇名 ‖ 俗稱“飯鏟頭 faan6 caan2 tau4”,118,,已校,
1669,胡胡混混,,wu4 wu4 wan6 wan6,,①不知底細，弄不清楚：呢件事我都係～嘅咋！ ②糊里糊塗，混日子：～噉又過咗一年,118,,已校,
1670,胡椒粉,,wu4 ziu1' fan2,,胡椒末，胡椒麵兒 ‖ 俗稱“古月粉 gu2 jyut6 fan2”,118,,已校,
1671,胡混,,wu4 wan6,,①有意搗亂，胡鬧：咪喺度～！ ②混日子：佢喺鄉下～咗幾年，又出來省城打工,118,,已校,
1672,葫蘆,,wu4 lou4*2,,①植物的一種 ②指虛假、虛構的事物：放～<吹牛，説大話>,118,,已校,
1673,葫蘆精,,wu4 lou4*2 zing1,,指善於吹牛者，吹牛大王,118,,已校,
1674,鬍鬚,,wu4 sou1',,鬍子：～長長丨～佬,118,,已校,
1675,鬍鬚鷄,,wu4 sou1' gai1,,鷄的一種，有像鬍子的毛羽,118,,已校,
1676,鬍鬚𠢠樴,,wu4 sou1' lek6 tak6,,鬍子拉碴的，滿臉鬍子茬 ‖ 𠢠，廣韵職韵林直切：“趙魏間呼棘。”古三等應讀 lek6，今口語讀如一等 lak6。樴，廣韵德韵徒得切：“杙也。”杙，廣韵職韵與職切：“…亦橜也”,118,,已校,
1677,鬍鬑鬚,,wu4 lim4 sou1',,連鬢鬍子：佢滿面～嘅 ‖ 鬑，廣韵鹽韵力鹽切：“鬋也。一曰長貌”,118,,已校,
1678,壺,,wu4,,盛液體的容器，有嘴有欛：酒～,118,,已校,
1679,壺,,wu4*2,,盛液體的容器，有嘴有欛：茶～丨暖水～丨豉油～丨醋～丨油～丨噴水～丨尿～,118,,已校,
1680,蝴蝶,,wu4 dip6*2,,一種昆蟲,118,,已校,
1681,蝴蝶片,,wu4 dip6 pin3*2,,刀法之一，切菜、肉使兩片相連：將肉切成～,118,,已校,
1682,糊,,wu4,,①塗抹，搽：～得一面鼻涕丨膠水要～匀佢丨畀啲鹽～下魚肚，使佢入味丨腌[ip˧]豬肉要畀豉油～匀佢 ②糊狀物：漿～,118,,已校,
1683,糊,,wu4*2,,①粉末狀的東西煮成的黏稠液體：煮啲～食喇丨脂麻～丨花生～丨奶～丨杏仁～丨甜～丨鹹～ ②麻將用語，某一家的牌達到規定的要求而取得勝利：滿～<滿貫>,119,,已校,
1684,糊啲糊,,wu4 di1 wu4*2,,（塗抹得）一塌糊塗：你睇下整到～噉丨攪到一面墨水～,119,,已校,
1685,糊仔,,wu4*2 zai2,,小孩吃的奶糕之類煮成的糊糊：食～喇,119,,已校,
1686,糊哩麻䵦,,wu4 lei1' maa5 caa5,,（塗得）一片模糊，看不清楚：張紙畀佢寫到～ ‖ 麻䵦，臨時變讀,119,,已校,
1687,糊哩糊塗,,wu4 lei1' wu4 tou4,,①腦子不清楚 ②污濁，不乾凈：攪到間房～,119,,已校,
1688,糊塗,,wu4 tou4,,①不明事理，對事物的認識不清楚、模糊 ②内容混亂的：～賬丨一塌～,119,,已校,
1689,𧿉,,wu1,,使低垂，俯（身）：～低頭睇下丨～攣腰<彎下腰去> ‖ 集韵暮韵於故切：“踞也”,119,,已校,
1690,芋乸,,wu6 naa2,,芋頭中較大者，身上附生小芋頭，故名“乸” ‖ 乸，俗字，雌性,119,,已校,
1691,芋蝦,,wu6 haa1,,過農曆年時食用的一種油炸食品，把芋頭擦成絲，加入米粉拌匀，做成團用油炸脆,119,,已校,
1692,芋仔,,wu6 zai2,,一種小芋頭,119,,已校,
1693,芋頭,,wu6 tau4*2,,一種草本植物的塊莖，可做菜肴：紅燒扣肉就要～嘞丨～糕,119,,已校,
1694,芋莢,,wu6 haap3,,芋頭植株的梗，即葉柄，可以做成腌菜 ‖ 莢，廣韵帖韵古協切：“蓂莢，榆莢。”古四等今應讀 gip3，黄錫凌《粵音韵彙》音 gap3，今口語讀 hap3,119,,已校,
1695,芋角,,wu6 gok3*2,,一種著名點心，以芋泥爲皮，包上餡用油炸熟：荔浦～丨蜂巢～,119,,已校,
1696,䇘絲,,wu6 si1',,繅絲 ‖ 䇘，廣韵暮韵胡誤切：“所以收絲”,119,,已校,
1697,護領,,wu6 leng5,,講究的墳墓在墳頭之後砌的護牆：三重～,119,,已校,
1698,護國菜,,wu6 gwok3 coi3,,以甘薯葉做的菜肴,119,,已校,
1699,朱義盛貨,,zyu1' ji6 sing6*2 fo3,,指不變色的鍍金首飾：舊時边個唔係戴～吖！ ‖ 朱義盛是老字號，專賣不退色的鍍金飾物，過去是相當有名氣的,120,,已校,
1700,朱古力,,zyu1'*1 gu1 lik1,,巧克力：～糖  ‖ 英文 chocolate 的音譯,120,,已校,
1701,朱油,,zyu1' jau4*2,,一種上色用的黑醬油，稠濃而味甜，多用於烹調肉類,120,,已校,
1702,珠羅,,zyu1' lo4*2,,一種有疏孔的紗，很結實而且通氣：～蚊帳丨～綉花枕頭,120,,已校,
1703,珠鎖,,zyu1' so2,,裝在門上的撞鎖，在裏面能扭開，在外面用鑰匙開,120,,已校,
1704,珠仔豆,,zyu1' zai2 dau6*2,,一種蔬菜，白豇豆角的俗稱  ‖ 也叫“白豆角 baak6 dau6 gok3*2”,120,,已校,
1705,珠被,,zyu1' pei5,,綫毯，當薄被用的棉織毯子,120,,已校,
1706,珠豆花生,,zyu1' dau6*2 faa1' sang1,,一種小粒的花生  ‖ 也叫“珠豆”,120,,已校,
1707,珠末,,zyu1' mut6*2,,珍珠粉，醫藥用,120,,已校,
1708,硃砂柑,,zyu1' saa1' gam1,,一種紅色的柑,120,,已校,
1709,硃砂桔,,zyu1' saa1' gat1,,紅色的小橘子，不能吃，只用做盆景,120,,已校,
1710,誅,,zyu1',,①緊釘：佢講説話句句都～住我 ②針鋒相對地指責：佢地講我，我又～返佢,120,,已校,
1711,誅張,,zyu1' zoeng1,,麻將術語。即上家打出的牌與下家打出的牌相同以防下家和牌,120,,已校,
1712,豬扒,,zyu1' paa4*2,,豬排骨做的西餐菜肴  ‖ 也叫“豬排 zyu1 paai4*2”,120,,已校,
1713,豬花,,zyu1' faa1,,半大的豬，育肥即成肉豬,120,,已校,
1714,豬乸,,zyu1' naa2,,母豬  ‖ 乸，俗字，雌性,120,,已校,
1715,豬乸菜,,zyu1' naa2 coi3,,莙薘菜的俗稱  ‖ 也叫“莙薘菜 gwan1' daat6 coi3”或“𣸛菜 soek3 coi3”,120,,已校,
1716,豬乸豆,,zyu1' naa2 dau6*2,,一種大顆粒的花生,120,,已校,
1717,豬下雜,,zyu1' haa6 zaap6,,豬内臟的一部分，包括肺、大腸、小腸、子宮、膀胱、胰臟等,120,,已校,
1718,豬拖沙,,zyu1' to1 saa1',,豬的乳房,120,,已校,
1719,豬屎𩿞,,zyu1' si2 zaa2,,黑畫眉鳥  ‖ 𩿞，俗借字，集韵陌韵側格切：“鳥名”,120,,已校,
1720,豬排骨,,zyu1' paai4 gwat1,,豬的肋骨，通常指做菜吃的帶肉的肋骨,120,,已校,
1721,豬大油,,zyu1' daai6 jau4,,豬脂肪  ‖ 也叫“大油”,120,,已校,
1722,豬大肚,,zyu1' daai6 tou5,,豬的胃  ‖ 也叫“豬肚”,120,,已校,
1723,豬大腸,,zyu1' daai6 coeng4*2,,豬的大腸,120,,已校,
1724,豬孻,,zyu1' laai1,,同一窩小豬中之最小者  ‖ 孻，俗字,120,,已校,
1725,豬仔,,zyu1' zai2,,①小豬 ②舊時指賣身去海外的苦力：賣～丨拐～ ③被收買的人：佢做咗～,120,,已校,
1726,豬仔兵,,zyu1' zai2 bing1,,被騙賣身當兵的人,120,,已校,
1727,豬仔客,,zyu1' zai2 haak3,,拐賣苦力到海外的人,120,,已校,
1728,豬脷,,zyu1' lei6,,豬舌頭 ‖ 脷，俗字，忌諱性的詞彙變異。因舌與“折本”的折 sit6 同音，故改爲利，俗又加上義旁“月”,121,,已校,
1729,豬氣𪡷,,zyu1' hei3 ceoi4,,病豬肉的特殊的腥味 ‖ 𪡷，俗字,121,,已校,
1730,豬潲,,zyu1' saau3,,喂豬用的泔水加入菜葉等煮成的飼料：煠[sap˨]～<煮豬食> ‖ 潲，廣韵效韵所教切：“豕食”,121,,已校,
1731,豬篼,,zyu1' dau1,,豬食槽，喂豬用的器具 ‖ 篼，廣韵候韵當侯切：“飼馬籠也”,121,,已校,
1732,豬兜肉,,zyu1' dau1' juk6,,豬腮部的肉，較豬頭肉爲次,121,,已校,
1733,豬竇,,zyu1' dau3,,豬窩 ‖ 竇，廣韵徒候切。文讀 dau6，義爲窩、巢時口語讀陰去,121,,已校,
1734,豬頭骨,,zyu1' tau4 gwat1,,①豬的頭骨，是豬骨中最差的部分 ②喻無利可圖的事，没有油水的買賣：呢件事正～來嘅丨㖮[løn˥]<啃>～<喻幹没有油水的買賣>,121,,已校,
1735,豬頭肉,,zyu1' tau4 juk6,,豬頭部的肉（不是指熟肉）,121,,已校,
1736,豬手,,zyu1' sau2,,豬的前爪：～麵丨白雲～<菜名>,121,,已校,
1737,豬油,,zyu1' jau4,,煉好的豬脂肪：～包丨～糕丨～渣 ‖ 也叫“豬膏”,121,,已校,
1738,豬肚,,zyu1' tou5*2,,豬的胃：鹵～丨～肥，買牛皮<兒歌> ‖ 也叫“豬大肚”,121,,已校,
1739,豬肚棉,,zyu1' tou5*2 min4,,指成品絲棉，因形似豬肚而得名,121,,已校,
1740,豬肚椗,,zyu1' tou5 ding3,,豬膀胱連着的管狀物，可做菜 ‖ 椗，俗字，蒂,121,,已校,
1741,豬肚襪,,zyu1' tou5 mat6,,舊時家織的粗棉織襪子，又厚又寬大，冬天穿用,121,,已校,
1742,豬膏,,zyu1' gou1',,煉好的熟豬油：～渣丨煎～ ‖ 也叫“豬油”,121,,已校,
1743,豬尿脬,,zyu1' niu6 paau1,,豬膀胱，非食用時的叫法，如化妝用、藥用 ‖ 脬，廣韵肴韵匹交切：“腹中水府”,121,,已校,
1744,豬料,,zyu1' liu6,,豬血混合石灰而成的填充料，做木工用,121,,已校,
1745,豬小肚,,zyu1' siu2 tou5,,作爲食品的豬膀胱,121,,已校,
1746,豬笑面,,zyu1' siu3 min6*2,,臘豬頭的别稱，因其扁平似假面具，並連着舌頭 ‖ 也叫“臘豬頭 laap6 zyu1' tau4”,121,,已校,
1747,豬腰,,zyu1' jiu1,,豬腎臟，豬腰子,121,,已校,
1748,豬水油,,zyu1' seoi2 jau4,,最次的豬脂肪 ‖ 也叫“水油”,121,,已校,
1749,豬膽鼻,,zyu1' daam2 bei6,,如豬膽形的鼻子，形容好看的鼻子,121,,已校,
1750,豬腩肉,,zyu1' naam5 juk6,,豬腹部肉的總稱,121,,已校,
1751,豬心椗,,zyu1' sam1 ding3,,豬心上頭的大血管,121,,已校,
1752,豬板油,,zyu1' baan2 jau4,,豬的板狀脂肪 ‖ 也叫“板油”或“板膏 paan2 gou1”,121,,已校,
1753,豬欄,,zyu1' laan4*1,,①集中賣豬的街市或集市 ②養豬的地方，豬圈,121,,已校,
1754,豬坌鼻,,zyu1' ban6 bei6,,豬鼻子。坌是拱、掘之義，因豬用鼻子拱泥土，故名 ‖ 坌，集韵慁韵蒲悶切：“塵也。一曰並也。”古合口，今讀開口,121,,已校,
1755,豬粉腸,,zyu1' fan2 coeng4*2,,豬小腸及十二指腸的合稱 ‖ 也叫“粉腸”,121,,已校,
1756,豬潤,,zyu1' jeon6*2,,豬肝 ‖ 潤，忌諱性的詞彙變異。因肝與“乾”同音，不吉利，故改爲潤。有人寫作“膶”,121,,已校,
1757,豬肝薯,,zyu1' gon1' syu4*2,,薯類的一種，因形如豬肝而得名。産於黎洞，又名“黎洞薯”,121,,已校,
1758,豬天梯,,zyu1' tin1' tai1',,作爲食品的豬的上腭,122,,已校,
1759,豬踭,,zyu1' zaang1,,豬腿上半部的肉，全是瘦肉：白菜煲～丨西洋菜煲～ ‖ 踭， 俗字，肘部,122,,已校,
1760,豬生腸,,zyu1' saang1' coeng4*2,,母豬的子宮，可做上等菜肴，也是補品,122,,已校,
1761,豬横脷,,zyu1' waang4 lei6,,豬的脾臟，北方叫“沙肝兒”,122,,已校,
1762,豬疔,,zyu1' deng1,,豬病的一種：生～,122,,已校,
1763,豬驚,,zyu1' geng1,,豬腦中的一枚小骨頭，舊時迷信人家把它繫於小孩手上，云可以鎮驚,122,,已校,
1764,豬腸糕,,zyu1' coeng4*2 gou1,,豬腸粉的舊稱,122,,已校,
1765,豬腸粉,,zyu1' coeng4*2 fan2,,米粉做的一種熟食，把粉漿蒸熟捲成長條，中間或裹上餡料，再加上調料 ‖ 簡稱“腸粉”,122,,已校,NA：現在（2020s）該詞中“腸”習讀不變調。
1766,豬上雜,,zyu1' soeng3 zaap6,,豬内臟的一部分，包括心、肝、腎（腰子）,122,,已校,
1767,豬網油,,zyu1' mong5 jau4,,豬的網狀脂肪 ‖ 簡稱“網油”,122,,已校,
1768,豬郎,,zyu1' long4*2,,配種用的公豬：趕～ ‖ 也叫“豬種 zyu1' zung2”,122,,已校,
1769,豬籠,,zyu1' lung4,,運豬用的竹編籠子,122,,已校,
1770,豬籠車,,zyu1' lung4 ce1,,舊時的運貨小板車，四周圍以木板,122,,已校,
1771,豬鬃毛,,zyu1' zung1 mou4,,豬鬃,122,,已校,
1772,豬公,,zyu1' gung1,,公豬，雄性豬,122,,已校,
1773,豬紅,,zyu1' hung4,,豬血：～粥丨～湯丨食～屙黑屎，當堂見功<歇後語> ‖ 忌諱性詞彙變異。因血字不吉利，故改爲紅,122,,已校,
1774,豬雜,,zyu1' zaap6,,豬内臟的統稱，包括上雜、下雜：炒～丨～粥,122,,已校,
1775,豬𠿓腮,,zyu1' saap3 soi1,,作爲食品的豬的腮部之肉 ‖ 𠿓，廣韵盍韵私盍切：“𠿓𠿓，食貌”,122,,已校,
1776,豬八,,zyu1' baat3,,喻蠢笨者：佢正～喇,122,,已校,
1777,豬八怪,,zyu1' baat3 gwaai3,,喻貌醜之人：佢生得好似～噉,122,,已校,
1778,豬骨頭,,zyu1' gwat1 tau4,,喻難做的事、難題：呢件事都係～來嘅！,122,,已校,
1779,豬骨髓,,zyu1' gwat1 coi2,,豬的骨髓：～煮酒，女人食最好 ‖ 髓，讀書音 seoi5， 見《粵音韵彙》。這裏是口語音,122,,已校,
1780,豬核,,zyu1' wat6*2,,豬肉中間長的深色球形的肉瘤，北方叫“肉棗兒”,122,,已校,
1781,豬白喉,,zyu1' baak6 hau4,,豬肺上端的氣管,122,,已校,
1782,豬嘜,,zyu1' mak6,,①駡人話。蠢豬 ②愚蠢 ‖ 嘜，俗字，英文 mark 的音譯,122,,已校,
1783,豬腳,,zyu1' goek3,,豬的後蹄：～煲薑醋,122,,已校,
1784,豬腳筋,,zyu1' goek3 gan1,,豬蹄筋，一般指乾貨，在海味店有賣。有食療效果，多用以治腿腳酸軟之病,122,,已校,
1785,豬腳酸,,zyu1' goek3 syun1,,用酸白瓜、白醋煮的豬蹄，在酒樓叫“白雲豬手”，是一道名菜,122,,已校,
1786,豬腳薑,,zyu1' goek3 goeng1,,豬蹄用甜醋、嫩薑煮攔，給産婦吃以補身體。爲嬰兒做滿月時也以之贈送親友：甜醋鷄蛋～丨生細路哥就要煲～嘞 ‖ 也説“豬腳醋 zyu1' goek3 cou3”,122,,已校,
1787,豬樚,,zyu1' luk6,,養豬的地方，豬圈 ‖ 樚，音來自僮語，徐松石《泰族僮族粵族考》寫作“祿”：“僮語呼圈棚爲祿，兩廣白話有鷄祿、鴨祿之稱。”廣州話只説“豬樚”,122,,已校,
1788,諸事,,zyu1' si6,,多管閑事：～婆｜～丁<好事之徒>,123,,已校,
1789,諸事理,,zyu1' si6 lei5,,好管閑事的人,123,,已校,
1790,主,,zyu2,,①量詞。家，户：呢處有三～人 ②權力或財物的所有者：屋～｜田～｜山～｜船～ ③當事人：失～｜賣～｜顧～ ④死人的牌位：神～｜木～｜點～,123,,已校,
1791,主固,,zyu2 gu3,,①舊時指建築物、家具堅固、結實、牢靠 ②謹慎：佢做野好～嘅,123,,已校,
1792,主人婆,,zyu2 jan4 po4,,①舊時妾背後稱呼夫之正妻 ②僕人背後稱其主母,123,,已校,
1793,主人公,,zyu2 jan4 gung1',,①舊時妾在背後稱其夫 ②僕人背後稱其主人,123,,已校,
1794,煮,,zyu2,,①本義是用鐵鍋加水燒煮，容量較沙鍋爲多：～𪒬[noŋ˥˧] 飯<飯燒焦了>｜～𣸛[sœk3] 飯<飯煮軟了> ②烹飪（飯、菜），做飯：佢好識～菜嘅｜我屋企冇人～飯，要請個工人來幫下手,123,,已校,
1795,煮鬼,,zyu2 gwai2,,激起，指使：～佢去打人｜～佢鬧人 ‖ 鬼，虛化字,123,,已校,
1796,煮菜,,zyu2 coi3,,製作菜肴，烹調菜肴：佢好會～嘅 ‖ 也説“整菜 zing2 coi3”，俗稱“煮餸 zyu2 sung3”,123,,已校,
1797,煮飯,,zyu2 faan6*2,,舊時指專管做飯的女僕，女廚子：請個～,123,,已校,
1798,煮飯婆,,zyu2 faan6 po4*2,,舊時稱自己的妻子,123,,已校,
1799,煮飯哩囉,,zyu2 faan6 li1 lo1,,舊時指小孩子玩學做飯的遊戲，也比喻做事不認真，把辦事當兒戲：你真係～噉樣！,123,,已校,
1800,煮飯仔,,zyu2 faan6 zai2,,做小鍋飯：煮啖飯仔畀細路食,123,,已校,
1801,煮飯飯,,zyu2 faan6 faan6*2,,小孩子玩的遊戲，模仿大人做飯：玩～,123,,已校,
1802,煮重米,,zyu2 cung5 mai5,,①説某人的壞話，背後使壞：煮重你米 ②玩笑話。做上你的飯。留客人在自己家中吃飯時用：唔好走啊，我～嘞,123,,已校,
1803,煮一鑊,,zyu2 jat1 wok6,,背後説壞話：煮人一鑊｜煮佢一大鑊<揭他的老底兒>,123,,已校,
1804,煮食,,zyu2 sik6,,做飯吃，具辦伙食：你喺边處～啊？｜佢屋企從來都唔～嘅，成日都喺學校飯堂搭食,123,,已校,
1805,蛀米大蟲,,zyu3 mai5 daai6 cung4,,喻只吃不幹活兒的人，寄生蟲：佢正～啊！,123,,已校,
1806,住,,zyu6,,①居住：你～喺边處？｜同屋住 [tsy˨꜔꜒] <指同住一層樓的鄰人> ②後置狀語。相當於“先、還”，用於否定句：咪～<先别價>｜咪走～<先别走>｜未得～<還不行呢>｜未去得～<還不能去呢> ③動詞詞尾。相當於“着”，表示動作的持續：睇～我｜你地食～先喇｜你坐喺處唔好行開，等～我返來｜呢班細路成日都嘈～我 ④動詞的補語。表示穩當：揸～｜捉～佢｜把～門口｜把～舦[tʻai˨˧]<舵>｜鎖～門｜記～啊！｜㩒[kɐm˨]～<按住> ‖ 義項 ②也説“自 zi6”,123,,已校,
1807,住埋,,zyu6 maai4,,①同住一起：前年佢地分開住嘅，而家兩個住返埋嘞 ②指未婚同居：佢同女朋友～嘞,123,,已校,
1808,住年娣,,zyu6 nin4*2 tai2,,舊時在大户人家幹粗活的男少年 ‖ 也有人叫“茶桶兒 caa4 tung2 ji4*1”,123,,已校,
1809,住年仔,,zyu6 nin4*2 zai2,,舊時長年服役的年輕工人，多指在店鋪中做工的 ‖ 簡稱“住年”,123,,已校,
1810,住年妹,,zyu6 nin4*2 mui6*1,,舊時大户人家僱用的年輕姑娘（約十五至二十歲），只供食宿不給工錢，長大後即成爲正式女用人（俗稱“婆媽”）‖有人稱“阿妹 aa3 mui6*2”,123,,已校,
1811,住月,,zyu6 jyut6*2,,（産婦）坐月子 ‖ 也説“坐月 co5 jyut6*2”,124,,已校,
1812,住月婆,,zyu6 jyut6 po4*2,,産後未滿一月的産婦 ‖ 俗稱“月婆”,124,,已校,
1813,箸,,zyu6,,量詞。筷子夾起的菜量：一～菜丨夾一～餸,124,,已校,
1814,箸架竹,,zyu6 gaa3 zuk1,,架在飯鍋中飯上面用以蒸菜肴的小竹棍 ‖ 也有人叫“箸隔竹 zyu6 gaak3 zuk1”或“箸㝗竹 zyu6 long3 zuk1”,124,,已校,
1815,箸筒,,zyu6 tung4,,筷子筒的舊稱，盛放筷子的器具,124,,已校,
1816,拄,,cyu2,,（用拐杖）支住地面以幫助走路：我～拐杖來嘅 ‖ 文讀 zyu2，這裏是口語音,124,,已校,
1817,杵,,cyu2,,①一頭粗一頭細的木棒：木～丨春米用～ ②（長而尖之物）刺出，突出：網袋裏便有枝竹仔～出來,124,,已校,
1818,柱侯醬,,cyu5 hau4 zoeng3,,廣東佛山特産的一種調味醬。創始人梁柱侯，佛山人，至今已有一百多年歷史。此醬原料爲豆醬、脂麻、白糖、豬油、紹興酒等,124,,已校,
1819,柱墩,,cyu5 dan2,,柱基石 ‖ 墩，文讀陰平，這裏是變讀音,124,,已校,
1820,儲埋,,cyu5（或 cou5） maai4,,積蓄，存儲：佢～好多私己啊丨佢～好多穀喺屋企 ‖ 儲，文讀 cyu4，這裏是口語音,124,,已校,
1821,儲水,,cyu5 seoi2,,存水：天旱就要～喇,124,,已校,
1822,儲錢,,cyu5（或 cou5） cin4*2,,存錢：～要儲入銀行丨～買屋,124,,已校,
1823,書櫃,,syu1' gwai6,,書櫥,124,,已校,
1824,書枱,,syu1' toi4*2,,書桌,124,,已校,
1825,書友,,syu1' jau5*2,,舊時指同學,124,,已校,
1826,書錐,,syu1' jeoi1,,舊時指啃書本的人 ‖ 錐，讀書音 zeoi1',124,,已校,
1827,書信館,,syu1' seon3 gun2,,郵政局的舊稱,124,,已校,
1828,書偏,,syu1' pin1,,舊時指老式房屋的客廳，位於正房的側面,124,,已校,
1829,書館,,syu1' gun2,,舊時指私塾,124,,已校,
1830,書房,,syu1' fong4*2,,讀書寫字的房間。舊式大屋則指花廳旁的讀書之處,124,,已校,
1831,舒展,,syu1' zin2,,寬綽，寬敞：間房太窄，唔夠～,124,,已校,
1832,輸賭,,syu1' dou2,,打賭：你敢唔敢～吖！,124,,已校,
1833,輸到貼地,,syu1' dou3 tip3 dei6*2,,輸得很慘，輸到家了,124,,已校,
1834,輸東道,,syu1' dung1' dou6,,賭東道，用各種方法決定勝負，輸者請客,124,,已校,
1835,輸折,,syu1' sit6,,①不合算，吃虧：你噉做法就好～嘅喇 ②差勁，次一等：兩樣比較，噉就～嘞！ ‖ 折，廣韵薛韵常列切：“斷而猶連也，説文斷也”,124,,已校,
1836,輸白地,,syu1' baak6 dei6*2,,輸得精光,124,,已校,
1837,薯,,syu4,,①薯類：木～丨～仔丨～粉 ②形容人遲鈍、蠢笨：佢個仔好～嘅,124,,已校,
1838,薯,,syu4*2,,①薯類：番～<甘薯>丨豬肝～丨參～ ②比喻遲鈍、蠢笨的人：佢個老婆成碌～噉丨佢正大碌～啊,124,,已校,
1839,薯仔,,syu4 zai2,,馬鈴薯，北京叫“土豆兒”,124,,已校,
1840,薯頭,,syu4 tau4,,駡人話。笨蛋，蠢笨：呢個正一～來嘅丨佢好～㗎,124,,已校,
1841,薯鈍,,syu4 deon6,,呆，蠢,125,,已校,
1842,薯莨,,syu4 loeng4,,一種植物，汁液能染綢布成爲“黑膠綢”，夏天穿用輕而利汗,125,,已校,
1843,暑親,,syu2 can1',,中暑，因暑熱而生病 ‖ 也説“感暑 gam2 syu2”、“中暑 zung3 syu2”或“煀暑 gok6 syu2”,125,,已校,
1844,鼠,,syu2,,①鼠類：老～｜田～ ②轉義爲“偷”：我枝筆畀佢～咗去｜佢啲貨係～返來嘅 ③轉義爲“偷偷潜入”：夜晚有人～入來偷野,125,,已校,
1845,鼠牙占,,syu2 ngaa4 zim1,,籼米的一種，粒小如鼠牙，是上等白米 ‖ 參看“占米 zim1 mai5”,125,,已校,
1846,鼠摸,,syu2 mo1,,夜裏作案的小偷 ‖ 也叫“墨七 mak6 cat1”,125,,已校,
1847,鼠貨,,syu2 fo3,,舊時指偷來的東西，在“天光墟”擺賣的：啲～係鼠返來嘅野<那些是偷來的東西>,125,,已校,
1848,處,,syu3,,①處所，地方：呢～｜嗰～｜边～<哪裏>？｜第二～<别的地方> ②“這裏”或“那裏”的省略説法：佢喺唔喺～啊？｜唔喺～<不在這裏>｜我第日去你～<我改天去你那兒>｜山上便有好多外國人喺～住｜咪瞓喺～睇書｜門口有好多人坐喺～傾偈 ‖ 文讀 cyu3，這裏是口語讀音。最後三例的“處”已虛化,125,,已校,
1849,樹椏,,syu6 aa1,,樹杈，樹枝椏,125,,已校,
1850,樹仔頭,,syu6 zai2 tau4,,製作盆景用的小樹根,125,,已校,
1851,樹尾,,syu6 mei5,,樹梢：～甴曱[kat˨ kat˨]<蟑螂>，又愛風流又怕躂[tat˧]<摔>。<歇後語>,125,,已校,NA：“甴曱”在原書其他詞條或作“曱甴”。
1852,樹頭,,syu6 tau4,,鋸樹之後剩下的部分，包括地下的樹根,125,,已校,
1853,樹鬚,,syu6 sou1',,樹的氣根，垂下似鬚：榕樹就有～嘞,125,,已校,
1854,樹陰,,syu6 jam1,,樹下的陰涼地,125,,已校,
1855,樹墩,,syu6 dan2,,鋸樹後留下的一尺多高的樁子，可坐 ‖ 墩，本是陰平字，這裏變讀陰上,125,,已校,
1856,樹癭,,syu6 ang1,,樹幹上長的瘤狀物 ‖ 癭，廣韵靜韵於郢切：“瘤也。”集韵清韵伊盈切：“頸疾。”古三等韵今口語變讀一等韵,125,,已校,
1857,樹頂,,syu6 deng2,,樹的最高處：～爲巢，高竇<説人傲慢。歇後語>,125,,已校,
1858,迂滯,,jyu1' zai6,,固執，不會變通,125,,已校,
1859,於是乎,,jyu1' si6 fu4,,連詞。於是,125,,已校,
1860,如此彼彼,,jyu4 ci2 jyu4 bei2,,兩者差不多，不相上下：呢啲咁上下野喇，～嘞<這些東西都差不多，不相上下吧>,125,,已校,
1861,魚,,jyu4,,生活在水中的脊椎動物，有鱗和鰭，用鰓呼吸（語素，不單用）：～仔｜～春｜～丸｜～生粥｜鯊～｜鯨～｜鰐～｜墨～｜魷～｜章～,125,,已校,
1862,魚,,jyu4*2,,生活在水中的脊椎動物，有鱗和鰭，用鰓呼吸：土鯪～｜鯽～｜黄花～｜金～｜買啲～食｜兩條～,125,,已校,
1863,魚花,,jyu4 faa1,,魚苗,125,,已校,
1864,魚翅,,jyu4 ci3,,鯊魚的鰭，是珍貴的海味,125,,已校,
1865,魚絲袋,,jyu4 si1' doi6*2,,尼龍網袋,125,,已校,
1866,魚皮花生,,jyu4 pei4 faa1 sang1,,用花生仁製作的小食品,125,,已校,
1867,魚尾二度,,jyu4 mei5 ji6 dou6*2,,整條魚分段賣時，靠近魚尾的那段：我買～,125,,已校,
1868,魚尾紋,,jyu4 mei5 man4,,指人的小眼角旁的皺紋,125,,已校,
1869,魚骹,,jyu4 gaau3,,魚頭裏面某種可食的軟滑的肉，色紅味美,126,,已校,
1870,魚頭雲,,jyu4 tau4 wan4*2,,魚頭（主要是指大頭魚）裏面可吃的部分，主要是腦髓等 ‖ 也叫“魚雲”,126,,已校,
1871,魚油,,jyu4 jau4,,魚肝油,126,,已校,
1872,魚肚,,jyu4 tou5,,魚鰾（多指鰵魚的鰾）的半成品（或用沙炒熟，或用油炸熟），是名貴海味之一：清湯～ ‖ 清炖～,126,,已校,
1873,魚露,,jyu4 lou6,,鹹魚汁製的調味品｜也叫“魚水 jyu4 seoi2”,126,,已校,
1874,魚腩,,jyu4 naam5,,魚腹部之肉,126,,已校,
1875,魚欄,,jyu4 laan4*1,,批發鮮魚的集中地,126,,已校,
1876,魚潺膠,,jyu4 saan4 gaau1',,魚身上的黏液,126,,已校,
1877,魚眼雪,,jyu4 ngaan5 syut3,,霰，是小顆粒狀的雪，北方叫“雪糝兒”,126,,已校,
1878,魚春,,jyu4 ceon1,,魚卵，北方叫“魚子”,126,,已校,
1879,魚丸,,jyu4 jyun4*2,,魚肉丸子｜俗稱“魚蛋 jyu4 daan6*2”,126,,已校,
1880,魚生,,jyu4 saang1',,生魚片，多用鮮活的草魚加調料、配料：食～ ‖ 倒裝詞。《番禺縣志》卷七：“冬月廣人食魚生多用鯇，薄切爲片，以蘿蔔絲和醋及香油、胡椒、芥子、地豆、薄脆、紅薑、欖豉、黎檬葉拌食之”,126,,已校,
1881,魚生粥,,jyu4 saang1'*1 zuk1,,把生魚片用滾開的白粥燙熟，加上調料而成,126,,已校,
1882,魚笭,,jyu4 leng4*2,,盛魚用的竹器 ‖ 笭，廣韵青韵郎丁切：“笭箐，小籠”,126,,已校,
1883,魚剛骨,,jyu4 gong1 gwat1,,魚頭裏最大的那塊骨頭,126,,已校,
1884,魚從蟻隊,,jyu4 cung4 ngai5 deoi6,,絡繹不絶：啲人～噉來,126,,已校,
1885,魚茸,,jyu4 jung4,,魚肉糜：～粥,126,,已校,
1886,魚滑,,jyu4 waat6*2,,生的魚肉去骨、刺後絞碎，加入澱粉做成的膠狀物，是製作魚丸的原料或其他菜肴的配料,126,,已校,
1887,魚骨,,jyu4 gwat1,,魚刺、魚骨的統稱,126,,已校,
1888,魚白,,jyu4 baak6*2,,魚鰾 ‖ 也叫“魚𦢊 jyu4 pok1”,126,,已校,
1889,魚臒,,jyu4 wok3（或 wok3*2）,,魚的精囊，色白如豆腐，滑而味美：鯉魚最多～嘞 ‖ 臒，廣韵鐸韵烏郭切：“羹肉。王篇云善肉”,126,,已校,
1890,榆耳,,jyu4 ji5,,榆樹上長的木耳，極珍貴,126,,已校,
1891,榆錢,,jyu4 cin4,,榆樹的果實,126,,已校,
1892,愚鈍,,jyu4 deon6,,笨，腦子不靈活,126,,已校,
1893,乳牙,,jyu5 ngaa4,,小孩初出的牙齒：佢出咗兩隻～｜佢～未脱,126,,已校,
1894,乳豬,,jyu5 zyu1,,未斷奶的小豬：燒～｜明爐～,126,,已校,
1895,乳鴿,,jyu5 gap3,,未長毛的幼鴿：燒～｜炖～,126,,已校,
1896,雨,,jyu5,,從雲中降下的水：大～｜落～微[mei˥]<下毛毛雨>｜過雲～<短暫的小雨>｜白撞～<突如其來的驟雨>,126,,已校,
1897,雨遮,,jyu5 ze1,,雨傘,126,,已校,
1898,雨靴,,jyu5 hoe1,,高筒雨鞋｜也叫“水靴 seoi2 hoe1”,126,,已校,
1899,雨衣,,jyu5 ji1',,油布或塑料布製的防雨外衣 ‖ 舊時稱“雨褸 jyu5 lau1”,126,,已校,
1900,雨㵟,,jyu5 mei4*1,,小雨：落～｜㵟，廣韵微韵無非切：“浽㵟，小雨”,126,,已校,
1901,雨㵟㵟,,jyu5 mei4*1 mei4*1,,極小的雨，毛毛雨：有啲～｜也叫“雨㵟毛 jyu5 mei4*1 mou4*1”,126,,已校,
1902,雨水天,,jyu5 seoi2 tin1,,農曆二三月，黄梅雨季節,126,,已校,
1903,與及,,jyu5 kap6,,連詞。以及：街處有好多汽車、馬車～車仔<人力車>,126,,已校,
1904,淤,,jyu3*2,,委屈，挖苦：抵得～<能受委屈>丨佢唔抵得～，大聲啲話佢就喊嘅,127,,已校,
1905,飫,,jyu3,,飽，不想吃，厭食：食到～晒<吃得太飽了>丨聞得多都～晒丨食到～～腬腬丨～夾腬<又飽又膩> ‖ 廣韵御韵依倨切：“飽也，厭也”,127,,已校,
1906,飫膩,,jyu3 nei6,,油膩：啲野好～丨煮菜落得油多就～,127,,已校,
1907,飫腬,,jyu3 nau6,,飽，不消化：食到好～ ‖ 腬，廣韵宥韵女救切：“嘉膳。”玉篇：“肥美也”,127,,已校,
1908,瘀,,jyu3*2,,血液不流通，（皮膚）青腫：佢撞～咗塊面丨隻手有一䊆[kɐu˨]<塊>～血丨～黑色,127,,已校,
1909,遇,,jyu6,,碰見，撞見：坐車～到打劫丨光棍～着冇皮柴<熟語>丨～見,127,,已校,
1910,遇時,,jyu6 si4,,不時，時常：佢～都會來睇我嘅 ‖ 也説“周時 zau1' si4”,127,,已校,
1911,預,,jyu6,,（把某人）打算進去，（爲某人）做好準備：今日請客，我～咗你嘅嘞丨～埋你一份嘅喇<把你也算進去了>,127,,已校,
1912,預早,,jyu6 zou2,,提早，預先：你後日來唔來，要～話我知 ‖ 也説“預先 jyu6 sin1'”,127,,已校,
1913,預算,,jyu6 syun3,,① 未來的收支計劃 ② 打算：我～明日去 ③ 預料：我～後日會落雨,127,,已校,
1914,唔,,m4,,①不：～好｜～大｜～食｜睇～到｜～買得到｜你識去打報報～呢？ ②未，没有：我～睇見人來｜～曾去 ③不用，不要（用於某些客套話）：～多謝｜～客氣 ‖ 俗字，本字是“無”,128,,已校,
1915,唔怕醜,,m4 paa3 cau2,,不害臊，不怕羞,128,,已校,
1916,唔怕面懵,,m4 paa3 min6 mung2,,臉皮厚，不怕難爲情,128,,已校,
1917,唔化,,m4 faa3,,①看不開，看不破；不會變通，古板：你都～嘅 ②渾，不懂事：咁大個人都～嘅<真是渾到家了>,128,,已校,
1918,唔挐經,,m4 naa1' gaang1',,①挨不上邊兒，不沾邊兒 ②没條理 ③不近常情 ④意見不合，談不來 ‖ 挐，廣韵麻韵女加切：“絲絮相牽。”經，讀書音 ging1，此處是口語音,128,,已校,
1919,唔挐沓,,m4 naa1' daap6,,不挨邊兒，没有干係，不認識：我同佢都～嘅,128,,已校,
1920,唔話得,,m4 waa6 dak1,,夠意思，没説的。表示對别人的表現很滿意，無可批評,128,,已校,
1921,唔話得埋,,m4 waa6 dak1 maai4,,説不定，没準兒：個天落雨唔落，～㗎 ‖ 也説“話唔埋”或“話唔定 waa6 m4 ding6”,128,,已校,
1922,唔袳唔吊,,m4 de2 m4 tiu3,,吊兒郎當貌 ‖ 袳，集韵哿韵典可切：“衣弱貌。”古哿韵今應讀 o 韵，口語變讀 e 韵,128,,已校,
1923,唔多,,m4 do1',,不大，不太，不怎麼：我～覺得有蚊咬我｜佢嘅耳～好噃｜～信你嘅話｜我～中意食豬肉嘅,128,,已校,
1924,唔多謝,,m4 do1' ze6,,客套話。不用謝（回答對方的致謝）,128,,已校,
1925,唔多妥,,m4 do1' to2,,①不大舒服（有病的樣子）：我今日有啲𦮕𦮕[nɐp˨]地，～ ②（事、物）不大對頭：呢件事～噃,128,,已校,NA：現在（2020s）“妥”習讀to5。
1926,唔多唔少,,m4 do1' m4 siu2,,多多少少，或多或少：～都有返啲嘅｜～都食啲<多少也吃一些>,128,,已校,
1927,唔阻你,,m4 zo2 nei5,,客套話。不耽誤你的時間，不妨礙你：～嘞,128,,已校,
1928,唔過䎺,,m4 gwo3 zai3,,不上算，不合算 ‖ 也説“唔䎺得過 m4 zai3 dak1 gwo3”或“䎺唔過”,128,,已校,
1929,唔過得意,,m4 gwo3 dak1 ji3,,過意不去 ‖ 也説“過意唔去 gwo3 ji3 m4 heoi3”,128,,已校,
1930,唔過得手,,m4 gwo3 dak1 sau2,,（人）靠不住，錢物不可經（他）手：佢～㗎，唔好畀錢佢揸<别叫他拿着錢>,128,,已校,
1931,唔過得眼,,m4 gwo3 dak1 ngaan5,,看不過去 ‖ 也説“睇唔過眼 tai2 m4 gwo3 ngaan5”,128,,已校,
1932,唔知米價,,m4 zi1' mai5 gaa3,,喻不懂生活艱難,128,,已校,
1933,唔知死,,m4 zi1' sei2,,不知道利害，不懂得事情危急 ‖ 也説“唔識死 m4 sik1 sei2”,128,,已校,
1934,唔知幾,,m4 zi1' gei2,,太⋯了：～好｜～好看｜～好聽｜～好食｜～靚,128,,已校,
1935,唔知醜,,m4 zi1' cau2,,不知羞恥，没羞：佢都～嘅,129,,已校,
1936,唔知好醜,,m4 zi1' hou2 cau2,,不知好歹 ‖ 也説“唔識好醜 m4 sik1 hou2 cau2”,129,,已校,
1937,唔知衰,,m4 zi1' seoi1',,不知要倒霉：唔撞過板～<没碰過釘子不知要倒霉>,129,,已校,
1938,唔知痛,,m4 zi1' tung3,,不知死活，不懂利害,129,,已校,
1939,唔只,,m4 zi2,,不但,129,,已校,
1940,唔自在,,m4 zi6 zoi6,,（身體）不好受，不舒服：我覺得好～<很不好受>,129,,已校,
1941,唔自然,,m4 zi6 jin4,,（身體）有些小病，不舒服,129,,已校,
1942,唔時唔候,,m4 si4 m4 hau6,,不是時候，不合時宜：你來得～嘅,129,,已校,
1943,唔顧身私,,m4 gu3 san1' si1',,不修邊幅,129,,已校,
1944,唔顧面,,m4 gu3 min6*2,,不要臉：佢個人好～嘅,129,,已校,
1945,唔輸折,,m4 syu1' sit6,,不比别人差：佢做得～過你<他做得不比你差>,129,,已校,
1946,唔埋紋,,m4 maai4 man4,,不近常理，不合常情,129,,已校,
1947,唔埋得鼻,,m4 maai4 dak1 bei6,,不能靠近鼻子，臭不可聞,129,,已校,
1948,唔怪得,,m4 gwaai3 dak1,,①怪不得，不能怪：呢件事～佢 ②無怪乎，用不着奇怪：～你咁快走咗，原來係佢打電話叫你 ‖ 也説“唔怪得之 m4 gwaai3 dak1 zi1'”,129,,已校,
1948-缺1,唔䎺得過,,m4 zai3 dak1 gwo3,,不合算，划不來,,,已校,
1949,唔使,,m4 sai2,,不必，不用：～憂｜～怕｜～驚｜～去嘞｜～你來｜～唔該<不用謝>,129,,已校,
1950,唔使來,,m4 sai2 lai4,,①不用來了 ②不用打算，别指望,129,,已校,
1951,唔使計,,m4 sai2 gai3,,不用説,129,,已校,
1952,唔使拘,,m4 sai2 keoi1',,不要客氣，不必拘束：起筷喇，～㗎,129,,已校,
1953,唔使問阿貴,,m4 sai2 man6 aa3 gwai3,,口頭語。意爲肯定是，不必懷疑,129,,已校,
1954,唔使緊,,m4 sai2 gan2,,别着急：～，唔使急，慢慢去都未遲,129,,已校,
1955,唔使欿,,m4 sai2 han6,,①别想了，不用指望：呢匀冇你嘅份，你～ ②表示程度之甚：衰到～<倒霉透了>｜少到～<少得可憐> ‖ 欿，廣韵感韵胡感切：“欲得。”古全濁上聲感韵，今應讀 ham6，口語讀 han6,129,,已校,
1956,唔使慌,,m4 sai2 fong1',,①别慌，不用怕，不必擔心：你～佢會打你嘅 ②轉義爲“一定不”（否定語氣）：你～佢會返來<他一定不會回來>｜～佢唔去<他一定會去>｜～係佢嘅野<絶非他的東西>｜我教你讀書都～會教錯字,129,,已校,
1957,唔使擇日,,m4 sai2 zaak6 jat6*2,,轉義爲隨時、隨便、輕易：佢鬧人～㗎｜打人～<隨便就打人>,129,,已校,
1958,唔計帶,,m4 gai3 daai3,,①不怕虧本：你買喇，我啲貨～賣嘅喇 ②慷慨：佢畀野過細佬～嘅<他給弟弟東西很慷慨的>,129,,已校,
1959,唔喺處,,m4 hai2 syu3,,①不在這兒：佢去咗上班，～ ②死了：阿陳～嘞 ‖ 也説“唔喺度 m4 hai2 dou6”,129,,已校,
1960,唔係,,m4 hai6,,①不是：係～你啊？｜～我 ②不就是嗎（反問口氣，肯定）：点解呢？——～就噉解囉｜至多～食佢一餐｜唔見咗啲野～算囉 ③連詞。不然：如果～<不然的話>｜～就弊嘞<不然就壞了>,129,,已校,
1961,唔係野少,,m4 hai6 je5 siu2,,不簡單，不是省油的燈：唔好睇小佢，佢～㗎！,130,,已校,
1962,唔係我嗰皮,,m4 hai6 ngo5 go2 pei4,,比不上我，不是我的個兒,130,,已校,
1963,唔係我手腳,,m4 hai6 ngo5 sau2 goek3,,不是我對手,130,,已校,
1964,唔係路,,m4 hai6 lou6,,不對勁，不對頭：噉～嘅｜睇起上來唔多係路噃<看起來不太對頭啊>,130,,已校,
1965,唔係噉講,,m4 hai6 gam2 gong2,,没有的話，不是這麼説,130,,已校,
1966,唔係人噉品,,m4 hai6 jan4 gam2 ban2,,熟語。不通人性，不是人,130,,已校,
1967,唔理,,m4 lei5,,①不管：～佢肯唔肯都要去丨～佢咁多<才不管他呢> ②不論：～好唔好都要,130,,已校,
1968,唔在,,m4 zoi6,,①不用，不必：你～咁狼忙<急急忙忙>，慢慢去都未遲啊 ②婉辭。指死亡：佢～嘞,130,,已校,
1969,唔在意,,m4 zoi6 ji3,,①不留心，不注意，不經心 ②無意之中，不是故意：我～打爛咗茶杯 ‖ 也説“唔覺意 m4 gok3 ji3”,130,,已校,
1970,唔在乎,,m4 zoi6 fu4,,不在乎，不介意,130,,已校,
1971,唔在講,,m4 zoi6 gong2,,不消説，不用説 ‖ 也説“唔將講 m4 zoeng1' gong2”或“唔使話 m4 sai2 waa6”,130,,已校,
1972,唔該,,m4 goi1',,客套話。①謝謝，勞駕：～你<先謝謝你了>丨～晒<非常感謝>丨～奶茶<勞駕來奶茶>丨～借過<勞駕，借光> ②請：～你來一下 ③對不起：一時失覺踩親你，算我～,130,,已校,
1973,唔該先,,m4 goi1' sin1',,客套話。表示自己已先做某事：食飯未呢？——～～咯,130,,已校,
1974,唔開胃,,m4 hoi1' wai6,,①胃口不好 ②使人惡心，不順眼：睇見就～,130,,已校,
1975,唔開皮,,m4 hoi1' pei4*2,,指人長得瘦小,130,,已校,
1976,唔開交,,m4 hoi1' gaau1',,①難解難分：佢兩個打到～丨佢兩公婆嗌[ai˧]<吵>到～ ②被事情所纏：我嘅工作多籮籮，唔得開交,130,,已校,
1977,唔嬲就瓦燒,,m4 nau1' zau6 ngaa5 siu1',,熟語。縱使不怒都不行（除非陶製的小人兒才不怒）‖ 嬲，俗字,130,,已校,
1978,唔瞅唔睬,,m4 cau1' m4 coi2,,愛答不理，不愛理人,130,,已校,
1979,唔嗅米氣,,m4 cau3 mai5 hei3,,不通人情，不合常性：同你講都講唔來，你都～嘅,130,,已校,
1980,唔嗅人𪡷,,m4 cau3 jan4 ceoi4,,没有人味，没人性 ‖ 𪡷，俗字，氣味,130,,已校,
1981,唔嗅性,,m4 cau3 sing3,,没有人性,130,,已校,
1982,唔受得,,m4 sau6 dak1,,受不了，接受不了。特指腸胃不能接受某種食物：佢～大補嘅野,130,,已校,
1983,唔夠,,m4 gau3,,①不足，不滿足：錢多多都～丨～地方<地方不足>丨～飯食<飯不夠吃> ②不如，不如（某人）能力：～你快丨～你食得多丨～佢打<打不過他>丨～你講<不如你能説>,130,,已校,
1984,唔夠火,,m4 gau3 fo2,,①老年陽氣衰弱，火力不足：佢而家成個爪都慢晒喇<動作慢，比喻爲“慢爪蟹”>。——梗係喇，～喇嘛> ②（烹飪時）火候不夠：～唔煮得野好食嘅,130,,已校,
1985,唔夠皮,,m4 gau3 pei4*2,,①（商家）入不敷出，支持不下去 ②掙的錢不足以維持生活：我家下都～喇,130,,已校,
1986,唔夠喉,,m4 gau3 hau4,,不能滿足食欲，吃東西不過癮,131,,已校,
1987,唔夠眼,,m4 gau3 ngaan5,,眼力不佳，判斷失誤；視力不好，看不清東西,131,,已校,
1988,唔夠瞓,,m4 gau3 fan3,,睡眠不足，缺覺：成日打喊路，事關～<因缺覺老打哈欠>,131,,已校,
1989,唔夠銀,,m4 gau3 ngan4*2,,錢不夠花：我而家～,131,,已校,
1990,唔夠算,,m4 gau3 syun3,,家中入不敷出，經濟困難,131,,已校,
1991,唔夠飣,,m4 gau3 deng3,,①不稱職，資望不足 ②性情輕浮，作風不踏實 ③幼稚，不成熟：佢嘅品性真係～ ‖ 參看“飣”,131,,已校,
1992,唔夠𤗈牙罅,,m4 gau3 sip3 nga4 laa3,,熟語。不夠塞牙縫的，極言食物少 ‖ 𤗈，廣韵帖韵蘇協切：“𤗈牒，小楔”,131,,已校,
1993,唔憂,,m4 jau1',,不愁：～冇得賣｜～冇人要,131,,已校,
1994,唔到,,m4 dou3,,由不得（某人的意志）：呢件事係噉咯，～你唔答應｜～你唔肯<你不肯也不行>,131,,已校,
1995,唔到,,m4 dou3*2,,用在動詞之後，表示達不到，不成功等。①不着：食～｜搵～｜攞～｜打～ ②不到，不成：醫～斷尾<治病去不了根兒>｜做～<幹不成>,131,,已校,
1996,唔到位,,m4 dou3 wai6,,①不喜歡，不樂意：佢都～嘅，無謂叫佢去咯 ②做事不到家：佢做野都～嘅 ③吃東西不合習慣而不感到飽：食野～,131,,已校,
1997,唔好,,m4 hou2,,①不好：呢本小説～睇｜呢味菜～食嘅 ②别（幹），不要（做）：～講野｜～走鷄<别錯過>｜食你都～食啊<你可别吃呀> ③不會（含有“爲什麼不會”的反問語氣）：你唔喜歡睇戲，你～唔去<你不會不去嗎>？｜唔想食，你～唔食？,131,,已校,
1998,唔好時年,,m4 hou2 si4 nin4,,壞年成，壞年景：今年～咯，冇米食咯,131,,已校,
1999,唔好市,,m4 hou2 si5,,滯銷，生意不好,131,,已校,
2000,唔好意思,,m4 hou2 ji3 si3,,①不好意思，過意不去：我見得好～，你拎咗咁多野來睇我 ②很抱歉：真係～，我來遲咗,131,,已校,
2001,唔好意頭,,m4 hou2 ji3 tau4,,壞兆頭：真係～咯，大年初一就碰到噉嘅事,131,,已校,
2002,唔好仔,,m4 hou2 zai2,,不孝子,131,,已校,
2003,唔好世界,,m4 hou2 sai3 gaai3,,生活不好，年頭不好：解放前就～咯,131,,已校,
2004,唔好手腳,,m4 hou2 sau2 goek3,,好拿别人的東西：佢個工人好～嘅,131,,已校,
2005,唔好口,,m4 hou2 hau2,,出口傷人：咪話我～，開口就得罪親人,131,,已校,
2006,唔好心,,m4 hou2 sam1',,心眼兒壞，没安好心,131,,已校,
2007,唔好天,,m4 hou2 tin1',,陰天，天氣不好：今日～，唔好去街咯,131,,已校,
2008,唔曉,,m4 hiu2,,①不懂，不明白：解畀你聽你都～嘅 ②不會：我～買野嘅,131,,已校,
2009,唔饒唔讓,,m4 jiu4 m4 joeng6,,不依不饒，不相讓,131,,已校,
2010,唔要命,,m4 jiu3 meng6,,拼命，做危險的事：你～啊？,131,,已校,
2011,唔衰攞來衰,,m4 seoi1' lo2 lai4 seoi1',,自找倒霉，没事兒找事兒,131,,已校,
2012,唔垂意,,m4 seoi4 ji3,,舊時指不留神、没注意、不覺：我～冷親<我没注意着了涼>｜一下～畀佢走咗 ‖ 也説“唔垂覺 m4 seoi4 gok3”,131,,已校,
2013,唔拘,,m4 keoi1',,不論：～幾多都得嘅 ｜着屐都可以入來，～嘅 ‖ 也説“唔拘論 m4 keoi1 leon6”,131,,已校,
2014,唔㔆肺,,m4 caam5 fai3,,言語不着邊際，聽不入耳：佢講野都～嘅,132,,已校,
2015,唔三唔四,,m4 saam1' m4 sei3,,不倫不類，不正派：唔好同埋啲～嘅人喺埋一齊,132,,已校,
2016,唔啱,,m4 ngaam1',,①不合適：呢對鞋～着丨價錢～丨～度<不合尺寸> ②不對：你噉樣態度～㗎 ③要不，要不然：～咪等佢<要不别等他>丨～你去先喇<要不然你先走吧>,132,,已校,
2017,唔禁,,m4 kam1',,①（物）不結實，用不長久：呢件衫～着丨～用 ②（人）禁不住，禁不起：～捱<吃不了苦>丨～打,132,,已校,
2018,唔掂,,m4 dim6,,①放在動詞之後，表示不妥，（弄）不過來：計～<算不過來>丨攪～丨做～<幹不完>丨自己都攪～<自己都顧不過來> ②不行，不成：搏埋老命都～㗎<拼上老命也不行啊> ③不順利，遇到困難：呢輪好～<近來很不順利> ‖ 掂，俗字,132,,已校,
2019,唔單只,,m4 daan1' zi2,,不僅，不但：我個新婦～好體貼我嘅仔噃，而且重好孝敬我㗎,132,,已校,
2020,唔關事,,m4 gwaan1' si6,,不相干：唔關我事<與我無關>,132,,已校,
2021,唔瞓得落覺,,m4 fan3 dak1 lok6 gaau3,,睡不了覺，不能入睡,132,,已校,
2022,唔緊要,,m4 gan2 jiu3,,①客套話。没關係，没事兒：對唔住，我踩到你。——～ ②不要緊，不重要：聽日我去一趟佢處都～㗎丨呢件事都～嘅,132,,已校,
2023,唔信鏡,,m4 seon3 geng3,,自己不信鏡子，比喻自以爲漂亮，其實很難看,132,,已校,
2024,唔見,,m4 gin3,,①没看見，没見到：如果一點半～我來，就唔使等咯丨成日都～你 ②丢失，失掉：～晒啲野<東西全丢失了>丨我～咗部字典,132,,已校,
2025,唔見醜,,m4 gin3 cau2,,不怕醜，不知羞恥：你見醜～啊？丨佢做咗噉嘅事都～嘅 ‖ 也説“唔知醜”,132,,已校,
2026,唔肯,,m4 hang2,,①不肯，不幹：佢就係～做 ②不答應：抵～過佢<不該答應他>,132,,已校,
2027,唔聽笛,,m4 teng1' dek6*2,,别人説話都不聽：阿聾送殯，～<歇後語>,132,,已校,
2028,唔凈只,,m4 zing6 zi2,,不光（是），不單，不僅僅：佢～噉噃，佢重鬧你添噃<他不單這樣哪，他還駡你哪>,132,,已校,
2029,唔經唔覺,,m4 ging1' m4 gok3,,不知不覺,132,,已校,
2030,唔養得,,m4 joeng5 dak1,,婉辭。（小孩）天折：佢個孫～喎 ‖ 也説“走咗 zau2 zo2”,132,,已校,
2031,唔傍家,,m4 bong6 gaa1',,不在家，不着家：佢成日～，總係搵唔到佢<老是找不着他>,132,,已校,
2032,唔湯唔水,,m4 tong1' m4 seoi2,,①（做事）不三不四，不像樣子：佢做野做到～丨攪到～ ②關係曖昧：佢兩個～噉，都唔知係乜！,132,,已校,
2033,唔通,,m4 tung1,,副詞。難道：～佢落咗街？丨～叫我都去埋<難道叫我也一起去>？,132,,已校,
2034,唔通氣,,m4 tung1' hei3,,不知趣：電燈膽，～<歇後語>丨咪咁～喇<别那麼不識趣吧>,132,,已校,
2035,唔⋯乜滯,,m4⋯mat1 zai6,,相當於否定副詞。不怎麼，不太，幾乎不：我唔去佢屋企乜滯丨佢平時唔食肉乜滯丨今日唔冷乜滯,132,,已校,
2036,唔出窟,,m4 ceot1 fat1,,指不出家門，老是待在家中：佢成日都～嘅,132,,已校,
2037,唔撤,,m4 cit3,,放在動詞後面，表示完成不了或時間上來不及：佢好似走～噉丨連做都做～咁多工夫<這麼多活兒，幹也幹不過來>丨已經十二點咯，趕～咯<趕不及了>丨買咁多生果，食都食～喇<吃也吃不完哪>,132,,已校,
2038,唔得,,m4 dak1,,①不行，不成，不可：噉樣做法～㗎 ②得不到，達不到：噉～經濟吖<這樣不省錢啊>丨你唔答應佢，噉就～掂嘞<這樣就不好辦了>丨你噉樣做～食㗎,133,,已校,
2039,唔得掂,,m4 dak1 dim6,,①不得了：弊咯，～咯 ②貧窮，日子不好過：我家下～嘞,133,,已校,
2040,唔得閑,,m4 dak1 haan4,,不閑，忙：我好～啊，唔去得啊,133,,已校,
2041,唔得撤,,m4 dak1 cit3,,（時間上）來不及：得撤～啊？——得撤丨九點鐘開車，家下～咯,133,,已校,
2042,唔識四向,,m4 sik1 sei3 hoeng3,,不懂事亂説，得罪人都不知道：你都～嘅，亂講啲乜野啊？,133,,已校,
2043,唔食廣東米,,m4 sik6 gwong2 dung1' mei5,,“死”的代用語：某人～喎,133,,已校,
2044,唔落膈,,m4 lok6 gaak3,,①吃了東西不受用，不消化：我個胃唔好，食野都～嘅 ②心中不舒服，難受：我見到佢噉樣，食野都～ ③喻偷東西後轉不了手，銷不成贓：佢偷咗野，唔出得貨，～啊,133,,已校,
2045,唔覺眼,,m4 gok3 ngaan5,,没留意，没注意到：你有冇見到陳先生來啊？——我都～囉,133,,已校,
2046,五花茶,,ng5 faa1' caa4,,涼茶的一種，包括菊花、金銀花、臘梅花、鷄蛋花、木棉花,134,,已校,
2047,五花腩,,ng5 faa1' naam5,,豬腹部的五花肉 ‖ 也叫“五花肉 ng5 faa1' juk6”，别稱“五層樓 ng5 cang4 lau4*2”,134,,已校,
2048,五時果,,ng5 si4 gwo2,,農曆五月初五，人家擺五種果品拜神，有桃、蒲桃、荔枝、紅李子、黄李子 ‖ 也叫“五色果 ng5 sik1 gwo2”,134,,已校,
2049,五味架,,ng5 mei6 gaa3*2,,西式的盛調味品的餐具，一套四個瓶子，用支架托起,134,,已校,
2050,五爪金龍,,ng5 zaau2 gam1' lung4,,①指舊時中藥鋪中無固定藥方、隨手抓配的藥 ②戲指用手抓食物,134,,已校,
2051,五柳料,,ng5 lau5 liu6*2,,一種酸甜配料，包括瓜英、錦菜、酸薑、蘇薑、酸藠頭五樣，可烹製魚，叫“五柳魚”,134,,已校,
2052,五顔六色,,ng5 ngaan4 luk6 sik1,,①五光十色 ②病得嚴重：舊年我病到～ ③受害很慘：畀佢攪到我～｜做到我～<幹活兒辛苦之至>,134,,已校,
2053,五更鷄,,ng5 gaang1' gai1,,①天亮前吃的炖鷄，據説很補人 ②舊時製作“五更飯”的一種炊具，泥爐鐵罩，用於炖湯燜飯,134,,已校,
2054,五更飯,,ng5 gaang1' faan6,,五更天吃的飯，據説可以補身子,134,,已校,
2055,五更八早,,ng5 gaang1' baat3 zou2,,大清早：～佢就起身嘞,134,,已校,
2056,五零星散,,ng5 ling4 sing1' saan3,,分散貌,134,,已校,
2057,五黄六月,,ng5 wong4 luk6 jyut6,,農曆五六月間天氣炎熱之時：～天時最容易感暑 ‖ 或云“五黄”即五種應時食品，即黄瓜、黄梅、黄花魚、枇杷果、雄黄酒,134,,已校,
2058,五桶櫃,,ng5 tung2 gwai6,,有五個抽屜的櫥,134,,已校,
2059,仵作,,ng5 zok3*2,,舊時官府中管收殮死屍的人 ‖ 也叫“仵作佬 ng5 zok3 lou2”,134,,已校,
2060,擺花街,,baai2 faa1 gaai1,,舊時每逢廟會迎神時，有出會景的習俗，用彩飾、牌樓裝飾街道,135,,已校,
2061,擺和頭酒,,baai2 wo4 tau4 zau2,,家族之間講和，擺酒宴恢復關係,135,,已校,
2062,擺烏龍,,baai2 wu1' lung4*2,,理解錯誤，没弄清楚：呢件事唔係噉嘅，係我擺晒烏龍啫丨你要聽清楚，唔好～噃！,135,,已校,
2063,擺街,,baai2 gaai1,,在街頭擺攤兒：佢個仔成日都～賣野㗎,135,,已校,
2064,擺街邊,,baai2 gaai1 bin1,,擺地攤兒賣東西：佢喺火車站處～,135,,已校,
2065,擺祭,,baai2 zai3,,擺供品祭奠死者,135,,已校,
2066,擺圍薦,,baai2 wai4 zin3,,舊時指設筵席：舊陣時爲考科舉送行就～嘞,135,,已校,
2067,擺尾,,baai2 mei5,,①搖尾巴：隻狗起勢<拼命地>咁～ ②船家用語。兩船相遇時即喊“擺尾”，避免相撞,135,,已校,
2068,擺枱,,baai2 toi4*2,,擺桌子及餐具，準備吃飯：～未呀？ ‖ 也説“開枱 hoi1' toi4*2”,135,,已校,
2069,擺手擺臂,,baai2 sau2 baai2 bei3,,手臂搖擺：佢行路～嘅,135,,已校,
2070,擺布,,baai2 bou3,,支配，操縱：佢任人～，冇晒主意丨我～倒佢嘞，佢聽我話嘞 ‖ 也説“擺弄 baai2 lung6”,135,,已校,
2071,擺路祭,,baai2 lou6 zai3,,①舊時於路旁設祭品，以等靈柩經過時祭奠死者 ②嘲笑人當街吃東西,135,,已校,
2072,擺擂臺,,baai2 leoi4 toi4,,設比武臺以挑戰，喻挑戰,135,,已校,
2073,擺檔,,baai2 dong3,,設置攤位以出售貨物,135,,已校,
2074,擺款,,baai2 fun2,,擺樣子，擺譜：佢着西裝定係要名牌貨，真係會～噃,135,,已校,
2075,擺景,,baai2 ging2,,①展覽、陳列物品：擺會<廟會>景 ②戲指人閑站在大門口或街邊：你～呀？,135,,已校,
2076,擺闊佬,,baai2 fut3 lou5,,顯示闊氣,135,,已校,
2077,擺白,,baai2 baak6,,①把事情攤開，擺出真相：～來講，係你唔啱<是你不對>丨事幹～出來，睇下佢点辦 ②明明，明擺着：呢件事～係噉嘅喇,135,,已校,
2078,擺酌獻,,baai2 zoek3 hin3,,舊時逢神誕日，抬着神像游行時，家家擺設豬肉、水果、香燭等迎拜之,135,,已校,
2079,拜祠堂,,baai3 ci4 tong4*2,,舊時每年春秋兩季在宗祠内祭祖 ‖ 也説“拜太公 baai3 taai3 gung1'”,135,,已校,
2080,拜五臟神,,baai3 ng5 zong6 san4,,戲言吃東西：我去拜下五臟神,135,,已校,
2081,拜大忌,,baai3 daai6 gei6,,死者冥壽百歲時祭之,135,,已校,
2082,拜大壽,,baai3 daai6 sau6,,老人自六十歲起做整壽，都叫“拜大壽”,135,,已校,
2083,拜枱,,baai3 toi4*2,,臨時性的擺供品的桌子,135,,已校,
2084,拜壽,,baai3 sau6,,爲老人祝賀生日,135,,已校,
2085,拜祖先,,baai3 zou2 sin1',,在家中祖先神位前祭拜先祖。逢祖先的忌日、除夕、正月初二開年之時都祭拜。有些人逢節也拜,135,,已校,
2086,拜檐前,,baai3 jam4 cin4*2,,往日迷信者以爲家中堂階之間有神，在屋檐下供之，叫“檐前仙姑”，每年農曆七月初七祭拜之 ‖ 參看“檐前仙姑 jam4 cin4 sin1' gu1”。檐，文讀 jim4，這裏是口語音,136,,已校,
2087,拜萬壽,,baai3 maan6 sau6,,指窮得没飯吃，混不下去了：我今朝～咯 ‖ 慣用語，來源待考,136,,已校,
2088,拜犯,,baai3 faan5,,舊時迷信者遇到病痛，認爲是冲撞了鬼神，就設供品祭拜“犯神”，説是可以解除災難病痛 ‖ 犯，文讀音 faan6，這裏讀陽上，保留古濁上的讀音。也説“起犯 hei2 faan5”,136,,已校,
2089,拜飯,,baai3 faan6,,舊俗，在死者靈前擺上飯菜，早晚拜祭,136,,已校,
2090,拜山,,baai3 saan1,,上墳，掃墓,136,,已校,
2091,拜新山,,baai3 san1' saan1,,①祭掃新修好的墳地 ②清明節時首次爲去年逝世的親人掃墓,136,,已校,
2092,拜案,,baai3 on3*2,,①結拜：～兄弟 ②舊時指行婚禮時，新郎的同輩同性别的親戚朋友 ‖ ②也説“案兄弟 on3 hing1' dai6*2”,136,,已校,
2093,拜墊,,baai3 din3*2,,跪拜時用的棉墊子,136,,已校,
2094,拜天地,,baai3 tin1' dei6,,舊式婚禮程序的一項，新郎新娘在堂前拜天地神明及祖先 ‖ 也説“拜堂 baai3 tong4”,136,,已校,
2095,拜年,,baai3 nin4,,農曆正月初一早飯後，小輩向自家長輩叩賀。次日才去别人家祝賀,136,,已校,
2096,拜年咭,,baai3 nin4 kaat1,,賀年片 ‖ 咭，俗字，英文 card 的音譯。也叫“賀年咭 ho6 nin4 kaat1”,136,,已校,
2097,拜氈,,baai3 zin1,,跪拜時用以墊膝蓋的氈子,136,,已校,
2098,拜錢,,baai3 cin4,,新娘過門之後，叩見婆家長輩時得到的利市錢,136,,已校,
2099,拜仙,,baai3 sin1,,農曆七月初七是女孩子的節日，要拜牛郎織女。早幾個月即開始組織籌備，動手製作各種奇巧玩藝兒，購買供品，擺在方桌上，資金充足的可擺數十桌 ‖ 也説“拜七姐 baai3 cat1 ze2”,136,,已校,
2100,拜門,,baai3 mun4,,舊時新娘過門後，拜見婆家的親族；三朝回門時，新郎拜見女家的親族,136,,已校,
2101,拜清,,baai3 cing1,,清明節那天去掃墓,136,,已校,
2102,拜相知,,baai3 soeng1' zi1,,舊時女子結爲姊妹，相約不嫁，或雖嫁但長期不住夫家 ‖ 也叫“契相知 kai3 soeng1' zi1”,136,,已校,
2103,拜月,,baai3 jyut6*2,,舊俗，農曆八月十五過中秋節，院中豎一竹竿，上掛各色燈。晚上家人聚於庭院賞月，女子及小輩向月叩拜，拜畢，分吃月餅果品,136,,已校,
2104,拜赤口,,baai3 cek3 hau2,,遇到麻煩事時的一種迷信舉動，以驅邪,136,,已校,
2105,拜桌,,baai3 coek3,,講究的墳墓前面設的石桌，用以擺供品；廟堂裏頭的木製的擺供品的桌子,136,,已校,
2106,敗家精,,baai6 gaa1' zing1,,稱極度浪費而傾家蕩産的人,136,,已校,
2107,敗水阿官,,baai6 seoi2 aa3 gun1,,專門拆散人家好事的人,136,,已校,
2108,敗水軍師,,baai6 seoi2 gwan1' si1',,替人出謀劃策而總是不成功的人,136,,已校,
2109,敗陣,,baai6 zan6,,患病的委婉説法：我今日～咯，唔出得街嘞 ‖ 也説“打敗仗 daa2 baai6 zoeng3”,136,,已校,
2110,敗血,,baai6 hyut3,,中醫術語。對氣血不利：綠豆食得多～丨涼氣嘅野食得多就～,137,,已校,
2111,排,,paai4,,①隊，列：～頭丨～尾 ②量詞。列：兩～位丨第十二～ ③排列：～隊丨～長龍 ④筏子，一種水上交通工具：竹～丨木～,137,,已校,
2112,排,,paai4*2,,排骨的簡稱（不單説）：肉～丨牛～丨豬～,137,,已校,
2113,排解,,paai4 gaai2,,①調解（糾紛）：你幫佢地～下喇 ②排遣（煩惱）：有憂心事，我自己～下嘅喇,137,,已校,
2114,排山,,paai4 saan1,,木頭或大竹搭的高大的架子,137,,已校,
2115,排粉,,paai4 fan2,,乾米粉條的一種，細如粉絲，紥成整齊的長條形,137,,已校,
2116,排錢尺,,paai4 cin4 cek3,,舊制用的尺，比現在的市尺大 ‖ 《粵小記》：“粵呼制尺爲排錢尺，謂以康熙錢排十枚即得一尺云”,137,,已校,
2117,排場,,paai4 coeng4,,鋪張，奢侈：好夠～丨唔夠～,137,,已校,
2118,排骨,,paai4 gwat1,,帶有部分肉的豬肋骨：蒸～丨豆豉～丨酸甜～,137,,已校,
2119,排䞟,,paai4 paak3,,整齊，有秩序：啲書擺得好～丨間房擺設得好～ ‖ 䞟，集韵陌韵匹陌切：“逼也”,137,,已校,
2120,牌,,paai4,,①賭具之一：～九<天九牌> ②牌狀物：門～丨招～丨～照<執照>丨藤～丨金～丨銀～丨～匾丨～位 ③牌子，商標：呢架單車係永久～丨～號丨冒～貨丨名～貨,137,,已校,
2121,牌,,paai4*2,,①賭具之一：紙～丨骨～丨麻雀～<麻將牌>丨啤～<撲克牌>丨主～丨副～丨打一鋪～<玩一局牌> ②牌狀物：汽車～丨菜～<菜單>丨水～丨單車～ ③牌子，商標：正～丨冒～ ④牌位：杉木靈～，唔做得主<歇後語>丨神主～ ⑤指某一段時間：呢一～<這一陣子>丨嗰～<那些日子>丨前嗰～<前些日子>,137,,已校,
2122,牌樓,,paai4 lau4,,裝飾性的建築物，有檐有題字，由兩根或四根柱子組成：廣州四～已經搬去粵秀山 ‖ 也叫“牌坊 paai4 fong1”,137,,已校,
2123,牌友,,paai4*2 jau5*2,,常在一起玩牌的同伴,137,,已校,
2124,牌號,,paai4 hou6,,舊時指牌子、商標：呢隻布乜野～㗎？,137,,已校,
2125,牌匾,,paai4 bin2,,商店的招牌，匾額,137,,已校,
2126,牌館,,paai4*2 gun2,,舊時指打骨牌的賭館、打麻將牌的處所,137,,已校,
2127,派,,paai3,,①派遣：～佢去丨～出代表 ②分送：～信丨～報紙丨～電報丨～牛奶 ③發給：～書畀學生丨～利市<給紅包>丨～飯 ④分配：～位<分配學生到校就讀>,137,,已校,
2128,派,,paai3*1,,時髦，摩登：佢打扮得好～喎！,137,,已校,
2129,派頭,,paai3*1 tau4,,氣派，架子：佢好夠～,137,,已校,
2130,派不是,,paai3 bat1 si6,,説人家不對之處，指責：佢最興派人不是,137,,已校,
2131,埋,,maai4,,①動詞。A）靠近，到達：火船～岸丨～頭<靠碼頭>丨汽車～站丨船到埗咯，搭客～街<上岸>丨唔～得鼻<臭不可聞>丨～年 B）進，入：鷄仔～籠丨狗仔～竇丨人客～位丨～席丨～枱丨～棧丨～會丨～手 C）組織，組合，聚合：～班丨～堆<扎堆兒>丨～欄丨～行丨啲奶粉～䊆[kɐu˨]嘞<結成塊兒了>D）合，關閉：傷口～口丨～閘丨～袷[kap˧] E）結算，總結：～數<商店晚上結賬>丨～櫃<同前>丨～單丨～尾 ②動詞尾。A）上，着：鎖～門去街丨閂～門讀書丨等～我丨眯～眼養神丨壅～頭瞓大覺<蒙頭大睡>丨你明日帶～行李來喇丨合～嘴唔出聲丨皺～眉頭想野 B）起：將啲銀紙收～佢丨叠～心水<收心，專心>丨縮～一䊆[kɐu˨]<縮成一團>丨圍～一堆 C）完成，完畢：洗～衫先至出街丨食～飯至去睇電影丨執～手尾至走丨做～呢兩日至去丨你攪掂～佢喇 D）完全，全部：我啲存款都畀～佢咯丨食～呢碗飯丨抄～呢頁書丨睇～呢場戲 E）凈是，老是：買～啲噉嘅貨有乜好啊？丨食～啲噉嘅野冇益㗎 F）也，連：同我攞～<把我的也拿來>丨搵～佢喇<把他也叫上>丨送～呢本書畀你<這本書也送給你>丨唔啱我都去～嘞<要不我也去吧>丨你食～我份喇<你把我的也吃了吧>丨連我都打～<連我也打上了>丨衫褲都整污糟～<衣褲也弄髒了>丨面都曬黑～<連臉也曬黑了>丨呢個機會都冇～<這個機會也都没有了> ③介詞。在：啲紙黐[tsʻi˥˧]～一齊<這些紙粘在一塊兒>丨佢地一家人瞓～一張大牀丨佢地徛[kʻei˨˧]<站立>～一堆唔知做乜丨佢匿～牀下底<他藏在牀底下>丨縮～角落頭 ④形容詞。A）近，靠裏：行～啲<走近些，走靠裏些>丨坐～啲丨行～來<走近些>丨瞓～啲<靠裏睡一些>丨徛～～便<靠邊兒站>丨挨～牆<靠近牆> B）入，進：行開行～<走出走入> C）裏，内：～便<裏邊兒>丨～低<同前>丨～底便<同前> D）相合，近乎兒：度門閂得～唔閂得～啊<這門關得上關不上啊>？丨傾得～<談得來>丨佢兩個行得好～<他們倆走得很近乎兒>丨講得～<説得上話> E）相近，準確：話唔～<説不準，説不定>丨唔話得～<同前>,137,,已校,
2132,埋牙,,maai4 ngaa4,,①（打架時）交手。最初指鬥蟋蟀時開始互相咬打 ②接洽事情時有成功希望：呢件事都～嘅嘞,138,,已校,
2133,埋晒,,maai4 saai3,,用在動詞後。①凈，多用於否定語氣：學～啲噉嘅野<凈學些這樣的玩藝兒>丨買～啲唔等使嘅野<凈買些不等用的東西>丨食～嗰啲油炸嘅野有乜益處？丨搵～啲狐朋狗友 ②全都…上：計～<全都算上>丨加～有幾多<全加上有多少>？丨買～佢,138,,已校,
2134,埋街,,maai4 gaai1,,①上岸，靠岸：大渡到埗時要收慢車，方便搭客～丨駁艇～ ②舊時指船家女嫁到岸上去,138,,已校,
2135,埋櫃,,maai4 gwai6*2,,①店鋪每晚結算賬目 ②賊匪搶劫店鋪：佢間鋪畀人埋咗櫃咯 ‖ ①也説“埋數 maai4 sou3”,138,,已校,
2136,埋位,,maai4 wai6*2,,①入座：食飯嘞，請大家～ ②到工作崗位就職 ‖ ①也説“埋席”,138,,已校,
2137,埋尾,,maai4 mei5,,①收尾，煞尾：而家做到就來～嘞<現在就要幹結束了> ②收拾，收場：睇下你点樣～喇,138,,已校,
2138,埋枱,,maai4 toi4*2,,坐在桌子周圍，入座（準備吃飯、打牌等）,138,,已校,
2139,埋會,,maai4 wui6*2,,若干人組織錢會,138,,已校,
2140,埋頭,,maai4 tau4,,①（船）靠碼頭：火船～丨搭夜船上省，第二朝六點鐘～ ②專心致志：～讀書 ‖ ①也説“埋岸”,138,,已校,
2141,埋頭埋腦,,maai4 tau4 maai4 nou5,,一心一意：～讀書丨～做野,138,,已校,
2142,埋手,,maai4 sau2,,動手，下手，入手：老鼠拉龜，冇碇～<歇後語。無處下手>,138,,已校,
2143,埋䊆,,maai4 gau6,,結成塊，凝成團：啲奶粉～嘞，整散佢喇！丨搋麵要搋到～ ‖  䊆，集韵有韵巨九切：“説文舂糗也。”糗，去久切：“説文熬米麥也”,138,,已校,
2144,埋口,,maai4 hau2,,①指傷口愈合：佢尋日整損咗手指，今日就～嘞 ②舊時指商店倒閉：佢間鋪頭早就埋咗口嘞！,139,,已校,
2145,埋堆,,maai4 deoi1,,合在一處，聚在一起：佢咁有錢，我点同佢埋得堆？丨唔埋得堆<合不來>丨同一種貨物就埋埋一堆喇！,139,,已校,
2146,埋腩,,maai4 naam5,,（食物）很實惠，使人感到滿足：呢味菜都幾～喎,139,,已校,
2147,埋纜,,maai4 laam6,,合得來，多用於否定語氣：我同佢攪唔～,139,,已校,
2148,埋班,,maai4 baan1,,舊時指組織戲班子,139,,已校,
2149,埋單,,maai4 daan1,,在飯館用餐完畢叫服務員結賬 ‖ 也説“寫單 se2 daan1”或“睇數 tai2 sou3”,139,,已校,
2150,埋欄,,maai4 laan4*1,,①成事，成功：講極都未得～丨唔～<不成功>丨呢件野傾到上下～喇<這件事談得差不多成了> ②相投合，合拍。多用於否定語氣：佢兩個都唔～嘅丨你同佢做生意，唔拍得～丨呢件野同嗰件野都唔～嘅 ③合伙：呢件事係我地幾個～做嘅丨搵幾個老友～做喇,139,,已校,
2151,埋棧,,maai4 zaan6*2,,舊時指住宿棧，下榻旅店：上岸就先～至去行街,139,,已校,
2152,埋紋,,maai4 man4,,①合乎情理，有條理：佢做工夫好～㗎丨你講説話都唔～嘅 ②合轍，合適；相投，班配：佢兩個都幾～嘅丨芥藍炒牛肉好～嘅,139,,已校,
2153,埋岸,,maai4 ngon6,,（船）靠碼頭：火船～未呀？ ‖ 也説“埋頭”,139,,已校,
2154,埋便,,maai4 bin6,,裏頭，裏邊：放喺牀～丨我地行入去～避下雨喇,139,,已校,
2155,埋年,,maai4 nin4,,接近年底，農曆十二月十六以後：而家上下～咯<現在差不多是年底啦>丨～時候就要收賬嘞,139,,已校,
2156,埋行,,maai4 hong4,,同行業者組織起來，加入同行業的隊伍：你都唔～嘅,139,,已校,
2157,埋籠,,maai4 lung4,,①（家禽晚上）進籠，入窩：鷄仔～ ②借指人回家：等啲細路仔～,139,,已校,
2158,埋閘,,maai4 zaap6,,店鋪晚上關門休息,139,,已校,
2159,埋袷,,maai4 gaap3,,縫合上衣兩側的接縫，北方叫“煞褙” ‖ 袷，集韵洽韵乞洽切：“衣縫。一曰衿也。”古溪母，今讀如見母,139,,已校,
2160,埋得手,,maai4 dak1 sau2,,①很會幹，會做：佢好使得嘅噃，也野都～嘅 ②可以動手，下得手。多指用飯：喂，～囉喎,139,,已校,
2161,埋席,,maai4 zik6,,入席，就座：請大家～ ‖ 也説“埋位”,139,,已校,
2162,買怕,,maai5 paa3*2,,因畏懼惡人而討好他：我～佢嘞丨我買你怕嘞<我最怕你了>,139,,已校,NA：現在（2020s）該詞“怕”一般不變調。
2163,買花,,maai5 faa1,,專指農曆十二月底上花市購買花求吉利，如果花開得好而長久，則明年的命運好：行花街～,139,,已校,
2164,買花墩,,maai5 faa1' dan2,,舊俗，没有子女的人家，爲了求得子嗣，買或討一個女孩來養，這個女孩叫“花燉”，“花”含有子女之義，有了“花墩”，以爲就可以陸續生孩子,139,,已校,
2165,買字花,,maai5 zi6 faa1,,舊時指賭花會 ‖ 參看“花會 faa1 wui6*2”,139,,已校,
2166,買烏白,,maai5 wu1' baak6,,賭博的一種，猜銅錢的正反面，猜中者贏 ‖ 也説“買通寳 maai5 tung1' bou2”,139,,已校,
2167,買手,,maai5 sau2,,舊時指大茶樓、大酒樓的采買人,139,,已校,
2168,買路錢,,maai5 lou6 cin4,,①舊時出殯途中拋撒的白色紙錢。撒時叫“買路錢”，買時叫“溪錢” ②賊匪攔路强要過往旅客的錢,139,,已校,
2169,買水,,maai5 seoi2,,人死後，孝子拿瓦盆去河邊，投一錢入河中後取水，用此水洗屍再入殮。此風俗叫“買水” ‖《粵游小志》卷三：“廣州人殁未殮，親屬至江滸，望水號哭投錢，汲取水歸，浴之以殮，謂之買水”,140,,已校,
2170,買水噉頭,,maai5 seoi2 gam2 tau4*2,,無精打采的樣子，好像孝子去“買水”似的垂頭喪氣,140,,已校,
2171,買番攤,,maai5 faan1' taan1,,參與番攤的賭博 ‖ 也説“賭番攤 dou2 faan1' taan1”。參看“番攤”,140,,已校,
2172,買青苗,,maai5 cing1' miu4,,禾稻未熟時，奸商以低價向農民收買禾苗，等禾稻成熟時收穫,140,,已校,
2173,買字號,,maai5 zi6 hou6,,商店靠名氣做買賣，貨物並不一定好：佢間鋪靠～嘅啫,140,,已校,
2174,賣豬仔,,maai6 zyu1 zai2,,①舊時指貧苦人賣身爲奴，到海外法去做苦工。也指一般的出賣勞力：去～ ②出賣：畀佢賣咗豬仔<被他出賣了>,140,,已校,
2175,賣大包,,maai6 daai6 baau1,,商店新開張，先賣一些物美價廉的東面，以做宣傳。源於茶樓開張時，先賣價廉味美的大包子,140,,已校,
2176,賣頭賣尾,,maai6 tau4 maai6 mei5,,賣剩的貨：～平啲買埋佢喇<剩貨便宜些都包圓兒了吧>,140,,已校,
2177,賣手,,maai6 sau2,,舊時指大商家的推銷員,140,,已校,
2178,賣口乖,,maai6 hau2 gwaai1',,嘴上答應給人好處，但是不兑現,140,,已校,
2179,賣報紙,,maai6 bou3 zi2,,①販賣報刊 ②登在報上：佢呢件事賣咗報紙<在報上登了出來> ③散播，宣揚：你又來～啊？ ‖ 舊時説“賣新聞紙 maai6 san1' man4 zi2”,140,,已校,
2180,賣武,,maai6 mou5,,走江湖賣武藝及賣膏藥,140,,已校,
2181,賣膏藥,,maai6 gou1' joek6,,胡説亂吹，誇誇其談,140,,已校,
2182,賣告白,,maai6 gou3 baak6,,舊時指登廣告、做廣告,140,,已校,
2183,賣掉臂魚,,maai6 diu6 bei3 jyu4*2,,形容無事之人甩手閑逛,140,,已校,
2184,賣招牌,,maai6 ziu1' paai4,,商店爲了闖出牌子而先賤賣,140,,已校,
2185,賣喊口,,maai6 haam3 hau2,,舊時農曆除夕，婦女背着愛哭的小孩沿街叫喊，説可以把小孩愛哭的毛病賣掉,140,,已校,
2186,賣懶,,maai6 laan5,,舊時農曆除夕，有人背着小孩沿街走動，叫喊“賣懶，賣懶，賣到年卅晚，人懶我唔懶”。説可以使小孩改掉懶的毛病,140,,已校,
2187,賣面光,,maai6 min6 gwong1,,替人説好話，遮掩其錯誤：佢好會～嘅丨佢賣下面光啫,140,,已校,
2188,賣生藕,,maai6 saang1' ngau5,,女人以好言贊美男人，使之迷惑；灌米湯 ‖ 也説“拋生藕 paau1' saang1' ngau5”,140,,已校,
2189,賣靚,,maai6 leng3,,賣俏,140,,已校,
2190,賣風,,maai6 fung1',,瘋風病人與健康人發生性關係，以爲可以把病移給别人，自己痊癒,140,,已校,
2191,賣窮,,maai6 kung4,,舊時農曆除夕，婦女沿街叫“賣窮”，以求來年擺脱貧困,140,,已校,
2192,快掣駁殼,,faai3 tsai3 bok3 hok3,,手槍的一種， 一次可連發二十四顆子彈 ‖ 簡稱“快掣”,141,,已校,
2193,快手,,faai3 sau2,,快當，麻利：佢做野好～嘅,141,,已校,
2194,快手快腳,,faai3 sau2 faai3 goek3,,做事麻利：做野～丨～做埋佢<把它快快做完>,141,,已校,
2195,快口,,faai3 hau2,,嘴快，饒舌：佢好～㗎，唔好講畀佢知,141,,已校,
2196,快高長大,,faai3 gou1' zoeng2 daai6,,快快長大成人：望菩薩保佑佢～喇,141,,已校,
2197,快趣,,faai3 ceoi3,,快速，快當：佢行得好～丨你食飯唔夠我～,141,,已校,
2198,快艇,,faai3 teng5,,舊時指一種尖頭尖底的小艇 ‖ 也叫“舢板 saan1' baan2”,141,,已校,
2199,快活,,faai3 wut6,,快樂：佢而家～過神仙丨大～<樂天派>丨～不知時日過<説人不長進>,141,,已校,
2200,快食麵,,faai3 sik6 min6,,方便麵條，速食麵,141,,已校,
2201,塊,,faai3,,量詞。①用於片狀的東西：一～樹葉丨兩～餅乾 ②用於人臉：黑起～面<鐵青着臉>丨成～面瘀咗<整個臉都青了>,141,,已校,
2202,筷子,,faai3 zi2,,食具之一，由兩根細長棍兒組成，用以夾菜肴及撥飯入口,141,,已校,
2203,筷子架,,faai3 zi2 gaa3*2,,吃飯時用以暫時放筷子的支架,141,,已校,
2204,筷子筒,,faai3 zi2 tung4*2,,放置筷子的筒狀器具,141,,已校,
2205,帶,,daai3,,①引導，領：我～你去丨你～埋佢去喇<你帶上他去吧> ②隨身拿着：你記住～筆去 ③養育，照看：個仔係我～大嘅丨搵個人來～細路<找個人來看小孩> ④地帶，區域：熱～丨寒～,141,,已校,
2206,帶,,daai3*2,,條狀物，帶形物：皮～丨鞋～丨腰～丨褲頭～丨襪～丨纏腳～丨錶～,141,,已校,
2207,帶子,,daai3 zi2,,一種海味，是日月貝的閉殼肌，分乾、鮮兩類,141,,已校,
2208,帶頭,,daai3 tau4,,牽頭，領頭 ‖ 也説“扯頭纜 ce2 tau4 laam6”或“拉頭纜 laai1' tau4 laam6”,141,,已校,
2209,帶路,,daai3 lou6,,引導不識路途者行路：我想搵人～去海邊,141,,已校,
2210,帶草,,daai3 cou2,,鬥蟋蟀時，用一種草挑撥雙方，使之相鬥，此草叫“帶草”,141,,已校,
2211,帶水,,daai3 seoi2,,①領航，引領船隻入港 ②領航員,141,,已校,
2212,帶水佬,,daai3 seoi2 lou2,,領航員,141,,已校,
2213,帶眼,,daai3 ngaan5,,①長眼睛，指看清周圍事物：行路唔～唔得㗎 ②有眼力，能識别人：結交朋友要～,141,,已校,
2214,帶眼識人,,daai3 ngaan5 sik1 jan4,,識别好壞人：你唔～就要撞板嘞！丨出到外便做事要～至得㗎！,141,,已校,
2215,帶挈,,daai3 hit3,,①提拔，栽培，提攜：佢做咗官都唔會～下我地嘅 ②連帶，附帶：你買荔枝來，～我都有得食喇,141,,已校,
2216,戴,,daai3,,把物件置於頭上及面部、胸部、臂部：～帽丨～花丨～眼鏡丨～襟章丨～錶丨～臂章丨～兜肚,141,,已校,
2217,戴孝,,daai3 haau3,,爲死者佩帶黑紗或白花表示哀悼,141,,已校,
2218,戴高帽,,daai3 gou1' mou6*2,,奉承；阿諛：佢最歡喜～嘞,141,,已校,
2219,戴蓮葉,,daai3 lin4 jip6,,舊時指戴綠帽子,141,,已校,
2220,戴綠帽,,daai3 luk6 mou4*2,,指男人當王八，諷刺那些妻子有外遇的人,141,,已校,
2221,大,,daai6*1,,表示小：咁～<才這麽大點兒>丨咁～～<就這麼小>丨啲咁～～<一丁點兒大>,142,,已校,
2222,大,,daai6*2,,表示不算大：就咁～<就這麼大>,142,,已校,
2223,大把,,daai6 baa2,,有的事，多的是：重有～飯丨有位冇啊？──～喇丨有～野賣,142,,已校,
2224,大把世界,,daai6 baa2 sai3 gaai3,,能掙錢，日子好過：今日你～嘞,142,,已校,
2225,大花大朵,,daai6 faa1 daai6 doe2,,形容布、衣服上印滿大花：呢隻布～有乜好睇啊！,142,,已校,
2226,大花面,,daai6 faa1' min6*2,,①形容臉上有污垢：睇你個～ ②粵劇中扮演奸臣的角色 ③指大奸大惡的人：佢個人正～啊！,142,,已校,
2227,大花筒,,daai6 faa1' tung4,,本義爲一種煙花，轉義指好花錢、揮霍浪費的人,142,,已校,
2228,大沙蹄,,daai6 saa1' tai4,,象皮腿，學名爲“絲蟲病”，患者腿腳腫大 ‖ 也叫“大腳瓜 daai6 goek3 gwaa1”,142,,已校,
2229,大家,,daai6 gaa1,,大家姐的簡稱。面稱自己的長姊,142,,已校,
2230,大家,,daai6 gaa1',,大家伙兒，大伙兒,142,,已校,
2231,大家好做,,daai6 gaa1' hou2 zou6,,客套話。彼此方便,142,,已校,
2232,大牙,,daai6 ngaa4,,槽牙，臼齒：笑甩～,142,,已校,
2233,大阿官,,daai6 aa3 gun1,,舊時指花花公子,142,,已校,
2234,大㡁,,daai6 kwaa2,,舊式婚禮上新娘子穿的黑緞綉花上衣：花裙～ ‖ 㡁，廣韵馬韵苦瓦切：“衿袍也”,142,,已校,
2235,大話,,daai6 waa6,,謊言，虛誇的話：講～丨～怕計數<説大話怕兑現>丨～夾好彩<無意中得到的幸運>,142,,已校,
2236,大姐,,daai6 ze2,,①對未婚女子的通稱，多在解放前用 ②解放後對女性的通稱。不管年齡、婚否,142,,已校,
2237,大姐,,daai6 ze2*1,,最年長的姐姐（面稱、背稱均可）,142,,已校,
2238,大姐仔,,daai6 ze2 zai2,,對小姑娘的通稱,142,,已校,
2239,大車,,daai6 ce1,,船上主管機器的人，大副 ‖ 也叫“大偈 daai6 gai6*2”,142,,已校,
2240,大野,,daai6 je5,,驕傲自大：也你咁～㗎！ ‖ 野，同音字，東西,142,,已校,
2241,大婆,,daai6 po4*2,,正妻，正室,142,,已校,
2242,大糯,,daai6 no6*2,,大粒的糯米，黏性大，適合製作粽子等食品,142,,已校,
2243,大傻,,daai6 so4,,極端無知的人,142,,已校,
2244,大枝野,,daai6 zi1' je5*2,,①有地位、有權勢的人 ②傲慢自大，擺架子 ‖ ①也説“大粒佬 daai6 lap6 lou5”或“大粒野”,142,,已校,
2245,大姊,,daai6 zi2,,對人稱自己的大姐,142,,已校,
2246,大紙,,daai6 zi2,,大面額的紙幣,142,,已校,
2247,大視,,daai6 si6*2,,傲慢自大，看不起人,142,,已校,
2248,大姨,,daai6 ji4,,①背稱自己的妻姊 ②繼室稱呼自己丈夫的已故元配,142,,已校,
2249,大姨媽,,daai6 ji4 maa1,,①母親的大姐（面稱、背稱均可） ②月經的俗稱,142,,已校,
2250,大耳牛,,daai6 ji5 ngau4,,指不聽教誨的小孩。本是歇後語，下句爲“唔受教”,142,,已校,
2251,大耳窿,,daai6 ji5 lung4*1,,高利貸者的俗稱,142,,已校,
2252,大姑,,daai6 gu1,,解放前對已婚女人的面稱,142,,已校,
2253,大姑娘,,daai6 gu1' noeng4*2,,面稱未婚女子,142,,已校,
2254,大姑,,daai6 gu1',,夫之姐（背稱）,142,,已校,
2255,大魚,,daai6 jyu4*2,,鱅魚，北方叫“胖頭魚” ‖ 也叫“大頭魚 daai6 tau4 jyu4*2”或“大頭”,142,,已校,
2256,大唔起,,daai6 m4 hei2,,長不大，瘦小。用於人、動植物,143,,已校,
2257,大唔透,,daai6 m4 tau3,,形容成年人不成熟、不懂事理，幼稚園、孩子氣,143,,已校,
2258,大唔撤,,daai6 m4 cit3,,痤瘡的俗稱。年輕人臉上易長此瘡 ‖ 參看“暗瘡 am3 cong1”,143,,已校,
2259,大牌檔,,daai6 paai4 dong3,,賣飯食的小攤,143,,已校,
2260,大派,,daai6 paai3*2,,很有派頭：你睇佢幾～,143,,已校,
2261,大邁,,daai6 maai6,,舊時指高傲、看不起人,143,,已校,
2262,大快活,,daai6 faai3 wut6,,樂天派：佢真係～嘞，時時都笑口吟吟，唔知幾開心,143,,已校,
2263,大癩,,daai6 laai3,,疥瘡：生～,143,,已校,
2264,大柴綟,,daai6 caai4 lit3,,木柴中間的大疙瘩。喻難做的事、棘手的事情 ‖ 綟，集韵屑韵力結切：“綬謂之綟。”綬，玉篇：“時帚切，組也。”也叫“大柴癭 daai6 caai4 ang1”,143,,已校,
2265,大㩄,,daai6 saai1',,浪費：食幾多就買幾多，唔好咁～啊！丨佢用野好～㗎 ‖ 㩄，集韵皆韵山皆切：“散失也”,143,,已校,
2266,大晒,,daai6 saai3,,霸道之極，利害到家了。源於賭錢的術語，即通殺：你～咩？丨你又～喇！ ‖ 晒，同音簡化字，完全，到頭，極，最,143,,已校,
2267,大芥菜,,daai6 gaai3 coi3,,冬天收穫的芥菜，大而肥嫩，可煮湯吃，也可製作酸菜及鹹菜,143,,已校,
2268,大米,,daai6 mai5,,舊時薯、芋類的代稱：捱～<以薯類代糧>,143,,已校,
2269,大䛍,,daai6 fai3,,好説笑，隨便而放任：佢好～嘅，乜野都加把口 ‖ 䛍，集韵未韵方未切：“多言也。”廣韵：“言急”,143,,已校,
2270,大揥,,daai6 dai3,,①輕浮，瘋癲：佢好～㗎 ②輕浮的人：佢正～啊 ③好吃懶做的人 ‖ 揥，集韵霽韵丁計切：“捐也，戲也”,143,,已校,
2271,大泥磚,,daai6 nai4 zyun1,,形容動作不靈活、礙手礙腳之人：好似～噉，阻住晒<太礙事了>,143,,已校,
2272,大掣,,daai6 zai3,,總閘門：閂住～ ‖ 掣，俗借字,143,,已校,
2273,大使,,daai6 sai2,,能花錢，好花錢：佢好～嘅，幾多錢都唔夠使,143,,已校,
2274,大使大食,,daai6 sai2 daai6 sik6,,把錢浪費在吃喝上,143,,已校,
2275,大細眼,,daai6 sai3 ngaan5,,眼睛一大一小，北方叫“大小眼兒”,143,,已校,
2276,大鷄頭,,daai6 gai1 tau4,,指駁殻槍的機頭，須扳開始能擊發子彈,143,,已校,
2277,大鬼,,daai6 gwai2,,指撲克牌中的“大王”,143,,已校,
2278,大櫃,,daai6 gwai6,,舊式大木櫃，有兩扇門，中間有兩個抽屜,143,,已校,
2279,大髀,,daai6 bei2,,大腿,143,,已校,
2280,大地魚,,daai6 dei6 jyu4*2,,比目魚乾，多用來煮粥、湯，取其鮮味 ‖ 也叫“左口魚 zo2 hau2 jyu4*2”,143,,已校,
2281,大戲,,daai6 hei3,,粵劇的俗稱：做～,143,,已校,
2282,大臺,,daai6 toi4*2,,大方，大氣，不俗：呢套家私幾～囉丨件衫夠～,143,,已校,
2283,大菜,,daai6 coi3,,瓊脂，海藻膠製成，用以製作冷食：～糕,143,,已校,
2284,大海欖,,daai6 hoi2 laam2,,中草藥，治喉嚨發炎，北京叫“胖大海” ‖ 簡稱“海欖”，也叫“水欖 seoi2 laam2”,143,,已校,
2285,大𣖻碗,,daai6 hoi3 wun2,,比湯碗大的碗 ‖ 𣖻，集韵海韵許亥切：“酒器”,143,,已校,
2286,大穮禾,,daai6 paau1' wo4,,①比喻無能的人，不機伶的人 ②喻不實在的人，靠不住的人 ‖ 穮，集韵肴韵披交切：“穮䅦，禾虛貌”,143,,已校,
2287,大炮,,daai6 paau3,,吹牛，説話靠不住，虛誇：佢好～㗎！｜～友<愛吹牛者>,144,,已校,
2288,大覺瞓,,daai6 gaau3 fan3,,睡大覺：佢而家都～嘞，你重搵佢 ‖ 也説“大覺扯 daai6 gaau3 ce2”或“大覺索 daai6 gaau3 sok3”,144,,已校,
2289,大肴館,,daai6 ngaau4 gun2,,舊時指較低等的飯館，供應大魚大肉，質量次於酒樓，招牌上寫着“大葷館”字樣,144,,已校,
2290,大穮,,daai6 pau3,,人胖而虛弱：佢好～嘅 ‖ 穮，集韵效韵披教切：“穮䅦，禾虛貌。”古效韵應讀 aau 韵，此處變讀 au 韵。也説“大𦛚”,144,,已校,
2291,大豆芽菜,,daai6 dau6*2 ngaa4 coi3,,黄豆芽菜,144,,已校,
2292,大頭,,daai6 tau4*2,,①銀元的一種 ②大人物，大官 ③鱅魚的别稱 ‖ ①也叫“袁頭 jyun4 tau4*2”,144,,已校,
2293,大頭蝦,,daai6 tau4 haa1,,①河塘中的一種蝦，頭大 ②比喻粗心大意、不動腦筋、不懂事理的人：佢正一～啊｜佢做野好～㗎！,144,,已校,
2294,大頭鬼,,daai6 tau4 gwai2,,大人物或有錢人的貶稱：充～,144,,已校,
2295,大頭菜,,daai6 tau4 coi3,,一種菜，根部有疙瘩頭，可腌製鹹菜,144,,已校,
2296,大頭頵,,daai6 tau4 gwang1,,指頭部特别大而與身體不相稱的人：佢個仔生得唔靚，～來㗎！ ‖ 頵，廣韵諄韵居筠切：“大頭。”按規律應該讀 gwan1'，此處變讀 gwang1,144,,已校,
2297,大頭佛,,daai6 tau4 fat6,,①跳加官戴的大鬼臉面具 ②指没腦筋、缺思想的人,144,,已校,NA：“跳加官”是傳統戲曲開場或喜慶宴會時的節目。
2298,大頭六火,,daai6 tau4 luk6 fo2,,舊時的一種裝六發子彈的轉輪手槍,144,,已校,
2299,大褸,,daai6 lau4*1,,大衣 ‖ 褸，廣韵侯韵落侯切：“衣襟”,144,,已校,
2300,大手大腳,,daai6 sau2 daai6 goek3,,花錢不在乎多少，隨便亂用錢,144,,已校,
2301,大䊆佬,,daai6 gau6 lou2,,大塊頭，大個子的男人 ‖ 䊆，廣韵有韵其九切：“糗米。”集韵音同：“説文舂糗也。”糗，去久切：“説文熬米麥也。”本義是團、塊狀的乾糧。也説“大隻佬”,144,,已校,
2302,大䊆衰,,daai6 gau6 seoi1',,傻大個兒，個子大而無用之人 ‖ 也説“高大衰 gou1' daai6 seoi1'”,144,,已校,
2303,大舅,,daai6 kau5,,妻之兄，大舅子（背稱）,144,,已校,
2304,大喉,,daai6 hau4,,粵劇唱腔的一種（相當於大花臉腔）,144,,已校,
2305,大喉腩,,daai6 hau4 naam5,,①喉嚨大，吃得多 ②貪心：佢好～㗎！,144,,已校,
2306,大口吧吧,,daai6 hau2 baa1' baa1',,形容建築物的豁口大，没遮擋：個門壞咗冇野遮，～，風吹入來好凍啊！ ‖ 吧，廣韵麻韵普巴切：“吧呀，大口貌”,144,,已校,
2307,大口扒扒,,daai6 hau2 paa4 paa4,,形容人或器物的口大：佢生得唔靚，～噉｜個罌～，好難搵野𰃴<⿱冖贛>[kʻɐm꜔꜒]蓋㗎！,144,,已校,
2308,大口扒,,daai6 hau2 paa4*2,,指嘴大的人,144,,已校,
2309,大口大面,,daai6 hau2 daai6 min6,,嘴大臉大的相貌,144,,已校,
2310,大母,,daai6 mou5*2,,夫之嫂（背稱） ‖ 也叫“阿母 aa3 mou5*2”,144,,已校,
2311,大渡,,daai6 dou6*2,,内河航行載客、貨的大木船，靠小火輪拖帶而行,144,,已校,
2312,大肚婆,,daai6 tou5 po4*2,,孕婦,145,,已校,
2313,大肚腩,,daai6 tou5 naam5,,①肚子肥胖 ②指大資本家，大富翁,145,,已校,
2314,大肚黄,,daai6 tou5 wong4*2,,口語中區分“黄”和“王”時用（因兩者同音）：你姓～定係三畫王啊？,145,,已校,
2315,大佬,,daai6 lou2,,①背後稱自己的哥哥。特指長兄 ②同輩男子之間互稱（相當於“大哥”、“哥們兒”）,145,,已校,
2316,大老爺,,daai6 lou5 je4,,①舊時僕人稱呼老主人 ②當面稱呼夫之父（排行老大的）,145,,已校,
2317,大早,,daai6 zou2,,①從前，很早以前 ②剛才，不久以前,145,,已校,
2318,大造,,daai6 zou6,,大年，果菜豐收之年：荔枝今年係～喎丨家下苦瓜～喇，好平啫！,145,,已校,
2319,大嫂,,daai6 sou2,,①長兄之妻（面稱、背稱均可） ②舊時對已婚婦女的尊稱,145,,已校,
2320,大蕉,,daai6 ziu1,,蕉的一種，呈三棱形，較短，不及香蕉甜美好吃 ‖ 也叫“鼓槌蕉 gu2 ceoi4 ziu1”,145,,已校,
2321,大小姐,,daai6 siu2 ze2,,對主人之長女的尊稱,145,,已校,
2322,大少,,daai6 siu3,,大少爺的簡稱,145,,已校,
2323,大少奶,,daai6 siu3 naai5*1,,大少奶奶,145,,已校,
2324,大笑姑婆,,daai6 siu3 gu1' po4,,愛大笑的女人,145,,已校,
2325,大貪,,daai6 taam1',,貪心之極，也指極貪之人：佢好～㗎，乜野都想要丨佢正～來㗎,145,,已校,
2326,大纜,,daai6 laam6,,小火輪拖渡船用的粗大纜繩，是以竹篾絞成的,145,,已校,
2327,大喊十,,daai6 haam3 sap6,,指亂講胡説、擾亂視聽的人,145,,已校,
2328,大𦛚,,daai6 nam6,,人胖而虛弱 ‖ 𦛚，集韵勘韵奴紺切：“𦛚䐺，肥貌。”也説“大穮”,145,,已校,
2329,大𦛚穮,,daai6 nam6 pau3,,指徒有其表而不中用之人，多用於孩子,145,,已校,
2330,大𦛚壽,,daai6 nam6 sau6,,指不聰明、不中用的小孩，動不動就滿地打滾的孩子,145,,已校,
2331,大心肝,,daai6 sam1' gon1',,指粗心大意、疏忽忘事的人,145,,已校,
2332,大嬸,,daai6 sam2,,對中年婦女的泛稱 ‖ 也叫“阿嬸 aa3 sam2”,145,,已校,
2333,大襟衫,,daai6 kam1 saam1,,舊時右側有紐扣的女式大襟上衣,145,,已校,
2334,大𰃴<⿱冖贛>鈎,,daai6 kam2 ngau1,,舊時稱日本式大蓋子槍 ‖ 𰃴<⿱冖贛>，集韵感韵古禫切：“蓋也。”古見母字，今口語讀如溪母,145,,已校,
2335,大妗,,daai6 kam5*2,,女家請來陪伴新娘的臨時性女用人。年輕的叫“大妗姐”。面稱時一律叫“大妗姐”,145,,已校,NA：現在（2020s）該詞“妗”一般不變調。
2336,大妗婆,,daai6 kam5 po4,,父親的舅母（面稱、背稱均可）,145,,已校,
2337,大妗有,,daai6 kam5 jau5,,大舅母（面稱、背稱均可） ‖ 本爲“大妗母”，因“母”和“冇”同音而改爲“有”,145,,已校,
2338,大板車,,daai6 baan2 ce1',,人力拉的四輪運貨板車,145,,已校,
2339,大番薯,,daai6 faan1' syu4*2,,①指人不靈活、動作笨拙 ②指腦子笨、不精明者：講極都唔明白，成個～噉 ‖ 也説“大碌薯 daai6 luk1 syu4*2”,145,,已校,
2340,大單,,daai6 daan1',,①大宗，大規模：有咁～生意咩丨呢件事的確好～嘅 ②出大事故，闖大禍：呢件野～嘞！,145,,已校,
2341,大儃,,daai6 taan3,,生活安逸，坐享清福：你家下又～喇 ‖ 儃，集韵翰韵他案切：“儃漫縱逸”,145,,已校,
2342,大難,,daai6 naan4,,懶於助人：佢好～嘅，唔使慌佢同你做丨～鬼<難求之人>,146,,已校,
2343,大難仔,,daai6 naan4 zai2,,舊時指不務正業的人、游手好閑的人,146,,已校,
2344,大簡妝,,daai6 gaan2 zong1,,簡妝即女人用的梳妝匣。喻整天陪伴老婆的人，也隱喻怕老婆者,146,,已校,
2345,大眼鷄,,daai6 ngaan5 gai1,,①魚名：～鹹魚 ②喻大眼睛的人 ③舊時一種運貨的大木船，船身刻有兩隻大眼睛，利用風帆航行,146,,已校,
2346,大笨象,,daai6 ban6 zoeng6,,大象,146,,已校,
2347,大陣仗,,daai6 zan6 zoeng6,,排場大：佢前日娶新婦大吹大打，～喇丨咪咁～喇<别這麽興師動衆吧>,146,,已校,
2348,大人婆,,daai6 jan4 po4,,舊時媳婦背稱夫之母 ‖ 也説“家婆 gaa1' po4*2”,146,,已校,
2349,大人公,,daai6 jan4 gung1',,舊時媳婦背稱夫之父 ‖ 也説“家公 gaa1' gung1”,146,,已校,
2350,大癮,,daai6 jan5,,熱衷於，對（某個事物）上癮：佢好～睇戲丨好～行街丨我好～食禾蟲,146,,已校,
2351,大鈍,,daai6 deon6,,腦子遲鈍，不聰明：佢好～㗎,146,,已校,
2352,大遴腞,,daai6 leon6 zeon6,,指行動不靈活、動作不利索的人，做事做不好、幹活不漂亮的人 ‖ 遴，廣韵震韵良刃切：“行難也。”腞，集韵慁韵徒困切：“行曳踵也。”又柱兗切,146,,已校,
2353,大安旨矣,,daai6 on1' zi2 ji5,,滿心指望，一心倚靠：我～佢去買菜，点知佢又有去丨你咪～我啊,146,,已校,
2354,大便,,daai6 bin6,,①拉屎 ②舊時指老式的房屋廳堂、書房的左邊地方，是上位（與“細便”相對）：張椅放喺～，唔好放喺細便,146,,已校,
2355,大癲大䛍,,daai6 din1' daai6 fai3,,嘻嘻哈哈地，没正形 ‖ 䛍，廣韵未韵方味切：“言急。”集韵：“多言也”,146,,已校,
2356,大癲大吊,,daai6 din1' daai6 diu3,,放浪形骸，不拘禮節，大大咧咧,146,,已校,
2357,大天二,,daai6 tin1' ji6*2,,稱霸一方的土皇帝，集地主、惡霸、官僚、土匪於一身的人。源於天九牌術語,146,,已校,
2358,大年初一流流,,daai6 nin4 co1' jat1 lau4 lau4,,大年初一的，表示節日隆重：～，唔好喊啊丨～，唔好亂講野！,146,,已校,
2359,大件,,daai6 gin6,,①（人）大塊兒，大個兒：佢好～喎 ②（物）大塊兒：啲豬肉切到好～丨抵食～,146,,已校,
2360,大件夾抵食,,daai6 gin6 gaap3 dai2 sik6,,合算，划得來。本義爲塊大又值得吃,146,,已校,
2361,大煙,,daai6 jin1,,鴉片煙：～館,146,,已校,
2362,大門口,,daai6 mun4 hau2,,①房屋的大門出口 ②指大户人家、豪門世家：姓陳嘅係～來㗎,146,,已校,
2363,大倌,,daai6 gun1,,大少爺的舊稱,146,,已校,
2364,大朋,,daai6 paang4*2,,①大家，衆人：將呢件事講畀～聽下喇丨將啲野拎出來畀～食喇 ②公家的，公衆的（與“私家”相對）：～飯，私家餸,146,,已校,
2365,大䂻,,daai6 zaang6,,拼命吃，盡量塞：佢好～㗎，一餐食五碗飯！ ‖ 䂻，廣韵映韵除更切：“塞也”,146,,已校,
2366,大廳,,daai6 teng1,,①大户人家房屋中最大的廳堂，是供神及祖先之處，也是逢重大事情全家聚集的處所 ②珠江上小艇的一種，載客渡江或游河 ‖ ②也叫“四柱大廳 sei3 zyu6 tai6 teng1”,146,,已校,
2367,大聲公,,daai6 seng1' gung1',,大嗓門兒的人,147,,已校,
2368,大聲夾惡,,daai6 seng1' gaap3 ok3,,嗓門兒大且惡聲惡氣,147,,已校,
2369,大頸泡,,daai6 geng2 paau1,,大脖子，甲狀腺腫大病,147,,已校,
2370,大兵頭,,daai6 bing1 tau4,,舊時指洋人軍官 ‖ 也叫“鬼頭 gwai2 tau4*2”,147,,已校,
2371,大情大性,,daai6 cing4 daai6 sing3,,不懂世故人情；放達，不受任何拘束,147,,已校,
2372,大娘,,daai6 noeng4*1,,①舊時指（女人）俗氣、鄉村氣：佢好～嘅 ②多嘴多舌的女人：佢正式係～吖,147,,已校,
2373,大腸頭,,daai6 coeng4 tau4,,豬的大腸,147,,已校,
2374,大相,,daai6 soeng3*2,,舊時對男子的尊稱，大相公的簡稱,147,,已校,
2375,大鄉里,,daai6 hoeng1' lei5,,鄉巴佬，土包子：今匀我係～入城,147,,已校,
2376,大洋,,daai6 joeng4*2,,銀元，光洋,147,,已校,
2377,大堂,,daai6 tong4,,戲院、大酒家的門廳或大廳,147,,已校,
2378,大艙,,daai6 cong1',,輪船或渡船的最低等的艙位，在船的最下層,147,,已校,
2379,大剛錢,,daai6 gong1' cin4,,舊時制錢之最大、最完好者,147,,已校,
2380,大糠,,daai6 hong1',,最粗的糠 ‖ 也叫“老糠 lou5 hong1'”,147,,已校,
2381,大行大當,,daai6 hong4 daai6 dong3,,大鋪子，大買賣,147,,已校,
2382,大光燈,,daai6 gwong1' dang1,,①一種光度很强的燒煤油、需要打氣的汽燈 ②歇後語。下句爲“㗾㗾聲”，即只會瞎叫嚷，不會幹,147,,已校,
2383,大王眼,,daai6 wong4 ngaan5,,比喻人兇惡，遇事要占先：你咁～嘅！,147,,已校,
2384,大懵,,daai6 mung5*2,,①極傻的人：～佬｜～婆｜嗰個～來㗎！ ②馬虎大意的人,147,,已校,
2385,大冬瓜,,daai6 dung1' gwaa1',,比喻塊頭大而無用的人、動作蠢笨不靈活的人,147,,已校,
2386,大筒襪,,daai6 tung4 mat6,,舊時的布襪子，上下一樣粗細,147,,已校,
2387,大餸,,daai6 sung3,,吃菜多，能吃菜：整多啲菜喇，佢好～㗎！‖ 餸，俗字，下飯菜肴的統稱，本字爲“送”,147,,已校,
2388,大紅花轎,,daai6 hung4 faa1' giu6*2,,舊式婚禮儀式中，新娘坐的轎子,147,,已校,
2389,大紅柿,,daai6 hung4 ci5*2,,柿子的一種，大紅色，軟而甜,147,,已校,
2390,大紅酸枝,,daai6 hung4 syun1' zi1',,酸枝木中最好的一種，黑中透紅，可製造高級家具,147,,已校,
2391,大甕缸,,daai6 ung3 gong1,,最大號的缸，北方叫“皮缸”,147,,已校,
2392,大粒,,daai6 lap1,,比喻官大、地位高：呢個人好～㗎｜～佬,147,,已校,
2393,大粒野,,daai6 lap1 je5,,有地位有勢力的人 ‖ 也説“大粒佬 tai6 lap1 lou2”或“大枝野”,147,,已校,
2394,大粒煙,,daai6 lap1 jin1,,①燒好的大的鴉片煙泡 ②指鴉片煙癮很大的人,147,,已校,
2395,大喼槍,,daai6 gip1 coeng1,,舊時的一種獵槍，裝火藥及鐵砂 ‖ 喼，俗字,147,,已校,
2396,大發,,daai6 faat3,,舊時的一種糕，白色，味甜，比鬆糕更鬆，在茶果鋪可買到：鬆糕～,147,,已校,
2397,大押,,daai6 aat3*2,,舊時的一種當鋪，當期一年（與當期爲半年的“小押”相對）,147,,已校,
2398,大吉利市,,daai6 gat1 lei6 si6,,大吉大利,147,,已校,
2399,大骨,,daai6 gwat1,,①豬骨之大者（頭骨、脊骨、排骨除外） ②喻無利可圖之事或買賣：呢啲～來嘅！唔好做嘞,147,,已校,
2400,大骨頭,,daai6 gwat1 tau4*2,,舊時指下層的乞丐頭目,148,,已校,
2401,大葛,,daai6 got3,,葛的一種，其根可做菜煮湯，也可製葛粉,148,,已校,
2402,大節流流,,daai6 zit3 lau4 lau4,,大節日的，大節下的（表示隆重）：～，唔好亂噏[ŋɐp˥]<説>啊！,148,,已校,
2403,大熱水,,daai6 jit6 seoi2,,燒水時，快到起小水泡時的水,148,,已校,
2404,大熱症,,daai6 jit6 zing3,,傷寒病的俗稱,148,,已校,
2405,大伯,,daai6 baak3,,夫之兄，大伯子（背稱） ‖ 也叫“大伯爺 daai6 baak3 je4*1”,148,,已校,
2406,大白菜,,daai6 baak6 coi3,,①大的本地白菜 ②北方來的白菜,148,,已校,
2407,大宅,,daai6 zaak6*2,,舊時指自己大兒子的家,148,,已校,
2408,大賊,,daai6 caak6,,舊時指人數衆多的土匪集團，至少百人以上而且有機槍的,148,,已校,
2409,大笛,,daai6 dek6*2,,大號的嗩呐，舊式出殯時的主樂器，唱戲時也用：吹～,148,,已校,
2410,大隻佬,,daai6 zek3 lou2,,大塊頭，大個子的男人 ‖ 也説“大䊆佬”,148,,已校,
2411,大隻𡚗𡚗,,daai6 zek3 leoi4 leoi4,,五大三粗，膀大腰圓（帶貶義）：～，你又唔知衰 ‖ 𡚗，集韵賄韵魯猥切：“大也。”古次濁上聲本應讀陽上，今口語變讀陽平,148,,已校,
2412,大石浮頭,,daai6 sek6 pou4 tau4,,喻不可能的事：佢噉做都得啊，大石都浮頭嘞！ ‖ 浮，文讀 fau4，這裏是白讀,148,,已校,
2413,大石笮死蟹,,daai6 sek6 zaak3 sei2 haai5,,大石頭能壓死螃蟹，喻被迫服從，屈服於壓力之下 ‖ 笮，廣韵陌韵側伯切：“…又迫也”,148,,已校,
2414,大食,,daai6 sik6,,食量大：佢好～嘅，食咗咁多野都重未飽喎｜～鬼<駡能吃的人>,148,,已校,
2415,大食懶,,daai6 sik6 laan5,,好吃懶做的人,148,,已校,
2416,大腳色,,daai6 goek3 sik1,,①大人物，有權勢的人物 ②大塊頭，有力氣的人：搵個～來幫手,148,,已校,
2417,大腳式,,daai6 goek3 sik1,,①大腳丫子 ②指纏過足又放開的女人,148,,已校,
2418,大鑊,,daai6 wok6,,①大鐵鍋 ②出大問題，捅了大婁子：呢件野～嘞｜攪到咁～,148,,已校,
2419,大鑊飯,,daai6 wok6 faan6,,大鍋飯：食～,148,,已校,
2420,大碌藕,,daai6 luk6 ngau5,,①很會吃喝玩樂的人，好花錢享樂的人：呢個係～來嘅 ②很安逸，享樂：佢家下～咯｜佢又佮埋啲豬朋狗友去～咯,148,,已校,
2421,大碌竹,,daai6 luk6 zuk1,,特指一種用粗竹筒製作的水煙筒 ‖ 俗名“水鷄 seoi2 gai1”,148,,已校,
2422,大叔,,daai6 suk1,,舊時泛指叔輩 ‖ 現在叫“阿叔 aa3 suk1”,148,,已校,
2423,大模斯樣,,daai6 mou4 si1' joeng6,,大模大樣，不講禮貌客氣,148,,已校,
2424,大人大者,,daai6 jan4 daai6 ze2,,成年人的泛稱，老大不小的：～同啲細路哥爭乜野啊！,148,,已校,
2425,呔,,taai1,,①橡膠車輪的内胎：車～｜補～｜爆～ ②領帶：打～ ‖ ①英文 tyre 的音譯俗字。②英文 tie 的音譯俗字，也叫“領呔 leng5 taai1”,148,,已校,
2426,軚,,taai5,,汽車的方向盤：揸～｜把～｜把穩～｜左～<在車左側的方向盤> ‖ 廣韵泰韵待蓋切：“車轄。”古全濁去聲，今讀如陽上。借用義近、音近字,148,,已校,
2427,舦,,taai5,,船上的舵輪：把穩～丨～房<舵室>丨攞掂～<把正舵>丨揸穩～<喻拿定主意> ‖ 集韵泰韵他蓋切：“舟行。”古清音去聲，今讀如陽上。借用義近、音近字,149,,已校,
2428,太,,taai3*2,,太太的簡稱：王～丨老～,149,,已校,
2429,太嫲,,taai3 maa4,,曾祖母（面稱、背稱均可）‖ 嫲，俗字。也叫“太婆 taai3 po4”,149,,已校,
2430,太爺,,taai3 je4,,①曾祖父（面稱、背稱均可）②舊時指縣官,149,,已校,
2431,太座,,taai3 zo6,,尊夫人（戲稱）,149,,已校,
2432,太子爺,,taai3 zi2 je4*2,,舊時指大少爺、少東家：佢係呢間鋪嘅～ ‖ 簡稱“太子”,149,,已校,
2433,太師椅,,taai3 si1' ji2,,舊式木椅，靠背及扶手呈圓弧形,149,,已校,
2434,太太,,taai3 taai3*2,,舊時對已婚婦女的尊稱：張～,149,,已校,
2435,太奶奶,,taai3 naai4 naai2*2,,舊時稱呼新郎的祖母,149,,已校,NA：注音疑似應爲“taai3 naai5*4 naai5*2”
2436,太老爺,,taai3 lou5 je4,,舊時面稱丈夫的祖父,149,,已校,
2437,太公,,taai3 gung1',,①曾祖父 ②祖先的統稱：拜～,149,,已校,
2438,太公婆,,taai3 gung1' po4*2,,統稱祖先：拜～丨敬～,149,,已校,
2439,太空褸,,taai3 hung1' lau4*2,,連接帽子的棉大衣，棉猴兒,149,,已校,NA：“褸”注音疑似應爲lau1。
2440,泰視,,taai3 si6,,①不幹活兒，無所事事：佢喺屋企好～㗎丨也你坐得咁～㗎！②自高自大，自作主張，主觀：你睇佢做野幾～丨佢講野好～㗎,149,,已校,
2441,𬦠<⿰𧾷乃>,,naai2,,踩，踐踏：～死蟻丨佢上瓦頂～爛好多瓦 ‖ 俗字,149,,已校,
2442,𬦠<⿰𧾷乃>架步,,naai6 gaa3 bou6,,摸底，探聽情况,149,,已校,
2443,𬦠<⿰𧾷乃>死蟻,,naai6 sei2 ngai5,,踩死螞蟻，形容走路太慢：佢行路好似～噉,149,,已校,
2444,乃乃閑,,naai5 naai5 haan4,,清閑，不慌不忙，慢條斯理,149,,已校,
2445,乃念,,naai5 nim6,,想着，體念：我～你有個細路哥喺屋企，唔畀你去咁遠出差丨你～下佢点樣對你啊！,149,,已校,
2446,奶,,naai5,,①乳房 ②乳汁：牛～丨羊～,149,,已校,
2447,奶,,naai5*1,,詞素。用於女人：少～丨師～丨二～<妾>丨姑～<夫之姐>,149,,已校,
2448,奶媽,,naai5 maa1,,僱來奶孩子的婦女 ‖ 俗稱“濕腰 sap1 jiu1”,149,,已校,
2449,奶糊,,naai5 wu4*2,,牛奶加配料做的甜食：椰子～,149,,已校,
2450,奶奶,,naai4 naai2,,①夫之母（面稱）②女僕稱呼女主人,149,,已校,
2451,奶膽,,naai5 daam2,,乳白電燈泡的簡稱,149,,已校,
2452,奶泵,,naai5 bam1,,産婦用的吸奶器 ‖ 泵，俗字，英文 pump 的音譯,149,,已校,
2453,奶樽,,naai5 zeon1,,奶瓶,149,,已校,
2454,褦,,naai3,,①搭配，（好壞）間雜：兩公婆梗係好嘅～醜嘅丨賣豬肉係肥瘦～開丨南安臘鴨，隻～隻<歇後語。好的搭次的> ②拖帶，帶領：我～你去喇丨～住個仔行街丨火船仔～埋隻渡[tou˨꜔꜒]<渡船>行丨～埋一堆 ③粗略地拴住：搵條繩～住隻牛丨～住隻艇 ‖ 集韵代韵乃代切：“褦襶，不曉事。”這裏是借用,149,,已校,
2455,褦刀,,naai3 dou1,,用刀切物時没有完全切斷，每每幾片相連：砧板唔平，切黄瓜都～嘅 ‖ 也説“拖刀 to1' dou1'”,149,,已校,
2456,孻,,laai1,,①最末的：～仔丨～女丨～仔～女拉心肝 ②最小的：阿～丨豬～丨瓜～ ‖ 俗字,150,,已校,
2457,孻尾,,laai1 mei5*1,,最後，末了：我行最～丨～嗰個係边個啊<最後的那個是誰呀>？ ‖ 也説“尾孻”,150,,已校,
2458,拉,,laai1',,①扯，拖：～住佢丨～人落水丨～大纜丨～船 ②捕捉：警察～人丨佢因乜野事畀人～呢？丨老虎～豬丨老鼠～龜 ③演奏（某些樂器）：～二胡丨～二弦丨～手風琴丨～提琴,150,,已校,
2459,拉家伙,,laai1' gaa1' fo2,,拿出武器，準備打架,150,,已校,
2460,拉扯,,laai1' ce2,,①平均：你一年～寫幾多字度[tou˨꜔꜒]<大約，左右>呢？丨佢～一個月有幾多收入呢？ ②合着，伙着：佢兩個好好，啲錢～用㗎丨工夫～做喇丨喂，我地兩個嘅荷包～下好啩<嘿，我們兩人的錢合着用好嗎>？,150,,已校,
2461,拉鋸,,laai1' goe3,,①用鋸鋸木頭 ②雙方都推搪：佢兩個將我來～ ‖ 鋸，讀書音 geoi3，這裏是口語音,150,,已校,
2462,拉個平過,,laai1' go3 ping4 gwo3,,①不賺不賠：我呢趟生意～ ②不輸不贏：佢今日賭錢～,150,,已校,
2463,拉埋天窗,,laai1' maai4 tin1' coeng1',,俗指爲兒子完婚,150,,已校,
2464,拉差,,laai1' caai1',,①軍隊出發 ②離開，走人：我～嘞,150,,已校,
2465,拉柴,,laai1' caai4,,死亡的俗稱,150,,已校,
2466,拉掣,,laai1' zai3,,拉繩的電燈開關 ‖ 掣，俗借字，本字爲“制”,150,,已校,
2467,拉頭纜,,laai1' tau4 laam6,,牽頭，帶頭 ‖ 也説“扯頭纜 ce2 tau4 laam6”或“帶頭 daai3 tau4”,150,,已校,
2468,拉纜,,laai1' laam6,,拉縴，人力拉船逆水而行,150,,已校,
2469,拉衫尾,,laai1' saam1 mei5,,指女人非正式結婚而到男家：佢係～入門嘅 ‖ 也説“絣衫尾 meng3 saam1 mei5”,150,,已校,
2470,拉參,,laai1' sam1,,（土匪）綁票兒，綁架人質，勒索贖金 ‖ 也説“勡參 piu1' sam1”,150,,已校,
2471,拉匀,,laai1' wan4,,平均，拉平：～計有幾多？,150,,已校,
2472,拉麵,,laai1' min6,,用手拉成的麵條，北方叫“抻麵”,150,,已校,
2473,拉綫,,laai1' sin3,,搭綫，介紹：幫佢地拉下綫喇 ‖ 也説“扯綫 ce2 sin3”,150,,已校,
2474,拉絣,,laai1' mang3,,借（錢財）：我支應唔來，要～啲錢使丨我都係～來使嘅咋,150,,已校,
2475,拉腸,,laai1' coeng4*2,,布拉腸粉的簡稱。即用屜布墊在底下蒸熟的腸粉，蒸好後把屜布拉掉，故名,150,,已校,
2476,拉相好,,laai1' soeng1' hou2,,套近乎，套交情：本來我唔識佢嘅，佢夾硬同我～嘅<他硬是和我拉交情罷了>！,150,,已校,
2477,拉上補下,,laai1' soeng6 bou2 haa6,,裁長補短,150,,已校,
2478,拉客仔,,laai1' haak1 zai2,,爲旅店或運輸車輛拉客的人,150,,已校,
2479,拉尺,,laai1' cek3,,捲尺，金屬製的軟尺，可捲起,150,,已校,
2480,𢅭襶,,laai4 daai1',,①衣衫藍縷，衣着不整：睇佢幾～！ ②做事情有頭無尾、拖拖拉拉、吊兒郎當：佢做好野～㗎！  ‖ 𢅭，集韵駭韵洛駭切：“𢅭𢄌，衣破。”古上聲，此處變讀陽平調。襶，俗借字,150,,已校,
2481,𢅭𢅭𢄌𢄌,,laai4 laai4 saai4 saai4,,衣着不整齊、不修邊幅的樣子 ‖ 𢅭，集韵駭韵師駭切：“𢅭𢄌，衣破。”古上聲，今變讀陽平,151,,已校,
2482,𦧺,,laai2,,用舌頭舔：～碗～碟｜～口唇｜～乾凈隻手指添！ ‖ 俗字,151,,已校,
2483,𦧺屎胐,,laai2 si2 fat1,,舔屁股，指拍馬屁 ‖ 胐，廣韵没韵有“胐”，苦骨切：“胐臀，俗又作𦜇”,151,,已校,
2484,𢅭𢅭㡁㡁,,laai5 laai5 kwaai5 kwaai5,,①衣服不合身 ②敞開懷，不扣胸前紐：着衫着到～｜件衫着起～ ‖ 㡁，集韵蟹韵枯買切：“小衫曰㡁。”古清音上聲應讀陰上，此處受前字調同化而變讀陽上,151,,已校,
2485,𢅭㡁先生,,laai5 kwaai5 sin1' saang1',,不修邊幅的讀書人,151,,已校,
2486,癩仙,,laai3 sin1,,戲指長疥瘡者,151,,已校,
2487,勑厚,,laai6 hau6,,交情好，友誼深厚：阿陳同我好～嘅！ ‖ 勑，廣韵代韵落代切：“勞也。”厚，古全濁上聲今讀陽上，但此處讀陽去,151,,已校,
2488,賴,,laai6,,①怪罪：你打爛碗重要～我 ②欠錢不還：～數｜～債,151,,已校,
2489,賴貓,,laai6*3 maau1,,耍賴，説了不認賬：佢好～㗎，講咗又唔認｜～君<耍賴者>,151,,已校,
2490,賴驢,,laai6 leoi4,,耍賴，矯情：唔好同佢玩啊，佢好～㗎！,151,,已校,
2491,賴賬,,laai6 zoeng3,,欠賬不還，借錢不還 ‖ 也説“賴數 laai6 sou3”,151,,已校,
2492,攋,,laai6,,①遺下，因忘記而丢下：我～落本書喺你處｜細路哥凈係～屎～尿 ②留下：我唔帶你去，～低你 ‖ 集韵駭韵洛駭切：“把攋，棄去也。”又落蓋切,151,,已校,
2493,攋字,,laai6 zi6,,漏字：佢抄野時常～嘅｜我寫信攋咗幾個字,151,,已校,
2494,攋屎,,laai6 si2,,控制不住而拉屎：咁大個仔重～啊？,151,,已校,
2495,攋屎阿瓜,,laai6 si2 aa3 gwaa1,,指冒充有錢少爺者,151,,已校,
2496,攋頭撒尾,,laai6 tau4 saat3 mei5,,丢三落四，做事有頭無尾：佢做野～嘅,151,,已校,
2497,攋尿,,laai6 niu6,,失控而遺尿,151,,已校,
2498,攋尿蝦,,laai6 niu6 haa1,,①琵琶蝦的俗名 ②戲指愛遺尿的小孩,151,,已校,
2499,瀨,,laai6,,（少量）澆，灑：腸粉要～啲豉油落去｜食魚生粥～啲麻油至好食啊！ ‖ 俗借字,151,,已校,
2500,瀨花,,laai6 faa1,,①澆花，淋花 ②澆製花紋：啲奶油蛋糕係～嘅,151,,已校,
2501,瀨酒,,laai6 zau2,,①把酒灑在地上以祭死者 ②做菜時放少許酒於菜肴中以調味：煮魚要瀨啲酒落去,151,,已校,
2502,瀨粉,,laai6 fan2,,米粉條的一種，用特製器具把濕米粉漏到開水鍋中煮熟，短粗如小指，吃時拌以各種調料,151,,已校,
2503,齋,,zaai1,,①屋子，用做商店的名稱：致美～ ②作爲著名素菜肴的名稱：羅漢～,151,,已校,
2504,齋,,zaai1',,①素食：食～｜～月｜～姑 ②素的（與葷相對）：～火腿｜～鹵味｜～粉｜～菜｜～料｜～粥｜～燒鴨,151,,已校,
2505,齋婆,,zaai1' po4*2,,長年吃素或只在每月初一、十五吃素的女人,151,,已校,
2506,齋姑,,zaai1' gu1,,帶髮修行的女人，住在齋堂中，長年吃素,151,,已校,
2507,齋菜,,zaai1' coi3,,烹製素菜肴的食物，包括黄花菜、木耳、香菇、草菇、腐竹、甜竹、粉絲、髮菜等 ‖ 有人叫“齋料 zaai1' liu6*2”,152,,已校,
2508,齋鹵味,,zaai1' lou5 mei6*2,,素什錦，由多種素食（豆製品、麵筋、香菇、木耳、豌豆、黄花菜等）做成的食品,152,,已校,
2509,齋堂,,zaai1' tong4*2,,齋姑住的地方,152,,已校,
2510,齋酌,,zaai1' zoek3,,辦喪事的人家請賓客吃飯 ‖ “齋”字由“打齋”而來，参看“打齋 daa2 zaai1'”,152,,已校,
2511,債仔,,zaai3 zai2,,債户，欠債的人 ‖ 也叫“債户 zaai3 wu6”,152,,已校,
2512,債墩,,zaai3 dan2,,債臺高築的人 ‖ 墩，本音 dan1，這裏是變讀音,152,,已校,
2513,寨口,,zaai6*2 hau2,,舊時指妓院：佢撈～飯食啊<他以開妓院爲生>,152,,已校,
2514,差使,,caai1' sai2,,支使，使喚：～佢去做,152,,已校,
2515,差人,,caai1' jan4,,警察 ‖ 香港多用，也叫“差佬 caai1' lou2”,152,,已校,
2516,差房,,caai1' fong4*2,,舊時指官方的拘留所,152,,已校,
2517,猜枚,,caai1' mui4*2,,猜拳，划拳,152,,已校,
2518,猜呈沉,,caai1' cing4 cam4,,小孩玩的猜拳遊戲，用手勢做出“包袱、剪刀、石頭”以決輸赢 ‖ 呈沉，同音字,152,,已校,
2519,搓,,caai1',,①托，打排球的一種手法，即用手將球彈起：～排球 ②踢，幾人圍着踢來踢去：～燕[in˧꜔꜒]<踢毽子> ③數人圍着推、摸：～麻雀<玩麻將牌> ‖ 集韵皆韵初皆切：“推擊也”,152,,已校,
2520,搓排球,,caai1' paai4 kau4,,①托排球 ②喻彼此互相推諉,152,,已校,
2521,搋,,caai1',,用手揉：～下啲麵｜～到佢韌[ŋɐn˨]｜～粉要～匀 ‖ 廣韵皆韵丑皆切：“以拳加物”,152,,已校,
2522,柴,,caai4,,木柴：松～｜雜～｜斬～｜攞～,152,,已校,
2523,柴,,caai4*2,,①碎木片：刨口～ ②小木棍兒：火～,152,,已校,NA：現在（2020s）“火柴”一詞一般不變調。
2524,柴把,,caai4 baa2,,腌製的大頭菜切成絲再紥成的小把，用以配製菜肴：～鴨,152,,已校,
2525,柴花,,caai4 faa1,,用以引火的柴，生火時用它易於點燃，這種柴破得很細，在其一端破成開花狀，故名,152,,已校,
2526,柴魚,,caai4 jyu4,,朝鮮産的一種乾魚，是海味中之最賤者，多用以煮湯或煮粥，北京管這種魚之鮮者叫“明太魚”：～花生粥,152,,已校,
2527,柴山,,caai4 saan1',,盛産燒柴的山林,152,,已校,
2528,柴癭,,caai4 ang1,,木柴棒上有横枝之處，樹疙瘩：破柴最難破嗰䊆[kɐu˨]<塊>～｜大～<喻難辦的事> ‖ 也叫“柴綟 caai4 lit3”。癭，集韵清韵伊盈切：“頸疾。”又靜韵於郢切：“説文頸瘤也。”古梗攝三等字今應讀 ing 韵，口語變讀梗攝二等 ang 韵,152,,已校,
2529,儕,,caai4,,大家起哄、嘲笑：我地去～下佢至得｜～衰佢,152,,已校,
2530,儕嘩嘩,,caai4 waa1 waa1,,①衆人参與説笑、神聊：一班人喺處～ ②大家合伙：呢間野幾個人～做嘅啫<這個鋪子是幾個人合伙幹的>,152,,已校,
2531,儕臺,,caai4 toi4,,①喝倒彩，喊倒好兒 ②拆臺，揭露：佢咁衰，儕佢嘅臺<他那麼壞，揭穿他>,152,,已校,
2532,踩,,caai2,,①腳踏：～親腳｜～死蟻 ②腳蹬使前進或轉動：～單車｜～三輪｜～雪屐｜～水車 ③走（繩索之類）：～軟索｜～鋼綫<走鋼絲> ‖ 口語有時讀 jaai2,152,,已校,
2533,踩錯腳,,caai2 co3 goek3,,失腳，一腳踏空：我今日～跌喺度,153,,已校,
2534,踩軟索,,caai2 jyun5 sok3,,①走纜繩，雜技的一種 ②指做賊,153,,已校,
2535,踩踭,,caai2 zaang1,,後鞋幫踩得倒下：你對鞋都～咯！｜佢着鞋着到～,153,,已校,
2536,踩燈花,,caai2 dang1 faa1,,上燈時跟着屋主人的後腳閃進屋内偷東西的賊,153,,已校,
2537,踩鋼綫,,caai2 gong3 sin3,,走鋼絲，雜技的一種,153,,已校,NA：現在（2020s）該詞中“綫”一般變調讀sin3*2。
2538,踩着西瓜皮,,caai2 zoek6 sai1' gwaa1' pei4,,喻自己倒運、倒霉,153,,已校,
2539,踩腳唔落,,caai2 goek3 m4 lok6,,没有下腳的地方，形容地方又髒又亂：間房～,153,,已校,
2540,㩄,,saai1',,①浪費，耗費：～錢｜大～｜～心機｜～氣｜～力 ②大材小用：叫佢做呢啲工作，～咗佢啊！ ③夭折的委婉説法：～咗個細路哥 ④衆人起哄嘲笑：佢咁衰，大家～下佢喇！ ‖ 集韵皆韵山皆切：“散失也”,153,,已校,
2541,㩄晒,,saai1' saai3,,因失掉機會而感到遺憾：咁好野唔買得到，～喇 ‖ 晒，同音字，義爲“太、全”，加强語氣,153,,已校,
2542,㩄氣,,saai1' hei3,,費氣，費勁兒：同你講多都～啊｜我都費事同佢～,153,,已校,
2543,㩄心機,,saai1' sam1 gei1',,費心思，勞心：呢份工作真係～捱眼瞓<這工作真是又勞心又得熬夜>,153,,已校,
2544,㩄撻,,saai1' taat3,,糟蹋，浪費：唔好～野啊！,153,,已校,
2545,舐,,saai3*2,,以舌舔物：用條脷～下 ‖ 廣韵紙韵神紙切：“以舌取物。”古紙韵今應讀 i 韵，今口語讀 aai 韵如蟹攝二等,153,,已校,
2546,晒,,saai3,,副詞。①統統，完全：我食～啲飯咯，冇～咯｜工夫做起～嘞｜我啲書畀～你咯｜你身子好返～未啊？｜啲碗打爛～｜弊咯！唔見～啲錢咯｜你執好～行李咩？｜亂～籠<全亂套了>｜面都紅～ ②太（加重語氣）：益～你嘞<太便宜你了>｜多謝～｜唔該～｜多得～<太感激了>｜麻煩～｜滾攪～<太打擾了>｜阻～你<太耽擱你了>｜失禮～<太現眼了> ③足：隻豬夠～肥<這豬足夠肥了>｜夠唔夠飯食啊？——夠～嘞 ④最：你惡～喇｜讓你大～<你最利害>｜阿媽惜[sɛk˧]～你<媽媽最疼你>｜呢個細路仔真係𥌮[lɛk˥]～<這個小孩子最聰明> ⑤顯得，真是：着咗件新衫，成個人靚～｜飛咗髮，精神～｜冲咗涼，舒服～ ‖ 同音簡化字,153,,已校,
2547,曬,,saai3,,①太陽照射：～衫｜～書｜～乾啲柴 ②被（太陽）照射：～熱頭｜～太陽 ③陽光很充足强烈：呢邊屋好～㗎！,153,,已校,
2548,曬野,,saai3 je5,,指自誇、賣弄自己：佢又來～嘞！,153,,已校,
2549,曬書櫃,,saai3 syu1' gwai6,,舊時指賣弄自己的學問 ‖ 也説“丢書包 diu1' syu1' baau1”,153,,已校,
2550,曬地,,saai3 dei6*2,,晾曬東西的大片場地,153,,已校,
2551,曬衫夾,,saai3 saam1 gip6*2,,晾衣服用的夾子,153,,已校,
2552,曬人,,saai3 jan4,,數落人，派人不是,153,,已校,
2553,曬棚,,saai3 paang4*2,,房頂上面的曬臺 ‖ 也叫“天棚 tin1' paang4*2”或“天臺 tin1' toi4*2”,153,,已校,
2554,曬命,,saai3 meng6,,自誇命運好、有福氣：佢又喺處～嘞｜嗰個野好～嘅｜你家下～喇，去買野又唔使你，煮飯又唔使你,153,,已校,
2555,佳紋席,,gaai1' man4 zek6,,紋路細密的一種席,154,,已校,
2556,佳廣,,gaai1' gwong2,,舊時指繁盛、繁華、廣闊：廣州市好～嘅,154,,已校,
2557,皆因,,gaai1' jan1',,因爲,154,,已校,
2558,階磚,,gaai1' zyun1,,①陶瓷做的扁平的鋪地用磚：花～丨七彩～丨呢啲地要鋪～ ②撲克牌四種花色之一，即方塊 ‖ ②也叫“鑽石 zyun3 sek6”,154,,已校,
2559,街知巷聞,,gaai1' zi1' hong6 man4,,家喻户曉,154,,已校,
2560,街市,,gaai1' si5,,菜市場,154,,已校,
2561,街市仔,,gaai1' si5 zai2,,市井之徒，擺攤賣菜的 ‖ 也叫“市頭仔 si5 tau4*2 zai2”,154,,已校,
2562,街喉,,gaai1' hau4,,公共的大水管：接～,154,,已校,
2563,街數,,gaai1' sou3,,外賬：收～,154,,已校,
2564,街招,,gaai1' ziu1,,街上粘貼的招貼、廣告：貼～,154,,已校,
2565,街綫,,gaai1' sin3,,街上的電綫，外綫：駁～<接外綫>,154,,已校,
2566,街燈,,gaai1' dang1,,路燈的舊稱,154,,已校,
2567,街坊,,gaai1' fong1,,鄰里，鄰居：佢係我老～丨～大姐,154,,已校,
2568,街坊鬼鬼,,gaai1' fong1 gwai2 gwai2,,街里街坊，街坊里道。表示街坊鄰里相熟的説法,154,,已校,
2569,街坊菜,,gaai1' fong1 coi3,,普普通通的又便宜又好吃的家常菜,154,,已校,
2570,街閘,,gaai1' zaap6,,舊時街巷口設的閘門，晚上關鎖以防盜賊,154,,已校,
2571,解,,gaai2,,①解釋：呢個詞点樣～法？丨你～畀我聽丨～書要～明白 ②使束縛的東西脱開：～開粒紐喇丨～鞋帶丨褲頭帶好惡～嘅！ ③解除，消除：～渴丨～毒丨～熱丨～藥丨～悶丨食蘿蔔係～參嘅丨～下心煩丨～暑丨～酒 ④分開：～剖丨瓦～,154,,已校,
2572,解究,,gaai2 gau3,,理由，道理：有乜野～？丨你噉講冇～嘅！,154,,已校,
2573,解纜,,gaai2 laam6,,船起錨準備開航：行船爭～，買賣占先頭<熟語>,154,,已校,
2574,解簽,,gaai2 cim1,,在神廟中求簽之後，請人來解釋簽中的含意 ‖ 也叫“拆簽 caak3 cim1”,154,,已校,
2575,解悶,,gaai2 mun6,,消除心中的煩悶：唱木魚書來解下悶喇,154,,已校,
2576,解夢,,gaai2 mung6,,圓夢，解釋夢的吉凶：舊時～就要睇通書嘅嘞,154,,已校,
2577,解綟,,gaai2 lit3,,①解開結，解疙瘩：幫我解開個綟喇 ②解決難題：佢呢個綟点至解得開呢？,154,,已校,
2578,刉,,gaai3,,①鋸，割：～木丨～板丨～欖核丨～玻璃丨畀刀～親手指 ②裁，劃：～開張紙丨～一條痕丨唔好～花個枱面啊 ‖ 集韵代韵居代切：“割也。”古蟹攝一等今應讀 oi 韵，今口語讀 aai 韵如二等,154,,已校,
2579,刉喉刉脷,,gaai3 hau4 gaai3 lei6,,吃了刺激物後嗓子和舌頭的感覺，北方説“刺嗓、刺舌頭”,154,,已校,
2580,戒,,gaai3,,斷絶，禁絶：～煙丨～賭丨～嫖丨～酒丨～飲丨～食甜野,154,,已校,
2581,戒指,,gaai3 zi2,,指環：金～丨玉～丨鑽石～丨珍珠～,154,,已校,
2582,戒口,,gaai3 hau2,,有病戒吃某些食物，忌口：～就食茶瓜喇丨～就要食啲清凈嘅野,154,,已校,
2583,戒方,,gaai3 fong1,,用結實木頭做的長方形木塊，塾師用來鎮嚇頑童。又，裁衣服時用以壓布,155,,已校,
2584,芥菜,,gaai3 coi3,,大芥菜和芥菜仔的統稱,155,,已校,
2585,芥菜仔,,gaai3 coi3 zai2,,小芥菜，不同於大芥菜，味較苦，性涼，夏天上市最多,155,,已校,
2586,芥藍,,gaai3 laan4*2,,甘藍菜，是廣州常見蔬菜之一：牛肉炒～ ‖ 藍 laam4 變讀爲 laan4，俗寫作“蘭”,155,,已校,
2587,芥藍頭,,gaai3 laan4*2 tau4,,球莖甘藍，廣州常見蔬菜之一，北方叫“苤藍”,155,,已校,
2588,芥醬,,gaai3 zoeng3,,芥末和海鮮醬的總稱，舊時飯館餐桌上的必備調味品,155,,已校,
2589,芥辣,,gaai3 laat6,,芥末調成的膏狀物,155,,已校,
2590,芥末,,gaai3 mut6,,芥子研成的粉末，是調味品,155,,已校,
2591,界,,gaai3,,①界限：撈過～｜地～｜山～｜田～｜省～｜屋～ ②界石：埋一條～喺處<在這兒埋一塊界石> ③一定的範圍：開下眼～｜管～,155,,已校,
2592,解犯,,gaai3 faan6*2,,押送犯人,155,,已校,
2593,解館,,gaai3 gun2,,舊時指私塾到年底散學,155,,已校,
2594,楷,,kaai2,,量詞。瓣，用於果品：一～柑｜兩～橘｜三～碌柚<柚子> ‖ 同音字,155,,已校,
2595,𢬿,,kaai3,,介詞。①將，把：～佢來做樣｜～我來鬧｜～啲野來㩄[sai˥˧]<浪費>咗 ②用：呢啲花係～紙做嘅｜呢塊布～來做乜野呢？ ‖ 集韵怪韵下介切：“持也。”訓讀字,155,,已校,
2596,崖鷹,,ngaai4 jing1,,老鷹 ‖ 也叫“麻鷹 maa4 jing1”,155,,已校,
2597,捱,,ngaai4,,①忍受：～苦｜～窮｜～鬧<駡>｜～打｜～冷｜～眼瞓｜有得你～嘞<夠你受的> ②苦熬，困難地度過：～粥水<喝稀粥度日>｜～白飯<没有菜吃>｜～番薯｜～得面青面黄｜～夜 ③拖延：～日子｜～時辰,155,,已校,
2598,捱飢抵餓,,ngaai4 gei1' dai2 ngo6,,捱餓,155,,已校,
2599,捱驢仔,,ngaai4 loei4 zai2,,當牛做馬，勞苦謀生,155,,已校,
2600,捱生捱死,,ngaai4 saang1' ngaai4 sei2,,拼死拼活，拼命幹活兒,155,,已校,
2601,捱更抵夜,,ngaai4 gang1' dai2 je6,,熬夜，起早睡晚地工作,155,,已校,
2602,捱穀種,,ngaai4 guk3 zung2,,吃老本兒。穀種都吃掉，没有生計了,155,,已校,
2603,揩,,haai1',,①蹭：件衫～到泥湴｜你隻手咁多油，唔好～埋來 ②碰釘子，吃虧：～野<碰釘子>｜～晒<倒霉透了>｜～親<碰到倒霉事>,155,,已校,
2604,揩油,,haai1' jau4*2,,沾光，占人便宜：畀佢揩咗油添｜我揩下油，嗄[ha˧˥]！,155,,已校,
2605,鞋碼,,haai4 maa5,,皮鞋底上釘的腰子形的鐵片，防磨損用：打～,155,,已校,
2606,鞋搊,,haai4 cau1,,鞋拔子，穿鞋時的輔助用具 ‖ 搊，廣韵尤韵楚鳩切：“手搊”,155,,已校,
2607,鞋度,,haai4 dou6*2,,鞋的尺寸大小：要我同你買鞋，度[tɔk˨]個～畀我先<先量個尺碼給我>,155,,已校,
2608,鞋薦,,haai4 zin3*2,,鞋墊,155,,已校,
2609,鞋踭,,haai4 zaang1,,鞋後跟,155,,已校,
2610,鞋掌,,haai4 zoeng2,,鞋的前掌：打～<釘前掌>,156,,已校,
2611,□,,haai4,,粗糙，不光滑：你隻手咁～㗎！丨呢張枱嘅枱面乜咁～嘅,156,,已校,
2612,□澀澀,,haai4 sap6 sap6,,①（手感）不平滑，粗糙：啲白木筷子～ ②（口感）粗澀，没味道：啲牛肉～，唔好食 ‖ 澀，廣韵色立切。文讀 sap1，這裏變讀陽入,156,,已校,
2613,蟹蓋,,haai5 goi3,,螃蟹殼,156,,已校,
2614,蟹柳,,haai5 lau5,,蟹肉，拆下來一條一條的：人造～,156,,已校,
2615,蟹膏,,haai5 gou1,,作爲食品的蟹黄,156,,已校,
2616,蟹厴,,haai5 jim2,,蟹臍 ‖ 厴，廣韵琰韵於琰切：“蟹腹下厴”,156,,已校,
2617,蟹春,,haai6 coen1,,蟹卵，蟹子（指一粒一粒的）,156,,已校,
2618,蟹弶,,haai6 gong6,,蟹鉗 ‖ 弶，廣韵漾韵其亮切：“張取獸也。”古宕攝三等韵應讀 oeng 韵，口語讀如一等韵,156,,已校,
2619,挨家過主,,aai1' gaa1' gwo3 zyu2,,挨家挨户,156,,已校,
2620,挨街凭巷,,aai1' gaai1' bang6 hong6,,無事到處串門：佢唔顧家，成日都～ ‖ 凭，廣韵證韵皮證切：“依几也。”古曾攝三等應讀 ing 韵，今口語讀如一等 ang 韵,156,,已校,
2621,挨晚,,aai1' maan5*2,,黄昏，傍晚,156,,已校,NA：現在（2020s）該詞一般讀“aai1 maan5*1”。
2622,挨身挨勢,,aai1' san1 aai1' sai6,,擠靠着别人（嫌惡語氣）：坐開啲，成日都～,156,,已校,
2623,挨近,,aai1' kan5,,靠近：～三更丨～天光丨呢條村～山嘅丨佢間屋～條河,156,,已校,
2624,挨年近晚,,aai1' nin4 gan6 maan5,,接近年底，年根兒底下,156,,已校,
2625,挨凭,,aai1' bang6,,依靠，靠山 ‖ 也説“倚凭 ji2 bang6”,156,,已校,
2626,挨憑椅,,aai1' peng4*1 ji2,,有靠背的椅子 ‖ 憑，廣韵蒸韵扶冰切：“憑託”,156,,已校,
2627,嗌,,aai3,,①吵鬧，叫喊：～交<吵架>丨～街乞兒丨～生晒<吵成一片> ②呼喚：～佢來食飯丨到其時你～聲我噃 ‖ 俗借字,156,,已校,
2628,嗌街婆,,aai3 gaai1 po4*2,,駡街的女人,156,,已校,
2629,嗌數,,aai3 sou3,,茶樓酒館的堂倌高聲報賬目,156,,已校,
2630,嗌通街,,aai3 tung1' gaai1,,指愛駡街的女人,156,,已校,
2631,踩,,jaai2（或 caai4）,,腳踏：～單車｜你～到我隻腳 ‖ 多爲俗讀音,157,,已校,
2632,乖,,gwaai1',,①聽話，機伶：～仔｜～女｜～～地[tei˨꜔꜒]<有些乖>｜精～伶俐 ②靈巧：口～<嘴能説>｜手～,158,,已校,
2633,拐,,gwaai2,,①拐帶：佢個仔畀人～去賣｜～人落氹[tʻɐm˨˧] <水坑>｜～帶人口 ②欺騙：唔好信佢，佢～你嘅咋！,158,,已校,
2634,拐,,gwaai2,,拐杖：我條～去咗边處啊？,158,,已校,
2635,拐子佬,,gwaai2 zi2 lou2,,拐賣人口者,158,,已校,
2636,拐杖,,gwaai2 zoeng6*2,,手杖，拐棍,158,,已校,
2637,𧊅,,gwaai2,,蛙的一種，體較小：射尿～｜騎籬～ ‖ 俗字,158,,已校,
2638,淮鹽,,waai4 jim4,,極細的精鹽，餐桌上調味用,158,,已校,
2639,淮山,,waai4 saan1',,淮山藥的簡稱，即山藥：～炖乳鴿,158,,已校,
2640,槐枝,,waai4 zi1',,最遲上市的一種荔枝，質不佳,158,,已校,
2641,擓,,waai2,,挎，挽：～住個籃去買菜,158,,已校,
2642,壞鬼,,waai6 gwai2,,壞，不佳：佢嗰啲～脾氣好難改嘅｜買埋晒啲～野 ‖ 鬼，虛化字,158,,已校,
2643,壞陋,,waai6 lau6,,①人的品行不端：佢咁～嘅 ②身體有病：我呢牌都幾～嘅｜我肚有啲～ ③東西變質：啲生果都～嘅,158,,已校,
2644,壞品,,waai6 ban2,,脾氣不好：也佢咁～㗎！㤢一啲就鬧人嘅嘞<動不動就駡人>,158,,已校,
2645,壞神野,,waai6 san4*2 je5,,次貨，破爛貨：買埋晒啲～<凈買那些破爛貨>,158,,已校,
2646,壞骨,,waai6 gwat1,,淫穢，下流,158,,已校,
2647,跛,,bai1',,瘸：佢～咗隻腳｜～手｜行路～～下[ha˧˥]｜畀人打～腳 ‖ 訓讀字,159,,已校,
2648,跛手,,bai1' sau2,,胳臂伸屈不靈：～佬,159,,已校,
2649,跛腳,,bai1' goek3,,腳瘸：～佬｜～鷄有自來蟲<好運不需强求>,159,,已校,
2650,閉墓,,bai3 mou6,,舊俗，清明日開始掃墓，一個月之後祭掃完畢，叫“閉墓”,159,,已校,
2651,閉恭,,bai3 gung1',,大便秘結,159,,已校,
2652,蔽翳,,bai3 ai3,,①憂愁，發愁：使乜咁～啊？ ②使人發愁的事：冇咁多～啊！,159,,已校,
2653,稗,,bai6,,①稗子：飯裏便有～ ②稗草：田裏便有好多～ ‖ 古蟹攝二等卦韵，應讀 aai 韵，今口語變讀 ai 韵,159,,已校,
2654,弊,,bai6,,壞，糟糕：～嘞，唔見咗條鎖匙添,159,,已校,
2655,弊家伙,,bai6 gaa1' fo2,,糟了，壞事了：真係～咯！,159,,已校,
2656,弊弊冇咁弊,,bai6*2 bai6 mou5 gam3 bai6,,再糟糕也没有比這更糟的了,159,,已校,
2657,弊煲,,bai6 bou1',,糟糕了，壞了,159,,已校,
2658,弊病,,bai6 beng6,,身體上的小毛病：佢有啲～，一下唔醫得好,159,,已校,
2659,批,,pai1',,①批評：畀老師～佢一輪 ②猜，預料：我～佢去唔成嘅嘞｜畀我～中[tsoŋ˧]咗 ③抹（灰）：～啲灰落牆｜幫我～滑啲喇！ ④算命：～八字,159,,已校,
2660,批盪,,pai1' dong6,,①牆上抹的白灰皮：嗰間屋嘅～跌咗落來｜呢幅牆有冇～㗎 ②以白灰抹牆：你同我～下呢幅牆喇｜幅牆我要～噃,159,,已校,
2661,砒霜,,pai1' soeng1',,信石，毒藥,159,,已校,NA：現在（2020s）該詞一般讀pei1 soeng1。
2662,秛,,pai1',,租（田、地）：同地主～幾畝田來耕｜地主～田畀農民耕 ‖ 廣韵支韵敷羈切：“禾租。”古止攝幫系字應讀 ei 韵，今口語變讀 ai 韵,159,,已校,
2663,秛頭,,pai1' tau4,,①除去應交的田租之外，另外附加的租金或實物 ②租房子住，第一個月交雙份租金，多交的部分叫秛頭,159,,已校,
2664,𠜱,,pai1',,削：～蘋果｜～蔗｜～鉛筆 ‖ 廣韵齊韵匹迷切：“𠜱斫。”集韵：“削也”,159,,已校,
2665,𠜱皮橙,,pai1' pei4 caang4*2,,中秋節時點的六角形燈籠，形狀好像削皮的橙子：搵個～來賞月喇,159,,已校,
2666,咪,,mai1,,①以前指一米：兩～長 ②擴音器 ‖ ①源於英文 meter。②源於英文 microphone,159,,已校,
2667,冞,,mai1',,鑽，啃（書本）：～書｜死～<非常用力> ‖ 集韵齊韵綿批切：“深入也”,159,,已校,
2668,冞家,,mai1' gaa1,,啃書本的人，非常用力讀書的人：佢真係～來嘅，星期日都唔出去玩,159,,已校,
2669,迷迷懵,,mai4 mai4 mung2,,神志不清，迷迷糊糊：佢成日都～噉 ‖ 也説“迷迷懵懵”,159,,已校,
2670,埋,,mai4（或 maai4）,,①埋葬：～死人｜夾生～<活埋> ②掩蓋：隱姓～名｜～没,159,,已校,
2671,謎丁,,mai1' ding1,,占人便宜，使人上當：佢畀人～｜謎佢丁至得！ ‖ 謎，集韵齊韵綿批切：“言惑也”,160,,已校,
2672,劘,,mai1',,用刀削：～蘋果｜～蔗 ‖ 集韵支韵忙皮切：“分也。”古止攝幫系字應讀 ei 韵，今口語變讀 ai 韵,160,,已校,
2673,米,,mai5,,①稻米，大米：白～｜糙～｜占～｜糯～｜紅～ ②去殼的子實：蓮～｜薏～ ③細碎如米之物：薑～｜石～,160,,已校,
2674,米花糖,,mai5 faa1 tong4*2,,米製的食品,160,,已校,
2675,米沙,,mai5 saa1,,大米炒熟再磨成粗沙狀，用做菜肴的輔料：～肉｜～粥,160,,已校,
2676,米沙粥,,mai5 saa1 zuk1,,米沙煮的粥：病人食～,160,,已校,
2677,米沙肉,,mai5 saa1 juk6,,菜肴名，米粉蒸肉 ‖ 也叫“米粉肉 mai5 fan2 juk6”,160,,已校,
2678,米枝,,mai5 zi1',,荔枝品種之一,160,,已校,
2679,米仔蘭,,mai5 zai2 laan4,,米蘭花,160,,已校,
2680,米貴兼閏月,,mai5 gwai3 gim1' jeon6 jyut6,,接連碰着倒霉的事：我今年真係碰着～嘞！,160,,已校,
2681,米櫃,,mai5 gwai6,,玩笑話。指肚子、胃：攪壞個～，肚屙嘞<拉肚子了>,160,,已校,
2682,米氣,,mai5 hei3,,米的氣味：病人食返啲粥，有啲～至得吖！,160,,已校,
2683,米埠,,mai5 fau6*2,,①大米的集散地 ②經營米的大店鋪,160,,已校,
2684,米酒,,mai5 zau2,,米釀製的度數較低的白酒，多用紅米爲原料,160,,已校,
2685,米牛,,mai5 ngau4,,米中的象鼻蟲，黑色，尖嘴 ‖ 也叫“穀牛 guk1 ngau4*2”,160,,已校,
2686,米路,,mai5 lou6,,①掙錢的門路，謀生的方法：有乜野～啊？｜搵啲～ ②戲指食物：肚餓嘞，搵啲～至得！,160,,已校,
2687,米少飯焦燶,,mai5 siu2 faan6 ziu1 nung1',,做飯米又少又燒焦，喻倒運、倒霉 ‖ 燶，俗字，燒煳,160,,已校,
2688,米水,,mai5 seoi2,,洗過米的水：二過～洗碗最好,160,,已校,
2689,米碎,,mai5 seoi3*2,,碎米,160,,已校,
2690,米辦,,mai5 baan6*2,,樣品米，米樣子：攞啲～睇下先至買<取些米樣子先看看再買>,160,,已校,
2691,米粉,,mai5 fan2,,①粉末狀的乾米粉：占～｜糯～ ②綫狀的乾米粉條：東莞～｜即食～<速食米粉>,160,,已校,
2692,米糧,,mai5 loeng4,,糧食，口糧：你夠唔夠～？｜我都唔係幾夠～,160,,已校,
2693,米缸砰砰聲,,mai5 gong1' paang1' paang1' seng1',,米缸空的聲音，比喻絶糧,160,,已校,
2694,米通,,mai5 tung1,,食品名，糯米爆開花之後用糖粘成圓筒狀,160,,已校,
2695,米䍇,,mai5 taap3,,盛米用的甕 ‖ 䍇，集韵盍韵託盍切：“説文瓨也。”集韵考正：“案説文…下平缶也”,160,,已校,
2696,咪,,mai5,,不要，别：～嘈｜～㤢手｜～聲<别做聲>｜～個自｜～食自<先别吃> ‖ 俗字，可能是“唔使”的合音,160,,已校,
2697,咪個,,mai5 go3,,不要，别：～喺處阻住晒，行開！｜～話你噉樣做就得<别以爲你這樣做就行了>,160,,已校,
2698,咪個自,,mai5 go3 zi6,,先别，且慢（做）：～，等陣先<等一會兒再説>,160,,已校,
2699,咪自,,mai5 zi3,,且慢，且住：～先<先别價>｜咪飲自<且别喝>｜咪行自<且不要走>,160,,已校,
2700,咪䎺,,mai6 zai3,,不答應，不肯：如果係噉樣，我都～嘞 ‖ 䎺，廣韵祭韵征例切：“入意。一曰聞也”,160,,已校,
2701,咪拘,,mai6 keoi1',,①客套話。不要客氣，别拘束：請坐，～嘞！ ②甭想，拒絶之辭：請你快睇戲好唔好？—— ～！ ‖ 拘，古見母讀如溪母,160,,已校,
2702,揮春,,fai1' ceon1,,①春節期間貼的對聯 ②春節後，商家用紅紙寫上各種吉利語，貼在牆上，也叫揮春。如“紫氣東來”、“老少平安”,161,,已校,
2703,肺癆,,fai3 lou4,,肺病，肺結核,161,,已校,
2704,䛍詆,,fai3 dai3,,胡言亂語，瘋瘋癲癲：佢個人好～㗎 ‖ 䛍，廣韵未韵方味切：“言急。”集韵：“多言也。”詆，集韵霽韵丁計切：“呵也”,161,,已校,
2705,䛍戇,,fai3 ngong6,,瘋瘋傻傻的樣子,161,,已校,
2706,廢物,,fai3 mat6,,駡人無用：真係～嘅,161,,已校,
2707,廢廢物物,,fai3 fai3 mat6 mat6,,指手足麻木：坐到隻腳～噉｜隻手～，冇乜知覺噉,161,,已校,
2708,費事,,fai3 si6,,①費工：擇芽菜好～嘅噃！ ②懶得：我都～同你㩄氣｜咁多報紙我都～睇 ③省得：使唔使我同你去？—— ～喇<不用麻煩了>,161,,已校,
2709,低,,dai1',,①矮，靠下：降～｜放～啲 ②下，下來（放在動詞後）：跌～｜坐～｜瞓～｜打～佢｜丢～落地｜留～啲錢畀我｜話～唔返來嘞！ ③等級在下的：坐～位｜高唔成，～唔就｜～級｜～水平,161,,已校,
2710,低威,,dai1' wai1',,①不如人，不行：我都認～咯 ②有失面子的，不光彩的：～嘅事唔做｜噉做就好～喇,161,,已校,
2711,低眉塞額,,dai1' mei4 sak1 ngaak6,,額頭窄，髮際低，形容相貌醜陋、蠢笨：佢生得～唔好睇,161,,已校,
2712,低氹,,dai1' tam5,,窪地，淺坑：嗰處係～，因住𨁆[sin˧]<滑>落去,161,,已校,
2713,低格,,dai1' gaak3,,人品低下,161,,已校,
2714,抵,,dai2,,①忍受，捱：～住痛｜～得住｜～得餓｜唔～得凍｜唔～得頸<忍不住> ②值，值得：～買｜呢啲餅真～食嘞｜佢咁乖，真係～痛佢｜呢件野好～噃｜好～錢㗎 ③該（貶義），活該：～打｜～佢死｜～佢撞板｜～你衰｜～你受罪｜～鬧<該駡>｜～摑<該搧耳光>,161,,已校,
2715,抵捱,,dai2 ngaai4,,活該受罪：抵佢捱,161,,已校,
2716,抵制,,dai2 zai3,,阻止有害的東西侵入或起作用：抗戰時就～日本貨嘞｜大家～佢至得！,161,,已校,
2717,抵死,,dai2 sei2,,該死，活該：佢真～｜抵你死<你活該>,161,,已校,
2718,抵到爛,,dai2 dou3 laan6,,太便宜，太值：呢件衫～喇｜幾百文一圍酒都話～ ‖ 也説“抵爛”,161,,已校,
2719,抵諗,,dai2 nam5*2,,受委屈，吃虧：佢好抵得諗㗎｜幾～佢都䎺[tsɐi˧]<情願>㗎！｜唔抵得諗<受不了委屈>｜你抵下諗都幫我做咗佢喇！ ‖ 諗，廣韵寢韵式荏切：“告也，謀也，深諫也。又如甚切。”古日母今應讀零聲母，口語變讀泥母 n,161,,已校,
2720,抵錢,,dai2 cin4*2,,值錢，價高：呢個花樽好～嘅！,161,,已校,
2721,抵冷,,dai2 laang5,,挨凍：～貪瀟湘<熟語。爲漂亮而挨凍>,161,,已校,
2722,抵頸唔住,,dai2 geng2 m4 zyu6,,忍不住，忍不住氣：我～講咗佢兩句,161,,已校,
2723,抵得,,dai2 dak1,,①值：呢間屋～幾多錢？ ②能忍受，受得住：佢都幾～嘅｜～餓｜～痛｜～凍,161,,已校,
2724,抵得淤,,dai2 dak1 jyu2,,能忍受苦惱的事：佢折[sit˨]底<吃虧>都唔嘈，真係～咯丨飲苦茶<湯藥>都唔怕，佢好～㗎！,161,,已校,
2725,抵得頸,,dai2 dak1 geng2,,忍得住氣，憋得住氣：係我就唔～咯！,162,,已校,
2726,抵力,,dai2 lik6,,吃力，費力：擔百幾斤擔好～丨要我畀出一百文[mɐn˨˩꜒]都係好～㗎！,162,,已校,
2727,底,,dai2,,①物體的最下部分：桶～丨茶杯～丨鞋～丨腳板～丨河～丨海～ ②物體下面的空間：牀下～丨騎樓～丨門扇～<門後面>丨枱～ ③最靠裏面的：～衫丨～褲丨～裙丨打粉～<搽粉前先搽些脂類>丨打酒～<喝酒前先吃些東西> ④基礎，根基：家～丨喉～<鄉音，説話的口音>丨湯～<湯的基本配料，如蝦米、蠔豉>丨粥～丨寒～<身體底子性寒，不怕上火>丨熱～<身體底子性熱，不怕吃寒涼之物>丨班～ ⑤事情的根源或内情：摸～丨查根問～ ⑥可作爲根據的：呢封信要留返個～丨～稿 ⑦花紋圖案的襯托面：藍～白花 ⑧（紙或布類等）反面：呢隻布都唔分～面嘅丨嗰啲紙做卡片唔好用嘅，個面都寫得字，～就好粗󠄁□[hai˨˩]<不平滑>,162,,已校,
2728,底貨,,dai2 fo3,,賣剩下的貨，次貨 ‖ 也説“貨底”或“貨尾 fo3 mei5”,162,,已校,
2729,底褲,,dai2 fu3,,内褲，襯褲,162,,已校,
2730,底細,,dai2 sai3,,内情，根源：我知道佢～丨查下佢～,162,,已校,
2731,底手,,dai2 sau2,,有技能，有本領：佢個仔好～㗎！丨佢讀書好～嘅，識好多字墨㗎！,162,,已校,
2732,底衫,,dai2 saam1,,内衣,162,,已校,
2733,底裙,,dai2 kwan4,,襯裙（女人用） ‖ 也叫“底長衫 dai2 coeng4 saam1”,162,,已校,
2734,底面,,dai2 min6*2,,正、反面：呢個椅墊～都一樣嘅,162,,已校,
2735,詆,,dai3,,嘲笑，諷刺：畀佢～到唔值一個爛橘丨佢咁衰，～下佢至得丨又翳<使人氣悶>又～<冷嘲熱諷> ‖ 集韵霽韵丁計切：“呵也。”廣韵：“呰也，訶也”,162,,已校,
2736,渧,,dai3,,水下滴：畀雨淋到水～～丨口水～落來,162,,已校,
2737,弟婦,,dai6 fu5,,弟之妻（背稱）,162,,已校,
2738,弟弟,,dai6*4 dai6*2,,弟弟（面稱） ‖ 特殊變音,162,,已校,
2739,第,,dai6,,①用在數詞的前面，表示次序：～一名丨～九丨～幾個？ ②“第二”的合音字，省去“二”，除了和時間詞結合外，與其他詞結合時表示“其他的、另外的、别的”：～處丨～個丨～啲<另外一些>丨～時丨～種丨～部丨～日丨～次丨～陣<以後>丨～世<下輩子>丨～朝丨～朝早丨～年,162,,已校,
2740,第尾,,dai6 mei5*1,,①最後一名：你第一，我～ ②喻落後：今次你～咯，去到人地都閂咗門咯！,162,,已校,
2741,第九,,dai6 gau2,,喻人能力差、不中用：佢個仔樣樣都唔得，真係～嘞！,162,,已校,
2742,遞,,dai6,,①傳遞：將嗰本書～畀我丨～手巾丨一張報紙～來～去 ②舉起：～高腳丨～高手丨～高佢上去,162,,已校,
2743,梯,,tai1',,梯子：竹～丨木～丨擘～<兩梯相連不必靠牆的梯子>,162,,已校,
2744,梯𰃴<⿱冖贛>,,tai1' kam2,,舊式房屋樓梯上面的出口處設置的木蓋,162,,已校,
2745,梯横,,tai1' waang4,,①梯子上横穿的短竹或短木 ②指一般的木梯子：擔張～來,162,,已校,
2746,梯級,,tai1' kap1,,樓梯的臺階：個樓梯有好多～,162,,已校,
2747,梯屋,,tai1' uk1,,樓梯口通向天棚處的小屋，用以遮雨,162,,已校,
2748,銻,,tai1',,鋁的俗稱：～煲｜～鐺<大的鋁鍋>｜～殼<鋁勺子> ‖ 俗借字,163,,已校,
2749,銻煲,,tai1' bou1,,鋁製的鍋（非炒鍋）,163,,已校,
2750,提,,tai4,,①説起，談到：～起一件事問我｜唔好～嘞！ ②提醒：到時你記得～下我,163,,已校,
2751,提四句,,tai4 sei3 geoi3*2,,新婚晚上吃暖堂飯時，新郎的朋友要説四句賀喜的話，每句字數相同，由伴郎答對,163,,已校,
2752,提水,,tai4 seoi2,,提詞兒，演員忘了臺詞，有人在旁提醒,163,,已校,
2753,提堂,,tai4 tong4,,提審,163,,已校,
2754,睇,,tai4*2,,①看，瞧：～書｜～戲｜～打球｜～東～西｜～熱鬧 ②探望，訪問：我去～外公外婆｜～朋友 ③觀察並判斷：～得上眼｜～唔上眼｜～得佢高｜～得起佢｜～低｜～小｜～衰人｜～人眉頭眼額｜～風聲｜～水色｜～來湊<看情况而定>｜～破｜～穿｜～化｜～白｜～梗｜～好｜～旺｜～淡 ④照料，看守：請個人來～細路<小孩>｜～屋<看家>｜～門口｜～更｜～田水｜～牛｜～夜 ⑤靠，依賴：呢件事全～你嘞｜我今日發唔發市，～天嘞！ ⑥監視，看押：～住佢，唔好畀佢走甩｜～到拫[hɐŋ˨˩]佢<緊緊看住他> ⑦診治，被診治：～病｜～脈｜～醫生 ⑧看（風水），算（命運）：～風水｜～山｜～流年｜～相｜～氣色｜～手掌｜～全相 ⑨提醒對方注意可能發生的事或將要發生的某種不好的情况：～腰骨｜～纊[kʻuɐŋ˧]<看碰着> ‖ 集韵齊韵田黎切：“迎視也”,163,,已校,
2755,睇霸王戲,,tai2 baa6 wong4 hei3,,白看戲，看戲不買票,163,,已校,
2756,睇化,,tai2 faa3,,看透：我早～晒<我早就全看透了>｜睇得化｜睇唔化,163,,已校,
2757,睇夜,,tai2 je6*2,,守夜，在夜間守衛 ‖ 也説“睇更”或“看更 hon1 gaang1”,163,,已校,
2758,睇破,,tai2 po3,,看得開，看透：我都～晒咯，点樣都冇所謂咯｜睇得破｜睇唔破,163,,已校,
2759,睇市,,tai2 si5,,看行情 ‖ 也説“睇市道 tai2 si5 dou6”,163,,已校,
2760,睇醫生,,tai2 ji1 sang1,,就診,163,,已校,
2761,睇住來,,tai2 zyu6 lai4,,等着瞧，走着瞧（帶威脅語氣）：你估你惡晒啊？你～吖[a˥˧]！,163,,已校,
2762,睇住佢頭,,tai3 zyu6 keoi5 tau4*2,,向他學，照他的樣子做：你唔好～喎[uɔ˧],163,,已校,
2763,睇唔過眼,,tai2 m4 gwo3 ngaan5,,①因令人惡心而看不下去：間屋畀佢住成噉樣，又唔打理，真係～ ②因有悖常理使人不能忍：佢噉樣來對待個老母，人人都～咯！,163,,已校,
2764,睇唔入眼,,tai2 m4 jap6 ngaan5,,①（看到不三不四的事、不像樣的事）看不下去 ②（看到質量差的東西或不滿意的人）看不上眼,163,,已校,
2765,睇低,,tai2 dai1',,看不起，小看：佢慣～人嘅｜你要勤力做野，唔好畀人～,163,,已校,
2766,睇來,,tai2 lai4,,看起來，看上去：～佢都幾𥌮[lɛk˥]<聰明>嘅噃 ‖ 也説“睇起上來”,163,,已校,
2767,睇勢頭,,tai2 sai3 tau4,,看風頭，看形勢（再做打算）：你唔好去自，睇下勢頭先<你先别去哪，看看風頭再説>！,163,,已校,
2768,睇偈,,tai2 gai6*2,,看機器，在機器前值班工作 ‖ 偈，同音字,163,,已校,
2769,睇媁媁,,tai2 wai1 wai1,,哄小孩看漂亮的人和物：我湊你去街～咯 ‖ 媁，廣韵微韵於非切：“美也”,163,,已校,
2770,睇來凑,,tai2 lai4 cau3,,看看情况再做打算，走着瞧,164,,已校,
2771,睇死,,tai2 sei2,,看透，料定（眨義）：我～佢嘅嘞，佢唔攪得乜出様嘅！丨～佢唔會發達 ‖ 也説“睇梗”,164,,已校,
2772,睇起,,tai2 hei2,,看得起，看得上：我地大家都～佢嘅丨睇唔起 ‖ 也説“睇得起 tai2 dak1 hei2”,164,,已校,
2773,睇起上來,,tai2 hei2 soeng5 lai4,,看起來，看上去：佢都幾高興嘅噃 ‖ 也説“睇來”,164,,已校,
2774,睇氣色,,tai2 hei3 sik1,,看相算命者兼營的生意，觀人的氣色以定其利於做某事與否：睇相佬會～,164,,已校,
2775,睇開,,tai2 hoi1',,①想得開，看得開：你～下喇，唔好咁蔽翳<愁苦>喇丨睇得開丨睇唔開 ②正在看：佢喺書房～書,164,,已校,
2776,睇飽眼,,tai2 baau2 ngaan5,,看得夠了，看得入迷：家下你～未啊？丨睇到飽眼,164,,已校,
2777,睇頭,,tai2 tau4,,看頭，可看性：呢本書冇乜～,164,,已校,
2778,睇頭,,tai2 tau4*2,,①隨大流，跟着别人做：個個都係～嘅喇 ②做領袖，當頭兒：請佢來～丨呢笪[tat˨]地方係佢～嘅嘞,164,,已校,NA：原書“笪”應注音[tat˧]。
2779,睇頭睇尾,,tai2 tau4 tai2 mei5,,看家，照料家務：請個人來～,164,,已校,
2780,睇透,,tai2 tau3,,看透：早～佢啲把戲咯 ‖ 也説“睇穿”,164,,已校,
2781,睇流年,,tai2 lau4 nin4,,舊時皇曆上的一種算命術：～，排八字丨同你睇下四季流年,164,,已校,
2782,睇手掌,,tai2 sau2 zoeng2,,看手相，看手掌紋路以測算命運,164,,已校,
2783,睇球,,tai2 kau4,,看球賽 ‖ 也説“睇打球 tai2 daa2 kau4”,164,,已校,
2784,睇到拫,,tai2 dou3 hang4,,看守得很嚴密：啲犯人要～ ‖ 拫，廣韵痕韵户恩切：“急引。”古痕韵今應讀 an 韵，這裏變讀 ang 韵,164,,已校,
2785,睇數,,tai2 sou3,,在飯鋪吃完飯叫服務員結賬並付款：我來～ ‖ 也説“寫單 se2 daan1”或“埋單 maai4 daan1”,164,,已校,
2786,睇高,,tai2 gou1',,看得起：睇得佢高丨使乜咁～佢？,164,,已校,
2787,睇高興,,tai2 gou1' hing3,,看熱鬧：出燈會大家就去～嘞！,164,,已校,
2788,睇好,,tai2 hou2,,看好，出現好的勢頭：家下乜野行情～啊？ ‖ 也説“睇旺”,164,,已校,
2789,睇小,,tai2 siu2,,小看，輕視：唔好～人​囉！丨真係畀佢～,164,,已校,
2790,睇腰骨,,tai2 jiu1' gwat1,,提醒行人避開的一種呼叫。挑擔者走在行人稠密的處所往往這樣大聲喊，意思是“看碰着腰骨”,164,,已校,
2791,睇衰,,tai2 seoi1',,看扁，非常看不起：唔好～人噃！,164,,已校,
2792,睇水,,tai2 seoi2,,把風，望風；看風聲：佢幫小販～,164,,已校,
2793,睇水色,,tai2 seoi2 sik1,,看形勢：做呢單生意要睇下水色先噃！,164,,已校,
2794,睇淡,,tai2 daam6,,商業用語。看淡，預計行情將下跌,164,,已校,
2795,睇淡,,tai2 taam5,,看淡，對某事物消極,164,,已校,
2796,睇啱,,tai2 ngaam1,,看中，看上：我～呢隻布,164,,已校,
2797,睇攤路,,tai2 taan1' lou6,,研究分析賭番攤的方法,164,,已校,
2798,睇山,,tai2 saan1',,查看墳地墓穴的風水是否合宜,164,,已校,
2799,睇涊眼,,tai2 nan5*2 ngaan5,,看污了眼睛，不堪入目：畀我都唔睇，～啊 ‖ 涊，集韵混韵弩本切：“淟涊，濁也。”古合口今口語讀成開口,165,,已校,
2800,睇真,,tai2 zan1',,看清楚：你要～啲啊丨睇唔真丨睇得真,165,,已校,
2801,睇銀,,tai2 ngan4*2,,①鑒定銀元的成色 ②專管鑒定銀元銀幣成色者,165,,已校,
2802,睇天,,tai2 tin1',,兩眼望天，即無奈只得靠老天爺：我今日冇發市，～嘞,165,,已校,
2803,睇田水,,tai2 tin4 seoi2,,管理水田的水流灌溉,165,,已校,
2804,睇錢緊,,tai1 cin4*2 gan2,,看錢最重，最愛錢：佢個野都係～嘅嘞！,165,,已校,
2805,睇見,,tai2 gin3,,看見：我昨日～你去買菜丨～佢就唔開胃<瞧見他就惡心>丨睇唔見丨睇得見,165,,已校,
2806,睇門口,,tai2 mun4 hau2,,看守門户：佢喺工廠～,165,,已校,
2807,睇穿,,tai2 cyun1',,看透：我早～你嘞！丨我～哂咯 ‖ 也説“睇透”,165,,已校,NA：原書用例中“哂”應作“晒”。
2808,睇全相,,tai2 cyun4 soeng3,,看相先生看人全身的相來測算命運,165,,已校,
2809,睇更,,tai2 gaang1,,守夜，在夜間守衛：～佬 ‖ 也説“睇夜”或“看更 hon1' gaang1”,165,,已校,
2810,睇梗,,tai2 gang2,,看透，料定（貶義）：我～佢考唔到大學嘅嘞 ‖ 也説“睇死”,165,,已校,
2811,睇病,,tai2 beng6,,①找醫生診病：請醫生來～丨我去～ ②出診：醫生去咗～,165,,已校,
2812,睇定,,tai2 ding6,,看準：～咗先至㤢[iok˥]手<動手>，唔好急躁丨～先至落啊<看準了再下呀>,165,,已校,
2813,睇症,,tai2 zing3,,看病，治病,165,,已校,
2814,睇上眼,,tai2 soeng5 ngaan5,,看上：佢好挑剔㗎，樣樣都好難～丨睇得上眼丨睇唔上眼,165,,已校,
2815,睇相,,tai2 soeng3,,看相，相面：搵～佬來同你～丨～先生<看相算命者>,165,,已校,
2816,睇旺,,tai2 wong6,,（行情）看好：乜野行情～啊？ ‖ 也説“睇好”,165,,已校,
2817,睇風水,,tai2 fung1' seoi2,,看風水，找吉利的地點（墓穴、宅基等）,165,,已校,
2818,睇東睇西,,tai2 dung1' tai3 sai1',,東張西望,165,,已校,
2819,睇中,,tai2 zung3,,看中，看上：我畀佢～,165,,已校,
2820,睇餸食飯,,tai2 sung3 sik6 faan6,,看菜吃飯，比喻看情况行事 ‖ 餸，俗字，菜肴,165,,已校,
2821,睇實,,tai2 sat6,,緊盯着：佢～嗰隻狗仔,165,,已校,
2822,睇白,,tai2 baak6,,看透，預料到：我～佢唔會去嘅嘞！,165,,已校,
2823,睇脈,,tai2 mak6,,看病，特指中醫看病：病人去～丨～先生,165,,已校,
2824,睇得過,,tai2 dak1 gwo3,,①值得看，可以看：呢個電影～噃！ ②看得過去，不難看：嗰隻布都～嘅,165,,已校,
2825,睇得緊,,tai2 dak1 gan2,,對某事物看得很重，看不開：佢對銀紙睇得好緊嘅,165,,已校,
2826,睇落,,tai2 lok6,,看上去：～都幾靚下噃<看上去還挺好看的呐>！,165,,已校,
2827,體面,,tai2 min6,,（行事）大方得體，光彩，排場：佢好講～嘅丨佢做野出來好夠～㗎！,165,,已校,
2828,體育衫,,tai2 juk6 saam1,,運動服裝,165,,已校,
2829,剃頭,,tai3 tau4,,理髮的舊稱：～佬,165,,已校,
2830,剃刀,,tai3 dou1,,剃頭髮用的刀子：～門楣，出又刮，入又刮<歇後語。指做錢莊生意者刻毒盤剝>,165,,已校,
2831,剃臊毛,,tai3 sou1' mou4*1,,嬰兒滿月時剃去胎髮,165,,已校,
2832,剃鬚,,tai3 sou1',,刮鬍子：用鬚刨[pʻau˨˩꜔꜒]<刮鬍刀>～,166,,已校,
2833,剃眼眉,,tai3 ngaan5 mei4,,使當衆出醜，丢臉：剃佢眼眉丨畀人～<被人當衆奚落>,166,,已校,
2834,剃面,,tai3 min6,,刮臉 ‖ 也説“剃面毛 tai3 min6 mou4”,166,,已校,
2835,剃光頭,,tai3 gwong1' tau4,,剃光頭髮,166,,已校,
2836,剃光頭,,tai3 gwong1' tau4*2,,全都輸光，一分也得不到：畀人～,166,,已校,NA：現在（2020s）該詞一般讀tai3 gwong1 tau4*1。
2837,替身,,tai3 san1,,替代者：婆媽請假就要搵個～<女傭請假就要找個替工>,166,,已校,
2838,替換,,tai3 wun6,,調換，倒換：出門要帶多件衫有得～啊,166,,已校,
2839,替生替死,,tai3 saang1' tai3 sei2,,不辭勞苦地：我～同你做，你都咁無情對我,166,,已校,
2840,替槍,,tai3 coeng1,,槍替，替人答卷作弊,166,,已校,
2841,替工,,tai3 gung1,,替代别人之工作的人：請個～,166,,已校,
2842,替工,,tai3 gung1',,臨時替别人做工：請佢來～嘅咋[tsa˧],166,,已校,
2843,抳,,nei4,,研，碾：～薯仔做薯茸丨～爛啲飯喂細路丨熇貓魚要～爛佢丨～死木蝨丨啲奶粉成咗䊆<塊狀>嘞，～開佢喇！ ‖ 集韵脂韵女夷切：“研也”,166,,已校,
2844,泥蝦,,nai4 haa1,,河裏産的一種浮游生物，可做菜肴，也可腌製後存至來年食用。因形似蝦卵，又名“蝦春”,166,,已校,
2845,泥頭,,nai4 tau4,,渣土，修建房屋剩餘的廢料,166,,已校,
2846,泥鰍,,nai4 cau1,,一種魚，生活在河湖池沼中，常潜伏泥中,166,,已校,
2847,泥牛入海,,nai4 ngau4 jap6 hoi2,,喻一點消息皆無：佢走咗成個月都冇信來，好似～噉,166,,已校,
2848,泥路,,nai4 lou6,,土路,166,,已校,
2849,泥水佬,,nai4 seoi2 lou2,,泥瓦匠，泥水匠,166,,已校,
2850,泥氹,,nai4 tam5,,泥潭：蹅落～<踩入泥坑>丨𨁆[sin˧]<滑>落～ ‖ 氹，俗字,166,,已校,
2851,泥蚶,,nai4 ham1,,蚶子,166,,已校,
2852,泥湴,,nai4 baan6,,爛泥 ‖ 湴，廣韵鑒韵蒲鑒切：“深泥也”,166,,已校,
2853,泥湴醬,,nai4 baan6 zoeng3,,泥漿：玩到一身都係～丨嗰笪[tat˧]<塊>地凈係～,166,,已校,
2854,泥磚,,nai4 zyun1,,用泥製作的磚，未經燒製：～屋丨大～塞門口<駡人堵塞道路>,166,,已校,
2855,泥鯭,,nai4 maang5*1,,魚名，生於海邊混水中，是下等魚：吊～ ‖ 鯭，集韵梗韵母梗切：“胡蜢，蝦䗫屬，通作蜢”,166,,已校,
2856,泥漿湴橋,,nai4 zoeng1' baan6 kiu4,,泥濘不堪的樣子,166,,已校,
2857,泥公仔,,nai4 gung1 zai2,,泥人，泥玩偶：無錫～最有名,166,,已校,
2858,泥屋,,nai4 uk1,,農村最簡陋的房屋，用竹做架子，再用牛屎攙上泥漿抹塗其上，用稻草蓋頂,166,,已校,
2859,來,,lai4（或 lei4）,,①至，到：～喇，～喇！丨聽日你～唔～啊？ ②做（代表意義更具體的動詞）：你話我唔會，你～吖 ③用在另一動詞前面，表示要做某件事：你～參加我地嘅大會，好唔好？丨我寫完，你～讀畀大家聽 ④跟“得”或“唔”連用，表示可能或不可能：幫得～丨唱唔～ ⑤用在動詞結構（或介詞結構）與動詞（或動詞結構）之間，表示前者是方法，後者是目的：將佢～批一餐丨買啲生果～食喇 ⑥助詞。表示曾經發生過什麼事情：我昨日去省城～丨頭先落過雨～ ⑦用在動詞後，表示動作朝着説話人所在之處：擰～丨返～丨將書遞過～丨出～丨入～ ⑧用在動詞後，表示動作的結果：講～就易，做起～就難丨睇～今日會翻風噃丨我買～着嘅，唔係買～睇嘅 ⑨用在一、二、三等數詞後面，列舉理由：我呢次到廣州，一～係開會，二～想探下你，三～買書 ‖ 集韵之韵陵之切：“至也”,166,,已校,
2860,來唔撤,,lai4 m4 cit3,,來不及：而家都九點鐘咯，至怕～,167,,已校,
2861,來神,,lai4 san4*2,,①來（動手），開始（做某事）：嗱，你唔聽話，～嘅咯噃<唬小孩，配合手勢做打人狀>丨喂，人到齊就～喇<招呼人，比如入席吃飯> ②來勁兒：嗰個野又試～嘞！,167,,已校,
2862,來緊頭,,lai4 gan2 tau4*2,,（時間）就要到來：六點鐘～嘞，快啲起身喇！丨晏晝<中午>～，重唔煮飯咩？,167,,已校,
2863,來得撤,,lai4 dak1 cit3,,來得及：家下去買票重來唔～啊？ ——～,167,,已校,
2864,黎洞薯,,lai4 dung6 syu4*2,,薯類的一種，長且大，形如豬肝，産於黎洞 ‖ 也叫“豬肝薯 zyu1' gon1' syu4*2”,167,,已校,
2865,禮事,,lai5 si6,,男方給女方的聘禮：佢娶老婆要幾千銀～喎！丨又要姑娘靚，又要～平,167,,已校,
2866,禮儀周周,,lai5 ji4 zau1' zau1',,禮節很周全，全合乎禮儀,167,,已校,
2867,禮拜,,lai5 baai3,,①星期：今日～三丨佢去咗兩個～咯 ②星期日：今日係～噃，重去上班咩？,167,,已校,
2868,禮數,,lai5 sou3,,禮節，禮貌：佢屋企人好講～嘅丨唔識～丨你咁冇～嘅！,167,,已校,
2869,禮匀,,lai5 wan4,,禮貌周到：佢待客好～㗎丨咪咁～喇，大家都係熟人,167,,已校,
2870,禮匀子,,lai5 wan4 zi2,,蟛蜞的卵，味鮮美，可食 ‖ 也叫“蟛蜞子 paang4 kei4 zi2”,167,,已校,
2871,戾,,lai6*2,,①扭，轉：～轉頭丨～乜[mɛ˧˥]面 ②崴（腳）：～跛腳丨～親隻腳 ③冤枉（使蒙冤），誣賴：佢句説話真係～死人丨～佢做賊丨～佢殺人丨佢係～人啫嘛<他只是想冤枉人家> ‖ 廣韵霽韵郎計切：“乖也…又很戾，説文曲也。從犬出户下。戾者，身戾曲也”,167,,已校,
2872,戾乜面,,lai6*2 me2 min6,,扭轉臉，轉過臉去，表示不同意 ‖ 也説“擰乜面 ning3 me2 min6”,167,,已校,NA：“擰歪面”在原書作詞頭時注音爲ning6 me2 min6。
2873,戾偈,,lai6*2 gei6,,①（事情）不順利，棘手：呢件事好～ ②關節不靈活，感覺僵硬：我隻手好～ ‖ 偈，同音字,167,,已校,
2874,戾手,,lai6*2 sau2,,回手，轉手；跟手（緊跟着）：佢將一包野～畀咗佢仔丨佢畀隻爛蕉我，我～丢咗,167,,已校,
2875,戾狗邊,,lai6*2 gau2 bin1,,漢字偏旁，反犬旁 ‖ 也叫“犬字邊 hyun2 zi6 bin1”,167,,已校,
2876,戾轉頭,,lai6*2 zyun1' tau4,,回過頭來：佢～睇住我,167,,已校,NA：原書疑似注音有誤，應爲lai2 zyun3 tau4。
2877,戾横折曲,,lai6*2 waang4 zit3 kuk1,,歪曲事實，無中生有,167,,已校,
2878,例假,,lai6 gaa3,,指月經（較新的説法）,167,,已校,
2879,例牌,,lai6 paai4*2,,①照例的，比較固定的：～菜丨～湯 ②照例，依慣例：今日你去唔去啊？ ——～喇！,167,,已校,
2880,例牌菜,,lai6 paai4*2 coi3,,飯館準備的一種菜肴，其内容、規格（大碟或小碟）及價錢比較固定，每天照例供應,167,,已校,
2881,例規,,lai6 kwai1',,規矩，事例 ‖ 也説“規例”,168,,已校,
2882,荔枝,,lai6 zi1,,水果名：～樹｜～殼｜～核｜～乾｜番～｜掛綠～｜黑葉～｜大荷包～｜糯米餈～｜桂味～,168,,已校,
2883,荔枝菌,,lai6 zi1 kwan5*2,,荔枝樹幹上生長的蘑菇，味鮮美可食，是最上等的菇類,168,,已校,
2884,荔枝乾,,lai6 zi1 gon1,,曬乾的荔枝果實：糯米餈～,168,,已校,
2885,茘浦芋,,lai6 pou2 wu6,,大型芋頭，檳榔芋的一種，以廣西荔浦所産最好，是芋頭中的上品,168,,已校,
2886,䚕,,lai6,,以目示意，用眼角看人：眼～～｜～佢一下｜睇佢唔知，～佢唔知<不懂别人眼色> ‖ 廣韵霽韵郎計切：“求視。”集韵：“説文：求也。一曰索視貌”,168,,已校,
2887,劑,,zai1',,量詞。用於藥劑：一～藥｜執兩～藥 ‖ 廣韵霽韵在詣切：“分割。”又遵爲切：“券也”,168,,已校,
2888,擠擁,,zai1' jung2,,擁擠：街市多人好～,168,,已校,
2889,擠塞,,zai1' sak1,,堵塞：交通～,168,,已校,
2890,擠逼,,zai1' bik1,,擁擠：呢條街好窄，好～,168,,已校,
2891,躋,,zai1',,放置，擱置：將啲野～喺枱上便｜～埋啲書喇！｜～穩陣啲｜～好啲衫｜啲碗碟～住喺度喇，唔好洗自<先别洗> ‖ 廣韵霽韵祖稽切：“登也，升也”,168,,已校,
2892,仔,,zai2,,①兒子：我個～｜～女 ②小子：傻～｜𥌮[lɛk˥]～<聰明小子>｜靚～｜精～｜街市～｜撈家～<混混兒>｜打～<打手，流氓> ③相當於“户”：客～｜耕～<佃户>｜債～ ④名詞後綴。表示小稱：碗～｜屋～｜船～｜椅～｜歌～｜哥～<小青年>｜公～<小人兒，小玩偶>｜狗～｜鴨～｜叔～<小叔子，夫之弟>｜舅～<小舅子，妻之弟> ⑤年輕男性互稱（限於熟人）：陳～｜小陳 ‖ 俗字,168,,已校,
2893,仔乸,,zai2 naa2,,母親及子女等：我屋企三～出晒來<我家中娘兒三個全出來了>｜你地幾～去边度<你們娘兒幾個去哪兒>？,168,,已校,
2894,仔乸芋,,zai2 naa2 wu6*2,,像母負子形狀的芋頭,168,,已校,
2895,仔乸生意,,zai2 naa2 saang1' ji3,,一家人開的小買賣，相當於夫妻店，前面是鋪子，後面是住家,168,,已校,
2896,仔爺,,zai2 je4,,父親及子女等：佢地四～<他們爺兒四個>,168,,已校,
2897,仔大仔世界,,zai2 daai6 zai2 sai3 gaai3,,兒子大了自有他自己的事業，老一輩管也管不了，即“兒孫自有兒孫福”,168,,已校,
2898,仔細女嫩,,zai2 sai3 neoi5*2 nyun6,,孩子都年幼：～老婆嬌,168,,已校,
2899,仔女,,zai2 neoi5*2,,子女：你有幾多個～啊？｜～生得好𨑊[iɔŋ˨˩]<多>,168,,已校,
2900,仔孫,,zai2 syun1,,子孫：～滿堂,168,,已校,
2901,制,,zai3,,限制，抑制：～止｜～服<使服從>｜～水｜～電<停電>,168,,已校,
2902,制火,,zai3 fo2,,去火，中醫用語：食啲六味地黄丸，滋水～嘅,168,,已校,
2903,制治,,zai3 zi6,,管束，折磨：舊時就係家婆～新婦嘞,168,,已校,
2904,制水,,zai3 seoi2,,限制用水，定時供水：而家重制唔～啊<現在還限水嗎>？,168,,已校,
2905,制掂,,zai3 dim6,,制服，使服帖，使順從：佢咁惡，等我來～佢至得,168,,已校,
2906,制電,,zai3 din6,,限制用電，停電：今晚又～嘞！,168,,已校,
2907,祭幛,,zai3 zoeng3,,送給辦喪事的人家的幛子，一般爲綢緞所製，上面貼以金字,169,,已校,
2908,䎺,,zai3,,①願意，肯：你～唔～？丨我唔～丨都係咪～嘞<還是别幹吧> ②合算，上算：～得過丨唔～得過<不合算，划不來> ‖ 廣韵祭韵征例切：“入意。一曰聞也”,169,,已校,
2909,䎺唔過,,zai3 m4 gwo3,,不合算，划不來 ‖ 也説“唔䎺得過 m4 zai3 dak1 gwo3”或“唔過䎺”,169,,已校,
2910,䎺得過,,zai3 dak1 gwo3,,合算，划得來：呢件事～喎！,169,,已校,
2911,掣,,zai3,,開關，閘：電燈～丨電～丨水～丨水喉～<水管的開關>丨單車～丨手～<機器的開關>丨開～ ‖ 俗借字，本字應爲“制”,169,,已校,
2912,掣板,,zai3 paan2,,即配電盤,169,,已校,
2913,濟軍,,zai3 gwan1,,野蠻兇惡，作惡多端：呢個野好～㗎！ ‖ 民國初年廣東督軍龍濟光所屬軍隊非常野蠻，無惡不作,169,,已校,
2914,滯,,zai6,,①積食，不消化：消～<消食>丨食多就會食～ 噃！ ②與“得”構成“得滯”，置於形容詞之後，表示“很、極、太”：好得～<極好>丨熱得～丨紅得～丨厚得～,169,,已校,
2915,滯氣,,zai6 hei3,,胃口不好，不開胃：呢兩日唔想食野，有啲～,169,,已校,
2916,凄涼,,cai1' loeng4,,悲涼，寂寞冷落：佢而家一個人[iɐn˨˩꜒]好～噃丨老公撥[pʻut˧]扇<搧扇子>，妻（凄）涼<歇後語>,169,,已校,
2917,齊,,cai4,,①完全，齊全：執～啲野<把東西全收拾好>丨啲菜買～未啊？丨人客來～嘞丨等～人至開車 ②整齊，一同：沓～啲紙丨剪～丨～唱丨～勝,169,,已校,
2918,齊齊䞟䞟,,cai4 cai4 paak3 paak3,,（排列得）很整齊：啲碗碟擺到～丨排隊排到～,169,,已校,
2919,齊眉,,cai4 mei4,,上等大米的一種,169,,已校,
2920,齊頭,,cai4 tau4,,整數之義，用於數字的前頭或後頭：佢今年已經係二十～丨我畀咗～一百文[mɐn˥]過佢丨五文～<五元整>,169,,已校,
2921,齊頭齊尾,,cai4 tau4 cai4 mei5,,兩端都整齊：啲木放到～,169,,已校,
2922,齊頭數,,cai4 tau4 sou3,,整數，没有零頭的數,169,,已校,
2923,齊人,,cai4 jan4,,人到得齊全：今日開會好～,169,,已校,
2924,齊全,,cai4 cyun4,,應有盡有，一個不缺：屋企裏便乜野都～丨幾代～就算好命咯！,169,,已校,
2925,齊整,,cai4 zing2,,整齊,169,,已校,
2926,齊勝,,cai4 sing3,,衆人一同乾杯 ‖ 避諱性詞語。忌“乾”，故以“勝”代之,169,,已校,
2927,齊葺葺,,cai4 cap1 cap1,,整齊，齊備：人來得～丨枱椅擺到～ ‖ 葺，廣韵緝韵七入切：“修補。”集韵：“説文茨也。”茨，集韵：“説文以茅葦蓋屋。一曰次也，次比草爲之”,169,,已校,
2928,齊黑,,cai4 hak1,,傍晚，天剛黑之時,169,,已校,
2929,砌,,cai3,,①搭砌，堆砌：～磚丨～牆丨～積木丨～屋仔丨～雪人丨～牌<麻將用語>丨～石頭 ②拼砌，組合：～圖<拼圖>丨～句<組句> ③胡編，亂講：冇噉嘅事，你亂～嘅啫！丨佢起勢<拼命地>～人 ④打：～腍佢丨畀人～一身<被人打一頓> ⑤叱責：～佢一餐,169,,已校,
2930,西,,sai1',,①四個主要方向之一，太陽落下去的一邊：～便丨～風丨～門丨～天丨～水 ②西洋的：～人｜～餐｜～裝｜～米,169,,已校,
2931,西家,,sai1' gaa1',,指有股份並參加勞動者,170,,已校,
2932,西瓜,,sai1' gwaa1',,水果名：～皮｜～瓤｜～汁,170,,已校,
2933,西瓜瓤,,sai1' gwaa1' nong4,,西瓜中可吃的部分,170,,已校,
2934,西瓜白,,sai1' gwaa1' baak6,,西瓜皮去掉外層綠色硬皮後剩下的部分：～清暑嘅！ ‖ 也叫“西瓜肉 sai1' gwaa1' juk6”,170,,已校,
2935,西斜,,sai1' ce3,,西曬，下午陽光照進來：我呢處有～嘅,170,,已校,
2936,西斜熱,,sai1' ce3 jit6*2,,下午西面射來的陽光：我間房有西窗，～射入來，靈舍<格外>熱㗎！,170,,已校,
2937,西紙,,sai1' zi2,,港幣的舊稱,170,,已校,
2938,西字,,sai1' zi6,,外文的舊稱，多指英文字,170,,已校,
2939,西書,,sai1' syu1,,外文書的舊稱,170,,已校,
2940,西鞋,,sai1' haai4,,舊時指繫鞋帶的皮鞋,170,,已校,
2941,西米,,sai1' mai5,,用葛粉做的小圓粒，可煮食：～煲糖水鷄蛋 ‖ 也叫“洋西米 joeng4 sai1' mai5”或“沙穀米 saa1' guk1 mai5”。沙穀源於英文 sago,170,,已校,
2942,西菜,,sai1' coi3,,舊時指西餐：食～,170,,已校,
2943,西樵大餅,,sai1' ciu4 daai6 beng2,,著名餅食，産於南海西樵,170,,已校,
2944,西水,,sai1' seoi2,,指西江下來的洪水,170,,已校,
2945,西蘭花,,sai1' laan4 faa1',,洋菜花，綠色,170,,已校,
2946,西餐,,sai1' caan1,,西洋式的飯食，用刀、叉進餐：食～｜～館,170,,已校,
2947,西餐樓,,sai1' caan1' lau4*2,,大輪船的頭等艙，供應西餐,170,,已校,
2948,西餐房,,sai1' caan1' fong4*2,,大輪船的頭等艙的單間房,170,,已校,
2949,西芹,,sai1' kan4*2,,洋芹菜,170,,已校,
2950,西人,,sai1' jan4,,西洋人,170,,已校,
2951,西餅,,sai1' beng2,,西式糕點,170,,已校,
2952,西洋鬼,,sai1' joeng4 gwai2,,舊時貶稱葡萄牙人 ‖ 也叫“鹹蝦撑 haam4 haa1 caang3”,170,,已校,
2953,西洋菜,,sai1' joeng4 coi3,,一種蔬菜，生在水中，多用來煮湯：～滾湯清熱嘅,170,,已校,
2954,西洋參,,sai1' joeng4 sam1,,美國産的人參 ‖ 也叫“洋參”,170,,已校,
2955,西洋鏡,,sai1' joeng4 geng3,,以前街頭有人以洋畫置於鏡箱中給人看，賺取錢財，北方叫“拉洋片”：睇～,170,,已校,
2956,西裝,,sai1' zong1,,①西服：～衫｜～褲｜～領 ②男子髮式的一種，分頭：梳～｜留～,170,,已校,
2957,西裝友,,sai1' zong1 jau5*2,,舊時指穿西服的人,170,,已校,
2958,西汁,,sai1' zap1,,西餐的一種調味汁：～燒牛柳,170,,已校,
2959,西式枱,,sai1' sik1 toi4*2,,獨腿小圓桌,170,,已校,
2960,犀利,,sai1' lei6,,①利害，兇：唔好惹佢，個野好～㗎 ②有本事：佢好～嘅，冇幾耐就做到大老板嘞！,170,,已校,
2961,犀牛望月,,sai1' ngau4 mong6 jyut6,,喻實現不了、辦不到的事,170,,已校,
2962,篩,,sai1,,篩子，羅：米～｜粉～｜竹～｜將啲米過下～｜疏～<粗篩子>｜密～<細篩子>,170,,已校,
2963,篩,,sai1',,用篩子或羅將粗和細的粉狀物或顆粒物分開：～粉｜～米｜～煤｜～沙｜～麵粉,170,,已校,
2964,使,,sai2,,①用，花用：呢把刀仔好～｜佢唔曉～刀嘅｜番梘～晒咯<肥皂用完了>｜～錢｜唔～去嘞 ②支使：佢～我去嘅｜～唔㤢<支使不動他> ③介詞。用：～毛筆寫信｜呢間屋仔～石起鳴[pei˨]<或是>～磚起呢？,170,,已校,
2965,使嫲,,sai2 maa4*2,,舊時指女傭 ‖ 也説“使婆 sai2 po4*2”或“婆媽 po4 maa1”,171,,已校,
2966,使費,,sai2 fai3,,費用，花銷：佢去一趟佛山～好大噃｜我會出埋你嘅～<你的開銷也由我出> ‖ 也説“使用”,171,,已校,
2967,使鬼唔靈,,sai2 gwai2 m4 leng4,,鬼都支使不動，比喻無錢,171,,已校,
2968,使脾氣,,sai2 pei4 hei3,,發脾氣，使性子 ‖ 也説“發脾氣 faat3 pei4 hei3”,171,,已校,
2969,使𢃇,,sai2 lei5,,操縱船的帆：佢曉得～嘅｜順風～<見風使舵> ‖ 𢃇，俗字,171,,已校,
2970,使茅山,,sai3 maau4 saan1',,①使法術，使魔法：茅山師傅就會～嘞 ②引申義，作弄、耍弄人：你顧住佢～噃！ ‖ 也説“出茅山 ceot1 maau4 saan1'”,171,,已校,
2971,使牛,,sai2 ngau4,,駕馭牛：你唔識～｜～要好力噃<要力氣大哪>,171,,已校,
2972,使眼色,,sai2 ngaan5 sik1,,用眼睛示意，暗示 ‖ 也説“打眼色 daa2 ngaan5 sik1”或“丢眼色 diu1' ngaan5 sik1”,171,,已校,
2973,使錢,,sai2 cin4*2,,花錢，用錢：佢好會～嘅,171,,已校,
2974,使喚,,sai2 wun6,,供差使：請個人來～,171,,已校,
2975,使頸,,sai2 geng2,,使性子，鬧脾氣：乖仔，咪～喇，去返學喇！,171,,已校,
2976,使用,,sai2 jung6,,費用，花銷：出國嘅～好大㗎 ‖ 也説“使費”,171,,已校,
2977,使法,,sai2 faat3,,①使法術，作法 ②變魔術的舊稱 ‖ 也叫“敕法 cik1 faat3”,171,,已校,
2978,使乜,,sai2 mat1,,幹嗎（用不着，不必。反問語氣）：我去得嘞，～你去啫<我去就行了，何必你去呀>？｜～咁慌呀？｜～話畀佢知呢？｜～咁緊張喎！,171,,已校,
2979,使得,,sai2 dak1,,①能用：呢枝筆重～<這枝筆還能用>｜嗰把鉸剪唔～嘞 ②行，頂用：真～<真行，真管用>,171,,已校,
2980,洗,,sai2,,用水或汽油等其他物品使東西乾凈：～衫｜～乾凈｜～身｜～面,171,,已校,
2981,洗衣館,,sai2 ji1' gun2,,舊時爲顧客洗衣服的店鋪,171,,已校,
2982,洗牌,,sai2 paai4*2,,打牌術語。將牌弄均匀、弄亂再排好，以備下一局,171,,已校,
2983,洗地,,sai2 dei6,,用竹掃把刷洗地面（多爲水泥地或磚地）,171,,已校,
2984,洗袋,,sai2 doi6*2,,喻輸得精光，一文不剩：昨晚打牌，我畀佢地洗咗袋,171,,已校,
2985,洗手,,sai2 sau2,,盜賊賭徒等壞人改邪歸正：～唔做｜～唔䎺[tsɐi˧]<肯>嘞！,171,,已校,
2986,洗肚,,sai2 tou5,,去掉腸胃中的油膩：煲白粥來洗下個肚 ‖ 也説“洗腸胃 sai2 coeng4 wai6”,171,,已校,
2987,洗臊,,sai2 sou1,,給出生三天的嬰兒洗澡：三朝～,171,,已校,
2988,洗水衫,,sai2 seoi2 saam1,,經常換洗的衣服，常穿的衣服：帶幾件～就得咯,171,,已校,
2989,洗衫板,,sai2 saam1 baan2,,洗衣板，搓板,171,,已校,
2990,洗衫梘,,sai2 saam1 gaan2,,洗衣用的肥皂 ‖ 梘，俗字,171,,已校,
2991,洗金,,sai2 gam1,,屍骨葬後十餘年，將骨頭撿出清洗，放入陶罐中，重新埋葬,171,,已校,
2992,洗粉,,sai2 fan2,,洗衣粉的簡稱,171,,已校,
2993,洗身,,sai2 san1',,洗澡：～梘<浴皂>｜～巾｜～盆｜～房｜～桶 ‖ 也説“冲涼 cung1' loeng4”,171,,已校,
2994,洗濕個頭,,sai2 sap1 go3 tau4,,喻下了水，走錯路，不幹也不行：佢呢趟就～嘞！,171,,已校,
2995,駛車,,sai2 ce1',,舊時稱駕駛機動車：駛架車去白雲山玩丨佢識～<他會開車> ‖ 現説“開車 hoi1' ce1'”,171,,已校,
2996,駛埋頭,,sai2 maai4 tau4,,駕（船）靠岸,172,,已校,
2997,世界,,sai3 gaai3,,①地球上的所有地方：行匀～<走遍全球>丨去睇下～ ②機會：嗰處有大把～<那兒有很多的機會> ③特指錢財：佢有大把～ ④生活，日子：撈～<混日子>丨儃[tʻan˧]～<享受生活>丨搵～丨捱～<熬日子>,172,,已校,
2998,世界仔,,sai3 gaai3 zai2,,指善於奉迎、面面俱到、八面玲瓏的人,172,,已校,
2999,世界尾,,sai3 gaai3 mei5,,①末運，末路：撈到～嘞，冇野撈嘞<混到末路了，没法混了> ②不時興，過時：呢件野～嘅嘞，唔好再做嘞<這件事已經過時了，别再幹了>,172,,已校,
3000,世泥,,sai3 nei4,,過於迷信，忌諱很多：佢～嘅，講佢肥都唔得,172,,已校,
3001,細,,sai3,,①小：對鞋太～，唔啱着丨我～你一歲丨～食丨我要～隻啲嘅<我要小些的>丨～件<小塊，小件頭>丨～聲 ②排行最末的：～仔<小兒子>丨～女<小女兒> ③年紀小的人：一家大～ ④仔細，詳細：你～想一下丨～睇<仔細看> ⑤細微，細小：～藝丨家頭～務<家務瑣事>,172,,已校,
3002,細姐,,sai3 ze2,,父親的妾（面稱）：二～,172,,已校,
3003,細婆,,sai3 po4*2,,妾（與“大婆”相對）：～仔<妾生的兒子>,172,,已校,
3004,細個,,sai3 go3,,①小個子：生得咁～<長得這麼小> ②年幼：我～嗰陣時<我小的時候>,172,,已校,
3005,細時,,sai3 si4,,小時候：～偷針，大時偷金,172,,已校,
3006,細姑,,sai3 gu1',,夫之妹（背稱） ‖ 也叫“姑仔 gu1 zai2”,172,,已校,
3007,細□,,sai3 ngai1',,吝嗇，不大方：佢好～嘅，一分錢都唔畀人使嘅,172,,已校,
3008,細藝,,sai3 ngai6,,（可做可不做、爲消遣而做的）手藝，手工方面的活兒，如綉花、做衣服、收拾東西雜物等：搵啲～來做下，唔使咁無聊丨冇乜～,172,,已校,
3009,細鬼,,sai3 gwai2,,小鬼，撲克牌中的“小王”,172,,已校,
3010,細豆芽菜,,sai3 dau6*2 ngaa4 coi3,,綠豆芽菜（與“大豆芽菜”相對） ‖ 也説“綠豆芽菜 luk6 dau6*2 ngaa4 coi3”,172,,已校,
3011,細佬,,sai3 lou2,,①弟弟（背稱） ②舊時自己謙稱：～今年二十一歲,172,,已校,
3012,細路,,sai3 lou6,,①小孩子（多爲面稱）：～仔丨～女 ②子女，兒女：你有幾個～呀？,172,,已校,
3013,細路哥,,sai3 lou6*2 go1,,小孩子 ‖ 也説“細蚊仔 sai3 man1 zai2”,172,,已校,
3014,細路哥頭,,sai3 lou6*2 go1 tau4*2,,孩子頭兒；大人玩起來像小孩，或喜歡和小孩玩者 ‖ 也叫“細蚊仔頭 sai3 man1 zai2 tau4*2”,172,,已校,
3015,細膽,,sai3 daam2,,膽子小：佢好～嘅 ‖ 也説“唔夠膽 m4 gau3 daam2”,172,,已校,
3016,細嬸,,sai3 sam2,,丈夫的弟婦（背稱）,172,,已校,
3017,細便,,sai3 bin6,,廳堂、地方的右邊，是次位（左邊叫“大便”，是上位）,172,,已校,
3018,細半,,sai3 bun3,,一小半（與“大半”相對）：～碗飯丨～條魚丨～碟菜,172,,已校,
3019,細牀,,sai3 cong4*2,,單人牀（與“大牀”相對）,172,,已校,
3020,細餸,,sai3 sung3,,吃飯時吃菜肴少（與“大餸”相對）：佢好～㗎，唔使煮咁多菜喇,172,,已校,
3021,細粒,,sai3 lap1,,①個子小：佢生得好～ ②地位低（與“大粒”相對）：佢好～嘅,172,,已校,
3022,細食,,sai3 sik6,,食量小，吃得不多（與“大食”相對）,172,,已校,
3023,勢,,sai3,,①勢力，氣勢：有權有～丨～兇夾狼 ②真，確實：我～唔估到<我真没猜着>丨～唔畀你,173,,已校,
3024,勢兇夾狼,,sai6 hung1' gaap3 long4,,①兇惡已極，窮兇極惡 ②形容狼吞虎咽：睇佢食野～，斷搶噉<像搶似的>,173,,已校,
3025,勢色,,sai3 sik1,,形勢：睇～來<凑看情形，看着辦>丨家下～唔同咯,173,,已校,
3026,誓願,,sai6 jyun6,,發誓，起誓：～當食生菜<輕易發誓>丨我誓過願 ‖ 也説“發誓 faat3 sai6”,173,,已校,
3027,噬,,sai6,,①（動物）咬：畀狗～咗一啖 ②“吃”的俗稱：一啖就～咗個餅丨～咗兩碗飯丨～咗一餐 ③咧（嘴）：～開把口丨笑口～～,173,,已校,NA：現在（2020s）③義習讀sai4。
3028,枅,,gai1,,①突出的木頭：𢷒～<屋椽突出的頭；釘在牆上放物品的木架> ②植物的芽或果：蔗～丨松～<松果> ③突出的軟骨或肉：覭[mɐŋ˥˧]～<眉目間的疤痕> ‖ 廣韵齊韵古奚切：“承衡木也”,173,,已校,
3029,笄,,gai1,,簪形的物品：香～<燒香剩下的部分> ‖ 集韵齊韵堅奚切：“説文簪也”,173,,已校,
3030,鷄,,gai1,,①家禽的一種：～公丨～乸丨～仔丨～粥丨～湯 ②比喻人，多帶貶義：舂瘟～<暈頭轉向者>丨黐腳～<老是纏着大人的小孩>丨墮落～<駡女性之詞>丨多耳～<耳旁生贅肉者>丨黄腳～<奸夫，好色之徒>丨摸盲～<捉迷藏的一種> ③指暗娼。野鷄的簡稱：水～<水上妓女>丨叫～<召妓>丨～竇<妓院>丨做～ ④摩托三輪車：三腳～丨𧽸𧽸[kɐt˨]～ ⑤指色子，賭博用具：打～<以六個色子賭錢> ⑥指用粗竹筒製成的煙具：水～ ⑦指某些食物：糖～<糖製的空心的各種人物、動物，婚嫁時男方送女方的禮物之一>丨糯米～<糯米包以肉類，外包樹葉蒸熟>丨芋～<芋頭絲加米粉做成塊，用油炸脆> ⑧與“冷”有關：擔～<發冷，打擺子>丨寒～<怕冷> ⑨用於少數動詞、形容詞後，詞義虛化：靜靜～<靜悄悄>丨走～<錯過時機>丨媌～<粗野輕狂>丨滯～<滯銷>丨偷～<偷懶>丨撈～<得到好處>丨𧽸～<單腳跳>丨鋹～<利害> ⑩用於當“元”講的“文” [mɐn˨˩꜒] 之後，詞義虛化：一文～<一塊錢>丨廿[ia˨]文～<二十元以内可加“鷄”字，二十元以上一般不用> ‖ ①中的“鷄”也讀 gai1',173,,已校,
3031,鷄屙尿,,gai1 o1' niu6,,比喻没有或罕有之事：你講嘅野真係～咯！,173,,已校,
3032,鷄噉腳,,gai1 gam2 goek3,,形容走得快：佢一落班就～,173,,已校,
3033,鷄哽頸,,gai1 kang2 geng2,,鷄吃食時咳嗽,173,,已校,
3034,鷄啄唔斷,,gai1 doeng1' m4 tyun5,,比喻拉扯不斷，滔滔不絶：佢講起來真係～ ‖ 啄，訓讀字,173,,已校,
3035,鷄項,,gai1 hong6*2,,尚未下蛋的小母鷄 ‖ 項，同音字,173,,已校,
3036,鷄同鴨講,,gai1 tung4 aap3 gong2,,比喻語言不相通，談不來,173,,已校,
3037,鷄花,,gai1' faa1,,初出殼的小鷄,173,,已校,
3038,鷄化鳳,,gai1' faa3 fung6*2,,菜肴名，以豆腐和魚做成,173,,已校,
3039,鷄乸,,gai1' naa2,,母鷄，一般指生過蛋的母鷄：～菢竇<母鷄菢窩> ‖ 乸，俗字,173,,已校,
3040,鷄乸竇,,gai1' naa2 dau3,,母鷄的窩，比喻頭髮不整：睇你個頭好似～,173,,已校,
3041,鷄㹃竇,,gai1 fe3 dau3,,鷄刨窩，喻凌亂、雜亂：佢張牀好似～噉,173,,已校,
3042,鷄婆,,gai1' po4,,老母鷄,173,,已校,
3043,鷄子,,gai1' zi2,,公鷄的腎 ‖ 也叫“鷄腰 gai1' jiu1”,174,,已校,
3044,鷄屎巴,,gai1' si2 baa1,,鷄肛門處的一種腺體，如黄豆大，臊臭，宰鷄時須割去,174,,已校,
3045,鷄屎果,,gai1' si2 gwo2,,番石榴的别名 ‖ 參看“番石榴 faan1 sik6 lau4*2”,174,,已校,
3046,鷄屎藤,,gai1' si2 tang4,,一種植物，用做草藥,174,,已校,
3047,鷄士,,gai1' si6*2,,舊時指錢幣的單位，相當於“元”：兩～～斤豬肉,174,,已校,
3048,鷄二翼,,gai1' ji6 jik6*2,,鷄翅膀靠身體的部分（去掉翅尖）：～最好食,174,,已校,
3049,鷄扶翅,,gai1' fu4 ci3,,鷄的肫、肝、心的總稱：買一副～ ‖ 扶翅，同音字,174,,已校,
3050,鷄孻,,gai1' laai1,,一群鷄中的最小者，也比喻孱弱的小孩 ‖ 孻，俗字,174,,已校,
3051,鷄仔媒人,,gai1' zai2 mui4 jan4,,指好管閑事者，管無價值之事者：做埋晒啲～<凈做些無用的事>丨佢好[hou˧]做～,174,,已校,NA：現在（2020s）習讀gai1 zai2 mui4 jan4*2
3052,鷄仔酒,,gai1' zai2 zau2,,小鷄泡的酒,174,,已校,
3053,鷄仔蛋,,gai1' zai2 daan6*2,,半孵化的鷄蛋，可作爲補品,174,,已校,
3054,鷄仔粉,,gai1' zai2 fan2,,紥成小把的乾米粉條 ‖ 也叫“髻仔粉 gai3 zai2 fan2”,174,,已校,
3055,鷄仔餅,,gai1' zai2 beng2,,一種餅食，廣州特産之一,174,,已校,
3056,鷄皮紙,,gai1' pei4 zi2,,牛皮紙,174,,已校,
3057,鷄皮皺,,gai1' pei4 zau3,,鷄皮疙瘩：冷到我起～,174,,已校,
3058,鷄氣𪡷,,gai1' hei3 ceoi4,,鷄的病態的腥味 ‖ 𪡷，俗字，氣味,174,,已校,
3059,鷄内金,,gai1' noi6 gam1,,鷄肫的内皮，可入藥,174,,已校,
3060,鷄包,,gai1' baau1,,以帶骨的鷄肉爲餡做的包子,174,,已校,
3061,鷄罩,,gai1' zaau3,,竹編的一種無底鷄籠,174,,已校,
3062,鷄兜,,gai1' dau1,,喂鷄用的飼料盆,174,,已校,
3063,鷄頭,,gai1' tau4,,①鷄的腦袋 ②老公鷄,174,,已校,
3064,鷄頭耷,,gai1' tau4 dap1,,比喻弱者：梗係喇，～就畀人謑[ha˥˧]<欺負>,174,,已校,
3065,鷄手鴨腳,,gai1' sau2 aap3 goek3,,毛手毛腳；不會幹活兒，笨手笨腳,174,,已校,
3066,鷄泡魚,,gai1' pou5 jyu4*2,,河豚魚 ‖ 也叫“泡哥魚 pou5 go1 jyu4*2”,174,,已校,
3067,鷄毛掃,,gai1' mou4 sou3*2,,鷄毛撣子,174,,已校,
3068,鷄毛鴨血,,gai1' mou4 aap3 hyut3,,鷄犬不寧：攪到我屋企～,174,,已校,
3069,鷄糟,,gai1' zou1',,喂鷄用的濕酒糟,174,,已校,
3070,鷄嗉,,gai1' seoi3,,鷄嗉子，多用於比喻極少之物或極小之物：佢去打工，工資都係～咁多丨～咁大[tai˨꜒]<如鷄嗉子這麼大點兒> ‖ 也説“鷄嗉窩 gai1' seoi3 wo1”,174,,已校,
3071,鷄心柿,,gai1' sam1' ci5*2,,一種小型柿子，形如鷄心,174,,已校,
3072,鷄蛋,,gai1' daan6*2,,鷄卵：～白丨～黄,174,,已校,
3073,鷄蛋花,,gai1' daan6*2 faa1,,一種木本植物的花，五瓣，外白心黄如鷄蛋，可製作清涼飲料，爲五花茶原料之一,174,,已校,
3074,鷄蛋果,,gai1' daan6 gwo2,,西番蓮果，因果形如鷄蛋而得名，果味酸甜，多用以製果汁,174,,已校,
3075,鷄蛋盞,,gai1' daan6 zaan2,,一種點心，用麵做成托盞，中間盛以蛋黄做的餡烤熟 ‖ 簡稱“蛋盞”,174,,已校,
3076,鷄眼,,gai1' ngaan5,,腳病的一種：生～,174,,已校,
3077,鷄關,,gai1' gwaan1',,鷄冠子的舊稱 ‖ 關，同音字,174,,已校,
3078,鷄渜,,gai1' nan4*1,,稀鷄屎：麻糖～<黄色稀鷄屎> ‖ 渜，集韵魂韵奴昆切：“濡湯也。”古合口今讀開口,174,,已校,
3079,鷄腎,,gai1' san5*2,,鷄的胃，鷄肫,175,,已校,
3080,鷄春,,gai1' ceon1,,鷄蛋的舊稱,175,,已校,
3081,鷄春子,,gai1' ceon1 zi2*2,,母鷄腹内的未成形的小蛋,175,,已校,
3082,鷄冠,,gai1' gun1',,雄鷄的冠子：～花,175,,已校,
3083,鷄盲,,gai1' maang4,,夜盲症：發～,175,,已校,
3084,鷄生腸,,gai1' saang1' coeng4*2,,母鷄的生殖器官,175,,已校,
3085,鷄僆,,gai1' leng1,,半大的鷄，未長成的鷄 ‖ 僆，集韵獮韵力展切：“爾雅鷄未成者。”口語音有變異,175,,已校,
3086,鷄腸,,gai1' coeng4*2,,①鷄的腸子 ②喻横寫的外文：識～,175,,已校,
3087,鷄忘記,,gai1' mong4 gei3,,鷄的胰臟，圓形,175,,已校,
3088,鷄蟲,,gai1' cung4,,①百足，蜈蚣 ②指好色的男人，淫棍,175,,已校,
3089,鷄公,,gai1' gung1,,（未閹的）公鷄 ‖ 也叫“生鷄 saang1' gai1”,175,,已校,
3090,鷄公車,,gai1' gung1 ce1,,獨輪車,175,,已校,
3091,鷄紅,,gai1' hung4,,鷄血 ‖ 忌諱性詞語變異，忌血字,175,,已校,
3092,鷄雜,,gai1' zaap6*2,,鷄内臟的總稱,175,,已校,NA：現在（2020s）習讀gai1 zaap6，不變調。
3093,鷄咳,,gai1' kat1,,比喻不當一回事的話語：佢鬧我，我當佢～啫！,175,,已校,
3094,鷄翼,,gai1' jik6,,鷄翅膀：鹵水～,175,,已校,
3095,鷄翼枱,,gai1' jik6 toi4*2,,木製的兩翼能摺叠的桌子 ‖ 也叫“鬼子枱 gwai2 zi2 toi4*2”,175,,已校,
3096,鷄殼,,gai1' hok3,,只帶一些肉的鷄骨架 ‖ 舊時叫“鷄朴 gai1' pok3”,175,,已校,
3097,鷄屋,,gai1' uk1,,磚砌的鷄舍,175,,已校,
3098,計,,gai3,,計算：～下價錢｜～數｜～埋晒有幾多<全算上有多少>？｜～唔掂<算不過來>,175,,已校,
3099,計,,gai3*2,,計策，計謀：想～｜～仔｜佮[kap˧]～<合謀>,175,,已校,
3100,計帶,,gai3 daai3,,芥蒂，心中的嫌𨻶、不快：我同佢經過談心，大家都再冇～｜唔～<不在乎> ‖ 疑爲“芥蒂”的誤讀,175,,已校,
3101,計正,,gai3 zeng3,,按説，照正理説：～係你唔啱<按説是你不對>｜～噉做至啱,175,,已校,
3102,髻,,gai3,,髮髻，婦女髮式之一：梳～｜阿婆～｜丫頭～｜～箍<婦女髻上的裝飾物>｜～簪｜～網,175,,已校,
3103,髻,,gai3*2,,髮髻：螺～｜竹筍～,175,,已校,
3104,髻是丁,,gai3 si6 ding1,,把辮子在腦後挽成的鬏兒：紥起～｜執人～<捉住别人的把柄>,175,,已校,
3105,偈,,gai6*2,,佛經的唱詞，引申爲話語：傾～<聊天>｜講～｜話是～<某某是這樣説的> ‖ 《字彙》：“奇寄切，音忌，武貌。又偈句，釋氏詩詞也”,175,,已校,
3106,溪錢,,kai1' cin4,,送殯時撒的紙錢，白色，撒時叫“買路錢”，買時叫“溪錢”,175,,已校,
3107,蹊蹺,,kai1' kiu1'*2,,奇怪，可疑：佢講嘅真係～噃,175,,已校,
3108,契,,kai3,,①結爲乾親：佢嘅女～畀我｜我～咗佢嘅仔 ②乾親：～爺｜～媽｜～仔｜～女｜～姐｜～妹｜～細佬,175,,已校,
3109,契家,,kai3 gaa1,,結乾親的雙方互稱：佢係我～來嘅，佢嘅女契畀我,175,,已校,
3110,契家婆,,kai3 gaa1' po4*2,,姘婦，情婦,175,,已校,
3111,契家佬,,kai3 gaa1' lou2,,姘夫，情夫,175,,已校,
3112,契大樹,,kai3 daai6 syu6,,把小孩過繼給大樹，認大樹爲乾爹。迷信者認爲可以使孩子如大樹一樣根基牢固 ‖ 也叫“契大將軍 kai3 daai6 zoeng1' gwan1'”,175,,已校,
3113,契弟,,kai3 dai6,,駡人話。男妓，北方叫“相姑”,176,,已校,
3114,契相知,,kai3 soeng1' zi1,,舊時有女子不嫁的風俗，志同者結爲姐妹，相約不嫁或雖嫁但長期不住夫家 ‖ 也叫“拜相知 baai3 soeng1' zi1”,176,,已校,
3115,蟻,,ngai5,,螞蟻：白～丨黄絲～丨～王丨惹到一身～<招來麻煩>丨～竇<螞蟻窩>丨路～丨～公<大螞蟻>,176,,已校,
3116,蟻咁賤,,ngai5 gam3 zin6,,比喻不值錢：佢當我～,176,,已校,
3117,蟻躝噉,,ngai5 laan1' gam2,,像螞蟻爬似的，形容慢：佢行得～,176,,已校,
3118,㞓,,hai1,,女陰 ‖ 集韵齊韵牽奚切：“説文尻也”,176,,已校,
3119,喺,,hai2,,①在：～呢處丨～嗰處丨～边處？ ②由，從：～呢條路出去丨你～边度來㗎<你由哪兒來的呀>？ ‖ 俗字。也説“向 hoeng3*2”,176,,已校,
3120,喺處,,hai2 syu3,,在這兒，在此處：陳先生～唔～啊？ ‖ 也説“喺度”,176,,已校,
3121,喺度,,hai2 dou6,,在這兒，在此處 ‖ 也説“喺處”,176,,已校,
3122,喺實,,hai2 sat6,,固定在：我～呢處住嘅喇,176,,已校,
3123,係,,hai6,,①是：我～中國人丨～咩是嗎？丨即～丨實～丨硬～ ②就是（加重語氣）：我～唔去丨佢～都要來,176,,已校,
3124,係唔係,,hai6 m4 hai6,,對與否，不管如何：～都噉樣做嘞！丨～都叫我做丨～都亂鬧,176,,已校,
3125,係威係勢,,hai6 wai1' hai6 sai3,,夠氣派，像樣：着起套衫～,176,,已校,
3126,係路,,hai6 lou6,,對勁兒，對頭：睇起來唔多～噃<看起來不大對勁兒哪>！,176,,已校,
3127,係噉,,hai6 gam2,,就這麼，就這樣：一味～食<一個勁兒地吃>丨～，你快啲去喇！,176,,已校,
3128,係咁大,,hai6 gam3 daai6*2,,完蛋了：呢次～咯！,176,,已校,
3129,係乜係物,,hai6 mat1 hai6 mat6,,①説話雜亂，又這樣又那樣 ②是什麼：呢包野～啊！,176,,已校,
3130,㥋,,ai1',,央求，哀求，懇求：～人丨～𧬊丨我唔～佢丨人怕～，米怕篩<熟語>丨～契爺咁～<跟求乾爹似的> ‖ 廣韵微韵於希切：“念痛聲也”,176,,已校,
3131,㥋𧬊,,ai1' sai1',,懇求，低聲下氣貌；囉囉嗦嗦地求 ‖ 𧬊，廣韵齊韵先稽切：“悲聲”,176,,已校,
3132,㥋㥋𧬊𧬊,,ai1' ai1' sai1' sai1',,哀求貌，求爺爺告奶奶地：我唔去，唔好喺度～～喇！,176,,已校,
3133,矮,,ai2,,不高：～凳仔丨身～丨～仔丨呢張枱好～嘅丨～佬多計，～婆多仔<熟語>,176,,已校,
3134,矮瓜,,ai2 gwaa1,,長條形茄子 ‖ 也叫“矮瓜茄 ai2 gwaa1 ke2”,176,,已校,
3135,矮磨磨,,ai2 mo6 mo6,,形容人矮胖,176,,已校,
3136,矮磨碌,,ai2 mo6 luk1,,形容矮人：睇佢生得～～噉<看他長得磨盤似的>,176,,已校,
3137,矮啲腯,,ai2 di1 dat1,,形容人矮小而結實,176,,已校,
3138,矮細,,ai2 sai3,,矮小：佢生得好～,176,,已校,
3139,矮門,,ai2 mun4*2,,大門外的一道小門扇 ‖ 又叫“腳門 goek3 mun4*2”,176,,已校,
3140,矮凳仔,,ai2 dang3 zai2,,小板凳 ‖ 也叫“凳仔”,177,,已校,
3141,矮㾑㾑,,ai2 dap1 dap1,,矮墩墩 ‖ 㾑， 廣韵合韵都合切：“肥㾑㽺， 出字林”,177,,已校,
3142,矮腯腯,,ai2 dat1 dat1,,矮墩墩 ‖ 腯， 廣韵没韵陀骨切：“説文曰牛羊曰肥， 豕曰腯”,177,,已校,
3143,矮腳占,,ai2 goek3 zim1,,米的一個品種 ‖ 也叫“矮苗占 ai2 miu4 zim1”,177,,已校,
3144,曀,,ai3,,①密雲欲雨： 個天～雨嘅喇！ ②天氣悶熱： 個天好～丨個天好陰～ ‖ 廣韵霽韵於計切：“陰風， 詩曰： 終風且曀。”徐承慶《説文解字匡謬》卷四：“曀， 改天陰沉也”,177,,已校,
3145,曀熱,,ai3 jit6,,悶熱： 天口<天氣>～,177,,已校,
3146,曀焗,,ai3 guk6,,悶熱： 天口～ ‖ 焗， 俗字,177,,已校,
3147,翳,,ai3,,①心中憋悶： 我好心～丨個心好～ ②使人心中氣悶， 發作不出： ～下佢至得丨～得我乜野噉 ‖ 俗借字,177,,已校,
3148,翳肺,,ai3 fai3,,感到心中憋悶， 或遇到麻煩事而頭痛： 真正～啊,177,,已校,
3149,翳膩,,ai3 nai6,,①形容香味濃鬱： 呢朵花好～㗎丨新荔枝～咁香啊丨佢煲啲粥香得好～㗎 ②味道濃， 膩： 軟糖甜到～丨香得～ ‖ 膩， 本音 nei6， 因受前面音節的韵母同化， 變讀 nai6,177,,已校,
3150,翳膩香甜,,ai3 nai6 hoeng1' tim4,,非常香甜， 香味濃厚： 啲芒果幾～啊,177,,已校,
3151,翳滯,,ai3 zai6,,感到滯膩不消化： 食咗糯米飯， 覺得～,177,,已校,
3152,翳氣,,ai3 hai3,,心中氣悶： 今日去攞錢， 去咗幾趟， 真係～,177,,已校,NA：原書注音或應爲ai3 hei3。
3153,翳悶,,ai3 mun6,,中氣不順： 胸膈好～ ‖ 也説“翳翳悶悶”,177,,已校,
3154,蘙,,ai3,,草木茂盛、濃密： 呢棵樹好～ ‖ 廣韵霽韵於計切： “蘙薈。”集韵：“草茂貌”,177,,已校,
3155,呭,,jai5,,①（小孩）不聽話，頑皮，多嘴：也你咁～嘅 ②（物品）質差，低劣 ‖ 廣韵祭韵餘制切：“呭樂，説文曰多言也。”古次濁去聲，今應讀陽去，口語變讀陽上。有的人讀陽平,178,,已校,
3156,呭鷄,,jai5 gai1,,（東西）質次：～貨,178,,已校,
3157,龜,,gwai1,,烏龜：～膠｜～板｜～殼,179,,已校,
3158,龜婆,,gwai1 po4*2,,舊時指妓院的女老板,179,,已校,
3159,龜仔,,gwai1 zai2,,駡人話。龜兒子,179,,已校,
3160,龜爪,,gwai1 zaau2,,妓院中的打手，保護妓女外出者,179,,已校,
3161,龜蛋,,gwai1 daan3*2,,駡人話。王八蛋,179,,已校,NA：原書注音或應爲gwai1 daan6*2。
3162,龜公,,gwai1 gung1,,①舊時指妓院的男老板：～龜婆都叫做烏龜 ②替女人牽綫的男子,179,,已校,
3163,歸齊,,gwai1' cai4,,整齊：佢着得好～｜擺設得好～,179,,已校,
3164,歸西,,gwai1' sai1',,死亡 ‖ 也説“歸天 gwai1' tin1'”,179,,已校,
3165,歸位,,gwai1' wai6,,整齊，平整：佢做野做得好～｜衫摺得好～｜佢房間執拾得好～,179,,已校,
3166,歸心馬,,gwai1' sam1' maa5,,象棋術語。窩心馬。,179,,已校,
3167,歸根,,gwai1' gan1',,到底：～都係佢嘅嘞｜～到底,179,,已校,
3168,歸一,,gwai1' jat1,,①整齊：着得好～ ②趨向一致：走後門出入，都幾清靜、～,179,,已校,
3169,鬼,,gwai2,,①鬼魂：水～｜替死～｜吊頸～｜大頭～｜小～｜打～｜送～｜犯～｜我唔信～ ②番，洋（稱外國人或是外國的）：～佬｜～仔｜～婆｜～妹｜～槍｜～鎖 ③駡人話：衰～｜窮～,179,,已校,
3170,鬼馬,,gwai2 maa5,,①滑頭，狡猾 ②機伶，有趣：個細路好～嘅！,179,,已校,
3171,鬼馬事,,gwai2 maa5 si6,,見不得人的事：做埋晒啲～做乜野啊！,179,,已校,
3172,鬼馬雜,,gwai2 maa5 zaap6*2,,詼諧的人，會逗趣的人：佢正～啊！,179,,已校,
3173,鬼打咁醒,,gwai2 daa2 gam3 seng2,,非常清醒，警醒：坐車～都畀人扒咗個荷包去 ‖ 也説“鬼打都冇咁醒 gwai2 daa2 dou1' mou5 gam3 seng2”,179,,已校,
3174,鬼婆,,gwai2 po4,,①外國女人 ②女巫 ‖ ①中的婆，又音 po4*2，也叫“番鬼婆 faan1' gwai2 po4*2”,179,,已校,
3175,鬼火咁靚,,gwai2 fo2 gam3 leng3,,形容女人妖艷,179,,已校,
3176,鬼子枱,,gwai2 zi2 toi4*2,,一種活動的桌子，支開是四方的，兩邊放下來則成長方的，兩頭有抽屜 ‖ 也叫“鷄翼枱 gai1' jik6 toi4*2”,179,,已校,
3177,鬼市,,gwai2 si6,,海（珠江）邊的夜市，自半夜十二時聚，至鷄鳴而散,179,,已校,
3178,鬼古,,gwai2 gu2,,鬼的故事：講～,179,,已校,
3179,鬼鼠,,gwai2 syu2,,鬼鬼祟祟，鬼頭鬼腦,179,,已校,
3180,鬼唔望,,gwai2 m4 mong6,,一定得，準會，不可能不（貶義）：你咁懶，～你留級｜～你跌倒｜～你畀人打一身,179,,已校,
3181,鬼五馬六,,gwai2 ng5 maa5 luk6,,形容人計謀多、機伶、油頭滑腦,179,,已校,
3182,鬼怪,,gwai2 gwaai3,,相貌醜陋：呢個野咁～<這個家伙這麼難看>,179,,已校,NA：看用例，疑似收錯詞。用例中的“鬼”更像單純用於加強語氣、程度的插入語。
3183,鬼迷,,gwai2 mai4,,駡人話。説人糊塗：～你咩！｜張天師畀～<熟語>,179,,已校,
3184,鬼仔戲,,gwai2 zai2 hei3,,布袋傀儡戲,180,,已校,
3185,鬼死咁,,gwai2 sei2 gam3,,副詞短語。怪⋯的，挺⋯的：～好食<怪好吃的>丨行得～快丨～精丨～笨丨～蠢丨～好睇丨佢着得～靚 ‖ 也説“鬼咁”,180,,已校,
3186,鬼妹,,gwai2 mui6*1,,外國少女 ‖ 也叫“番鬼妹 faan1' gwai2 mui6*1”,180,,已校,
3187,鬼頭,,gwai2 tau4*2,,舊時稱洋人軍官 ‖ 也叫“大兵頭 daai6 bing1' tau4*2”,180,,已校,
3188,鬼頭鬼路,,gwai2 tau4 gwai2 lou6,,①行動詭秘：嗰個人～唔知去边處 ②喻出乎意料，湊巧：真係～喎，碰到佢<這麼巧又碰到他>,180,,已校,
3189,鬼頭仔,,gwai2 tau4 zai2,,内奸,180,,已校,
3190,鬼佬,,gwai2 lou2,,洋鬼子 ‖ 也叫“番鬼佬 faan1' gwai2 lou2”或“鬼子佬 gwai2 zi2 lou2”,180,,已校,
3191,鬼噉,,gwai2 gam2,,多用於形容詞後，表示極、很、非常：惡到～丨精到～丨長氣到～<囉嗦得很>,180,,已校,
3192,鬼咁,,gwai2 gam3,,副詞。怪⋯⋯的，很，非常，極爲：個細路～壞丨～嘈丨～衰丨～有趣丨佢喊到～大聲！丨～肉酸丨～八卦丨～多人丨～好食 ‖ 也説“鬼死咁”。“鬼、鬼死”是慣用附加語，加强語氣，本身非副詞,180,,已校,
3193,鬼揞眼,,gwai2 am2 ngaan5,,①被鬼蒙住眼睛，説人看不見：你～呀？噉都睇唔見！ ②没有眼光，分不出好壞：今日我～嘞，買咁啲噉嘅野 ‖ 揞，廣韵感韵烏感切：“手覆”,180,,已校,
3194,鬼撚,,gwai2 nan2,,①裝模作樣，不大方：佢個人好～丨着衫好～ ②不圓滿：佢做野做得好～ ‖ 撚，古山攝四等字，今應讀 nin2，用於此義時讀 nan2,180,,已校,
3195,鬼旋風,,gwai2 zyun6 fung1',,忽然來的打轉的風 ‖ 旋，廣韵線韵辭戀切：“遶也”,180,,已校,
3196,鬼絣腳,,gwai2 mang3 goek3,,喻人走得快，跑不迭：叫你坐下，你近似～噉,180,,已校,
3197,鬼聲鬼氣,,gwai2 seng1' gwai2 hei3,,①尖聲叫，裝模作樣地叫 ②陰陽怪氣,180,,已校,
3198,鬼跉䟓,,gwai2 ling4 cing3,,不相稱，不像樣，不齊整：着衫着得～噉樣 ‖ 跉䟓，廣韵清韵。跉，呂貞切；䟓，丑貞切：“跉䟓，行不正。”䟓，古音平聲，此處變讀去聲,180,,已校,
3199,鬼靈精怪,,gwai2 ling4 zing1' gwaai3,,形容人有計謀,180,,已校,
3200,鬼腸,,gwai2 coeng4*2,,捲着油炸鬼的豬腸粉，是一種小吃,180,,已校,
3201,鬼上身,,gwai2 soeng5 san1',,形容人胡説八道，語無倫次，好像被鬼附體：你～啊？ ‖ 也説“鬼附身 gwai2 fu6 san1'”,180,,已校,
3202,鬼殺咁嘈,,gwai2 saat3 gam3 cou4,,形容人大叫大嚷,180,,已校,
3203,鬼不交,,gwai2 bat1 gaau1',,①性格孤僻，不喜交往；不喜歡别人動自己的東西：佢個人正～㗎！ ②形容人品質差,180,,已校,
3204,鬼拍後尾䪴,,gwai2 paak3 hau6 mei5 zam2,,形容人糊里糊塗,180,,已校,
3205,鬼摑後䪴,,gwai2 gwaak3 hau6 zam2,,①説人話多，胡説八道：你～咩，亂咁𡀾 ②失言，自己隱瞞的事又無意中説出來：我真係～咯 ‖ 也説“鬼擘口 gwai2 maak3 hau2”。䪴，廣韵寢韵章荏切：“頭骨後”,180,,已校,
3206,鬼畫符,,gwai2 waak6 fu4,,塗鴉，喻字寫得太草,180,,已校,
3207,鬼惑,,gwai2 waak6,,滑頭,180,,已校,
3208,鬼䟐𧻕,,gwai2 lek1 cek1,,不相稱，不像樣，不合身：着衫着得～噉 ‖ 䟐，廣韵錫韵郎擊切；𧻕，廣韵昔韵七迹切：“䟐𧻕，行貌”,180,,已校,
3209,詭譎,,gwai2 gwat1,,狡詐，詭計多端：佢好～嘅,181,,已校,
3210,詭蜮,,gwai2 wik6,,狡黠，滑頭，詭計多端,181,,已校,
3211,桂花蟬,,gwai3 faa1' sim4,,一種昆蟲，形似蟬，可食：龍蝨同～～一齊擺來賣嘅,181,,已校,
3212,桂花粉,,gwai3 faa1' fan2,,桂花形狀的米粉製品，可煮食,181,,已校,
3213,桂花糖,,gwai3 faa1' tong4*2,,糖製的桂花，做點心餡用,181,,已校,
3214,桂味,,gwai3 mei6*2,,荔枝佳品之一，成熟較晚：～荔枝,181,,已校,
3215,桂林椎,,gwai3 lam4 jeoi1,,一種乾果，形如小栗子，一頭圓，一頭尖 ‖ 椎，集韵脂韵朱惟切：“木名，似栗而小。”本應讀 zeoi4，因忌諱此音而變讀 jeoi1,181,,已校,
3216,桂林埕,,gwai3 lam4 cing4,,一種罎子，上大下小，較高，産於桂林，因形狀特殊，廣東人稱此名,181,,已校,
3217,桂圓肉,,gwai3 jyun4*2 juk6,,乾的龍眼肉 ‖ 簡稱“圓肉”，也叫“龍眼肉 lung4 ngaan5*2 juk6”,181,,已校,
3218,桂木,,gwai3 muk6*2,,果名，多用做蜜漬果，鮮吃有澀味,181,,已校,
3219,貴細,,gwai3 sai3,,嬌貴，嬌氣；斯文：佢生得好～｜着得好～｜食野好～,181,,已校,
3220,貴妃牀,,gwai3 fei1 cong4,,舊式的小炕牀，較窄，主要供坐用,181,,已校,
3221,貴利,,gwai3 lei6*2,,高利貸：借咗大耳窿<高利貸者>～，就好難還清咯！,181,,已校,
3222,貴氣,,gwai3 hei3,,貴相，儀態嬌貴：佢都有啲～噃｜生得好～｜佢幾夠～噃,181,,已校,
3223,貴相,,gwai3 soeng3,,①相貌端正：佢生鋪～<他長得相貌端正>｜佢有啲～ ②品格端正,181,,已校,
3224,跪,,gwai6,,①下跪：～落去｜拜～｜～爛膝頭 ②向…下跪：佢唔肯～我,181,,已校,
3225,跪薦,,gwai6 zin3*2,,跪拜時用的墊子,181,,已校,
3226,櫃,,gwai6,,①櫃子：五桶～<有五個抽屜的櫃子>｜四桶～｜餐～<食品櫃>｜企身～<大衣櫃> ②廚：碗～｜書～｜紗～｜酒～｜壁～ ③其他形似櫃之物：雪～<冰箱>｜貨～<集裝箱> ｜風～<一種風車>,181,,已校,
3227,櫃位,,gwai6 wai6*2,,櫃枱：坐～｜～貓｜大字號有兩三個～,181,,已校,
3228,櫃位貓,,gwai6 wai6*2 maau1,,舊時指店鋪、飯館中坐在櫃枱裏面負責收錢的人 ‖ 也叫“櫃貓”或“櫃頭貓 gwai6 tau4 maau1”,181,,已校,
3229,櫃枱,,gwai6 toi4*2,,商店裏放置商品的玻璃櫃,181,,已校,
3230,櫃面,,gwai6 min6*2,,①當鋪中管估價和收貨者 ②酒店中的收款者 ③櫃上，櫃枱：坐～<收賬，站櫃枱>,181,,已校,
3231,櫃桶,,gwai6 tung2,,抽屜：梳妝枱有五隻～,181,,已校,
3232,櫃桶穿㞘,,gwai6 tung2 cyun1'duk1,,抽屜漏底，喻貪污錢財（東家對掌櫃的説） ‖ 也説“櫃桶底穿 gwai6 tung2 dai2 cyun1'”,181,,已校,
3233,規,,kwai1,,舊時特指地方上的惡勢力或政府下級官吏敲詐人民的“保護費”：收～,181,,已校,
3234,規,,kwai1',,規矩，規範：犯～丨～矩｜～定｜～例｜校～｜家～,181,,已校,
3235,規例,,kwai1' lai6,,規矩，事例：我呢處有噉嘅～ ‖ 也説“例規”,181,,已校,
3236,虧,,kwai1',,①難爲，難得（否定語氣）：～你做得出噉嘅事｜人地關緊你，～你食得落｜～你講得出口 ②多虧，難得：咁多年～你捱得落去！ ③身體虛弱：～友｜你個身體～咗幾多,182,,已校,
3237,虧負,,kwai1' fu6,,①對不住：噉我都唔～你喇啩<這麼着我也没有對不起你了吧>｜佢～我 ②折本，賠本：～咗一百文 [mɐn˥] <元>,182,,已校,
3238,虧友,,kwai1' jau5*2,,稱體弱的人,182,,已校,
3239,虧本,,kwai1' bun2,,賠本錢 ‖ 也説“折本 sit6 bun2”,182,,已校,
3240,虧弱,,kwai1' joek6,,虛弱：佢身體好～嘅,182,,已校,
3241,葵,,kwai4,,葵樹或葵葉：～葉｜～心扇｜～扇｜～席,182,,已校,
3242,葵,,kwai4*2,,盆栽的葵樹：擺幾盆～,182,,已校,
3243,葵花,,kwai4 faa1,,向日葵花,182,,已校,
3244,葵瓜子,,kwai4 gwaa1' zi2,,葵花子,182,,已校,
3245,葵鼠,,kwai4 syu2,,作爲寵物的一種小動物 ‖ 舊時稱“荷蘭豬 ho4 laan4*1 zyu1”,182,,已校,
3246,葵心扇,,kwai4 sam1' sin3,,用葵樹的中心部位的葉子做的扇子，很細緻精美,182,,已校,
3247,葵麵,,kwai4 min6,,最早的掛麵，紙筒包裝 ‖ 現稱“掛麵 gwaa3 min6”,182,,已校,
3248,葵扇,,kwai4 sin3,,①葵樹葉扇子 ②指撲克牌的黑桃花色,182,,已校,
3249,葵骨,,kwai4 gwat1,,葵樹葉的葉脈：～牙籤｜～掃把,182,,已校,
3250,葵骨掃,,kwai4 gwat1 sou3*2,,葵骨做的掃帚 ‖ 也叫“葵骨掃把 kwai4 gwat1 sou3 baa2”,182,,已校,
3251,媁,,wai1',,美，漂亮：佢架車好～｜着件～衫 ‖ 廣韵微韵於非切：“美也”,182,,已校,
3252,媁袓袓,,wai1' zaa1' zaa1',,華美：佢着得～ ‖ 袓，集韵麻韵咨邪切：“好也。”古麻韵三等字本應讀 e 韵，今讀如一等 aa 韵,182,,已校,
3253,媁水,,wai1' seoi2,,漂亮，醒目：呢隻布嘅花色好～,182,,已校,
3254,威,,wai1',,①威風：發～｜～勢｜幾夠～｜失～｜係～係勢 ②顯威風：～返下<顯一顯威風>｜～到盡<威風到頂>,182,,已校,
3255,威化,,wai1' faa3,,①薄脆餅：～餅乾｜～朱古力 ②糯米粉製的炸蝦片 ‖ 英文 wafer 的音譯,182,,已校,
3256,威勢,,wai1' sai6,,權威，靠山：佢屋企有啲～嘅,182,,已校,
3257,威水,,wai1' seoi2,,①威風，體面，氣派：佢着得好～㗎！ ②顯威風：今日畀佢～下喇！,182,,已校,
3258,威猛,,wai1' maang5,,很氣派，體面：着件大褸幾～,182,,已校,
3259,圩田,,wai4 tin4,,水邊的用壩圍起來的沙田 ‖ 圩，俗字,182,,已校,
3260,圩膊,,wai4 bok3,,堤岸 ‖ 也叫“基膊 gei1 bok3”。膊，集韵鐸韵伯各切：“界埒也”,182,,已校,
3261,桅燈,,wai4 dang1,,防風雨的一種帶玻璃罩的燈,182,,已校,
3262,惟是,,wai4 si6,,只是,182,,已校,
3263,惟有,,wai4 jau5,,①只有：～佢唔開口 ②只好：～我去就係喇！,182,,已校,
3264,惟獨是,,wai4 duk6 si6,,只是,182,,已校,
3265,圍,,wai4,,①圍繞：～住佢 ②量詞。桌，席：請幾多～酒？ ③布圍子或某種飾物：枱～<圍桌子的紅布，有喜慶事或過年時用>丨髻～<綴在髮髻周圍的珠子飾物>,182,,已校,
3266,圍棋,,wai4 kei4*2,,棋的一種,183,,已校,
3267,圍内,,wai4 noi6*2,,①某個範圍内，特指利害相關的集團内：請春茗都係請～嘅人 ②自己人，老朋友：大家都係～來嘅啫！,183,,已校,
3268,圍帎,,wai4 dam3,,布製的腰帶，可以藏錢 ‖ 也叫“腰帎 jiu1 dam3”，簡稱“帎”。帎，廣韵勘韵丁紺切：“冠幘近前。”據廣韵校本改,183,,已校,
3269,圍裙,,wai4 kwan4*2,,圍在腰間保護衣服的東西，多爲布製,183,,已校,
3270,圍屏,,wai4 ping4*2,,小屏風：～仔<擺在桌子上的小屏風>,183,,已校,
3271,爲,,wai4,,①是：十里～一塘路 ②做：～人丨～得過,183,,已校,
3272,爲難,,wai4 naan4,,①使人難堪：～人丨唔好𢬿佢來～丨唔好～佢 ②不好辦，難辦：你噉做，令我去又唔好，唔去又唔好，真係～喇丨做野好～丨左右～,183,,已校,
3273,爲得過,,wai4 dak1 gwo3,,划得來，合算：呢件事～噃！,183,,已校,
3274,維繫,,wai4 hai6,,互相幫助：大家～至得啊！,183,,已校,
3275,維皮,,wai4 pei4*2,,①收入僅夠支出：～唔住<維持不下去> ②成本高，開支大：噉都幾～嘅噃，娶新婦擺幾十圍酒丨梗係好食喇，呢啲野好～嘅,183,,已校,
3276,委實,,wai2 sat6,,確實,183,,已校,
3277,喂,,wai3,,①給予食物：～飯丨～粥丨～奶丨～鷄丨～貓丨～狗丨～牛 ②燒菜出鍋之前，放入好湯以增加滋味：畀啲上湯～下佢,183,,已校,
3278,位,,wai6*2,,①位子，座位；地方：呢處有大把～丨艙～<指貨位>丨窗口～丨攤～ ②量詞。個（只用於人）：來咗三～人客 ③地方，空白：張紙剩返好多～<這張紙還有很多空白>,183,,已校,
3279,胃,,wai6,,消化器官之一：腸～丨～病丨～口丨開～丨醒～丨～痛丨～藥丨～寒丨～熱丨反～,183,,已校,
3280,胃火,,wai6 fo2,,①消化力：食野要嚼爛，如果係個～唔夠之時，就會發生毛病㗎！ ②胃口，食欲：我冇乜～丨～好,183,,已校,
3281,胃口,,wai6 hau5,,①食欲：啱晒我嘅～<全合我的胃口> ②喻對事物的興趣：打麻雀唔合我～,183,,已校,
3282,爲,,wai6,,①因爲：～乜野丨～口傷身 ②替，給：～人地打算丨～你擔心 ③幫助，衛護：佢好～得人嘅丨佢好～我嘅 ④表示目的：佢噉樣做都係～着你丨佢好～食㗎！,183,,已校,
3283,爲因,,wai6 jan1',,連詞。因爲 ‖ 也説“因爲”,183,,已校,
3284,爲乜,,wai6 mat1,,爲什麼 ‖ 也説“爲乜爲物 wai6 mat1 wai6 mat6”,183,,已校,
3285,爲食,,wai6 sik6,,嘴饞，老想吃東西：～鬼丨睇你個～相丨個細路好～嘅,183,,已校,
3286,爲食氣起,,wai6 sik6 hei3 hei2,,嘴饞，很想吃東西：我好想食野，～嘞,183,,已校,
3287,爲食貓,,wai6 sik6 maau1,,喻好吃的人、饞鬼,183,,已校,
3288,爲食罌,,wai6 sik6 aang1,,脖子後面凹陷處的俗稱,183,,已校,
3289,爲食啄,,wai6 sik6 doeng1,,貪食者 ‖ 啄，訓讀字,183,,已校,
3290,陂,,bei1,,舊時水利工程之一，在河牀中以石砌成的抬高水位的淺壩，利用水力來轉動水車，便於灌溉，或作爲磨坊、油坊的動力：～頭｜水～ ‖ 廣韵支韵彼爲切：“書傳云澤障曰陂”,184,,已校,
3291,卑螆,,bei1' zi1',,口瘡，長在嘴裏的白色小粒：生～就要飲菊花茶嘞 ‖ 同音字,184,,已校,NA：現在（2020s）一般作“飛滋 fei1 zi1”。
3292,比,,bei2,,①比較，對比：～對｜～數｜～較｜人～人，激死人<熟語> ②介詞。用來比較性狀和程度的差别：我～佢大,184,,已校,
3293,比如,,bei2 jyu4,,比方説，假設 ‖ 舊時也説“比如間 bei2 jyu4 gaan1'”,184,,已校,
3294,比數,,bei2 sou3,,比分：～四對三,184,,已校,
3295,比對,,bei2 deoi3,,對比，對照：～一下你今年同舊年嘅成績，睇下有冇進步,184,,已校,
3296,比併,,bei2 ping3,,比較：將呢兩樣野～一下｜你～下人喇，睇人地考得幾好｜唔～得人<不能與人相比>｜～得人,184,,已校,
3297,髀,,bei2,,腿，多指人和動物的大腿：大～｜鷄～｜鴨～｜～長長,184,,已校,
3298,髀罅,,bei2 laa3,,①大腿根部 ②兩腿之間：鑽過～ ‖ 罅，訓讀字,184,,已校,
3299,髀趽趽,,bei2 baang6 baang6,,叉開腿的樣子：行路～｜坐喺處～噉 ‖ 趽，廣韵唐韵步光切：“膝脛曲貌。”古唐韵今讀如庚韵二等。古濁平，今變讀陽去,184,,已校,
3300,髀掹長,,bei2 mang1 coeng4,,①腿長，有腳力：～，行得快 ②能奔走，會辦事：佢～，有辦法 ‖ 掹，俗字,184,,已校,
3301,庇佑,,bei3 jau6,,保佑：望菩薩～咯,184,,已校,
3302,泌,,bei3,,過濾，潷，將水與渣滓分開：將水～出來｜～咗啲水｜～乾水｜～出汁,184,,已校,
3303,畀,,bei3*2,,①給：～本書我｜～返你<還給你>｜～面｜擔張凳～我 ②被：我～佢打咗一下｜～人追到瘦｜～狗咬親｜～佢鬧一身｜～佢攞咗去 ③烹飪時放入（配料等），投入：～啲鹽，～啲糖｜～心機讀書<專心讀書> ④讓，叫；允許：唔～佢去｜呢次～你考到第一咯 ⑤介詞。相當於“用、以”：～口講｜～手揦｜佢間屋係～磚起嘅 ‖ 廣韵至韵必至切：“與也”,184,,已校,
3304,畀個死貓⋯食,,bei3*2 go3 sei2 maau1⋯ sik6,,喻使人受冤屈：你地噉樣做，即係畀個死貓我食，點得啊？,184,,已校,
3305,畀過,,bei3*2 gwo3,,①交給：將呢本書～佢 ②再給：我唔着呢件衫，～第二件我<再給我另外一件>,184,,已校,
3306,畀西瓜皮你踩,,bei3*2 sai1' gwaa1' pei4 nei5 caai2,,使人跌倒，比喻整治人,184,,已校,
3307,畀鬼迷,,bei3*2 gwai2 mei4,,駡人話。説人失魂丢魄,184,,已校,NA：原書注音或應爲bei2 gwai2 mai4。
3308,畀鬼笮,,bei3*2 gwai2 zaak3,,睡覺時覺得有重物壓在身上：昨我～ ‖ 笮，廣韵陌韵側伯切：“⋯又迫也”,184,,已校,
3309,畀都唔,,bei3*2 dou1' m4,,放在動詞前，表示堅決不幹：～食｜～要｜～愛｜～䎺[tsɐi˧]<堅決不願意>｜～去｜～信｜～坐｜～睇｜～聽｜～做,184,,已校,
3310,畀高帽佢戴,,bei3*2 gou1' mou6*2 keoi5 daai3,,捧他，給他戴上高帽子,184,,已校,
3311,畀雷劈,,bei3*2 leoi4 pek3,,駡人話。遭雷打的，天殺的,185,,已校,
3312,畀心機,,bei3*2 sam1' gei1',,專心，用心，下功夫：～去讀書喇丨～做人<好好做人>丨～休息<好好休息>,185,,已校,
3313,畀眼睇,,bei3*2 ngaan5 tai2,,等着瞧（多爲貶義）：～下佢喇，睇佢第日點收科<下場>喇丨～住佢<拭目以待>,185,,已校,
3314,畀面,,bei3*2 min6*2,,給面子，賞臉：乜你咁唔～啊！丨～佢當爲～我丨佢好～我嘅丨～唔要面<給臉不要臉>,185,,已校,
3315,痹,,bei3,,麻痹：條脷～～地<舌頭有點麻>丨手～腳～丨成身～哂丨骨～,185,,已校,
3316,臂章,,bei3 zoeng1,,袖章,185,,已校,
3317,鼻,,bei6,,鼻子：～哥丨～哥尖丨扁～丨高～丨～毛丨～勾勾丨～屎丨～涕丨～水丨～梁,185,,已校,
3318,鼻哥,,bei6 go1,,鼻子的俗稱：～尖丨照住～去<一直向前走>,185,,已校,
3319,鼻哥都冇肉,,bei6 go1 dou1' mou5 juk6,,驚怕貌：慌到～,185,,已校,
3320,鼻哥劥,,bei6 go1 kang3,,説人有本事（多含貶義）：你鼻哥夠劥嘞 ‖ 劥，廣韵庚韵客庚切：“劥㔞，有力。”劥，苦淮切：“劥㔞，人有力也。”古平聲，今口語變讀去聲,185,,已校,
3321,鼻哥𦡁,,bei6 go1 doeng1,,鼻子頭 ‖ 𦡁，廣韵唐韵都郎切：“耳𦡁，耳下。”古唐韵今讀如陽韵,185,,已校,
3322,鼻哥窿,,bei6 go1 lung1,,鼻孔，鼻子眼兒：～向天 ‖ 也叫“鼻窿”,185,,已校,
3323,鼻指,,bei6 zi2,,鼻翅：佢～大丨～翹,185,,已校,
3324,鼻屎,,bei6 si2,,乾鼻涕：挖～,185,,已校,
3325,鼻屎毛,,bei6 si2 mou4*1,,喻非常少，如細小的鼻屎：～咁多[tœ˥]，有乜用啊<這麼一丁點兒有什麼用>？,185,,已校,
3326,鼻涕,,bei6 tai3,,鼻中排泄出來的液體：流～丨～褪褪筒<鼻涕要流下來的樣子>,185,,已校,
3327,鼻涕蟲,,bei6 tai3 cung4,,①無殼的蝸牛，學名“蛞蝓” ②譏笑流鼻涕的孩子 ③比喻懦弱者,185,,已校,
3328,鼻水,,bei6 seoi2,,清鼻涕，稀鼻涕：流～，梗係感冒嘞<準是感冒了>,185,,已校,
3329,鼻鼾,,bei6 hon4,,打呼嚕聲：扯～<打鼾>丨佢好大～,185,,已校,
3330,鼻扁,,bei6 bin2,,喻理屈：你都唔知自己～喎<不自量>！,185,,已校,
3331,鼻梁,,bei6 loeng4,,鼻子隆起的部分：～高丨～低丨冇～,185,,已校,
3332,鼻窿大,,bei6 lung1 daai6,,説人好花錢：佢個鼻窿乜咁大㗎！幾百文一下使精光,185,,已校,
3333,鼻齆,,bei6 ung3,,病名，即鼻竇炎 ‖ 齆，廣韵送韵烏貢切：“鼻塞曰齆”,185,,已校,
3334,鼻綟,,bei6 lit3,,鼻梁上稍突起的部分（有的人無）：～大就唔好睇,185,,已校,
3335,鼻塞,,bei6 sak1,,鼻子不通,185,,已校,
3336,鼻腳,,bei6 goek3,,鼻子下邊，鼻孔周圍的部分 ‖ 也叫“鼻哥腳 bei6 go1 goek3”,185,,已校,
3337,嚊,,bei6,,連詞。…還是…（兩者擇一）：你要黄紙～白紙？丨呢個～嗰個？丨你來～我去呢？丨呢個男仔～女仔呢？ ‖ 俗字,185,,已校,
3338,避,,bei6,,躲開，避開：～車丨～雨丨～難丨～雷針丨～風丨～熱頭丨～暑,185,,已校,
3339,避車,,bei6 ce1,,①錯車，兩車（汽車、火車等）相遇，一車暫停，讓對方過去 ②人躲車,185,,已校,
3340,避雨,,bei6 jyu5,,躲雨：我地行人去埋便避下雨喇,185,,已校,
3341,避禮,,bei6 lai5,,舊時爲女子定婚時，不讓本人知道，女子要到親朋家躲幾天,186,,已校,
3342,避忌,,bei6 gei6,,忌諱：佢都唔識～丨去到人地處，要識得～至得啊丨舊時紅船上最～女人,186,,已校,
3343,避年,,bei6 nin4,,到外地過年，以避免繁文縟節,186,,已校,
3344,避風塘,,bei6 fung1' tong4,,避風港，船隻避風的地方，在海邊有大堤圍住,186,,已校,
3345,避發冷鬼,,bei6 faat3 laang5 gwai2,,躲瘧疾鬼，病發作之前避到他處,186,,已校,
3346,篦,,bei6,,用篦子梳：～頭髮丨～出好多頭泥丨～咗啲蝨乸丨賊過如梳，兵過如～<熟語>,186,,已校,
3347,篦,,bei6*2,,篦子：買個～丨頭～<篦子>丨筋竹～丨象牙～丨～齒,186,,已校,
3348,𤿎,,pei1',,①器物磨損：螺絲批～咗 ②器物破損：瓦盆邊～咗 ‖ 廣韵支韵敷羈切：“器破而未離”,186,,已校,
3349,紕,,pei1',,①綢緞起毛，將壞：件衫着到～曬丨磨～咗件衫 ②布類的毛邊鬆散：～晒邊丨件衫唔鈒骨就會～咗<這衣服不包縫就會散邊> ‖ 廣韵脂韵匹夷切：“繒欲壞也”,186,,已校,
3350,紕口,,pei1' hau2,,①衣服未縫之邊，毛邊 ②布類毛邊散開：裁好件衫唔鎖邊，會～嘅噃！,186,,已校,
3351,皮,,pei4,,①人或生物體表面的一層組織：～膚丨牛～丨羊～丨豬肉～丨蛇～丨樹～丨面～薄丨面～好厚 ②皮革，毛皮：～貨丨～草丨～包丨～鞋丨～袍丨～枕 ③包在或圍在外面的一層東西：包袱～丨包～<包子的皮兒>丨餃子～ ④表面：刮地～ ⑤（海或河）濱：海～ ⑥某些薄片狀的東西：鐵～丨紙～丨草～丨腐～<豆製品的一種> ⑦頑皮：跳～丨韌～ ⑧表示大小程度的單位，相當於“號兒、圈兒”：呢個箱大嗰個箱兩～<這個箱子比那個箱子大兩號>,186,,已校,
3352,皮,,pei4*2,,①帶毛的皮子：～衲丨～褸 ②本錢，花費（皮費的簡稱）：慳～<省錢，省儉>丨維～<夠本>丨唔夠～<不夠開支> ③元的俗稱：兩～丨百五～<一百五十元>,186,,已校,
3353,皮絲煙,,pei4 si1' jin1,,很細的煙絲 ‖ 也叫“綿煙 min4 jin1”,186,,已校,
3354,皮鞋筋,,pei4 haai4 gan1,,縫皮鞋用的粗麻綫：扯～,186,,已校,
3355,皮費,,pei4 fai3,,每日的花費、開支，多用於商店：～輕丨～大丨～重,186,,已校,
3356,皮褸,,pei4 lau1,,人造革外衣,186,,已校,
3357,皮褸,,pei4*2 lau1,,毛皮大衣,186,,已校,
3358,皮袍,,pei4 pou4*2,,中式長皮襖,186,,已校,
3359,皮草,,pei4 cou2,,皮貨的總稱,186,,已校,
3360,皮條婆,,pei4 tiu4 po4,,幫人拉皮條的婦女,186,,已校,
3361,皮驢婆,,pei4 leoi4 po4,,調皮、粗魯、好動的家伙（對子女帶有愛意的詈辭）,186,,已校,
3362,皮枕,,pei4 zam2,,夏天用的漆皮做的涼枕,186,,已校,
3363,皮板,,pei4 baan2,,毛皮的底板：睇下呢塊皮嘅～好唔好啊？,186,,已校,
3364,皮蛋,,pei4 daan6*2,,松花蛋，北京叫“松花”：～瘦肉粥,186,,已校,
3365,皮箱,,pei4 soeng1,,陽江等地出産的大箱，用厚紙板塗漆製成，既防水又防蟲，質輕，内紅外黑,186,,已校,
3366,皮相,,pei4 soeng3,,外表，外貌：佢生得～都唔錯啊丨呢啲係～來嘅<這只是表面>,186,,已校,
3367,皮光肉滑,,pei4 gwong1' juk6 waat6,,外皮光滑：啲番薯～，点知佢係生沙蝨嘅？丨佢生得～，嫩夾靚<年輕又漂亮>,186,,已校,
3368,皮筒,,pei4 tung4*2,,未製成皮衣的整件毛皮,187,,已校,
3369,皮籠,,pei4 lung5,,大的皮箱子，比普通皮箱大 ‖ 籠，廣韵董韵力董切：“竹器”,187,,已校,
3370,皮衲,,pei4*2 naap6,,中式短皮襖,187,,已校,
3371,皮笈,,pei4 gip6*1,,輕便的手提皮箱 ‖ 笈，廣韵葉韵其輒切：“負書箱也”,187,,已校,
3372,枇杷果,,pei4 paa4 gwo2,,一種水果,187,,已校,
3373,琵琶仔,,pei4 paa4 zai2,,舊時指會唱曲的雛妓,187,,已校,
3374,琵琶襟,,pei4 paa4 kam1,,舊式女上衣的一種式樣,187,,已校,
3375,脾胃,,pei4 wai6,,①脾氣，性格：佢～唔同人地㗎 ②品質：佢～好壞嘅 ③脾和胃：～唔好，要去睇醫生咯,187,,已校,
3376,脾氣,,pei4 hei3,,氣性，性情：～好梗<古板>丨佢唔好～㗎！,187,,已校,
3377,脾性,,pei4 sing3,,脾氣，習性：佢～帶硬<他脾氣有些古板>,187,,已校,
3378,貔貅,,pei4 jau1',,調皮，搗蛋：呢個細路哥咁～丨～仔往往聰明 ‖ 貔，廣韵脂韵房脂切：“獸名。”貅，廣韵尤韵許尤切：“貔貅，猛獸”,187,,已校,
3379,鄙,,pei2,,看不起：大家都唔好～佢,187,,已校,
3380,被,,pei5,,睡覺時蓋在身上的保暖物：棉～丨薄～丨毛巾～丨夾～丨～面丨～頭丨～袋丨～竇,187,,已校,
3381,被架,,pei5 gaa3*2,,舊式大牀上的放被的架子：古老大牀至有～嘅丨有～就架勢嘞,187,,已校,
3382,被尾,,pei5 mei5,,被子蓋足部的那一端 ‖ 也叫“被腳 pei5 goek3”,187,,已校,
3383,被裏,,pei5 lei5,,蓋被子時靠身體一面的布單（和“被面”相對）,187,,已校,
3384,被袋,,pei5 doi6*2,,①裝被褥的旅行用袋 ②被套 ‖ ②也叫“被套”,187,,已校,
3385,被胎,,pei5 toi1,,打好的棉花胎，做棉被用 ‖ 也叫“棉胎 min4 toi1”,187,,已校,
3386,被竇,,pei5 dau3,,被窩兒：鑽～,187,,已校,
3387,被頭,,pei5 tau4,,包在被子靠頭部那一端的布單,187,,已校,
3388,被頭巾,,pei5 tau4 gan1,,縫在被子一端以代替被頭的大毛巾,187,,已校,
3389,被鋪,,pei5 pou1',,鋪蓋、卧具的總稱,187,,已校,
3390,被套,,pei5 tou3,,套在棉胎外的布套（不分被裏和被面） ‖ 也叫“被袋”,187,,已校,
3391,被單,,pei5 daan1,,①被裏 ②牀單 ‖ ①也叫“被裏”,187,,已校,
3392,被面,,pei5 min6*2,,被子朝外一面的布單（與“被裏”相對）,187,,已校,
3393,屁,,pei3,,體内下泄之氣：屙～丨～王,187,,已校,
3394,屁事,,pei3 si6,,①喻微小之事：～都冇 ②指没有任何事：有～！,187,,已校,
3395,眯,,mei1',,①閉或半閉（眼或口）：眼～～丨～埋眼丨～埋個嘴丨你～埋口唔好講喇 ②小睡：眼瞓就～一～喇丨我～着一陣 ‖ 集韵支韵民卑切：“眇目也”,187,,已校,
3396,眯埋眼,,mei1' maai4 ngaan5,,①閉上眼睛：～唔好睇我 ②指死亡：～重知乜野啊！,187,,已校,
3397,渳,,mei1',,用唇及舌尖嘗試液體：你～下啲酒丨～一啖試下丨～啖醋 ‖ 廣韵紙韵綿婢切：“水貌，説文飲也。”古次濁上聲，今應讀陽上，此處變讀陰平,187,,已校,
3398,眉豆,,mei4 dau6*2,,一種豆，煮湯吃可治腳氣：煲～花生醫腳氣,187,,已校,
3399,眉頭,,mei4 tau4,,眉毛内端：～皺丨皺埋～想野,187,,已校,
3400,眉頭眼額,,mei4 tau4 ngaan5 ngaak6,,眉眼高低，指臉色表情：你都唔睇人～嘅,188,,已校,
3401,眉毛,,mei4 mou4,,專指眉的毛（整道的眉毛叫“眼眉”）：～好濃｜～疏｜～密,188,,已校,
3402,眉心,,mei4 sam1,,兩眉之間：～闊｜～窄,188,,已校,
3403,眉鉗,,mei4 kim4*2,,小鑷子 ‖ 也叫“毛鉗 mou4 kim4*2”,188,,已校,
3404,眉精眼企,,mei4 zing1' ngaan5 kei5,,形容人長相精明：嗰個人～㗎,188,,已校,
3405,湄湄滿,,mei4 mei4 mun5,,（液體）非常滿：斟茶唔好斟到～｜碗滾水～嘅 ‖ 也説“滿湄湄”,188,,已校,
3406,微,,mei4,,利潤很少，没有賺頭：生意做得好～,188,,已校,
3407,微微,,mei4 mei4*2,,略微，少許：落幾多味精啊？——～落啲喇｜～落幾滴酒喇,188,,已校,
3408,微利,,mei4 lei6,,利潤少：呢啲～生意，唔賺得乜野錢嘅,188,,已校,
3409,微汗,,mei4 hon6,,少量的汗：食啲發散藥，等佢出啲～,188,,已校,
3410,䤍,,mei4*1,,①醬油或醋上長的白色物：豉油～｜醋～ ②浮在液體面上的泡沫或薄膜：湯上便有～，撇咗佢喇｜粥～｜牛奶～ ‖ 廣韵齊韵莫兮切：“醭䤍，醬上白也。”古蟹攝四等本應讀 ai 韵，今口語變讀 ei 韵,188,,已校,
3411,尾,,mei5,,①尾巴及其引申義：豬～｜鷄～｜牛～｜衫～｜辮～ ②最後的，末尾：～車<末班車>｜月～｜年～｜數～<餘數>｜～渡｜伙食～～<伙食結餘> ③梢頭，終端：樹～｜竹～｜葵～｜屋～｜蔗～｜墟～｜坐到～<坐到終點> ④主要部分以外的部分，没有了結的事情：手～<未做完的事>｜佢做野有頭有～,188,,已校,
3412,尾,,mei5*1,,最後的，最末的：手指～<小指>｜阿～｜第～<最後一個>｜孻～<最末的>｜老番睇榜，由～數上<歇後語>,188,,已校,
3413,尾禡,,mei5 ngaa4,,農曆十二月十六，商家加菜，宴請伙計，酬勞一年的辛苦 ‖ 禡，訓讀字,188,,已校,
3414,尾二,,mei5*1 ji6*2,,倒數第二：佢考咗～<他考個倒數第二>,188,,已校,
3415,尾孻,,mei5*1 lai1,,最後，最末：我行最～｜～嗰個係边個啊？ ‖ 也説“孻尾”。孻，俗字,188,,已校,
3416,尾底,,mei5 dai2,,最後，最裏頭：排隊排喺最～｜入去～處搵喇 ‖ 也説“裏底 leoi5 dai2”,188,,已校,
3417,尾尾屎,,mei5*1 mei5*1 si2,,小兒語。最末的：你係～啊 ‖ 也説“第尾屎 dai6 mei5*1 si2”,188,,已校,
3418,尾樓,,mei5 lau4*2,,大輪船的三等艙，位於船尾部，乘客只能睡帆布躺椅,188,,已校,
3419,尾後,,mei5 hau6,,①後來：～又點呢？ ②最後：排到～，冇買到,188,,已校,
3420,尾渡,,mei5 dou6*2,,最末班的渡船：搭～去,188,,已校,
3421,尾水,,mei5 seoi2,,末批，用於果、菜等：五月份食頭水龍眼，七月份食～,188,,已校,
3422,尾運,,mei5 wan6,,最後的運氣：你行咗個好～嘞，過晒關嘞,188,,已校,
3423,尾房,,mei5 fong4*2,,同一層樓的最後面的房間,188,,已校,
3424,尾龍骨,,mei5 lung4 gwat1,,尻骨，尾骨,188,,已校,
3425,美人肩,,mei4 jan4 gin1,,削肩：佢係～ ‖ 也叫“笡肩 ce3 5 gin1”或“笡膊 ce3 5 bok3”,188,,已校,
3426,未,,mei6,,①没有，還没有：我～去<我還可能再去，還打算去>丨着咗衫～<穿上衣服没有>？ ②不：～得自,189,,已校,
3427,未知死,,mei6 zi1' sei2,,不懂得利害 ‖ 也説“未識死 mei6 sik1 sei2”,189,,已校,
3428,未有耐,,mei6 jau5 noi6*2（或 noi6*1）,,①差得遠：畀我三百文，～夠 ②早着呢，還需要很長一段時間：去廣州重有好遠路，～到啊！,189,,已校,
3429,未曾,,mei6 cang4,,從來没有：～見過噉嘅人,189,,已校,
3430,未入世,,mei6 jap6 sai3,,不懂得人情世故：佢都～嘅 ‖ 也説“唔入世 m4 jap6 sai3”,189,,已校,
3431,未入門,,mei6 jap6 mun4,,①外行，不懂本行：做生意佢都～丨研究文學，你都～ ②未過門：佢嘅新婦重～啊 ‖ ①也説“未入行 mei6 jap6 hong4”,189,,已校,
3432,未入宮,,mei6 jap6 gung1',,舊時指男人在外面納的非正式的妾：佢嗰個係～㗎,189,,已校,
3433,未入沓,,mei6 jap6 daap6,,不合群，合不來：唔好叫埋佢，佢都～嘅,189,,已校,
3434,未得自,,mei6 dak1 zi6,,還不行：去得未啊？——～，等一陣先<還得等一會兒>,189,,已校,
3435,没,,mei6,,潜水：～水丨～落水底丨識水性嘅～得好耐㗎 ‖ 集韵隊韵莫佩切：“沉溺也”,189,,已校,
3436,没屎氹,,mei6 si2 tam5,,比喻去做不容易做的事：我叫佢唔聽，佢老婆叫佢～都去啊！,189,,已校,
3437,没水,,mei6 seoi2,,潜水：我唔識～，唔敢落去,189,,已校,
3438,没水舂牆,,mei6 seoi2 zung1' coeng4,,喻赴湯蹈火：～都同你去做,189,,已校,
3439,味,,mei6,,①味道，滋味：呢碟野都幾好～嘅噃！丨啲菜冇～嘅丨～粥丨～粉丨～精丨滋～丨～道 ②指調料，如醬油等：～碟丨五～架,189,,已校,
3440,味,,mei6*2,,量詞。①道，用於菜肴：一鷄三～丨請人食飯有幾多～啊？丨整幾～餸<做幾道菜> ②樣，種。用於物品：中意呢～野<喜歡這樣的東西> ③指某一類的食品：海～<海産食品>丨鹵～<鹵製食品>丨燒～<燒烤食品>丨臘～<臘製食品>,189,,已校,
3441,味粉,,mei6 fan2,,味精 ‖ 也叫“味精 mei6 zing1'”,189,,已校,
3442,味碟,,mei6 dip6*2,,餐桌上盛醬油的小碟 ‖ 也叫“豉油碟 si6 jau4 dip6*2”,189,,已校,
3443,味粥,,mei6 zuk1,,有各種配料的魚、肉粥的統稱,189,,已校,
3444,妃子笑,,fei1 zi2 siu3,,荔枝的一個品種,189,,已校,
3445,飛,,fei1,,票：車～丨船～丨買～ ‖ 英文 fare 或 fee 的音譯,189,,已校,
3446,飛仔,,fei1 zai2,,阿飛，二流子,189,,已校,
3447,飛女,,fei1 neoi5*2,,女流氓，女阿飛,189,,已校,
3448,菲林,,fei1 lam2,,（照相）膠捲：買一筒～ ‖ 英文 film 的音譯,189,,已校,
3449,非禮,,fei1' lai5,,猥褻，耍流氓：佢向我～丨～少女,189,,已校,
3450,飛,,fei1',,①飛行，快行：～都冇咁快丨～起幾步追得佢上嘅喇丨～個電話去丨佢～車趕到 ②潑辣，有辦法，有本領（不太正當的）：呢個女仔好～㗎 ③理（髮）：～光頭 ④剔除，去掉：～邊<片狀物去邊>丨～咗佢 ⑤形容極快：～漲丨～腳走上去丨～風咁快 ⑥在空中移動：～天蠄蟧丨～堶 ⑦表示加强程度，極度： ～天本事丨～起來咬 ⑧超越正常的（或正規的）： ～地丨～站丨～單 ⑨意外的，憑空而來的： ～來蜢丨～來禍,189,,已校,
3451,飛車,,fei1' ce1,,超速駕駛： 佢～趕到,190,,已校,
3452,飛堶,,fei1' to4,,賣藝人玩的鐵製物，尾繫以繩，投出可以收回： 賣武佬就打～丨玩～丨冇尾～，一去無蹤<歇後語> ‖ 堶，廣韵戈韵徒和切： “飛塼戲也”,190,,已校,
3453,飛鼠,,fei1' syu2,,蝙蝠 ‖ 也叫“蝠鼠 fuk1 syu2”,190,,已校,
3454,飛盔友,,fei1' kwai1' jau5*2,,指騎自行車來搶人家帽子的小流氓,190,,已校,
3455,飛地,,fei1' dei6,,和所有者的土地不相連的另一塊地 （在他入境内）： 我喺嗰處有笪～丨舊時九龍城就係～喇,190,,已校,
3456,飛利,,fei1' lei6,,形容很難對付，本領大，潑辣 ‖ 也説“飛”,190,,已校,
3457,飛機,,fei1' gei1',,一種飛行工具： ～場丨～恤丨～師丨～火燭，燒雲 （銷魂） <歇後語>,190,,已校,
3458,飛機頭,,fei1' gei1' tau4,,男子髮式之一，前面有個突出的波形： 留～,190,,已校,
3459,飛機恤,,fei1' gei1' seot1,,夾克衫 ‖ 恤， 英文 shirt 的音譯。簡稱“機恤”,190,,已校,
3460,飛起,,fei1' hei2,,放在形容詞和“到”連用之後或動詞 （動詞結構） 之後，表示程度加强，相當於“不得了、受不了”： 貴到～丨打到佢～丨畀個惡婆鬧到～丨惡到～,190,,已校,
3461,飛起來咬,,fei1' hei2 lai4 ngau5,,喻强迫人買高價物,190,,已校,
3462,飛來蜢,,fei1' loi4 maang2,,喻意外好處： 咁大隻～丨跛腳鷯哥有～ ‖ 也説“飛天蜢 fei1' tin1' maang2”,190,,已校,
3463,飛站,,fei1' zaam6,,（公共汽車）到站不停而駛過,190,,已校,
3464,飛單,,fei1' daan1,,收款不入賬 （以貪污）,190,,已校,
3465,飛天蠄蟧,,fei1' tin1' kam4 lou4*2,,喻高來高去的賊 ‖ 蠄蟧，蜘蛛,190,,已校,
3466,飛天本事,,fei1' tin1' bun2 si3,,高强的本領： 佢有～，重怕唔贏你丨就算你有～亦都係假嘅,190,,已校,
3467,飛風咁快,,fei1' fung1' gam3 faai3,,形容跑得快,190,,已校,
3468,飛髮,,fei1' faat3,,理髮的統稱： ～鋪丨～佬<理髮師>,190,,已校,
3469,飛翼船,,fei1' jik6 syun4,,水上飛行船,190,,已校,
3470,飛腳,,fei1' goek3,,①飛起腳踢人： 佢會～噃 ②飛快： ～走上去,190,,已校,
3471,肥,,fei4,,①肥胖，用於人、動物： ～佬丨～豬丨～婆丨豬膏浸都唔～丨～到流油 ②油膩： 你隻手揦過油咩，咁～丨啲湯好～丨食到口都～晒 ③喻有油水、好處： ～數丨～蟹,190,,已校,
3472,肥屍大隻,,fei4 si1' daai6 zek3,,肥頭大耳，又胖又大： 佢生得～丨隻豬養到～,190,,已校,
3473,肥豬腀,,fei4 zyu1 lan4*1,,鬆鬆泡泡的肥豬肉 ‖ 腀，集韵諄韵龍春切： “皮也”,190,,已校,
3474,肥蟹,,fei4 haai5,,①美差，肥缺： 佢做咗某某科長，～喎！ ②舊時土匪的黑話，指有錢人,190,,已校,
3475,肥仔米,,fei4 zai2 mai5,,機製炒米，因粒大而得名,190,,已校,
3476,肥膩,,fei4 nei6,,①油膩： 呢啲野好～，唔好食咁多 ②喻錢財、油水： 有啲人想貪佢～，走來佢屋企,190,,已校,
3477,肥頭耷耳,,fei4 tau4 dap1 ji5,,肥頭大耳,190,,已校,
3478,肥數,,fei4 sou3,,利益，好處： 有咁～嘅咩<能有這樣的好事嗎>？,190,,已校,
3479,肥水,,fei4 seoi2,,做肥料的水，糞水：～唔流過别人田,191,,已校,
3480,肥𠆶𠆶,,fei4 dam6 dam6,,肥胖而肉下垂貌,191,,已校,
3481,肥淰淰,,fei4 nam6 nam6,,油汪汪的，浸透油貌：個面～丨張紙～ ‖ 淰，俗借字,191,,已校,
3482,肥𦛚𦛚,,fei4 nam6 nam6,,形容肌肉肥而鬆軟 ‖ 𦛚，集韵勘韵奴紺切：“𦛚䐺，肥貌”,191,,已校,
3483,肥參,,fei4 sam1,,指被綁票的有錢人,191,,已校,
3484,肥豚豚,,fei4 tan4 tan4,,①豬肉肥貌 ②戲指人胖乎乎的，胖得臃腫難看 ‖ 豚，廣韵魂韵徒渾切：“豕子”,191,,已校,
3485,肥𥹉,,fei4 nap6,,油膩粘手 ‖ 𥹉，集韵洽韵昵洽切：“粘也”,191,,已校,
3486,肥腯腯,,fei4 dat6*1 dat6*1,,胖得很結實：個細路面珠～好好搣嘅<這小孩臉蛋胖得讓人想去捏他> ‖ 腯，集韵没韵陁没切：“肥也”,191,,已校,
3487,匪類,,fei2 leoi6*2,,①行爲粗賤，下流：佢個仔好～丨周身～ ②駡人話。指那些舉止輕狂、太不像樣的人：新出～<駡年輕人>丨冇膽～<愛搗蛋而膽小的人>,191,,已校,
3488,翡翠,,fei6*2 ceoi3,,玉的一種：～戒指,191,,已校,
3489,地,,dei6,,①土地：買田買～丨菜～丨呢處啲～好濕嘅丨呢啲～咁實，好難掘嘅丨你嘅花園有幾畝～呢？——有畝半～啫 ②稱世家大族（加在姓氏之後）：黄～丨呢幅田係陳～嘅 ③地區：内～丨外～丨本～薑唔辣<熟語> ④地面，地板：眼針跌咗落～搵唔到咯丨抹下～喇<擦地板吧>丨洗～<用水冲洗地面>,191,,已校,
3489-缺1,地,,dei6*2,,①地方的簡稱：香港～丨油麻～<地名，在九龍>丨大笪[tat˧]～<地名>丨曬～<晾糧食的場地> ②形容詞及某些動詞的後綴，表示程度減弱：紅紅～丨肥肥～丨暖暖～丨餓餓～丨識識～丨怕怕～ ③地兒，花紋或文字的襯托面：白～藍花嘅大碗丨紅～白花嗰隻布幾好睇啊,,,已校,
3490,地沙,,dei6 saa1,,①銀鋪兑銀給人家時掉在地下的碎銀（收集起來作爲伙計的加菜費） ②商店酒家賣下腳料得的錢（分給店員作爲外快）,191,,已校,
3491,地下,,dei6 haa6,,地底下：～商店丨～室,191,,已校,
3492,地下,,dei6 haa6*2,,①樓下，一樓：佢住喺二號～ ②地上：跌落～ ③地板：抹下～<擦擦地板>,191,,已校,
3493,地波,,dei6 bo1,,高爾夫球的俗稱：打～ ‖ 波，英文 ball 的音譯,191,,已校,
3494,地拖,,dei6 to1,,拖地、擦地用具，北京叫“墩布”,191,,已校,
3495,地主,,dei6 zyu2,,廳中間供的神位，供的是宅中先亡者。牌位上寫着“五方五土，地脈龍神，前後地主，護佑貴人”,191,,已校,
3496,地底,,dei6 dai2,,地底下：將金銀埋喺～,191,,已校,
3497,地利,,dei6 lei6,,順利：呢件事好～,191,,已校,
3498,地臺,,dei6 toi4,,戲棚前的空地，任不買票的觀衆站着看戲：買唔到票就倚[kʻei˨˧]<站>～喇,191,,已校,
3499,地包天,,dei6 baau1' tin1,,下兜齒，下牙包在上牙之前,191,,已校,
3500,地罩,,dei6 zaau3,,舊式房屋廳裏的木雕裝飾，略似花檐，一直垂到地上（花檐只垂一半，不到地）,191,,已校,
3501,地踎,,dei6 mau1,,地痞，二流子，不務正業者 ‖ 踎，俗字,191,,已校,
3502,地踎館,,dei6 mau1' gun2,,舊時低級的小飯館,191,,已校,
3503,地頭,,dei6 tau4,,地盤，地方：廣州第十甫<地名>～好旺<興旺繁華>,192,,已校,
3504,地頭蟲,,dei6 tau4 cung4,,地頭蛇，指地方惡霸：猛虎不及～<熟語>,192,,已校,
3505,地牢,,dei6 lou4,,舊時指地下室,192,,已校,
3506,地水,,dei6 seoi2,,盲人自稱,192,,已校,
3507,地水先生,,dei6 seoi2 sin1 saang1,,對盲人的尊稱,192,,已校,
3508,地膽,,dei6 daam2,,①土著，熟悉當地的人 ②當地惡霸,192,,已校,
3509,地氈,,dei6 zin1,,地毯：鋪～,192,,已校,
3510,地盤,,dei6 pun4,,①（建築）工地：佢喺～做管工 ②勢力範圍：呢處係我～,192,,已校,
3511,地檔,,dei6 dong3,,地攤兒：擺～賣野<擺攤兒賣東西>,192,,已校,
3512,地塘,,dei6 tong4,,①打穀場：月光光，照～<兒歌> ②泛指屋前屋後空地,192,,已校,
3513,地席,,dei6 zek6,,當地毯用的粗草席,192,,已校,
3514,地腳,,dei6 goek3,,①地基：起屋要打實～ ②基礎，根底；地位：做野要打穩～先｜佢～好硬呀，你唔趕得佢走㗎！,192,,已校,
3515,匿,,nei1',,躲藏，用於人：捉～～<捉迷藏>｜～門扇底｜～到密｜～到實｜～唔撤<來不及> ‖ 訓讀字,192,,已校,
3516,匿埋,,nei1' maai4,,藏起來：你去～，我來搵你,192,,已校,
3517,匿門扇底,,nei1' mun4 sin3 dei2,,喻没志氣，不敢見人，不大方：你只係識～嘅啫<你只會躲在門後頭罷了>！,192,,已校,
3518,你,,nei5,,第二人稱代詞：～地｜～嘅<你的>,192,,已校,
3519,你地,,nei5 dei6,,你們,192,,已校,
3520,膩滯,,nei6 zai6,,肥膩，不消化：唔好食咁多肥豬肉，好～㗎！,192,,已校,
3521,膩口,,nei6 hau2,,吃了油性食物後嘴裏的感覺：菜油、豆油炸野，食咗就膩住個口,192,,已校,
3522,梨,,lei4,,梨子：～樹｜雪～｜～園｜～花,192,,已校,
3523,梨,,lei4*2,,梨子：沙～｜鴨嘴～<雪梨的一種>｜萊陽～,192,,已校,
3524,釐,,lei4,,①重量單位，一兩的千分之一：毫～｜～戥｜一兩二錢二分二～ ②極言其少：冇～下落｜冇～正經<一點正經也没有>,192,,已校,
3525,釐戥,,lei4 dang2,,①戥子：用～來稱下佢 ②蜻蜓的一種，尾特長，以形似戥子而得名,192,,已校,
3526,離,,lei4,,①分離，分開：～開｜～婚｜三句不～本行｜～題｜～譜｜～行～列 ②距離：佢屋企～我處好近｜～開八丈遠｜～佢出差重有三日,192,,已校,
3527,離奶,,lei4 naai5,,小孩斷奶，不再吃母奶 ‖ 也説“斷奶 tyun5 naai5”,192,,已校,
3528,離離喇喇,,lei4 lei4 laa4 laa4,,形容快而麻利：佢～做完咗,192,,已校,
3529,離譜,,lei4 pou2,,不像話，不合常規：貴到～｜佢講野咁～嘅,192,,已校,
3530,離天九丈遠,,lei4 tin1' gau2 zoeng6 jyun5,,極言相隔之遠，路途遙遠,192,,已校,
3531,離行離列,,lei4 hong4 lei4 laat6,,互不相干，不沾邊；離譜：二花面撟［kiu˧˥］眼淚，～<歇後語> ‖ 列，本音 lit6，這裏是口語音變讀,192,,已校,
3532,篱,,lei4*1,,竹編的器具：疏～<洗菜時的盛菜用具>～仔｜竹～｜菜～<菜籃子> ‖ 集韵支韵鄰知切：“笊篱，竹器”,192,,已校,
3533,籬竹,,lei4 zuk1,,做籬笆用的一種竹子：～要來整竹籬嘅 ‖ 也叫“籬經竹 lei4 gaang1' zuk1”,193,,已校,
3534,李,,lei5,,①姓氏 ②李子樹：～下不整冠,193,,已校,
3535,李,,lei5*2,,李子：南華～<廣東曲江南華寺出産的李子，味佳>丨青竹～<青色的李子>,193,,已校,
3536,里,,lei5,,①里程：三～路丨公～丨華～ ②街坊，鄉里：鄰～丨故～丨鄉～<同鄉>丨大鄉～<鄉巴佬>,193,,已校,
3537,里,,lei5*2,,用於地名：仁梓～丨長壽～丨天官～丨和息～丨和鳴～ ‖ 以上皆廣州街巷名,193,,已校,
3538,𢃇,,lei5,,船帆：扯～丨落～丨順風使～<見風使舵> ‖ 俗字。帆與煩同音，不吉利，故改爲𢃇，音近“利”,193,,已校,
3539,裏,,lei5,,（衣、被、鞋、帽等的）裏子，襯裏：衫～丨頂帽有～嘅噃丨襯～丨被～丨衣～,193,,已校,
3540,利,,lei6,,①鋒利：呢把刀好～ ②利益，利潤，利息：微～丨薄～丨一本萬～,193,,已校,
3541,利市,,lei6 si6,,①吉利：大吉～丨過年過節唔好講唔～嘅話 ②内裝錢的紅紙包，逢年過節或有喜慶事時給小輩或互贈 ‖ 市，本音陽上，只在此處讀陽去,193,,已校,
3542,利市錢,,lei6 si6 cin4,,過年時貼在門前的紅紙條，五條飄在門楣上，一條貼在門框上方 ‖ 也叫“紅錢 hung4 cin4”,193,,已校,
3543,利害,,lei6 hoi6,,①惡，難對付：佢好～嘅噃，唔好同佢打交道 ②吝嗇，小氣，錢上看得緊：佢咁～，唔使慌畀錢你<決不會給你錢的>,193,,已校,
3544,利便,,lei6 bin6,,便利，方便：好～ ‖ 也説“方便 fong1' bin6”,193,,已校,
3545,利叠利,,lei6 dip6 lei6,,利上加利，利息滾利息：借咗大耳窿<高利貸者>嘅錢就慘喇，～，幾時還得清啊！,193,,已校,NA：現在（2020s）一般讀lei6 daap6 lei6。
3546,利毒,,lei6 duk6,,吝嗇，貪財，一毛不拔：呢個野好～,193,,已校,
3547,脷,,lei6,,①舌頭：牛～丨鹵水豬～丨尖～底 ②中式對襟衣扣紐處縫接的一條布：衫～丨整條～ ‖ 俗字。因忌諱“舌”字（舌與折本的折同音）而改稱“利”，俗又寫作“脷”,193,,已校,
3548,脷𦧲𦧲,,lei6 loe1' loe1',,説話含混不清，北方俗稱“大舌頭”：講野～ ‖ 𦧲，俗字,193,,已校,
3549,脷底,,lei6 dai2,,舌頭底下：黐～<説話不清楚，大舌頭> ‖ 也叫“脷根 lei6 gan1'”,193,,已校,
3550,脷苔,,lei6 toi4*1,,舌苔,193,,已校,
3551,脷刮,,lei6 gwat3*2,,洗漱時刮舌頭的用具,193,,已校,
3552,死,,sei2,,①死亡：～人丨抵～丨害～人丨打～佢 ②非常，極：啲菜整到～淡丨啲鹹魚一味～鹹，唔好食嘅丨氣～人丨憎～佢<恨死他> ③不活動的，固定的；解不開的：～水丨～綟 ④拼命地：～纏丨～硬撑丨～頂丨～咁做丨～做爛做 ⑤平息，熄火：～心丨～火 ‖ 口語音，文讀 si2,193,,已校,
3553,死挖爛挖,,sei2 waa2 laan6 waa2,,拼命拿，拼命抓 ‖ 挖，集韵馬韵烏瓦切：“吳俗謂手爬物曰挖”,193,,已校,
3554,死蛇爛鱔,,sei2 se4 laan6 sin5,,喻懶人，躺下不願起來,193,,已校,
3555,死□,,sei2 loe2,,死死糾纏不放,193,,已校,
3556,死火,,sei2 fo2,,①（車）拋錨，熄火：架車～嘞 ②比喻糟糕、壞事：～咯,193,,已校,
3557,死個,,sei2 go3,,誓死，一定要：～要做,193,,已校,
3558,死過佢睇,,sei2 gwo3 keoi5 tai2,,死給他看，比喻没有辦法，絶望了 ‖ 也説“死畀佢睇 sei2 bei2 keoi5 tai2”,193,,已校,
3559,死過返生,,sei2 gwo3 faan1' saang1',,①九死一生，兩世爲人：我嗰趟真係～啊！ ②死去活來：打到佢～都唔改,194,,已校,
3560,死屍爛躂,,sei2 si1' laan6 daat3,,駡人話。挺屍，指人愛睡懶覺,194,,已校,
3561,死唔透,,sei2 m4 tau3,,駡人話。該死的，死不了的,194,,已校,
3562,死仔包,,sei2 zai2 baau1,,駡人話。駡男孩或女性少年,194,,已校,
3563,死仔乾,,sei2 zai2 gon1,,駡人話。駡瘦小男孩或男青年,194,,已校,
3564,死仔窟,,sei2 zai2 fat1,,埋死孩子的亂葬墳,194,,已校,
3565,死死下,,sei2 sei2 haa5*2,,半死，要死：激到我～丨痛到～丨打到佢～丨畀佢嚇到我～,194,,已校,
3566,死死氣,,sei2 sei2 hei3,,灰溜溜：攪到佢～ <弄得他灰溜溜的>,194,,已校,
3567,死死實實,,sei2 sei2 sat6 sat6,,①（食物）僵硬，不鬆：啲魚肉～噉丨啲包發唔起就～嘞 ②顔色、色彩暗淡，不鮮明：睇啲色水～噉,194,,已校,
3568,死鷄撑硬腳,,sei2 gai1 caang3 ngaang6 goek3,,喻固執己見，理虧還要强辯 ‖ 也説“死鷄撑飯蓋 sei2 gai1 caang3 faan6 goi3”,194,,已校,
3569,死妹釘,,sei2 mui6*1 deng1,,駡人話。死丫頭,194,,已校,
3570,死牛一便頸,,sei2 ngau4 jat1 bin6 geng2,,形容人固執，脾氣倔强，跟牛一樣,194,,已校,
3571,死佬,,sei2 lou5,,①駡人話。死鬼 ②死者：拜～丨燒紙畀～,194,,已校,
3572,死佬乾,,sei2 lou5 gon1,,駡人話（駡瘦子）。乾巴瘦鬼,194,,已校,
3573,死做爛做,,sei2 zou6 laan6 zou6,,累死累活，拼命幹活兒,194,,已校,
3574,死女包,,sei2 neoi5*2 baau1,,駡人話。死丫頭（駡自己的女兒）,194,,已校,
3575,死心不息,,sei2 sam1 bat1 sik1,,不死心,194,,已校,
3576,死咁,,sei2 gam3,,副詞。①放在動詞前，加重語氣。拼命地：～做丨～鬧丨～打佢 ②放在形容詞前，表示很、非常：～蠻丨～惡丨～嘈丨～衰丨～壞丨～長 ‖ 也説“死人咁 sei2 jan4 gam3”,194,,已校,
3577,死鏟,,sei2 caan2,,駡人話。該死的，死鬼,194,,已校,
3578,死慳爛抵,,sei2 haan1' laan6 dai2,,苦摳苦攢地，極力省儉,194,,已校,
3579,死緊頭,,sei2 gan2 tau4,,駡人話。快要死了，死在眼前：～重唔知<死在眼前還不知道>,194,,已校,
3580,死緊噉頭,,sei2 gan2 gam2 tau4*2,,無精打采，快死的樣子,194,,已校,
3581,死人,,sei2 jan4,,糟了，壞了：弊咯，呢句～咯<這回可糟糕了>,194,,已校,
3582,死人野,,sei2 jan4 je5,,駡人話。死東西，死家伙,194,,已校,
3583,死人頭,,sei2 jan4 tau4,,駡人話。死鬼,194,,已校,
3584,死人骨,,sei2 jan4 gwat1,,指骷髏頭，死人頭骨,194,,已校,
3585,死纏爛打,,sei2 cin4 laan6 daa2,,死磨硬磨，拼命纏住不放,194,,已校,
3586,死硬撑,,sei2 ngaang6 caang3,,没道理還硬辯，不聽别人意見：明明佢都唔啱嘅喇，重～住,194,,已校,
3587,死剩把口,,sei2 sing6 baa2 hau2,,駡人話。理屈，卻口不服輸，就剩下一張嘴能説,194,,已校,NA：現在（2020s）一般讀sei2 zing6 baa2 hau2。
3588,死剩種,,sei2 sing6 zung2,,駡人話。死不了的,195,,已校,NA：現在（2020s）一般讀sei2 zing6 zung2。
3589,死羊噉眼,,sei2 joeng4 gam2 ngaan5,,目光癡呆貌，北方叫“死羊眼”,195,,已校,
3590,死實,,sei2 sat6,,①無可挽救，不會轉變：呢件事～嘞 ②（食物類）硬而實，不鬆不暄：啲包好～嘅<包子不暄> ③顔色不鮮明：呢隻布嘅色水咁～嘅,195,,已校,
3591,死綟,,sei2 lit3,,①死結（和“生綟”相對）：打個～ ②喻難辦的事，做不到的事：呢個～來嘅,195,,已校,
3592,死絶種,,sei2 zyut3 zung2,,駡人話。全家死光,195,,已校,
3593,死直,,sei2 zik6,,①死了，挺直了 ②（事情）無可挽救 ③老本兒賠光,195,,已校,
3594,四個金一錠,,sei3 go3 gam2 jat1 deng3,,喻夠數，夠分量，説話算話：我講野～嘅 ‖ 錠，廣韵徑韵丁定切：“豆有足日錠，無足日鐙”,195,,已校,
3595,四柱大廳,,sei3 cyu5 daai6 teng1,,珠江上小艇的一種，四根柱子支起一個篷，陳設華麗，走得平穩，爲渡船中之高級者,195,,已校,
3596,四塊板,,sei3 faai3 baan2,,指質量較次的棺材 ‖ 也叫“四塊半 sei3 faai3 bun3”或“四方竇 sei3 fong1 dau3”,195,,已校,
3597,四大寇,,sei3 daai6 kau3,,大惡棍集團的泛稱,195,,已校,
3598,四季,,sei3 gwai3,,春夏秋冬的合稱：～桔｜～仔｜一年～,195,,已校,
3599,四季仔,,sei3 gwai3 zai2,,小番薯製成的整條的薯乾，軟韌好吃,195,,已校,
3600,四季桔,,sei3 gwai3 gat1,,一種桔，四季都有，可入藥，也做觀賞用：過年買～ ‖ 桔，非橘，是一種小型的柑類，皮薄，味較酸。桔是俗借字,195,,已校,
3601,四圍,,sei3 wai4,,到處：～咁走,195,,已校,
3602,四四六六,,sei3 sei3 luk6 luk6,,辦事熟練，處理得當，合乎排場格局，從宋代的“四司六局”衍變而來,195,,已校,
3603,四爪躴躿,,sei3 zaau2 lang4 kwaang4,,四腳爬行貌 ‖ 躴，廣韵唐韵魯當切。躿，苦岡切：“躴躿，身長貌。”古唐韵今口語讀如耕韵。躿本應讀陰平，因受前一字調同化，變讀陽平,195,,已校,
3604,四條條,,sei3 tiu4 tiu4,,猜拳用語。代表四 ‖ 也説“四紅”,195,,已校,
3605,四淫齊,,sei3 jam4 cai4,,四種惡習，包括嫖、賭、飲、吹（抽鴉片）都齊全：嗰個野正～呀,195,,已校,
3606,四點六企,,sei3 dim2 luk6 kei5,,①精明，嚴格，好挑剔人：佢個大佬好～㗎｜佢係～嘅人啊 ②乾凈，整齊：佢間房～,195,,已校,
3607,四眼婆,,sei3 ngaan5 po4*2,,俗稱孕婦 ‖ 也叫“大肚婆 daai6 tou5 po4*2”,195,,已校,
3608,四分五散,,sei3 fan1' ng5 saan3,,四分五裂,195,,已校,
3609,四人夫轎,,sei3 jan4 fu1' giu6*2,,舊時四人抬的轎子 ‖ 也叫“四名夫轎 sei3 meng4 fu1' giu6*2”,195,,已校,
3610,四便,,sei3 bin6,,四面：嗰處～都係水,195,,已校,
3611,四村八岸,,sei3 cyun1' baat3 ngon6,,四面八方：呢度做戲，～啲人都來齊,195,,已校,
3612,四正,,sei3 zeng3,,方正，端正：間屋起得好～｜啲野擺得好～｜被摺得好～,195,,已校,NA：現在（2020s）一般讀si3 zeng3。
3613,四平八正,,sei3 ping4 baat3 zing3,,①端正：坐得～ ②整齊，平整：佢嘅牀鋪整到～｜啲書擺到～,195,,已校,
3614,四屏,,sei3 ping4*2,,四幅一套的字畫，還加上一副對聯 ‖ 俗稱“四幅頭 sei3 fuk1 tau4*2”,195,,已校,
3615,四兩鐵,,sei3 loeng5*2 tit3,,手槍的别稱,196,,已校,
3616,四方,,sei3 fong1,,正方形的：啲張枱係～嘅｜～框｜～城｜～木｜～凳,196,,已校,
3617,四方框,,sei3 fong1 kwaak1,,①四方框子：整一個～來圍住佢 ②漢字偏旁，如“國”的外部 ‖ 框，本音 kwaang1，這裏是變讀,196,,已校,
3618,四方木,,sei3 fong1 muk6,,①喻不能變通、又笨又死板者 ②喻懶人：你唔叫到佢就唔做，踢一踢，㤢一㤢，真正係～,196,,已校,
3619,四方,,sei3 fong1',,東、南、西、北，泛指各處：男人口大食～<熟語>,196,,已校,
3620,四桶櫃,,sei3 tung2 gwai6,,有四個抽屜的櫃子,196,,已校,
3621,四紅,,sei3 hung4,,猜拳用語。代表四 ‖ 也説“四條條”,196,,已校,
3622,四腳爬爬,,sei3 goek3 paa4 paa4,,（人）手足爬行貌,196,,已校,
3623,四腳蛇,,sei3 goek3 se4*2,,蜥蜴類的小爬行動物,196,,已校,
3624,基,,gei1,,①河堤圍着的土地：桑～<種桑樹的地>｜荔枝～｜蕉～ ②（置放物件的）磚或土做的臺子：花～<放花盆的磚臺>｜竈～｜風爐～<置風爐的磚臺>,196,,已校,
3625,基圩,,gei1 wai4,,沿江邊築的堤壩，用以防洪水：～蝦<河蝦的一種>,196,,已校,
3626,磯,,gei1,,小碼頭：船來喇，開～接佢喇,196,,已校,
3627,掎攪,,gei1' gaau2,,①（小兒）好搬弄物件：呢個細路好～嘅 ②客套話。打攪：～你嘞 ‖ 掎，集韵支韵居宜切：“偏引也。”②也説“打攪 daa2 gaau2”或“滾攪 gwan2 gaau2”,196,,已校,
3628,幾乎,,gei1' fu4,,副詞。差點兒：唔係你提，我～唔記得咗呢件事,196,,已校,
3629,幾微,,gei1' mei4,,極少：好～｜人丁～就畀人謑[ha˥˧]<欺負>嘞,196,,已校,
3630,嘰咕,,gei1' gu1',,小聲私語：佢兩個喺處～乜野呢？,196,,已校,
3631,嘰吃,,gei1'（或 gi1'） gat6,,①意見不和，有磨擦和爭執：佢同我有啲～｜嗰個野好難交易嘅，好～嘅 ②搞鬼，使壞：佢喺後便～我 ‖ 吃，參看“吃口 gat6 hau2”,196,,已校,
3632,機器佬,,gei1' hei3 lou2,,開機器的工人（包括船上大副、二副等人）,196,,已校,
3633,機帆,,gei1' faan4,,機動帆船,196,,已校,
3634,□□,,gei4 gaau4,,形容語音不可曉：佢講野好～～,196,,已校,
3635,杞子,,gei2 zi2,,枸杞子：～煲鷄｜～蒸羊潤,196,,已校,
3636,幾,,gei2,,①詢問數目（估計數目不太大）：啲魚～文一斤啊？｜你買咗～本書啊？ ②表示大於一而小於十的不定數目：～個人｜～十文<幾十元>｜～千年 ③用在數量詞後，表示有零頭：個～銀錢<一元多>｜三個～鐘頭｜兩個～<兩元多>｜十～年｜百～人｜千～文｜萬～銀｜毫～子<一毛多錢> ④副詞。A）用在疑問句中，問程度：有～遠啊？｜佢有～大年紀啊？ B）用在感嘆句中，表程度很高。相當於“多麼、很”：～好睇啊｜～快吖[a˥] <挺快的> C）指某種程度：有～多錢出～多錢｜睇下你有～惡,196,,已校,
3637,幾…下,,gei2…haa5,,副詞。挺（什麼）的：都幾靚下<挺好看的>｜佢行得幾遠下｜呢包野幾重下｜個仔都幾𥌮[lɛk˥]下<兒>子也很聰明的,196,,已校,
3638,幾十百,,gei2 aa6 baak3,,極言其多：～句話都係講呢件事｜今日開個小會都有～人來｜去過～次 ‖ 十，原讀 sap6，這裏是變讀,197,,已校,
3639,幾多,,gei2 do1,,①疑問代詞。多少：～錢一斤？｜有～個人啊？｜家下～點鐘啊？ ②多麼多（贊嘆語氣）：今日不知～人去啊！｜個處有～野睇啊 ③表示不定的數量：有～就講～｜有～人就擺～張椅,197,,已校,
3640,幾時,,gei2 si4,,何時，多會兒：～得來吖<早着呢>｜你～來我處？,197,,已校,
3641,幾時幾日,,gei2 si4 gei2 jat6,,何時何日：都唔知～至得｜我～去過佢嗰處啊,197,,已校,
3642,幾大就幾大,,gei2 daai6*2 zau6 gei2 daai6*2,,豁出去了，愛怎樣就怎樣：～，唔怕得罪佢,197,,已校,
3643,幾大都,,gei2 daai6*2 dou1',,無論如何都（放在動詞前）：～要去｜～唔肯｜～同佢搏過,197,,已校,
3644,幾耐,,gei2 noi6（或 noi6*2）,,多久，多少時間，多長時間：你去～至返來啊<你去多久才回來呀>？,197,,已校,
3645,幾夠,,gei2 gau3,,很，挺：豬肺煲湯都～清甜噃！,197,,已校,
3646,幾好,,gei2 hou2,,①挺好，很好（做謂語）：呢本書都～睇噃｜～吖嗎<挺好的吧>？｜～，有心！ ②多好（做狀語）：～唔做<不幹多好>｜～唔出聲<不言語多好>,197,,已校,
3647,幾咁,,gei2 gam3,,副詞。多麼，何等：冲完涼去行下街～好呢｜呢個細路哥～得意<這個小孩多好玩兒>,197,,已校,
3648,幾難先至,,gei2 naan4 sin1' zi3,,放在動詞前，表示好不容易才：～搵到你｜我～返來呀，你都唔知,197,,已校,
3649,記,,gei3,,①記憶：你～住呀｜～得唔～得？｜～落來｜～錯 ②動詞後綴，含義虛化：食～｜扯～｜走～｜趯～｜瞓～ ③做店鋪名稱的末字：陳興～｜森～ ④其他的後綴：個～<個體户和私營企業主>｜哥～｜老友～ ⑤放在單音節人名後，稱呼時表示親熱：祥～｜和～,197,,已校,
3650,記認,,gei3 jing6,,記號，暗號：我個手巾仔有～嘅,197,,已校,
3651,寄,,gei3,,①郵寄：～錢｜～信｜～書 ②寄存，暫住：～住｜～宿｜～櫃｜～喺你處,197,,已校,
3652,寄打,,gei3 daa2,,迷信語。據説可以作法術，將“打”寄在石頭或其他地方，挨打時不疼,197,,已校,
3653,寄住,,gei3 zyu6,,寄居：我喺姨媽處～,197,,已校,
3654,寄櫃,,gei3 gwai6*2,,（錢物）寄存在店鋪中,197,,已校,
3655,寄居,,gei3 geoi1',,①即客居：我原籍順德，～廣州 ②臨時住：我～喺佢屋企,197,,已校,
3656,寄棧,,gei3 zaan6*2,,將貨物寄存棧房,197,,已校,
3657,寄聲,,gei3 seng1',,帶個話兒，捎口信：你同我～返去喇，話我喺處好好｜同我～畀屋企,197,,已校,
3658,寄莊,,gei3 zong1,,把靈柩送到棺材莊（專門存放棺材的地方）去寄放：某某嘅棺材～喺某某莊房,197,,已校,
3659,寄瘡,,gei3 cong1,,迷信語。云可以用法術將瘡移到樹上 ‖ 也叫“過瘡 gwo3 cong1”,197,,已校,
3660,寄宿,,gei3 suk1,,學生在校住宿，平時不回家：你係～定走讀啊？,197,,已校,
3661,忌,,gei6,,忌諱：避～｜～食魚｜～食生冷,197,,已校,
3662,忌廉,,gei6 lim1,,①奶油：番茄～湯｜鷄粒～湯 ②冷盤中的涼拌食品 ‖ 英文 cream 的音譯,197,,已校,
3663,忌食,,gei6 sik6,,（因病）不能吃：食咗呢啲藥～魚嘅丨食參～蘿蔔,198,,已校,
3664,奇,,kei4,,奇怪，怪異：哈！又～嘞丨噉又～喎<這麼説也怪呀>！ ‖ 也説“奇怪 kei4 gwaai3”,198,,已校,
3665,奇離,,kei4 lei4,,奇怪：呢件事乜咁～啊！ ‖ 也説“離奇”,198,,已校,
3666,祈福,,kei4 fuk1,,去道館請喃無先生設壇念經，求神降福，以餅食、水果、燒肉、鷄、魚等供神：年頭就～，年尾就還神<年底就還願>,198,,已校,
3667,棋,,kei4,,文娛用具：～盤丨～子丨～譜丨～王丨～局,198,,已校,
3668,棋,,kei4*2,,文娛用具：捉～<下棋>丨象～丨五子～丨跳～丨圍～丨軍～丨陸戰～丨行一步～丨行屎～丨和～,198,,已校,
3669,棋屎,,kei4 si2,,稱棋藝不高、每下必輸者：你都係～來㗎！,198,,已校,
3670,旗,,kei4,,旗子：擔大～丨國～丨～仔丨彩～丨～手丨～杆丨花～奶,198,,已校,
3671,旗,,kei4*2,,旗子：紙～丨一枝～丨花～<美國的>,198,,已校,
3672,旗下佬,,kei4 haa6*2 lou2,,旗人，滿族人的俗稱,198,,已校,
3673,旗袍,,kei4 pou4*2,,女人穿的長衫,198,,已校,
3674,旗竿,,kei4 gon1,,掛旗的長杆：火燒～，長炭<歇後語。儃與炭同音，儃即享受，長儃即長期享清福之義>,198,,已校,
3675,蜞乸,,kei4 naa2,,水蛭，北方叫“螞蟥”,198,,已校,
3676,企理,,kei5 lei5,,①整齊，有條理，體面：佢個房執拾得好～丨手腳做得唔～丨着得好～ ②上好，佳美：我嘅貨好～㗎！③品質好，操行好 ④做事不馬虎，一絲不苟：佢好～嘅,198,,已校,
3677,徛,,kei5,,①站立：～起身丨～埋一邊<靠邊站>丨～開啲丨～埋啲丨罰～丨～正丨～定 ②斜度大，陡：呢處樓梯好～，好聲行啊 ‖ 廣韵紙韵渠綺切：“立也”,198,,已校,
3678,徛市,,kei5 si5,,出賣勞力者在某處集中，等候僱主；即今日的民工在勞動力市場待僱,198,,已校,
3679,徛櫃,,kei5 gwai6*2,,當鋪中管收貨估價者，在伙計中地位較高 ‖ 也叫“櫃面 gwai6 min6*2”,198,,已校,
3680,徛頭暗病,,kei5 tau4 am3 beng6,,不易治好的暗病，多指婦女病 ‖ 徛頭指站住不走,198,,已校,
3681,徛頭病,,kei5 tau4 ban6,,慢性的小毛病,198,,已校,
3682,徛頭絨,,kei5 tau4 jung4*2,,一種粗呢絨,198,,已校,
3683,徛身,,kei5 san1',,較高的器物：～鐺丨～煲丨～櫃<立櫃>,198,,已校,
3684,徛身煲,,kei5 san1' bou1,,較高的沙鍋，煮粥或湯用 ‖ 也叫“湯煲 tong1' bou1”、“粥煲 zuk1 bou1”或“粥鐺 zuk1 caang1”,198,,已校,
3685,徛人邊,,kei5 jan4 bin1,,漢字偏旁，立人兒,198,,已校,
3686,徛門槧,,kei5 mun4 caan5,,站在門坎上 ‖ 廣東人最忌諱。據説：這樣會有人來討債,198,,已校,NA：原書注音“槧”疑似應作caam5。
3687,徛長壽庵,,kei5 coeng4 sau6 am1,,舊時指尋找工作 ‖ 從前打短工者多在長壽庵前集中待僱,198,,已校,
3688,徛揚,,kei5 joeng4*2,,舊式房子廳前的兩扇屏門，靠牆而立，不能活動,198,,已校,
3689,徛堂,,kei5 tong4*2,,茶樓飯店的伙計，跑堂的 ‖ 也叫“徛枱 kei5 toi4*2”,199,,已校,
3690,徛戙,,kei5 dung6*2,,舊式房子裝在大門口的一排粗木柱，可裝可卸，防止人闖入 ‖ 戙，廣韵送韵徒弄切：“船纜所繫”,199,,已校,
3691,徛桶,,kei5 tung2,,上端和下端同樣直徑的鐵製水桶,199,,已校,
3692,徛籠,,kei5 lung4*2,,舊時的一種刑具，站籠,199,,已校,
3693,稀,,hei1',,（液體）不濃，不稠：～粥｜～框框｜啲牛奶咁～嘅,199,,已校,
3694,稀疏,,hei1' so1',,①（織物）稀薄：呢隻布好～ ②稀少：市場啲人好～,199,,已校,
3695,稀淋淋,,hei1' lam1' lam1',,形容液體不稠，稀溜溜的,199,,已校,
3696,稀□□,,hei1' laang1' laang1',,形容液體稀薄,199,,已校,
3697,稀框框,,hei1' kwaang1' kwaang1',,形容液體稀薄,199,,已校,NA：原書注音疑似應作hei1 kwaak1 kwaak1。
3698,稀𣸛,,hei1' soek3,,①（布類）稀疏不牢固：啲布好～ ②稀薄，軟爛：啲飯好～！,199,,已校,
3699,起,,hei2,,①好，表完成：做～嘞｜計～嘞<計算完了>｜做～未？｜做得～｜做唔～ ②起來（放在動詞後）：執～個口針｜綑～佢｜抬～佢｜昨日講～佢 ③開始行動：～行｜～筷｜～菜｜～程｜～更｜～轎 ④蓋（房子），修理（塌了的建築物）：～高樓｜～屋｜～圩 ⑤抬高：～價｜～膊｜～租｜～市 ⑥起出來，提出來：～骨｜～肉｜～貨｜～錨｜～參 ⑦生長出：～𠢠｜～鷄皮<起鷄皮疙瘩>｜～𲺘<⿰⺼枕>｜～皽｜～泡｜～腱 ⑧發生：～膠｜～意｜～霧｜～痰 ⑨切，挖，刻：～柳｜～花｜～狗牙｜～件<切塊>｜～雙飛<切成蝴蝶片> ⑩占卜算命：～卦｜～八字｜～四柱<數手指節算命法>,199,,已校,
3700,起馬,,hei2 maa5,,舊時迎神賽會時開始游行,199,,已校,
3701,起花,,hei2 faa1,,烹飪用語。劃出花紋但不切斷：將啲魷魚～｜再將蛇切片～,199,,已校,
3702,起茶,,hei2 caa4,,宴會將散，給客人上茶，意爲送客,199,,已校,
3703,起沙,,hei2 saa1,,到人家去吵鬧，叫駡不休：佢個仔打傷咗人地，人地個老母去起佢沙,199,,已校,
3704,起沙撒數,,hei2 saa1' saat3 sou3,,一條一條地數人的罪過：～來鬧佢｜去佢處～,199,,已校,
3705,起家,,hei2 gaa1',,發家：做大天二<大惡霸>～｜白手～,199,,已校,
3706,起價,,hei2 gaa3,,漲價 ‖ 也説“加價 gaa1' gaa3”,199,,已校,
3707,起貨,,hei2 fo3,,①把貨物從車船中搬下來，存入倉庫 ②商業用語。取貨,199,,已校,
3708,起字容,,hei2 zi6 jung4,,查清某人根底：等我起佢字容,199,,已校,
3709,起市,,hei2 si5,,①高傲，自高身價：乜你咁～呐，我都唔敢叫你去咯！｜咪咁～喇，唔去就罷 ②價高，值錢：呢個野冇乜價講，好～㗎,199,,已校,NA：原書用例中“呐”疑似衍文。
3710,起意,,hei2 ji3,,本意：佢～係噉嘅，唔係想話你嘅｜佢嘅～唔錯嘅,199,,已校,
3711,起魚脊肉,,hei2 jyu4 zek3 juk6*2,,將魚脊骨和魚肉分割開來,199,,已校,
3712,起五更,,hei2 ng5 gaang1,,起早，五更起牀：我聽朝要起個五更,199,,已校,
3713,起筷,,hei2 faai3*2,,客套話。主人請客人吃菜時用：～喇,199,,已校,NA：現在（2020s）一般讀hei2 faai3。
3714,起來,,hei2 lai4,,放在動詞之後，表示動作開始並且繼續進行：走～｜今朝我忽然頭暈～｜講～就一把火｜佢笑～｜高興到跳～,199,,已校,
3715,起勢,,hei2 sai3,,拼命地，一個勁地：佢坐喺度～咁喊丨～咁走丨個細路～咁食,200,,已校,
3716,起尾注,,hei2 mei5 zyu3,,①偷、騙財物：佢畀人起咗尾注 ②撿便宜，吃現成的：佢個野專門起人尾注,200,,已校,
3717,起菜,,hei2 coi3,,將菜送到餐桌，上菜 ‖ 也説“上菜 soeng5 coi3”,200,,已校,
3718,起泡,,hei2 paau1,,（皮膚上）長小泡：手指起個泡,200,,已校,
3719,起錨,,hei2 naau4,,①把錨拔起，船隻準備開航 ②（人）動身，起程：我地～嘞<走吧>,200,,已校,
3720,起膠,,hei2 gaau1',,變黏，成膠狀：將蝦肉剁爛，撻到～,200,,已校,
3721,起柳,,hei2 lau5,,（木頭上）挖槽：將塊板起條柳,200,,已校,
3722,起首,,hei2 sau2,,開始，起：由而家～<從現在起>,200,,已校,
3723,起狗牙,,hei2 gau2 ngaa4*2,,有狗牙邊：有啲䍇[tʻap˧] <大口罐子>嘅邊～嘅,200,,已校,
3724,起口,,hei2 hau2,,①説吉祥話：過年時“恭喜發財”就好～嘅喇 ②對人親熱，關係融洽：嗰個人好～嘅，見親我就叫嘅丨佢好～㗎，人人都話佢好,200,,已校,
3725,起後腳,,hei2 hau6 goek3,,①驢馬之類尥蹶子：馬～踢人 ②喻暗算别人：因住佢～<小心他暗算人>,200,,已校,
3726,起泡,,hei2 pou5,,出泡沫：呢種洗衫梘～多 ‖ 泡，口語音,200,,已校,
3727,起租,,hei2 zou1',,加租，漲租金：我住嗰間房又～嘞,200,,已校,
3728,起皽,,hei2 ziu1,,（傷口）結痂：傷口～嘞，就快好嘞 ‖ 皽，廣韵宵韵止遙切：“皮上𦞙膜”,200,,已校,
3729,起轎,,hei2 giu6*2,,①發轎子（去娶新媳婦） ②茶樓、酒館、店鋪用語。辭退,200,,已校,
3730,起水,,hei2 seoi2,,豬、牛等大牲畜發情，生殖器官流“水”,200,,已校,
3731,起痰,,hei2 taam4,,看財物、美色而起貪心,200,,已校,
3732,起𲺘<⿰⺼枕>,,hei2 zam2,,（手、腳）起肶子：我隻手都～嘞 ‖ 𲺘<⿰⺼枕>，俗字,200,,已校,
3733,起參,,hei2 sam1,,軍警去匪窩救出被綁架者,200,,已校,
3734,起心,,hei2 sam1',,有了意思，起了貪欲：十月芥菜起咗心<熟語>丨和尚起咗花心,200,,已校,
3735,起眼,,hei2 ngaan5,,①使人注目（而引人羨慕）：袋好啲錢，唔好畀人～ ②顯眼，明顯：賣野要擺喺～嘅地方 ③像樣，好看，有人注意：呢個人唔～丨呢隻布着起來好～,200,,已校,
3736,起晏,,hei2 aan3,,宴會上喝完酒，開始盛飯吃,200,,已校,
3737,起份,,hei2 fan6*2,,高傲，自以爲了不起而看不起人：咪咁～啊！丨你估你好～咩！,200,,已校,
3738,起身,,hei2 san1',,①起牀：七點鐘咯，～喇！ ②放在某些動詞之後表示動作達到目的：記～<想起來>丨恁[nɐm˧˥]～<想起來>,200,,已校,
3739,起腱,,hei2 zin2,,長出腱子肉：手瓜～<胳膊粗壯，喻强有力> ‖ 腱，訓讀字,200,,已校,
3740,起先,,hei2 sin1',,起初：～有啲人唔歡喜坐呢樣車,200,,已校,
3741,起踭,,hei2 zaang1',,用手肘碰撞人 ‖ 也説“打包踭 daa2 baau1' zaang1'”。踭，俗字,200,,已校,
3742,起更,,hei2 gaang1',,開始打更鼓，頭更 ‖ 也叫“落更 lok6 gaang1'”,200,,已校,
3743,起羹,,hei2 gang1,,客套話。請客人喝湯（用匙羹喝，故名）：～喇,200,,已校,
3744,起行,,hei2 hang4（或 haang4）,,啓程遠行，動身：你幾時～啊？｜我地要～去咯！,201,,已校,
3745,起名,,hei2 meng4*2,,①出名：佢喺呢處好～㗎 ②起個名字：叫私塾先生起個名,201,,已校,
3746,起病,,hei2 beng6,,發病：佢～一個對時咯<佢發病一天一夜了>,201,,已校,
3747,起上來,,hei2 soeng5 lai4,,放在動詞後面，表示動作開始進行：喊～<哭起來>｜佢惱～，好得人驚<使人害怕>,201,,已校,
3748,起褶,,hei2 zaap3,,衣服等起褶子，弄皺：條褲坐到～,201,,已校,
3749,起八字,,hei2 baat3 zi6,,以生辰八字爲根據來算命 ‖ 也説“排八字 paai4 baat3 zi6”或“批八字 pai3 baat3 zi6”,201,,已校,
3750,起骨,,hei2 gwat1,,剔去骨頭：將鹹魚～｜將隻鷄～,201,,已校,
3751,起𠢠,,hei2 lak6,,有刺，帶刺：荔枝殼～嘅 ‖ 𠢠，廣韵職韵林直切：“趙魏間呼棘，出方言。”古臻攝三等字，本應讀 ek 韵，今口語變讀一等 ak 韵,201,,已校,
3752,起腳,,hei2 goek3,,①起程，開始動身：你幾時～啊？ ②踢人：佢動不動就～嘞｜㤢[iok˥]<動>下就～,201,,已校,
3753,起膊,,hei2 bok3,,把東西挑起（放到肩上）‖ 也説“上膊 soeng5 bok3”,201,,已校,
3754,起𦢊,,hei2 pok1,,起小泡 ‖ 𦢊，集韵覺韵匹角切：“皮破起”,201,,已校,
3755,起鑊,,hei2 wok6,,①熗鍋：起猛鑊<燒熱鍋> ②出鍋；炒好菜，盛出來：起得鑊未啊？,201,,已校,
3756,起屋,,hei2 uk1,,蓋房子，建房,201,,已校,
3757,起肉,,hei2 juk6,,將骨頭上的肉弄少量下來：將肉排起咗啲肉，將骨來煲湯,201,,已校,
3758,喜歡,,hei2 fun1',,中意，愛悦（没有高興、愉快之義）：佢好～你喎！ ‖ 也説“歡喜”,201,,已校,
3759,喜聯,,hei2 lyun4*2,,結婚時用的對聯,201,,已校,
3760,喜慶事,,hei2 hing3 si6,,結婚、慶壽之事：佢屋企今日有～喎 ‖ 也説“喜事”或“喜慶”,201,,已校,
3761,喜幛,,hei2 zoeng3,,結婚時親友送的綢布幛子,201,,已校,
3762,喜酌,,hei2 zoek3,,婚禮上的酒宴,201,,已校,
3763,喜鵲,,hei2 zoek3*2,,鳥名 ‖ 鵲，古清母字應讀 c 聲母，今口語讀如精母,201,,已校,
3764,汽車,,hei3 ce1',,一種交通工具,201,,已校,
3765,汽車佬,,hei3 ce1' lou2,,汽車司機的舊稱,201,,已校,
3766,汽水,,hei3 seoi2,,清涼飲料之一 ‖ 舊時稱“荷蘭水 ho4 laan4*1 seoi2”,201,,已校,
3767,汽船,,hei3 syun4,,拖帶渡船（内河航行船）的小火輪船 ‖ 也叫“火船仔 fo2 syun4 zai2”,201,,已校,
3768,汽熢熢,,hei3 pung4*1 pung4*1,,蒸氣上騰貌：掀開蒸籠蓋就～喇 ‖ 熢，集韵東韵蒲蒙切：“熢㶿，煙鬱貌”,201,,已校,
3769,氣,,hei3,,①氣息：～喘｜～稠 ②使人生氣：～人｜～死我咯！ ③心情：條～順晒<心情很舒暢>｜條～唔順<心情不好> ④氣體：煤～｜毒～ ⑤空氣：打開窗換下～｜～泵 ⑥自然界冷熱陰晴等現象：天～｜～候 ⑦氣味：香～｜臭～ ⑧人的精神狀態：勇～｜神～｜貴～ ⑨人的作風習氣：嬌～｜潮～<風騷>｜諃[tsʻɐm˧]～<唠叨不已>｜漏～<做事拖拉> ⑩中醫指某種病象：濕～<表現爲口中發苦>｜滯～<不想吃東西>｜熱～<内熱，上火> ⑪俗指某些食物、藥物的性質：食苦瓜乾好涼～嘅｜呢味藥太熱～，唔食得㗎 ⑫人的性格：脾～｜火～,201,,已校,
3770,氣羅氣喘,,hei3 lo4 hei3 cyun2,,氣喘吁吁，上氣不接下氣：走到我～,201,,已校,
3771,氣稠,,hei3 cau4,,氣喘，上氣不接下氣：年紀老就～喇丨我昨日爬山爬到氣都稠晒,202,,已校,
3772,氣泵,,hei3 bam1,,打氣筒 ‖ 泵，俗字，英文 pump 的音譯,202,,已校,
3773,氣頂,,hei3 ding2,,憋氣，呼吸困難：條氣頂上來丨我覺得好～,202,,已校,
3774,氣咳,,hei3 kat1,,喘不過氣來：做到～丨走到我氣都咳,202,,已校,
3775,氣色,,hei3 sik1,,人的精神和面色：乜你咁好～丨睇～丨今日你～唔好噃,202,,已校,
3776,戲,,hei3,,戲劇：做～丨睇～丨～仔丨～棚丨～院丨～臺丨～子佬,202,,已校,
3777,戲子佬,,hei3 zi2 lou2,,舊時稱戲劇演員 ‖ 也叫“戲班佬 hei3 baan1 lou2”,202,,已校,
3778,戲仔,,hei3 zai2,,舊時稱戲劇演員：～落臺噉<形容忙亂>,202,,已校,
3779,戲仔落箱,,hei3 zai2 lok6 soeng1,,形容忙亂。戲班演完戲收拾行裝時總是忙亂的：食嗰餐飯食到～噉 ‖ 也説“戲仔落臺 hei3 zai2 lok6 toi4”,202,,已校,
3780,戲臺閂門,,hei3 toi4 saan1' mun4,,喻不認真，做假：做野好似～噉，離氣[lɛ˨˩ hɛ˧]夾假野<做事不認真>,202,,已校,
3781,戲招,,hei3 ziu1,,戲班的海報，介紹戲班的演員及上演的劇目,202,,已校,
3782,戲橋,,hei3 kiu4*2,,演出説明書,202,,已校,
3783,戲船,,hei3 syun4,,舊時廣東的戲班子多乘船來往，並住在船上，船身塗成紅色，演員也稱爲“紅船中人”,202,,已校,
3784,戲院,,hei3 jyun6*2,,演戲的場所：你喺～大堂等我喇！,202,,已校,
3785,戲棚,,hei3 paang4*2,,演戲時臨時搭的棚，包括戲臺和子棚（觀衆棚）,202,,已校,
3786,戲服,,hei3 fuk6,,戲裝，戲劇演員穿的服裝,202,,已校,
3787,戲肉,,hei3 juk6*2,,戲的高潮，劇中精華所在：做到～嘅喇<戲演到高潮了>,202,,已校,
3788,餼,,hei3,,喂（動物）：～鷄丨～狗丨～豬,202,,已校,
3789,代,,doi6,,世代：一～人丨祖宗三～丨一～親，二～表，三～嘴藐藐<熟語>,203,,已校,
3790,待,,doi6,,對待，招待：佢点樣～你？丨～客丨～新女婿丨招～,203,,已校,
3791,待新女婿,,doi6 san1' neoi5 sai3*2,,新夫婦結婚三天回門時，女家招待新婿吃飯,203,,已校,
3792,待薄,,doi6 bok6,,虧待：佢有～你啊？,203,,已校,
3793,袋,,doi6,,①（較大的）袋子：麻包～丨米～丨網～丨麵粉～ ②量詞。用於袋裝的東西：一～米丨兩～糖 ③裝入袋中：～喺身處丨將啲錢～好佢丨～起啲生果,203,,已校,NA：現在（2020s）①一般讀變調讀doi6*2。
3794,袋,,doi6*2,,袋子，兜兒：衫～丨紙～丨手～丨褲～丨旅行～丨被～丨膠～丨網～丨～錶,203,,已校,
3795,袋袋平安,,doi6 doi6 ping4 on1',,戲謔語。指撈到利益（錢財），裝入口袋,203,,已校,
3796,袋錶,,doi6*2 biu1,,懷錶 ‖ 也叫“砣錶 to4 biu1”,203,,已校,
3797,袋掩,,doi6*2 jim2,,衣服口袋的上蓋（如西服上衣的兜蓋）,203,,已校,
3798,胎痣,,toi1' zi3,,嬰兒身上的紫黑色痣，長大後消失,203,,已校,
3799,胎衣,,toi1' ji1,,胞衣,203,,已校,
3800,胎毛,,toi1' mou4*1,,嬰兒初生時的頭髮,203,,已校,NA：現在（2020s）一般讀toi1 mou4，即不變調。
3801,胎生腳,,toi1' saang1' goek3,,先天畸形足：佢隻腳係～，唔醫得好嘅,203,,已校,
3802,抬,,toi4,,共同用手和肩搬物：～轎丨～菩薩丨～新婦丨～行李丨～米丨～棺材,203,,已校,
3803,抬頭,,toi4 tau4,,給長輩寫信時，每逢稱呼尊長時要另起一行，頂格寫下去,203,,已校,
3804,抬轎,,toi4 giu6*2,,①兩人用肩扛着轎子 ②喻捧場,203,,已校,
3805,抬轎佬,,toi4 giu6*2 lou2,,①轎夫 ②喻替人捧場者,203,,已校,
3806,抬亭,,toi4 ting4*2,,①抬着木製的亭子，中間放着各種東西（吃的、看的），辦喪事、喜事時用。抬亭者叫“親家郎”，地位低下，被人看不起 ②引申爲謀事或辦事失敗，求人得不到應允，反而丢了面子：今日抬咗亭嘞！,203,,已校,
3807,枱,,toi4*2,,桌子：～布丨～面丨～腳丨開～丨抹～丨寫字～丨食飯～丨麻雀～丨四方～ ‖ 俗字,203,,已校,
3808,枱波,,toi4*2 bo1,,桌球：打～ ‖ 波，英文 ball 的音譯。現在叫“枱球 toi4 kau4”,203,,已校,
3809,枱圍,,toi4 wai4,,圍在桌子周圍用金綫綉花的紅布等，有喜慶事過年時用,203,,已校,
3810,枱枱凳凳,,toi4 toi4 dang3 dang3,,桌椅板凳，統稱家具,203,,已校,
3811,枱布,,toi4*2 bou3,,①桌布 ②舊時稱抹布,203,,已校,
3812,枱面,,toi4*2 min6*2,,①活動的圓桌面：加張～上去 ②桌子上面：將啲書放喺～,203,,已校,
3813,枱氈,,toi4*2 zin1,,鋪在桌子上的厚氈子：過年時～同埋枱圍一齊用㗎,203,,已校,
3814,枱扇,,toi4 sin3,,放在桌子上的電扇 ‖ 也叫“座扇 zo6 sin3”,203,,已校,
3815,枱横,,toi4*2 waang6,,桌子的牚,204,,已校,
3816,枱燈,,toi4*2 dang1,,放在桌上用的帶座子的電燈,204,,已校,
3817,枱腳,,toi4*2 goek3,,桌子腿,204,,已校,
3818,臺,,toi4,,平而高的建築物：戲～丨上～丨下～丨～柱丨～步,204,,已校,
3819,臺柱,,toi4 cyu5,,指主要演員,204,,已校,
3820,臺步,,toi4 bou6,,演員在臺上走的步法,204,,已校,
3821,怠慢,,toi5 maan6,,客套話。招待不周：～晒嘞<招待太不周了>,204,,已校,
3822,内櫃,,noi6 gwai6*2,,賬房先生,204,,已校,
3823,内人,,noi6 jan4*2,,稱自己的妻子（背稱）,204,,已校,
3824,内傷,,noi6 soeng1',,指肺病：佢係～㗎 ‖ 也叫“肺癆 fai3 lou4”,204,,已校,
3825,内傷頸,,noi6 soeng1' geng2,,（因癆病而引起的）易怒，氣量小，神經質：佢係～,204,,已校,
3826,内行,,noi6 hong4*2,,懂行，非外行,204,,已校,
3827,内八字腳,,noi6 baat3 zi6 goek3,,走路時兩腳的腳尖向内撇 ‖ 也叫“八字腳”,204,,已校,
3828,奈⋯也何,,noi6⋯mat1 ho4,,對人無可奈何，拿人没辦法：我就唔去，你又奈我乜何？,204,,已校,
3829,耐,,noi6,,長時間，久：我等咗好～丨佢去咗有幾～？丨啲銅煲唔㨘得～就生銹<銅鍋久不擦洗就長銹>,204,,已校,
3830,耐時,,noi6 si4*2,,不經常，偶爾：佢～都會來,204,,已校,
3831,耐唔耐,,noi6 m4 noi6*2,,不時：～要畀錢過阿媽<隔一段時間就要給母親一些錢>丨我～要去探下老母 ‖ 也説“耐不耐”,204,,已校,
3832,耐耐,,noi6 noi6*2,,偶爾，偶然：佢～來下<他偶然來一次>,204,,已校,
3833,耐中,,noi6 zung1',,隔一段時間：佢～都會去嘅 ‖ 也説“耐唔中 noi6 m4 zung1'”,204,,已校,
3834,耐不耐,,noi6 bat1 noi6*2,,不時，偶爾：佢時時來咩？——唔係，佢～來下啫 ‖ 也説“耐唔耐”,204,,已校,
3835,來,,loi4（或 lai4）,,①與“去”相對：～往丨～信丨～賓丨～人丨～回丨～去 ②未來的：～年丨～世丨將～丨～日方長 ③從過去到現在：從～丨向～丨近～丨五十年～ ④外來的，外國的：～路丨～路貨,204,,已校,
3836,來頭,,loi4 tau4,,來勢，架子：～大丨你睇下佢個～幾緊要丨睇～來湊<看來勢行事>,204,,已校,
3837,來由,,loi4 jau4,,原由，根源：冇啲～<無緣無故>丨冇乜～<没有什麼意思>,204,,已校,
3838,來路,,loi4 lou6*2,,外來的，外國的：呢啲布係～來嘅丨有啲本地野冇～嘅咁好丨～貨,204,,已校,
3839,來路野,,loi4 lou6*2 je5,,進口貨，外國貨，舶來品：呢啲衫係～ ‖ 也叫“來路貨 loi4 lou6*2 fo3”,204,,已校,
3840,來人,,loi4 jan4*2,,外頭來的人，派來的人：～帶啲野來<來人帶來一些東西>,204,,已校,
3841,災,,zoi1',,災害，災難：消～丨降～丨招～丨救～丨旱～丨水～丨火～丨兵～丨蟲～丨天～人禍,204,,已校,
3842,災瘟,,zoi1' wan1',,駡人話。災星，瘟神,204,,已校,
3843,災殃,,zoi1' joeng1',,受害，倒大霉：呢次真係～咯 ‖ 也説“遭殃 zou1' joeng1'”,204,,已校,
3844,再,,zoi3,,副詞。①再次：～來過<重來>丨～整過丨～來一煲<再來一次>丨～打過<重新較量>丨～食一碗 ②表示更加：～長一寸就啱嘞丨～買多啲添 ③表示如果繼續下去就會怎樣：你～唔起身就遲到嘅嘞丨你～唔畀心機讀書就考唔到大學嘅嘞 ④表示一個動作發生在另一個動作結束之後：食完呢個～食嗰個,204,,已校,
3845,再⋯過,,zoi3⋯gwo3,,再一次，重新：再來過<重來>丨再試過<再試一次>丨再搏過<重新較量一次>,205,,已校,
3846,再唔慌,,zoi3 m4 fong1',,再不怕（決不會發生）：～佢會噉樣做丨～佢會走得甩嘞<他決跑不了啦>,205,,已校,
3847,載,,zoi3,,①裝載：一架車～五十人 ②用容器盛，裝：個樽～住油丨搵隻碟～住啲生果 ‖ 也説“裝 zong1'”,205,,已校,
3848,在事,,zoi6 si6,,舊時指酒樓中的經理,205,,已校,
3849,在意,,zoi6 ji3,,①留心，注意：我唔～啊，唔知佢喺處唔喺處 ②關照，留意：呢件野你要～啲噃！,205,,已校,
3850,在心,,zoi6 sam1',,記住：呢件事我～嘅嘞 ‖ 也説“上心 soeng5 sam1'”,205,,已校,
3851,在生,,zoi6 saang1',,活着，在世：阿媽～嘅時候講過丨舊年佢重～噃<去年他還活着哪>,205,,已校,
3852,在行,,zoi6 hong4,,①内行：呢件事佢好～噃！ ②時興：佢看得幾～喎 ‖ 也説“内行 noi6 hong4*2”,205,,已校,
3853,啋,,coi1',,嘆詞。呸：～過你<去你的>丨～，講埋啲噉嘅野<呸，凈説這樣的玩藝兒> ‖ 俗字,205,,已校,
3854,啋過你,,coi1' gwo3 nei5,,叱人的話。呸 ‖ 也説“𠹇過你 pe1' gwo3 nei5”,205,,已校,
3855,財,,coi4,,①錢和物資的總稱：～産丨～主佬丨～東丨～氣丨～神丨發～丨左跳飲食右跳～<眼皮跳時説>丨横～,205,,已校,
3856,財主,,coi4 zyu2,,①有錢：佢屋企好～㗎丨睇見佢噉樣～法，有乜益呢？ ②有錢人：佢係我村嘅～喎丨～婆丨～佬丨～仔丨～女,205,,已校,
3857,財氣,,coi4 hei3,,財運：佢好～，又中咗馬票,205,,已校,
3858,財不露眼,,coi4 bat1 lou6 ngaan5,,熟語。不露財，不顯富,205,,已校,
3859,裁,,coi4,,剪裁：～衫丨～縫丨剪～丨度住屎胐～褲<熟語。比着屁股裁褲子>,205,,已校,
3860,裁縫,,coi4 fung4*2,,製衣匠，成衣匠：～師傅丨～鋪丨～佬,205,,已校,
3861,采青,,coi2 ceng1,,舞獅。舞獅者要人叠人，采摘高處吊着的錢，錢上拴着綠葉，故名,205,,已校,
3862,彩數,,coi2 sou3,,運氣：你真係好～丨有～丨冇～丨夠～,205,,已校,
3863,彩轎,,coi2 giu6*2,,舊時娶媳婦用的花轎，四面紥彩 ‖ 也叫“花轎 faa1' giu6*2”,205,,已校,
3864,彩門,,coi2 mun4*2,,舊時辦喜事或喪事時在大門口紥的彩門，喜事用紅色，喪事用白色,205,,已校,
3865,彩棚,,coi2 paang4,,辦喜事搭的大棚,205,,已校,
3866,彩雀,,coi2 zoek3*2,,形容穿得光鮮的人：個女仔好似一隻～噉,205,,已校,
3867,睬,,coi2,,答理，理睬：唔～佢丨好耐冇～佢，今日又～返佢,205,,已校,
3868,菜,,coi3,,①蔬菜，能做副食品的植物：～心丨～莢丨～花丨～梗 ②菜肴（包括葷素）：～單丨～牌丨炒～丨煮～<製作菜肴>,205,,已校,
3869,菜花,,coi3 faa1,,專指花椰菜 ‖ 也叫“椰菜花 je4 coi3 faa1”,205,,已校,
3870,菜籮,,coi3 lo4*1,,竹編的小籮筐，無蓋，無提梁，盛雜物用具,205,,已校,
3871,菜篩,,coi3 sai1,,竹編的洗菜用具,206,,已校,
3872,菜篱,,coi3 lei1,,竹器，有大小兩種，小的買菜用，有短提梁，大的賣菜用，有長提梁 ‖ 也叫“竹篱 zuk1 lei4”,206,,已校,
3873,菜頭,,coi3 tau4,,鹹菜的一種：～蒸魚,206,,已校,
3874,菜脯,,coi3 bou2,,鹽腌的蘿蔔條，鹹而香 ‖ 脯，古非母字，今口語保留古重唇音，讀如幫母,206,,已校,
3875,菜膽,,coi3 daam2,,蔬菜的中心部分，多用於白菜,206,,已校,
3876,菜心,,coi3 sam1,,菜名，此菜一年四季都有：蕭崗～<廣州名菜>,206,,已校,
3877,菜欄,,coi3 laan4*1,,舊時批發蔬菜的地方,206,,已校,
3878,菜仁,,coi3 ngan4,,菜籽 ‖ 仁，文讀 jan4，這裏是口語音,206,,已校,
3879,菜乾,,coi3 gon1,,乾菜，多指白菜乾：～豬肉湯丨～粥<素粥的一種>,206,,已校,
3880,菜軟,,coi3 jyun5,,蔬菜的嫩尖：～鷄球丨～蠔油牛肉,206,,已校,
3881,菜莢,,coi3 haap3,,菜幫子：白菜就有～ ‖ 莢，文讀 gaap3，口語讀 haap3,206,,已校,
3882,菜汁,,coi3 zap1,,剩菜裏的湯水：冷飯～ ‖ 也叫“餸汁 sung3 zap1”,206,,已校,
3883,菜腳,,coi3 goek3,,盤中吃剩的菜肴 ‖ 也叫“餸腳 sung3 goek3”,206,,已校,
3884,腮,,soi1',,腮幫子，腮：魚～丨豬㗺[sap˧]～<作爲食品的豬的腮部之肉>丨鼓埋泡～<鼓起腮幫子>丨唔㗺～<不夠一口>,206,,已校,
3885,腮骹骨,,soi1' gaau3 gwat1,,腮旁的骨頭，腮關節,206,,已校,
3886,該死,,goi1' sei2,,①駡人話。比“抵死”分量輕，有惋惜之意：你～咯 ②倒霉：～咯，我唔見咗個荷包,206,,已校,
3887,該煨,,goi1' wui1',,驚嘆之詞。可了不得啦：～囉，点着算哪，個細路哥畀車車親咯丨乜噉㗎，真係～嘞<怎麼這樣啦，倒大霉了>,206,,已校,
3888,該衰,,goi1' seoi1',,該遭殃，該倒霉：真係～咯！畀賊佬偷晒啲野咯！ ‖ 也説“當衰 dong1' seoi1'”,206,,已校,
3889,該先,,goi1' sin1',,早應該，早該如此：～我都唔去嘞！丨佢咁壞，～唔話畀佢知 ‖ 也説“先該”,206,,已校,
3890,該專,,goi1' zyun1,,驚嘆之詞。倒霉，糟糕（有同情之意）：你玩咁污糟嘅水，～囉丨佢畀阿媽打得咁慘，～囉 ‖ 專，同音字,206,,已校,
3891,該殃,,goi1' joeng1',,驚嘆之詞。該遭殃：～咯,206,,已校,
3892,改,,goi2,,①改變，修改：～衫丨～文丨～轉丨～正丨～裝丨～行丨～過丨～期丨～口 ②起（名字）：～名丨～花名丨～字號,206,,已校,
3893,改過,,goi2 gwo3,,①改正錯誤：～自新丨～心腸做人 ②改換：～個名<改變名字>,206,,已校,
3894,改口,,goi2 hau2,,改變説法：講錯就～丨你昨日噉講，今日又～嘞丨～叫阿叔,206,,已校,
3895,改轉,,goi2 zyun3,,改換：～個名丨～個電話號碼,206,,已校,
3896,改名,,goi2 meng4*2,,起名字：同佢改個名丨改花名<起綽號>,206,,已校,
3897,蓋,,goi3,,蓋子：杯～丨茶壺～丨焗盅～丨罌～丨煲～丨鐺～丨鑊～丨缸～丨樽～,206,,已校,
3898,蓋,,koi3,,蓋住：～住佢丨搵張紙～住啲餸丨用塊濕布～住啲麵丨～瓦丨遮～ ‖ 口語音，文讀 goi3,207,,已校,
3899,蓋瓦,,koi3 ngaa5,,上瓦：間屋而家～嘞 ‖ 也説“鋪瓦 pou1' ngaa4”,207,,已校,
3900,蓋唔過,,koi3 m4 gwo3,,賺得少，賠得多，賺賠不相抵,207,,已校,
3901,蓋得過,,koi3 dak1 gwo3,,賺賠相抵。有賺，有折本,207,,已校,
3902,呆,,ngoi4,,呆，傻：～佬丨～板丨～鈍 ‖ 廣韵作“獃”，咍韵五來切：“獃癡”,207,,已校,
3903,呆葸,,ngoi4 soi3,,①自覺拘束，不自然，不安：我見到生暴嘅人就好～ ②呆頭呆腦：你睇佢徛喺度幾～ ③（衣、鞋）不合身，不合腳：佢着起件衫好～ ‖ 葸，集韵海韵息改切：“慤也。論語：慎而無禮則葸。”古上聲，今讀去聲,207,,已校,
3904,呆吽,,ngoi4 ngau6,,又傻又呆板 ‖ 吽，俗字,207,,已校,
3905,呆板,,ngoi4 baan2,,死板，呆滯,207,,已校,
3906,呆鈍,,ngoi4 deon6,,呆笨，愚蠢,207,,已校,
3907,外家,,ngoi6 gaa1,,娘家：新婦返咗～,207,,已校,
3908,外家路,,ngoi6 gaa1 lou6,,與娘家的關係（對婦女而言）：斷咗～<不許媳婦回娘家>,207,,已校,
3909,外嫁女,,ngoi6 gaa3 neoi5*2,,已嫁出的女兒,207,,已校,
3910,外嫁併,,ngoi6 gaa3 beng3,,駡人話。指嫁出的女兒。女兒出嫁後常取用娘家的東西，故稱 ‖ 併，有收拾、收藏之義,207,,已校,
3911,外婆,,ngoi6 po4,,外祖母（背稱） ‖ 也叫“阿婆 aa3 po4”,207,,已校,
3912,外父,,ngoi6 fu6*2,,岳父，老丈人（背稱） ‖ 俗稱“丈人佬 zoeng6 jan4 lou2”，也叫“岳丈 ngok6 zoeng6*2”,207,,已校,
3913,外父咁外,,ngoi6 fu6*2 gam3 ngoi6,,以諧音説人礙事，妨礙别人 ‖ 外、礙同音,207,,已校,
3914,外太婆,,ngoi6 taai3 po4,,稱母親的祖母、外祖母，北方叫“太姥姥”,207,,已校,
3915,外太公,,ngoi6 taai3 gung1',,稱母親的祖父、外祖父，北方叫“太姥爺”,207,,已校,
3916,外低,,ngoi6 dai1,,外邊，外面 ‖ 也説“外底 ngoi6 dai2”或“外便”,207,,已校,
3917,外櫃,,ngoi6 gwai6,,酒樓中的收款者 ‖ 也叫“櫃面 gwai6 min6*2”,207,,已校,
3918,外埠,,ngoi6 fau6,,外國：佢個仔去咗～丨出～丨過～ ‖ 也説“外洋 ngoi6 joeng4”,207,,已校,
3919,外母,,ngoi6 mou5*2,,岳母，丈母娘（背稱） ‖ 俗稱“丈人婆 zoeng6 jan4 po4”或“岳母 ngok6 mou5*2”,207,,已校,
3920,外間,,ngoi6 gaan1,,外邊,207,,已校,
3921,外便,,ngoi6 bin6,,外邊，外面 ‖ 也説“外低”或“外底 ngoi6 dai2”,207,,已校,
3922,外孫,,ngoi6 syun1,,女兒之子,207,,已校,
3923,外孫女,,ngoi6 syun1 neoi5*2,,女兒之女,207,,已校,
3924,外甥,,ngoi6 saang1,,姐或妹之子（背稱）,207,,已校,
3925,外甥女,,ngoi6 saang1 neoi5*2,,姐或妹之女（背稱）,207,,已校,
3926,外方佬,,ngoi6 fong1' lou2,,外省人,207,,已校,
3927,外江佬,,ngoi6 gong1' lou2,,外省人，多指廣東省以北的人,207,,已校,
3928,外行,,ngoi6 hong4*2,,不懂行，非内行：講起開車你就～嘞！,207,,已校,
3929,外公,,ngoi6 gung1',,外祖父（背稱）,207,,已校,
3930,外出,,ngoi6 ceot1,,外邊，外面：搬到～ ‖ 也説“出便 ceot1 bin6”,207,,已校,
3931,礙,,ngoi6,,妨礙：～眼丨～唔～啊？ ——唔～嘅｜冇～喇嗎<不妨礙吧>？,207,,已校,
3932,礙口,,ngoi6 hau2,,説話結巴：佢有啲～嘅,208,,已校,
3933,礙眼,,ngoi6 ngaan5,,看着不順眼：睇起來好～,208,,已校,
3934,開,,hoi1',,①開放，張開：～門｜～窗｜～蓋｜～箱｜～口｜～遮<傘>｜～花 ②開始用，只限於某些用具：～本簿來使｜我枝鉛筆重未～ ③放（槍等）：～槍｜～炮 ④駕駛：～車｜～船｜～飛機 ⑤弄出孔洞：～一個窿｜～紐門 ⑥以水調稀：～奶粉｜將蜜糖～稀啲｜～馬蹄粉｜～啲糖水畀我飲喇 ⑦靠外，外：～便｜徛埋一便喇，唔好徛咁～｜～來｜行～行埋<走出出進>｜唔好游咁～<不要游那麼遠> ⑧放在動詞之後，表示某一活動正在進行：佢睇～書，咪嘈佢<他正在看書，别吵他>｜呢件事我幫你做～嘅喇，唔使催我 ⑨做…的時候（有順便之義）：你去～郵局就幫我攞來喇<你去郵局時順便替我取回來>｜你買～同我買啲<你買的時候順便替我買一些> ⑩列出條款或數目：～假賬｜～單｜～價 ⑪公布結果，揭曉：～彩｜～獎｜～標 ⑫開設，開張營業：～鋪頭｜～公司｜～旅館｜～番攤<設賭局>｜～檔,208,,已校,
3935,開衩,,hoi1' caa3,,做衣服時，在衣服旁邊開口：有啲西裝開後尾衩,208,,已校,
3936,開價,,hoi1' gaa3,,（賣方）討價，要價：佢呢件野～就要五毫｜～還價,208,,已校,
3937,開夜,,hoi1 je6*2,,舊時指開夜車：呢脾趕工，我地成日～ ‖ 現在叫“上夜班 soeng5 je6 baan1”,208,,已校,
3938,開波,,hoi1' bo1,,開球，開始賽球 ‖ 波，英文 ball 的音譯。也叫“開球 hoi1' kau4”,208,,已校,
3939,開伙爨,,hoi1' fo2 cyun3,,舊時指開伙，做飯：你係自己～啊，定係去食堂啊？｜我自己～，唔同大佬食<我自己開伙，不和大哥一起吃>,208,,已校,
3940,開錯口,,hoi1' co3 hau2,,①説錯了話 ②有求不應，遭到拒絶：我今日都～嘞,208,,已校,
3941,開窩,,hoi1' wo1,,將粉團或麵團捏成圓片，用來包粉果或油角：整油角就要～先 ‖ 也叫“開皮 hoi1' pei4*2”,208,,已校,
3942,開枝散葉,,hoi1' zi1' saan3 jip6,,喻宗族繁衍，子孫衆多。也用於祝賀别人家族興旺，人丁繁盛,208,,已校,
3943,開師姑廳,,hoi1' si1 gu1 teng1,,花花公子之流去尼姑庵吃酒、胡鬧,208,,已校,
3944,開市,,hoi1' si5,,市場開始交易：朝早六點鐘～，晚上八點鐘收市,208,,已校,
3945,開埋井過人食水,,hoi1' maai4 zeng2 gwo3 jan4 sik6 seoi2,,比喻把便宜給了人家，自己吃虧，撈不到好處：你叫我去做呢件事啊，我～咩！,208,,已校,
3946,開大鑊飯,,hoi1' daai6 wok6 faan6,,做大鍋飯（供許多人吃）：人多唔係就～囉,208,,已校,
3947,開齋,,hoi1' zaai1',,①結束吃齋期 ②嬰兒長到數月之後，初次吃葷：買啲魚同佢～,208,,已校,
3948,開晒,,hoi1' saai3,,猜拳用語。代表五 ‖ 晒，同音字,208,,已校,
3949,開晒車,,hoi1' saai3 ce1',,船工用語。全速行駛,208,,已校,
3950,開鍇,,hoi1' kaai1,,舊時指討錢、要錢：你冇錢，唔識問佢～咩？ ‖ 鍇，借用字,208,,已校,
3951,開懷,,hoi1' waai4,,①女人第一次生産：佢結婚十五年至～ ②高興：你又夠～嘞,208,,已校,
3952,開懷解帶,,hoi1' waai4 gaai2 daai3,,敞開懷，不扣衣紐,209,,已校,
3953,開底,,hoi1' dai2,,靠外邊，指堂屋的前一半 ‖ 也説“開便”或“開底便 hoi1' dai2 bin6”,209,,已校,
3954,開來,,hoi1' lai4,,往外走：有落就～<下車就往外走>,209,,已校,
3955,開位,,hoi1' wai3*2,,去茶樓酒館定座位：同我開十個位,209,,已校,
3956,開胃,,hoi1' wai6,,①胃口好，想吃 ②欲望大，要求大：你今日出糧<發薪>嘞，請睇戲喇。——乜你咁～啊！,209,,已校,
3957,開胃消滯,,hoi1' wai3 siu1' zai3,,消食開胃：食咗飯食啲生果，～喇嗎！,209,,已校,
3958,開歧,,hoi1' kei4,,①衣服兩側的開衩：要整兩個～ ②開衩：開個衫歧 ‖ 現在叫“開衩”,209,,已校,
3959,開氣,,hoi1' hei3,,①性格開朗：呢個人都幾～噃 ②面帶歡容：佢時時都好～嘅,209,,已校,
3960,開戲師爺,,hoi1' hei3 si1 je4,,舊時指會編劇的人，粵劇劇本的創作者,209,,已校,
3961,開枱,,hoi1' toi4*2,,擺好桌子和餐具，準備吃飯 ‖ 也説“擺枱 baai2 toi4*2”,209,,已校,
3962,開臺,,hoi1' toi4,,①大戲開演：～鑼鼓｜八點鐘～ ②玩麻將湊齊人數開始打：～喇，夠腳嘞！,209,,已校,
3963,開彩,,hoi1' coi2,,有獎的賭猜之類活動揭曉,209,,已校,
3964,開埠,,hoi1' fau6,,開闢爲商埠,209,,已校,
3965,開頭,,hoi1' tau4*2,,已開始，開了頭兒：去～就次次去｜做～就做埋佢<已經幹了就把它幹完>,209,,已校,
3966,開紐門,,hoi1' nau2 mun4,,縫紉用語。挖扣眼兒：～之後就鎖紐門｜你識～唔呢？,209,,已校,
3967,開手,,hoi1' sau2,,開始，動手：我見佢地～做咯｜人到齊咯，～喇！,209,,已校,
3968,開口,,hoi1' hau2,,①新刀開刃使鋒利：新刀要～，唔～唔使得｜呢張刀仔開咗口未？ ②開口説話：佢成日都唔～ ③張大嘴：呢個字要～講嘅 ‖ ②也説“開聲”,209,,已校,
3969,開口埋口,,hoi1' hau2 maai4 hau2,,開口閉口：佢～都話要幫我做野｜開口講食，埋口又講食｜～都話錢,209,,已校,
3970,開口有話,,hoi1' hau2 jau5 waa6,,有道是：～，食野食味道，睇野睇全套,209,,已校,
3971,開口棗,,hoi1' hau2 zou2,,開口笑，點心名 ‖ 也叫“坼口棗 caak3 hau2 zou2”,209,,已校,
3972,開口夢,,hoi1' hau2 mung6,,夢話：發～<説夢話>,209,,已校,
3973,開口𠶲着脷,,hoi1' hau2 kap6 zoek6 lei6,,①説人講話有刺，話中有話：你講野～就唔好嘞！ ②一開口就説錯話 ‖ 𠶲，集韵合韵渴合切：“齧也”,209,,已校,
3974,開油鑊,,hoi1' jau4 wok6,,過年時家家用油炸製各種食品，如油角、煎𩛍、蛋饊、芋蝦等：年尾就～嘞！,209,,已校,
3975,開鋪,,hoi1' pou3*2,,①春節過後店鋪開始營業 ②店家每天早晨開門營業,209,,已校,
3976,開刀,,hoi1' dou1',,①動手術 ②向顧客硬要錢：向佢～ ③切開（魚）賣：呢條魚～得唔得啊？,209,,已校,
3977,開路,,hoi1' lou6,,人死後，請喃無先生念叨幾句，引導陰魂上路,209,,已校,
3978,開路神,,hoi1' lou6 san4,,舊時有錢人出殯時走在前頭的巨型紙神像，相貌可怕 ‖ 也叫“一見發財 jat1 gin3 faat3 coi4”,209,,已校,
3979,開標,,hoi1' biu1,,①“鋪標”賭博揭曉 ②彩票開彩 ③錢會開彩，看誰出的利錢大，即由誰先用錢,209,,已校,
3980,開吊,,hoi1' diu3,,舊俗，在“三七”這一天開始吊祭死者 ‖ 也説“開祭 hoi1' zai3”,210,,已校,
3981,開銷,,hoi1' siu1',,①家庭的支出：我～好大嘅，人多吖 ②商店的支出,210,,已校,
3982,開心,,hoi1' sam1',,高興：今日佢～到笪[tʻat˧]<到頭>咯｜～到透咯,210,,已校,
3983,開心果,,hoi1' sam1' gwo2,,①喻使人開心的人或使人喜愛的人：好似食咗～｜佢真係大家嘅～ ②一種帶殼的乾果，形似白果，味道甘香,210,,已校,
3984,開心見誠,,hoi1' sam1' gin3 sing4,,坦誠相見,210,,已校,
3985,開飯,,hoi1' faan6,,擺上飯菜供餐：幾點鐘～？,210,,已校,
3986,開嘆情,,hoi1' taan3 cing4,,舊俗，女子臨嫁，依例要坐在家中哭泣，口中念念有詞，有衆姐妹及女伴相陪,210,,已校,
3987,開眼,,hoi1' ngaan5,,睜開眼睛：臊蝦仔初生時都未～｜天唔～，發咁大水,210,,已校,
3988,開眼界,,hoi1' ngaan5 gaai3,,打開視野，多見識外部世界：出去香港開下眼界喇,210,,已校,
3989,開眼盲,,hoi1' ngaan5 maang4,,①睜眼瞎，失明，但外觀無異 ②不識貨，不分好壞,210,,已校,
3990,開玩笑,,hoi1' waan4*2 siu3,,逗人家玩：你唔好開我嘅玩笑喇｜唔好同我～,210,,已校,
3991,開身,,hoi1' san1',,（船隻）開行，開動：個隻火船將近～咯,210,,已校,
3992,開新包紙,,hoi1' san1' baau1' zi2,,新嫁娘回門之後，分送利市紅包給娘家的晚輩及下人：某某人～咯！,210,,已校,
3993,開新燈,,hoi1' san1' dang1',,生男孩後，第一個元宵節前幾天開始掛彩燈，在祖先位前掛一盞，神樓前也掛一盞：同細路仔～ ‖ 也叫“開燈”或“掛燈 gwaa3 dang1”,210,,已校,
3994,開便,,hoi1' bin6,,靠外邊 ‖ 也説“開低 hoi1' dai1'”和“開底”,210,,已校,
3995,開片,,hoi1' pin3*2,,械鬥，打群架,210,,已校,
3996,開面,,hoi1' min6,,演員演戲前勾臉化裝,210,,已校,
3997,開天索價,,hoi1' tin1' saak3 gaa3,,漫天要價，索高價：～，落地還錢 ‖ 索，廣韵麥韵山責切：“求也，取也”,210,,已校,
3998,開年,,hoi1' nin4,,①正月初二，一般人家買豬肉，燒豬蹄，黄沙大蜆炒來吃 ②商店在正月初三初四要吃豬肉，一定要買豬脷<舌頭>（取其吉利），吃蠔豉煮豬蹄、炒蜆，然後在正月初五或初六開張做生意,210,,已校,
3999,開皽,,hoi1' zin1,,切肉或魚，由皮到肉，兩片相連：將條魚～｜將肉～喇｜～鹹魚 ‖ 皽，廣韵獮韵知演切：“皮寬。”《康熙字典》引《博雅》“離也”。古上聲，今口語讀平聲,210,,已校,
4000,開綫,,hoi1' sin3,,風水先生測定墓穴的位置、方向等,210,,已校,
4001,開盤,,hoi1' pun4*2,,貨物標出價錢：金鋪～未啊？｜今日毫子點行情呀？ —— 而家唔知自，等下開咗盤就知道嘞！,210,,已校,
4002,開門,,hoi1' mun4,,①打開門户 ②清明節去掃墓之前，把家裏供神主牌的龕門打開，供上藠菜（藠、轎同音，意謂用轎子接先人）,210,,已校,
4003,開館,,hoi1' gun2,,私塾開學 ‖ 也叫“開學 hoi1' hok6”,210,,已校,
4004,開坑,,hoi1' haang1,,挖坑：屎急～,210,,已校,
4005,開燈,,hoi1' ding1,,①上元節（正月十五）前幾天掛彩燈 ②即“開新燈” ‖ 也叫“掛燈 gwaa3 dang1”,210,,已校,
4006,開廳,,hoi1' teng1,,①去妓院吃酒 ②特指在酒樓開單間，叫妓女來陪酒、唱曲,211,,已校,
4007,開廳䂿艇,,hoi1' teng1 dam6 teng5,,在紫洞艇上吃花酒,211,,已校,
4008,開聲,,hoi1' seng1',,説話，開口：要乜野就～ ‖ 也説“開口”,211,,已校,
4009,開明鑼鼓,,hoi1' ming4 lo4 gu2,,説明白，講清楚：個件事到底點啊？～先得㗎<説明白才行啊>,211,,已校,
4010,開明車馬,,hoi1' ming4 geoi1' maa5,,説明白，講清楚,211,,已校,
4011,開張,,hoi1' zoeng1',,①店鋪新開業 ②年初（春節過後）店鋪開始營業,211,,已校,
4012,開薑,,hoi1' goeng1',,嬰兒誕生之前，家人早就煮好鷄蛋、酸薑、豬腳、甜醋封起來，嬰兒落地後，即啓封分送親友：～未啊<孩子生了嗎>？,211,,已校,
4013,開揚,,hoi1' joeng4,,①性格開朗 ②地方寬闊、空曠：呢處望出去好～,211,,已校,
4014,開房,,hoi1' fong4*2,,①在旅館開房間 ②專指與情人去住旅館,211,,已校,
4015,開檔,,hoi1' dong3,,①開始做小攤生意：～賣野 ②商店開門營業,211,,已校,
4016,開𧟘褲,,hoi1' nong6 fu3,,（小孩穿的）開襠褲,211,,已校,
4017,開牀,,hoi1' cong4,,鋪好席子、被褥，準備睡覺：開張牀畀佢喇,211,,已校,
4018,開講有話,,hoi1' gong2 jau5 waa6,,常言説得好，常言道：～，有情飲水飽，冇情食飯飢,211,,已校,
4019,開杠,,hoi1' gong3,,①麻將術語。湊夠四張相同的牌後亮出，並補摸一張牌 ②强行借錢：向某人～丨開親杠冇得還嘅嘞<嘲遇到硬借錢的主兒就别想他還了>,211,,已校,
4020,開光,,hoi1' gwong1,,①爲新神像、神廟舉行開幕儀式，從此即有靈云云：同菩薩～ ②取笑人剃頭，洗乾凈身、手或穿新衣：你去開下光喇！,211,,已校,
4021,開蓬車,,hoi1' pung4 ce1,,敞篷車,211,,已校,
4022,開籠,,hoi1' lung4,,①才出蒸籠的：～大包 ②出籠的：～雀,211,,已校,
4023,開籠雀,,hoi1' lung4 zoek3*2,,①喻得到自由而歡欣鼓舞者：好似～噉樣高興 ②成天嘰嘰喳喳能説會道的人：乜你好似～噉，成日都咁好唱口,211,,已校,
4024,開工,,hoi1' gung1',,①上班去做工：今日去某某處～ ②動手做活兒：喂，～嘞<幹活兒吧>,211,,已校,
4025,開角,,hoi1' gok3,,①向人要錢：問老豆～至得 ②借錢，打秋風：佢問我～,211,,已校,
4026,開局,,hoi1' guk6*2,,①賭博：今晚喺你處～噃！ ②舊時指到妓院或酒樓吃花酒 ‖ ②也叫“開廳”,211,,已校,
4027,海,,hoi2,,①海洋 ②特指珠江：過～<過珠江>丨～皮<珠江邊>,211,,已校,
4028,海豬,,hoi2 zyu1',,海豚,211,,已校,
4029,海帶,,hoi2 daai3,,海藻之一：綠豆～糖水,211,,已校,
4030,海底摸月,,hoi2 dai2 mo2 jyut6,,水中撈月,211,,已校,
4031,海底針,,hoi2 dai2 zam1,,比喻摸不到的東西：男人心，～,211,,已校,
4032,海皮,,hoi2 pei4,,①海邊，海濱 ②特指珠江邊,211,,已校,
4033,海味,,hoi2 mei6*2,,海産食品：～之中四大主牌係鮑、參、翅、肚,211,,已校,
4034,海口,,hoi2 hau2,,出海港口：嗰處四便都係水，個～好闊大，灣得好多船,211,,已校,
4035,海鱟,,hoi2 hau6,,即鱟魚，海中動物，有硬殼如龜殼，其卵、肉均可食，味鮮 ‖ 也叫“鱟魚 hau6 jyu4*2”,211,,已校,
4036,海鮮,,hoi2 sin1,,鮮活的海味：瓦鐺蒸～,212,,已校,
4037,海鮮醬,,hoi2 sin1 zoeng3,,一種最常見的調味醬，酒樓餐桌上常與芥末醬作一小碟擺出,212,,已校,
4038,海洋大盜,,hoi2 joeng4 daai6 dou6,,喻惡人：你咁惡，你係～啊？丨唔怕～，就怕煙精扭數<出壞主意>,212,,已校,
4039,海棠,,hoi2 tong4*2,,花名：虎耳～丨秋～,212,,已校,NA：現在（2020s）習慣不變調。
4040,海賊,,hoi2 caak6,,海盜,212,,已校,
4041,害神,,hoi6 san4,,指專門連累人、害人者，搗鬼者：你真係～嘞,212,,已校,
4042,害人害物,,hoi6 jan4 hoi6 mat6,,搗鬼，攪壞人家的好事：佢個野專係～,212,,已校,
4043,欸,,oi2,,①哄小兒睡覺，輕輕拍且搖：～佢瞓覺 ②哄小兒睡眠發出之聲，兒歌中亦有之：～，～，瞓覺覺丨～姑乖，～姑大，～大阿姑嫁後街<兒歌> ‖ 廣韵海韵於改切：“相然譍也”,212,,已校,
4044,愛,,oi3,,①愛慕：佢好～你嘅 ②要：你～唔～呢本書？丨～乜野啊<要點什麼呀>？③介詞。引進所處置的對象，相當於“用、拿”：呢便～來做花園，嗰便～來做菜園,212,,已校,
4045,愛惜,,oi3 sek6,,疼愛：阿媽最～你 ‖ sek6，口語音，文讀 sik1,212,,已校,
4046,杯,,bui1,,杯子：茶～丨酒～丨眼～<洗眼用具>丨金～丨銀～丨獎～丨玻璃～,213,,已校,
4047,杯耳,,bui1 ji5,,茶杯的杯柄,213,,已校,
4048,杯仔麵,,bui1 zai2 min3,,方便麵的一種，帶有杯子,213,,已校,NA：原書注音“min3”應作“min6”。
4049,杯碟,,bui1 dip6*2,,①茶杯和茶碟的統稱：一套～ ②茶杯底下用的茶碟 ‖ ②也説“茶杯碟 caa4 pui1 dip6*2”,213,,已校,
4050,杯,,bui1',,一種求神問卜工具“珓杯”的簡稱：陰～唔好，陽～麻麻地，最好就係勝～丨問～丨摜～丨～卜 ‖ 也叫“珓杯 gaau3 pui1'”,213,,已校,
4051,杯卜,,bui1' buk1,,用“珓杯”占卜：舊時開鋪標就用～嘞 ‖ 參看“鋪標 pou3 biu1”,213,,已校,
4052,貝殼紐,,bui3 hok3 nau5,,蚌殼做的扣子,213,,已校,
4053,背花,,bui3 faa1',,舊時指後背、脊梁：你幫我撓[ŋau˥˧]下～喇丨唔好冷親～吖<别凍着背脊>,213,,已校,
4054,背脢,,bui3 mui4,,背脊，後背 ‖ 也叫“背脊”,213,,已校,
4055,背後,,bui3 hau6,,①後面，後頭：佢坐喺你～ ②不當面：佢專門喺～鬧人,213,,已校,
4056,背褡,,bui3 daap3,,一種兩側繫繩的背心,213,,已校,
4057,背默,,bui3 mak6,,默寫：～梗係難過讀默<聽寫>喇！,213,,已校,
4058,背脊,,bui3 zek3,,後背，脊梁 ‖ 也叫“背脢”,213,,已校,
4059,背脊開窿,,bui3 zek3 hoi1' lung1,,被槍斃 ‖ 也説“背脊出煙 bui3 zek3 ceot1 jin1'”或“背脊錐窿 bui3 zek3 jeoi' lung1”,213,,已校,
4060,背脊厚,,bui3 zek3 hau5,,①家底厚，有錢 ②祖墳風水好,213,,已校,
4061,背脊骨,,bui3 zek3 gwat1,,①脊骨 ②中式衣服的背縫兒,213,,已校,
4062,輩,,bui3,,輩分：前一～丨長～丨後～丨佢大我一～丨我長佢兩～,213,,已校,
4063,背,,bui6,,①偏僻：你住得咁～ ②重聽：耳～ ③默記於心而誦讀：～書丨呢課書你識唔識～啊？,213,,已校,
4064,背語,,bui6 jyu5,,局外人不懂的隱語：打～,213,,已校,
4065,背手,,bui6 sau2,,賄賂之物：佢𢭃咗～<他受賄>丨揞[ɐm˧˥]～<暗中行賄>,213,,已校,
4066,背碇,,bui6 deng3*2,,①偏僻處，背靜地方：佢住喺～ ②背後：～講人家閑話 ‖ 碇，俗借字,213,,已校,
4067,背角,,bui6 gok3*2,,偏僻地方：佢住喺～嗰度,213,,已校,
4068,焙,,bui6,,烘烤：～火丨～乾佢丨～下手丨～茶,213,,已校,
4069,焙火爐,,bui6 fo4 lou4,,烤火：天冷就～喇！,213,,已校,
4070,䊃,,bui6*2,,做麵食時防止粘手用的乾粉：整包子皮同餃子皮要準備啲～至得㗎 ‖ 集韵隊韵蒲昧切：“糝也”,213,,已校,
4071,陪,,pui4,,陪伴：～我出去喇丨做～<當陪客>丨～住佢<陪着他>,214,,已校,
4072,陪嫁妹,,pui4 gaa3 mui6*1,,舊時指陪嫁丫頭,214,,已校,
4073,陪住,,pui4 zyu6,,陪伴：佢阿媽病咗，佢喺醫院～,214,,已校,
4074,陪月,,pui4 jyut6*2,,侍候産婦坐月子的女用人,214,,已校,
4075,賠,,pui4,,賠償：你整爛本畫要～返畀我丨打爛野要～丨～錢貨丨～唔起丨～本丨～本貨,214,,已校,
4076,賠命,,pui4 meng6,,償命：殺人要～,214,,已校,
4077,賠湯藥,,pui4 tong1' joek6,,賠償治傷費：打傷人要～㗎！,214,,已校,
4078,配,,pui3,,相配：你～唔上佢丨佢～得上你丨～做唔～做？丨～套賣丨～菜丨～料丨～返呢隻花色嘅布丨白色～紅色嘅冷衫幾靚噃<紅白相搭配的毛衣挺漂亮的呢>！,214,,已校,
4079,配料,,pui3 liu6*2,,配菜，即菜肴中除主料之外的副料 ‖ 也叫“配菜 pui3 coi3”,214,,已校,
4080,配對,,pui3 deoi3,,①般配：佢兩個好～嘅 ②配成雙：手套失咗一隻，同我配返對,214,,已校,
4081,配襯,,pui3 can3,,相配，搭配：呢兩樣色水～得好睇丨間房啲野～得幾好,214,,已校,
4082,配搭,,pui3 daap3,,搭配,214,,已校,
4083,玫瑰,,mui4 gwai3,,花名：～花丨～糖丨～露,214,,已校,
4084,玫瑰露,,mui4 gwai3 lou6,,一種酒,214,,已校,
4085,玫瑰糖,,mui4 gwai3 tong4*2,,糖腌的玫瑰花，做點心等用的配料,214,,已校,
4086,玫紅,,mui4 hung4,,玫瑰紅色,214,,已校,
4087,梅,,mui4,,梅樹，梅子：楊～丨～花丨話～丨酸～醬丨酸～醋丨烏～丨松竹～丨臘～,214,,已校,
4088,梅,,mui4*2,,①梅子：酸～丨陳皮～丨青～ ②梅花畫：呢幅係～,214,,已校,
4089,梅花,,mui4 faa1,,①梅花 ②撲克牌四種花色之一,214,,已校,
4090,梅花點,,mui4 faa1 dim2,,形如梅花的小點：～香蕉<香蕉中的佳品>,214,,已校,
4091,梅花間竹,,mui4 faa1 gaan1 zuk1,,①喻子、女交替着生：你～吖 ②引申義。間隔着,214,,已校,
4092,梅雨天,,mui4 jyu5 tin1',,黄梅天，在農曆二三月，陰雨不斷：家下係～啊,214,,已校,
4093,梅菜,,mui4 coi3,,一種乾菜，用一種芥菜腌製而成，香甜可口：～蒸豬肉丨～扣肉,214,,已校,
4094,梅香,,mui4 hoeng1,,①舊時指婢女 ②扮婢女的年輕女演員,214,,已校,
4095,梅酌,,mui4 zoek3,,舊時婚禮次日男家宴客的酒席：開～丨二朝請飲叫做～,214,,已校,
4096,脢肉,,mui4 juk6,,豬裏脊肉 ‖ 脢，廣韵灰韵莫杯切：“脊側之肉”,214,,已校,
4097,媒人婆,,mui4 jan4 po4,,媒婆,214,,已校,
4098,媒人棍,,mui4 jan4 gwan3,,指騙人的媒人,214,,已校,
4099,媒人公,,mui4 jan4 gung1,,男媒人,214,,已校,
4100,煤,,mui4,,能源之一：～爐丨～屎丨～灰丨～灰鏟丨～礦丨～餅丨蜂窩～丨～粉,214,,已校,
4101,煤屎,,mui4 si2,,燒剩的煤渣,214,,已校,
4102,煤氣,,mui4 hei3,,①一氧化碳：佢中咗～ ②石油液化氣：～罐丨～竈,214,,已校,
4103,煤氣口,,mui4 hei3 hau2,,煤氣竈的火眼 ‖ 也叫“煤氣眼 mui4 hei3 ngaan5”,214,,已校,
4104,煤氣爐,,mui4 hei3 lou4*2,,舊時指煤油爐 ‖ 也叫“火水爐 fo2 seoi2 lou4*2”,215,,已校,
4105,煤氣燈,,mui4 hei3 dang1,,燒煤油的照明燈，點燃後要打氣 ‖ 俗稱“大光燈 daai3 gwong1' dang1”,215,,已校,NA：原書“大光燈”的“大”注音應作daai6。
4106,煤灰,,mui4 fui1',,燒煤剩下的灰,215,,已校,
4107,煤灰鏟,,mui4 fui1' caan2,,煤鏟,215,,已校,
4108,煤爐,,mui4 lou4,,燒煤的爐子，多指蜂窩煤爐,215,,已校,
4109,煤粉,,mui4 fan2,,煤末,215,,已校,
4110,霉,,mui4,,①霉爛：啲野～咗｜～爛｜～渧渧｜～～臭臭 ②倒霉：呢牌真係～<近來真倒運>,215,,已校,
4111,霉渧渧,,mui4 dai3 dai3,,形容東西霉爛得拿不起來,215,,已校,
4112,霉霉臭臭,,mui4 mui4 cau3 cau3,,發霉的氣味,215,,已校,
4113,霉薑,,mui4 goeng1,,一種腌製過的薑，甜辣爽口：新會亞陀～最有名,215,,已校,
4114,霉香,,mui4 hoeng1',,久製的含蛋白質的食物發出的香味：～鹹魚｜～腐乳,215,,已校,
4115,𪃏,,mui4*2,,①囮子，本義爲捉鳥時用以引誘鳥的養熟的鳥，引申爲引人賭錢者 ②幫人行騙者，北京叫“托兒” ③幫人搭綫者：你幫我做下～喇 ‖ 集韵灰韵謨杯切：“誘取禽者”,215,,已校,
4116,燘,,mui5*2,,無牙者嚼物，用唇舌將食物弄碎：～爛啲飯再吞｜條脷～～下｜將啲沙～出來 ‖ 廣韵賄韵武罪切：“燘爛也。”暫借字,215,,已校,
4117,燘腮唔轉,,mui4*2 soi1' m4 zyun2,,口裏食物塞得太滿無法咀嚼，北京説“倒不開噍”：佢食野䂻[tsaŋ˨]到～ ‖ 也説“唔轉腮 m4 zyun2 soi1'”,215,,已校,
4118,妹,,mui6,,①妹妹（不單用）：姊～｜～夫｜三姊～ ②女孩子（不單用）：留𲌛<⿱髟任>～<未婚少女>,215,,已校,
4119,妹,,mui6*2,,①妹妹：我有兩個～｜大～｜細～｜阿～<面稱妹妹> ②妹輩：表～｜堂～｜契～<乾妹妹>,215,,已校,
4120,妹,,mui6*1,,①婢女：妝嫁～｜～仔｜轎腳～ ②妞兒（不單用）：盲～｜上海～｜番鬼～｜鹹水～｜打工～｜學生～｜肥～｜傻～,215,,已校,
4121,妹夫,,mui6 fu1',,妹之夫（背稱）,215,,已校,
4122,妹仔,,mui6*1 zai2,,①婢女，丫頭 ②女孩，妞兒：呢個肥～好得意<這個小胖妞兒很討人喜歡>,215,,已校,
4123,妹仔丁,,mui6*1 zai2 deng1,,幼小的婢女（貶義）,215,,已校,
4124,妹妹,,mui6（或 mui4） mui4*2,,妹（面稱）,215,,已校,
4125,灰沙地塘,,fui1' saa1' dei6 tong4,,用石灰、沙子、黏土等攙和，鋪在地面夯實而成的曬穀場,215,,已校,
4126,灰沙磚,,fui1' saa1' zyun1,,用石灰、沙子、黏土混合製成的一種磚,215,,已校,
4127,灰籮墩,,fui1' lo4 dan2,,喻行爲不端者，到處留下劣迹 ‖ 也叫“石灰籮 sek6 fui1' lo4”,215,,已校,
4128,灰匙,,fui1' ci4,,抹牆的器具，北京叫“抹子”：用～抿灰,215,,已校,
4129,灰包,,fui1' baau1,,牙灰包，小布包内裝牙灰（稻殼燒成的灰），放入棺材内以吸濕氣,215,,已校,
4130,灰斗,,fui1' dau2,,泥水匠用的裝石灰漿的木製斗,215,,已校,
4131,灰掃,,fui1' sou3*2,,用石灰水刷牆的棕製刷子,215,,已校,
4132,灰水,,fui1' seoi2,,石灰水：灑～丨油～丨掃～<刷白灰漿>,216,,已校,
4133,灰麵,,fui1' min6,,小麥麵粉：開啲～來炸野丨搵啲～染[iam˨˧]<蘸>咗佢來炸,216,,已校,
4134,灰桶,,fui1' tung2,,泥水匠用的盛灰漿的桶,216,,已校,
4135,灰粽,,fui1' zung3*2,,糯米加碱水做的粽子 ‖ 也叫“梘水粽 gaan2 seoi2 zung3*2”,216,,已校,
4136,晦氣,,fui3 hei3,,①倒霉：一身～丨找佢～丨～鬼 ②面帶慍色，不愛理人：乜你咁～呀，問你都唔出聲！,216,,已校,
4137,晦氣星,,fui3 hei3 sing1,,駡人話。倒霉鬼：撞咗～咩！,216,,已校,
4138,膭,,gui1,,隆起物：梳起個～<梳頭梳起一個波形>丨裝飯裝到起個～,216,,已校,
4139,膭,,gui1',,隆起，鼓出，突出：個肚～起上來丨啲處個地～起上來 ‖ 廣韵灰韵公回切：“肥貌。”參考集韵賄韵“𦞙”，沽罪切：“腫大也”,216,,已校,
4140,䠩,,gui6,,睏倦，疲倦：～到死丨行得好～ ‖ 集韵廢韵逵穢切：“小溺也。一曰倦也”,216,,已校,
4141,䠩䠭䠭,,gui6 laai4 laai4（或 laai3 laai3）,,累得起不來：成身～<渾身軟綿綿的> ‖ 䠭，集韵泰韵落蓋切：“跛也。一曰䠭䟺，邪行”,216,,已校,
4142,䠩死䠭䠭,,gui6 sei2 laai4 laai4,,累得要死的樣子,216,,已校,
4143,會計,,kui2（或 wui6） gai3,,監督、管理財務工作的人員,216,,已校,
4144,煨,,wui1',,①烘烤：～番薯丨～熟佢 ②（用石頭等）密密擲打：用石頭～佢丨用拳頭～佢丨我地人多，用人來～死佢 ③用重金收買：使啲錢來～佢,216,,已校,
4145,煨炮,,wui1' paau3,,開炮，用炮打：煨佢幾炮,216,,已校,
4146,回,,wui4,,①退回：受咗禮要～返啲野畀佢丨～樽丨～水丨～本丨～佣 ②量詞。次，回：今～佢倒霉咯丨我已經話過幾～咯 ③返回：～頭丨～魂丨～門丨～聲 ④答覆，回報：～信丨～盒丨～訪丨～拜,216,,已校,
4147,回字門口,,wui4 zi6 mun4 hau2,,大户人家大門的一種形式，大門上没有簾,216,,已校,
4148,回奶,,wui4 naai5,,産婦没有了奶水,216,,已校,
4149,回教佬,,wui4 gaau3 lou2,,舊時指回民,216,,已校,
4150,回頭,,wui4 tau4,,回轉：走返～丨～返來攞返丨賭仔～金不換丨好馬唔食～草<熟語>,216,,已校,
4151,回水,,wui4 seoi2,,退錢,216,,已校,
4152,回南,,wui4 naam4,,廣州冬春之間的回暖天氣，颳南風，空氣濕潤：大～丨今日～吖！,216,,已校,
4153,回魂,,wui4 wan4,,迷信語。回煞，人死後，三七之内其魂會回來享用供品，家人到時將房門關緊，點上蠟燭，擺上供品 ‖ 也説“回殃 wui4 joeng1'”,216,,已校,
4154,回樽,,wui4 zeon1,,退瓶子，買的瓶裝的東西用完後，將瓶退回給商家,216,,已校,
4155,回本,,wui4 bun2,,舊時過八月節時，大户人家去月餅店賒取大批月餅，到處送禮，剩下來的再退回餅店 ‖ 也叫“回尾 wui4 mei5”,216,,已校,
4156,回盤,,wui4 pun4,,舊時女家將男家過禮的東西收下，回送些食品和一些衣物如褲料等，叫“回盤”,216,,已校,
4157,回門,,wui4 mun4,,婚後第三天，新娘和新郎回女家：三朝～｜～飯,217,,已校,
4158,回聲,,wui4 seng1',,折回的聲音：呢處有～｜體育館有～就唔好嘞 ‖ 也説“回響 wui4 hoeng2”,217,,已校,
4159,回糖,,wui4 tong4,,能力技藝到了一定的水平之後，出現倒退現象。源於甘蔗過了成熟期不收割，糖分逐漸消失：某某師傅嘅武藝～咯！,217,,已校,
4160,回佣,,wui4 jung6*2,,回扣：撈～ ‖ 也叫“扣頭 kau3 tau4”,217,,已校,
4161,回盒,,wui4 hap6,,舊時女家將男家過禮的東西留下，再回送一些食品，如糕點等，裝在盒中，叫“回盒”,217,,已校,
4162,會,,wui5,,①有能力，懂得：～做｜～撈｜個細路唔～行路 ②擅長，講究：～飲～食｜～使｜～着<講究衣着> ③知道：我～㗎嘞<我知道了> ④有可能實現：咁夜咯，佢唔～來嘞<這麼晚了，他不可能來了>！,217,,已校,
4163,會使,,wui5 sai2,,指花錢花得很恰當，花很少錢辦漂亮事：～唔在家豪富，風流不用着衣多<熟語>,217,,已校,
4164,會飲會食,,wui5 jam2 wui5 sik6,,懂得吃，會品評，講究飲食：有錢至講得～,217,,已校,
4165,會,,wui6,,①會晤，見面：～面｜～客｜佢唔～你面｜～談｜～見 ②領會，領悟：～意｜～錯意｜體～｜誤～ ③聚合，合在一起：～合｜～診｜～考｜～演｜～戰 ④主要的城市：都～｜省～ ⑤時機：機～,217,,已校,
4166,會,,wui6*2,,①會議，集會：座談～｜報告～｜晚～｜舞～ ②各種團體：婦女～｜農～｜工～｜同鄉～｜同學～ ③錢會（社會上一種小規模的經濟互助組織）的簡稱：～頭｜～仔｜埋～<組織或參加錢會>｜供～<按時交納會費>｜標份～來使，以後照供,217,,已校,
4167,會意,,wui6 ji3,,領會，領悟别人没有明白表示的意思：你唔好會錯意,217,,已校,
4168,會仔,,wui6*2 zai2,,錢會的參加者,217,,已校,
4169,會尾,,wui6*2 mei5,,參加錢會而最後用錢者，得到的利息最多：佢捧～咯,217,,已校,
4170,會菜,,wui6 coi3,,行業語。做菜肴（酒樓中多用）：某某師傅喺廚房～｜請個伙計來屋企～,217,,已校,
4171,會考,,wui6 haau2,,統考，教育機構組織各學校的學生參加統一考試,217,,已校,
4172,會頭,,wui6*2 tau4,,組織錢會的負責人,217,,已校,
4173,會友哥,,wui6 jau5 go1,,舊時指新郎的同班輩的青年朋友，在婚禮上助興者,217,,已校,
4174,會金,,wui6*2 gam1,,參加錢會者每月交納的錢,217,,已校,
4175,會面,,wui6 min6,,見面：你同佢會下面｜佢唔會你面㗎｜我又搵過佢，佢唔～,217,,已校,
4176,會館,,wui6 gun2,,同鄉會的組織機構所在，館址的房屋供聚會或供寄寓：廣東～,217,,已校,
4177,匯水,,wui6 seoi2,,匯費的舊稱 ‖ 現稱“匯費 wui6 fai3”,217,,已校,
4178,匯單,,wui6 daan1,,匯票 ‖ 現稱“匯票 wui6 piu3”,217,,已校,
4179,燴,,wui6,,烹飪法之一：龍虎～｜大雜～｜龍鳳大～｜羅漢齋係幾樣野～埋嘅,217,,已校,
4180,包,,baau1,,①包子：叉燒～｜大～｜生肉～｜豆沙～｜糖～ ②裝東西的用具：皮～｜銀～｜荷～｜公文～ ③駡人話：衰女～｜爛喊～<愛哭的孩子>｜喊～｜死仔～,218,,已校,
4181,包皮,,baau1 pei4,,包子的皮兒,218,,已校,
4182,包餡,,baau1 haam6*2,,包子的餡兒,218,,已校,
4183,包種,,baau1 zung2,,麵酵子，北京叫“麵肥”。廣州人因不興吃饅頭，發麵主要用做包子，故名,218,,已校,
4184,包,,baau1',,①包住，包容：～起個本書｜～住個頭｜～含 ②管保：～食｜～好睇｜～你滿意｜～住宿｜～産｜～辦 ③買物包圓兒，全部買下：我都～起佢｜我～晒佢 ④製作包餡兒的食品：～餃子｜～粉果｜～餛飩｜～角子,218,,已校,
4185,包打包殺,,baau1' daa2 baau1' saat3,,全部負責，全包辦,218,,已校,
4186,包伙爨,,baau1' fo2 cyun3,,包辦伙食：我喺某食堂～ ‖ 也説“包伙食 baau1' fo2 sik6”,218,,已校,
4187,包裹,,baau1' gwo2,,郵包：寄～,218,,已校,
4188,包尾,,baau1' mei5*1,,（做）最後一個：食到～｜你地去喇！我～,218,,已校,
4189,包尾油,,baau1' mei5*1 jau4,,酒樓用語。炒好了菜之後放的油：落啲～,218,,已校,
4190,包起,,baau1' hei2,,包給有錢人，即賣身,218,,已校,
4191,包枱,,baau1' toi4*2,,飯桌上只剩下最後一人，北方叫“押桌”：今日你～咯！,218,,已校,
4192,包豆豉,,baau1' dau6 si6,,形容書刊過時賣不出去、滯銷，只好用來包豆豉,218,,已校,
4193,包頭,,baau1' tau4,,老太太頭上戴的布製的箍，有的上面鑲着玉石等物：戴～ ‖ 也叫“抹額 mut6 ngaak6”,218,,已校,
4194,包保,,baau1' bou2,,準保，管保，保證：我～你得到｜～你去到都未天黑 ‖ 也説“包管 baau1' gun2”,218,,已校,
4195,包租,,baau1' zou1',,租房又分租與他人：呢間屋係佢～嘅,218,,已校,
4196,包租婆,,baau1' zou1' po4*2,,二房東太太，女二房東,218,,已校,
4197,包斬包鍘,,baau1' zaam2 baau1' zaap6,,什麼都包了，全部承包辦理 ‖ zaap6，口語音，讀書音 zaat6,218,,已校,
4198,包針,,baau1' zam1,,縫麻袋、麻包的大針,218,,已校,
4199,包剪䂿,,baau1' zin2 dap6,,小孩子玩的一種決勝負的遊戲，即每人同時出手，做出石頭（拳頭）、剪子（伸出兩指）、布（手掌）等的形狀，布可包石頭，石頭砸剪子，剪子可剪布,218,,已校,
4200,包頂頸,,baau1' ding2 geng2,,指喜歡抬杠、鬥氣的人：呢個人～來嘅,218,,已校,
4201,包骨,,baau1' gwat1,,反復縫兩次的衣服接縫,218,,已校,
4202,包月,,baau1' jyut6*2,,按月付錢包用：拉車仔有～<人力車夫有包月的>,218,,已校,
4203,包食,,baau1' sik6,,在飯鋪吃包月飯：我喺某某飯店～，一個月唔使幾多錢,218,,已校,
4204,包袱,,baau1' fuk6,,包東西的方布：執～<捲鋪蓋>｜～皮｜包～｜打～<收拾東西要走>,218,,已校,
4205,包粟,,baau1' suk1,,玉米 ‖ 也叫“粟米”,218,,已校,
4206,鮑魚,,baau1' yu4*1,,一種海鮮：罐頭～ ‖ 鮑，本音陽去調，口語讀陰平,219,,已校,
4207,鮑魚菇,,baau1' yu4 gu1,,一種鮮蘑菇,219,,已校,
4208,鮑魚掣,,baau1' yu4 zai3,,電閘的别稱 ‖ 也説“電掣 din6 zai3”,219,,已校,
4209,鮑魚刷,,baau1' yu4 caat3*2,,形状像鮑魚的一種竹刷子,219,,已校,
4210,飽,,baau2,,①食欲滿足：食～未？丨食餐～<吃頓飽飯>丨～死人 ②足夠：睇見你都～丨畀佢鬧餐～<被他駡個夠>丨睇餐～<看個夠>,219,,已校,
4211,飽蛇,,baau2 se4,,駡好吃懶做的人：好似條～噉，食飽唔願㤢<吃飽不想動>,219,,已校,
4212,飽飫,,baau2 jyu3,,吃得過飽：我覺得好～,219,,已校,
4213,飽滯,,baau2 zai6,,吃多了不消化,219,,已校,
4214,飽死,,baau2 sei2,,使人看得厭惡、膩味：～人<看見就使人惡心>丨～鬼,219,,已校,
4215,飽死鬼,,baau2 sei2 gwai2,,難看，使鬼都厭惡：見到佢都～嘞丨～又唔知醜<自吹自擂而無本事，又不自知>,219,,已校,
4216,飽肊,,baau2 jik1（或 ik1）,,飽嗝兒：打～ ‖ 肊，廣韵職韵於力切：“氣滿”,219,,已校,
4217,爆,,baau3,,①用熱油略炒：畀啲油～一～佢先 ②炸開，裂開：～炸丨～裂丨～開 ③揭出（隱私）：～大鑊丨～人陰私,219,,已校,
4218,爆芽,,baau3 ngaa4,,（樹、草）剛出新芽：爆出芽,219,,已校,
4219,爆火,,baau3 fo2,,惱火，暴怒 ‖ 也説“火爆”或“火滾 fo2 gwan2”或“火起 fo2 hei2”,219,,已校,
4220,爆大鑊,,baau3 daai6 wok6,,兜底，揭底：畀人～,219,,已校,
4221,爆呔,,baau3 taai1,,車胎放炮，輪胎破裂,219,,已校,
4222,爆肥仔米,,baau3 fei4 zai2 mai5,,爆米花兒,219,,已校,
4223,爆釉,,baau3 jau6*2,,搪瓷器皿掉瓷片：個面盆～咯！,219,,已校,
4224,爆煲,,baau3 bou1,,喻泄露秘密,219,,已校,
4225,爆肚,,baau3 tou5,,演員唱戲時臨時編詞：佢做戲靠～嘅咋<他演戲只是靠現編詞兒>,219,,已校,
4226,爆山,,baau3 saan1',,炸山：～攞山石<炸山取石頭>,219,,已校,
4227,爆綫,,baau3 sin3,,（衣物等）脱綫，開綫：對鞋～嘞<鞋子裂開了>,219,,已校,
4228,爆滿,,baau3 mun5,,滿員，滿座兒,219,,已校,
4229,爆棚,,baau3 paang4,,客滿，全坐滿了人,219,,已校,
4230,爆冷門,,baau3 laang5 mun4*2,,喻出了意料不到的事,219,,已校,
4231,爆倉,,baau3 cong1,,①（土匪）搶倉庫 ②倉庫裝得極滿：市内嘅水果倉庫已經堆到～,219,,已校,
4232,爆骨,,baau3 gwat1,,衣服接縫處開綫：件衫～咯丨爆咗條骨<開了一道綫>,219,,已校,
4233,爆竊,,baau3 sit3,,盜竊，撬門入屋偷盜,219,,已校,
4234,爆㿭,,baau3 caak3,,皮膚皴裂：我隻手爆晒㿭咯丨天時冷就容易～ ‖ 㿭，廣韵陌韵丑格切：“皴㿭”,219,,已校,
4235,爆㿭膏,,baau3 caak3 gou1,,防裂油，潤膚香脂之類,219,,已校,
4236,爆穀,,baau3 guk1,,糯穀爆的米花，用以做餡：～煎𩛍[tøy˥]<食品名>,219,,已校,
4237,𢼌,,baau6,,①用身體碰撞、撞擊：～開道門 ②蹭（癢癢）：隻豬喺處～豬樚<豬圈> ‖ 集韵效韵皮教切：“手擊也”,219,,已校,
4238,齙,,baau6,,①齒突出：～牙 ②突出，不整齊：呢個包袱包得唔好，有一處～咗出來丨幅牆有個磚～咗出來 ‖ 集韵肴韵蒲交切：“齒露。”古濁平，今應讀陽平，口語變讀陽去,219,,已校,
4239,齙牙,,baau6 ngaa4,,兩齒之間横生之齒：佢有兩隻～丨生～,219,,已校,
4240,泡,,paau1,,①皮膚上的小泡：手指起咗幾個～丨水～<水痘> ②扒竊：個荷包畀人～咗去丨～哥,220,,已校,
4241,泡,,paau1',,量詞。①用於涕、淚、水、氣：含住～眼淚丨一～眼淚，一～鼻涕丨一～水丨鼓住一～氣 ②用於屎尿：一～尿丨忍住一～屎唔屙 ③用於樣子（相貌）、表情：睇你嗰～樣丨鼓起～腮,220,,已校,
4242,泡哥,,paau1 go1,,扒手的别名 ‖ 也叫“阿泡 aa3 paau1”,220,,已校,
4243,拋,,paau1',,①扔，投，擲：～杯丨～錨丨～網丨～錢 ②引申爲投送（得意、聲勢）：～眉眼丨～浪頭,220,,已校,
4244,拋眉眼,,paau1' mei4 ngaan5,,賣俏，眉目送情,220,,已校,
4245,拋杯,,paau1' bui1',,擲杯珓以卜吉凶：～來開標<賭錢遊戲>,220,,已校,
4246,拋錨,,paau1' naau4,,①泊船下錨 ②汽車壞了，走不動 ③没生意，没買賣。小商販多用,220,,已校,
4247,拋錢,,paau1' cin4*2,,小兒用銅錢玩的一種遊戲 ‖ 也説“摜錢 gwaan3 cin4*2”,220,,已校,
4248,拋生藕,,paau1' saang1' ngau5,,女人以好言贊美男人，使之迷惑；灌米湯 ‖ 也説“賣生藕 maai6 saang1' ngau5”,220,,已校,
4249,拋香笄,,paau1' hoeng1 gai1,,小孩用燒剩的香枝玩的遊戲,220,,已校,
4250,拋網,,paau1' mong5,,漁家稱撒網捕魚,220,,已校,
4251,拋浪頭,,paau1' long6 tau4,,喻虛張聲勢，以氣勢壓人：佢～啫嘛！唔好理佢,220,,已校,
4252,刨,,paau4,,①用刨子或刀來刨木或削物：～絲瓜丨～蔗皮丨～木板 ②用礤牀來擦絲：～蘿蔔絲丨～番薯絲 ③用轉筆刀削鉛筆：～鉛筆 ④引申義。鑽（書），啃（書本）：畀心機～下喇丨～書丨～小説,220,,已校,
4253,刨,,paau4*2,,①平木器：呢個～真係利，一下就將塊板刨平嘞 ②削瓜果皮的器具：絲瓜～ ③將瓜類擦成絲的用具：蘿蔔～ ④轉筆刀：鉛筆～ ⑤刮鬍子刀：鬚～丨電鬚～,220,,已校,
4254,刨花,,paau4 faa1,,某一種木頭刨下的薄片，舊時婦女將其浸水用以梳頭（一般的木頭刨花叫“刨柴”，與之有别）,220,,已校,
4255,刨花板,,paau4 faa1 baan2,,刨下的碎木片和木屑製成的木板,220,,已校,
4256,刨書,,paau4 syu1',,用心鑽書本，啃書本：用晒神～丨你真係冞［mɐi˥］<鑽研>家，成日喺度～ ‖ 也説“冞書 mai1 syu1'”,220,,已校,
4257,刨口柴,,paau4 hau2 caai4*2,,刨木頭落下的木片，用以引火 ‖ 也叫“刨柴”,220,,已校,
4258,刨身,,paau4 san1',,爲大牲畜抓癢,220,,已校,
4259,跑花蹄,,paau2 faa1' tai4,,騎馬跑碎步,220,,已校,
4260,跑街,,paau2 gaai1,,店鋪中管買賣接貨的人 ‖ 也叫“走街 zau2 gaai1”,220,,已校,
4261,骲,,paau5,,扁擔兩頭上的釘或别的突出來的東西，防止繩子脱落：冇～棍，兩頭脱<熟語> ‖ 廣韵巧韵薄巧切：“骨鏃。”借用字,220,,已校,
4262,泡,,paau3,,一種烹調法，用溫油將食物泡熟：油～蝦仁丨用油將鷄肉～熟,220,,已校,
4263,泡油,,paau3 jau4,,過油，烹飪菜肴時的一種初步做法，即先用大量的熱油將食物稍稍泡過（油溫不太高，食物不蘸粉、麵） ‖ 也説“拉油 laai1' jau4”,220,,已校,
4264,泡水館,,paau3 seoi2 gun2,,舊時賣開水的鋪子，也附設有簡單的洗澡房,220,,已校,
4265,炮,,paau3,,①武器之一：大～丨機關～ ②爆竹，花炮：金錢～<摔炮>丨～仗丨～竹 ③整治：等我～下個細路丨你咁百厭<你這麼頑皮>，等我～下你至得,221,,已校,
4266,炮仔,,paau3 zai2,,鐵做的小炮仗，中實以火藥、鐵砂，燃放。土匪以之當手槍用：嗰個野擪[ŋap˧]<腋着>條～ ‖ 也叫“手銃 sau2 cung3”,221,,已校,
4267,炮製,,paau3 zai3,,①加工（中藥材）：呢味藥係～過嘅 ②整治，收拾（人）：你咁衰，～下你至得,221,,已校,
4268,炮金,,paau3 gam1,,行業用語。舊時和茶樓成年做生意的各行老板（如三鳥業、酒業、豬肉、糧食業），到年底要拿出一些錢分給茶樓的伙計，稱爲“炮金”,221,,已校,
4269,炮墩,,paau3 dan2,,喻笨人、無用的人、窩囊廢：咪理佢，個～來嘅！ ‖ 墩，本讀陰平，這裏是變讀音,221,,已校,
4270,炮仗,,paau3 zoeng6*2,,爆竹：一串～丨門扇底燒～<熟語>丨濕水～，死引（癮）<歇後語>,221,,已校,
4271,炮仗引,,paau3 zoeng6*2 jan5,,爆竹的火藥綫,221,,已校,
4272,炮仗頸,,paau3 zoeng6*2 geng2,,比喻急脾氣、火性子,221,,已校,
4273,貓,,maau1,,貓兒：～女丨～乸丨～公丨～仔丨白～丨黑～,221,,已校,
4274,貓乸,,maau1 naa5,,生過小貓的母貓,221,,已校,
4275,貓螆,,maau1 zi1,,貓身上長的一種病，使貓漸瘦，脱毛以至於死 ‖ 螆，訓讀字,221,,已校,
4276,貓兒鞋,,maau1 ji4*1 haai4,,小孩穿的貓頭鞋,221,,已校,
4277,貓兒頭鷹,,maau1 ji4*1 tau4 jing1,,貓頭鷹 ‖ 也叫“貓頭鷹”,221,,已校,
4278,貓兒毛,,maau1 ji4*1 mou4,,北方説“順毛驢”，喻順其性子則可，逆其性則翻臉者：呢個～來㗎 ‖ 也説“貓毛”,221,,已校,
4279,貓兒帽,,maau1 ji4*1 mou6*2,,小兒戴的貓頭帽子,221,,已校,
4280,貓魚,,maau1 jyu4*2,,喂貓的魚：熇[hɔk˧]～要抳爛佢<焙乾貓魚時要碾碎它>,221,,已校,
4281,貓鼻咁凍,,maau1 bei6 gam3 dung3,,喻事情没希望了,221,,已校,
4282,貓爪噉手,,maau1 zaau2 gam2 sau2,,喻手不乾凈、有泥污,221,,已校,
4283,貓兜,,maau1 dau1',,貓吃食的盆子,221,,已校,
4284,貓鬚,,maau1 sou1',,只有上唇的兩撇鬍子，没有下巴鬍子,221,,已校,
4285,貓女,,maau1 neoi5*2,,小母貓,221,,已校,
4286,貓眼窗,,maau1 ngaan5 coeng1,,用以透氣的很狹小的窗，防止賊進來：舊時當鋪就有～嘞！,221,,已校,
4287,貓樣,,maau1 joeng6*2,,駡人話。德行樣兒：睇你個～！,221,,已校,
4288,貓公,,maau1 gung1,,雄貓,221,,已校,
4289,貓刮噉聲,,maau1 gwaat3 gam2 seng1',,像貓交配似地吵鬧 ‖ 刮，交配,221,,已校,
4290,貓蝨,,maau1 sat1,,貓身上的跳蚤,221,,已校,
4291,貓藥,,maau1 joek6,,指豬膽，據説可治貓病，故名,221,,已校,
4292,茅寮,,maau4 liu4*2,,茅草搭的小屋,221,,已校,
4293,茅山,,maau4 saan1',,本爲地名，那裏的道士會法術，後即以此地名代稱法術：使～丨學～丨出～<作法>,221,,已校,
4294,茅山師傅,,maau4 saan1' si1' fu6*2,,會法術的人：～會出茅山<作法術>,221,,已校,
4295,茅山法術,,maau4 saan1' faat3 seot6,,法術，魔法：我又未學過～，点會撚到你<怎會作弄了你>？ ‖ 簡稱“茅山”,221,,已校,
4296,茅根,,maau4 gan1,,茅草根，生草藥之一：～竹蔗水,222,,已校,
4297,茅竹,,maau4 zuk1,,竹名,222,,已校,
4298,媌,,maau4,,①發狂，情急；粗野：佢見到婦人都～晒｜嚇到佢發～<把他嚇毛了> ②奸詐，滑頭：呢個野好～｜唔好咁～<别耍滑> ‖ 集韵肴韵謨交切：“方言，河濟之間謂好而輕言者爲媌”,222,,已校,
4299,錨神,,maau4 san4*2,,心慌；急躁，毛躁：乜你佢～㗎！,222,,已校,NA：原書用例中“佢”疑似應爲“咁”。
4300,卯運,,maau5 wan6,,粗話。卯指屁股：佢行正～<駡人當男妓>,222,,已校,
4301,錨,,naau4,,泊船用具：拋～｜起～ ‖ 口語音，讀書音 maau4,222,,已校,
4302,鬧,,naau6,,①駡：～人｜～一餐｜～咳佢<駡他駡得兇>｜～到佢咳<同前>｜～交<吵架> ②發作，擺出：～脾氣｜～包｜～駕｜～款 ③喧嘩，不安靜：熱～｜～熱 ④會發出響聲的：～錶｜～鐘,222,,已校,
4303,鬧駕,,naau6 gaa3*2,,擺架子，講氣派，擺排場：老婆好似十萬銀身家都冇咁～ ‖ 也説“鬧款”,222,,已校,
4304,鬧是,,naau6 si6,,①没本事卻硬要逞能，不勝任偏要參加：自己都唔懂，～去教人｜佢都冇啲文化，～學人噉樣做 ②説是：～讀書人，都咁粗口嘅｜～話應承我喎，而家連影都唔見,222,,已校,
4305,鬧脾氣,,naau6 pei4 hei3,,發脾氣 ‖ 也説“發脾氣 faat3 pei4 hei3”,222,,已校,
4306,鬧包,,naau6 baau1,,發怒，發脾氣。多用於有地位的人,222,,已校,
4307,鬧交,,naau6 gaau1,,拌嘴，吵架：～鬧到㷫[heŋ˧]<吵得正熱乎> ‖ 也説“嗌交 aai3 gaau1”或“吵交 caau2 gaau1”,222,,已校,
4308,鬧錶,,naau6 biu1,,會按時打響的錶,222,,已校,
4309,鬧衰佢,,naau6 seoi1' keoi5,,把他臭駡一頓,222,,已校,
4310,鬧神鬧鬼,,naau6 san4 naau6 gwai2,,找碴兒駡街：佢喺處～做乜野？,222,,已校,
4311,鬧款,,naau6 fun2,,講氣派，擺排場 ‖ 也説“鬧駕”,222,,已校,
4312,鬧鐘,,naau6 zung1,,能按時打響的時鐘,222,,已校,
4313,鬧熱,,naau6 jit6,,①熱鬧 ②高興 ‖ 也説“熱鬧”,222,,已校,
4314,𤎤𡮦,,laau4 saau4,,①不齊整，肋脦：呢個人咁～｜攪得咁～ ②馬虎：佢做好野～㗎！ ‖ 𤎤，集韵豪韵郎刀切：“𤎤𡮦，物未精。”勦，集韵失收。《字彙》財勞切：“𤎤𡮦，物未精。”古效攝一等，今讀如二等韵,222,,已校,
4315,摎攪,,laau4*2 gaau6,,①凌亂；做事馬虎，無條理：做野咪咁～至得<做事要有條理才行> ②品德不好，行爲不檢點：呢個野乜咁～㗎！ ③麻煩：呢單野乜咁～啊 ‖ 摎，集韵肴韵力交切：“物相交也。”攪，巧韵下巧切：“亂也。”古匣母字，今應讀 h 聲母，變讀 g 聲母,222,,已校,
4316,撈,,laau4,,打撈，由水中取出：海底～月｜～蝦｜～起佢｜打～｜～蠔殼｜～出水 ‖ 口語音，讀書音 lou4,222,,已校,NA：現實中未見讀lou4的情况。
4317,撈蝦艇,,laau4 haa1 teng5,,用蝦籠捉蝦的小艇,222,,已校,
4318,爪,,zaau2,,①爪子：狗～｜貓～｜鷄～ ②抓：隻貓～住我件衫 ③箍緊，綑緊：攞條鐵綫～實把柴,222,,已校,
4319,找,,zaau2,,①買物付錢之後，賣方退回餘款：你～我幾多錢？｜～返三毫子 ②尋訪：～朋友｜～對象,223,,已校,
4320,找晦氣,,zaau2 fui3 hei3,,尋釁，泄私忿，找别人大打大鬧：我今晚要找你晦氣至得｜你而家想～啊？,223,,已校,
4321,找數,,zaau2 sou3,,①找回錢 ②結清賬目：賒貨到期，貨主要錢 ③付錢，付賬：飲完茶就要～｜二百文[mɐn˨˩꜒]<元>都唔夠～,223,,已校,
4322,找數尾,,zaau2 sou3 mei5,,做買賣付款時，先交大數目，後補齊小數目，即結賬：我家下找清數尾咯 ‖ 也説“找尾”,223,,已校,
4323,找金,,zaau2 gam1,,買黄金飾品：佢去金鋪～,223,,已校,
4324,找錢,,zaau2 cin4*2,,給回多餘之款：我畀十文你，你找幾多錢畀我？ ‖ 也説“贖錢 zuk6 cin4*2”,223,,已校,
4325,找換鋪,,zaau2 wun6 pou3*2,,舊時找換零錢的鋪子，也換外幣等,223,,已校,
4326,找換檔,,zaau2 wun6 dong3,,舊時找換零錢的攤子 ‖ 也叫“錢枱 cin4 toi4*2”,223,,已校,
4327,找贖,,zaau2 zuk6,,找回的錢，找頭兒：畀咁多錢佢，冇啲～嘅！,223,,已校,
4328,笊篱,,zaau6 lei4*1,,炊事用具，撈食物用,223,,已校,
4329,㷹,,zaau3,,用油炸：～到脆｜～花生｜油～鬼｜～角仔｜～煎𩛍｜～芋蝦 ‖ 廣韵效韵直教切：“火急煎貌。”古濁去聲今應讀陽去，口語變讀陰去,223,,已校,
4330,罩,,zaau3,,①罩子：燈～｜玻璃～｜口～｜紗～ ②用罩子蓋住：用布～住佢 ③養鷄用的籠子：鷄～,223,,已校,
4331,掉忌,,zaau6 gei6,,①忌諱：細路哥最～畀人𨅏lam˧]<跨>過｜崩口人忌崩口碗，佢～嘅就唔好講喇 ②討厭：啲地方𣲷𣲷[nɐp˨]濕濕，真係～嘞！ ③糟：真係～咯，火車票唔見咗,223,,已校,
4332,掉腳,,zaau6（或 diu6） goek3,,跛行，走路時一足向外一甩一甩地,223,,已校,
4333,櫂,,zaau6,,①用櫓使船前進：～艇 ②用槳划船：～舢板,223,,已校,
4334,抄,,caau1',,①抄寫：～書｜～文章 ②搜查並没收：～家 ③翻，搜：～櫃桶｜～身,223,,已校,
4335,抄化,,caau1' faa3,,化緣，乞討。多用於和尚、尼姑：和尚來～嘞，畀啲米佢喇！,223,,已校,
4336,抄家,,caau1' gaa1',,查抄家産：有～，冇封誥<熟語>｜抄清家<查抄全部家産>,223,,已校,
4337,抄白,,caau1' baak6,,①照樣抄寫，謄寫：你幫我～一份喇 ②關於别人的醜事的小字報：畀人貼～｜有一張～喺嗰處貼住，去睇下喇！,223,,已校,
4338,訬𠻦,,caau1' zaa5,,指桑駡槐：～下佢｜佢最中意～人嘞！｜都唔知佢～邊個？ ‖ 訬，集韵肴韵初交切：“説文訬擾也。”𠻦，集韵馬韵楚瓦切：“惡言。”古清音上聲，今應讀陰上，口語讀如陽上,223,,已校,
4339,訬𧭤,,caau1' baau3,,説話來諷刺人，指桑駡槐以擠對人、壓迫人：佢兩嬸母成日都你～我，我～你㗎 ‖ 𧭤，廣韵效韵北教切：“𧭤譟，惡怒也”,223,,已校,
4340,𤙴,,caau1',,牛用角挑人：隻牛會～人㗎，因住啊 ‖ 集韵肴韵丑交切：“角挑也”,223,,已校,
4341,䩌,,caau4,,①皮皺：～皮婆｜啲馬蹄～咗嘞！｜佢老到～咗皮 ② （布類）有褶子，不平整：件衫整到咁～｜條褲坐到～晒 ‖ 廣韵宵韵昨焦切：“面枯貌。”古效攝三等韵，今讀如二等宵韵,223,,已校,
4342,䩌眯媽絣,,caau4 mi1' maa1' mang3,,形容衣物有褶子、不平整：件衫～ ‖ 眯媽，同音字,224,,已校,
4343,䩌眯絣,,caau4 mi1' mang3,,（衣物）皺巴巴：件衫整到～ ‖ 也説“䩌絣絣”,224,,已校,
4344,䩌皮,,caau4 pei4,,起皺紋，蔫皮：乾到～丨啲蘋果䩌咗皮嘞！丨佢老到䩌咗皮,224,,已校,
4345,吵耳,,caau2 ji5,,聲音刺耳，吵得慌：咪喺處吵住耳,224,,已校,
4346,吵交,,caau2 gaau1,,吵架：佢兩個又喺處～<他倆又在那兒吵架> ‖ 也説“鬧交 naau6 gaau1”或“嗌交 aai3 gaau1”,224,,已校,
4347,炒,,caau2,,①烹調法之一：～菜丨～冷飯丨～魷魚丨～蛋丨～麵丨～粉 ②倒騰買賣：～樓丨～貨丨～金丨～股票丨～票丨～鋪丨～地皮丨～屋丨～業丨～買～賣,224,,已校,
4348,炒家,,caau2 gaa1,,以倒賣爲生者,224,,已校,
4349,炒蝦拆蟹,,caau2 haa1 caak3 haai5,,形容人滿嘴粗話,224,,已校,
4350,炒買炒賣,,caau2 maai5 caau2 maai3,,①做空頭生意，買空賣空 ②投機倒把,224,,已校,NA：原書“賣”應作maai6。
4351,炒賣,,caau2 maai6,,做投機生意，低價買進，高價賣出,224,,已校,
4352,炒賣,,caau2 maai6*2,,小酒館的小碟酒菜，北方叫“小炒”：啲～都唔錯噃丨時式～丨鑊氣～<才出鍋的小菜>,224,,已校,
4353,炒賣館,,caau2 maai6*2 gun2,,小酒館，賣炒粉等的小吃店,224,,已校,
4354,炒米,,caau2 mai5,,炒過的大米：～粥丨～餅,224,,已校,
4355,炒米餅,,caau2 mai5 beng2,,炒熟的大米粉加糖放入餅模中打製成的餅食，乾而硬,224,,已校,
4356,炒魷魚,,caau2 jau4 jyu4*2,,喻解僱，捲鋪蓋（魷魚炒熟便捲成捲兒）：畀佢炒咗魷魚丨老板炒佢魷魚,224,,已校,
4357,炒友,,caau2 jau5*2,,倒賣分子，北京叫“倒爺”,224,,已校,
4358,炒老板魷魚,,caau2 lou5 baan2 jau4 jyu4*2,,辭工不幹了,224,,已校,
4359,炒金,,caau2 gam1,,炒賣金首飾,224,,已校,
4360,炒飯,,caau2 faan6,,①冷飯再炒：今晚～食 ②炒好的飯：呢碟～又香又爽,224,,已校,
4361,炒粉,,caau2 fan2,,①炒的沙河粉：今晚食～ ②較乾的沙河粉，宜於炒食，與“水粉”（宜於煮湯粉）有區别,224,,已校,
4362,炒冷飯,,caau2 laang5 faan6,,①剩飯再回鍋炒 ②喻翻弄舊東西，没有新東西,224,,已校,
4363,炒更,,caau2 gaang1,,加夜班，自己另外去找業餘工作，撈外快,224,,已校,
4364,炒粒粒,,caau2 lap1 lap1,,多種肉、菜切成丁炒熟：今朝食～丨今日炒餐粒粒來食 ‖ 也説“炒哩粒 caau2 lei1' lap1”,224,,已校,
4365,炒業,,caau2 jip6,,做法産、店鋪的投機買賣，即倒賣房産,224,,已校,
4366,炒鑊,,caau2 wok6,,炒菜用的鍋，有耳無腳，用特好鋼製成，比普通鍋小些,224,,已校,
4367,抄,,caau3,,搜，翻：～櫃桶丨～箱～籠丨～身丨窿窿罅罅都～匀丨～到啲野𦆻𦆻亂 ‖ 廣韵效韵初教切：“略取也”,224,,已校,
4368,抄身,,caau3 san1',,搜身,224,,已校,
4369,筲箕,,saau1 gei1,,竹編的洗菜用具,224,,已校,
4370,艄公,,saau1 gung1,,舊時指船上的舵工,224,,已校,
4371,捎,,saau1',,略修剪（紙、布的邊、髮梢）：～張紙嘅邊丨同我～齊髮尾丨～齊個布邊丨～窄啲佢 ‖ 廣韵肴韵所交切：“…亦芟也”,224,,已校,
4372,□,,saau4,,①不問而取：佢～咗我本書｜你咪～去啲野吖 ②捕捉：～住佢｜我一手～到隻蚊,225,,已校,
4373,稍爲,,saau2 wai4,,略微：呢個比嗰個～好啲<這個比那個略好些>,225,,已校,
4374,哨,,saau3,,（前排牙）突出：～牙｜牙～～｜𡄵牙□[paŋ˨]～<呲牙咧嘴> ‖ 集韵效韵所教切：“凡物之殺銳曰哨”,225,,已校,
4375,哨牙,,saau3 ngaa4,,前排牙齒外突：呢個人～喎｜佢有啲～,225,,已校,
4376,睄,,saau3,,掃視：～佢一眼｜去街市～下有乜野賣｜我去市場～過一輪，都唔見佢｜眼～～ ‖ 集韵效韵所教切：“小視。”有人變讀陽平 saau4,225,,已校,
4377,潲,,saau3,,①洗米水，泔水：煮豬～｜～水 ②撩（水）：～多啲水喺地處,225,,已校,
4378,潲水,,saau3 seoi2,,洗米水，吃剩的菜汁之類：～桶｜～盆｜～係用來餼豬嘅,225,,已校,
4379,交,,gaau1',,①交付：～貨｜～卷｜～錢｜左手～右手<横豎是自己的>｜～租 ②結交：～情｜鬼不～<性格孤僻>｜～朋友 ③碰上，相碰：～好運｜～手 ④（時間、地區）相連接：冬春之～｜～界 ⑤友誼，交情：絶～｜一面之～ ⑥互相：～換｜～易｜～通,225,,已校,
4380,交叉,,gaau1' caa1',,①斜十字形：打～ ②幾條不同方向的綫條相互穿過：將兩條棍～綁實,225,,已校,
4381,交椅,,gaau1' ji2,,可以摺叠的、有靠背無扶手的椅子：竹～,225,,已校,
4382,交待,,gaau1' daai3,,①（上對下）指派，（長輩對晚輩）囑咐：阿婆～你去買菜 ②把事情的前後關鍵説清楚：～問題｜劇中情節～唔清楚,225,,已校,
4383,交手,,gaau1' sau2,,動手打架：一～就打低人｜佢兩個就會～嘞,225,,已校,
4384,交關,,gaau1' gwaan1',,夠戧，利害（表示程度加深，多用於貶義）：病得好～｜打得好～｜凍得～,225,,已校,
4385,交吉,,gaau1' gat1,,將賣出的空屋交給買主：喂，你係唔係～嘅<問是否空屋，交屋時有没有房客住>？ ‖ 吉，爲避忌“空”字而改用的字，因“空”與“凶”同音,225,,已校,
4386,交易,,gaau1' jik6,,打交道：有～｜冇～｜好～｜嗰個野好難～嘅，好嘰吃<意見不和>嘅｜腦後見腮嘅人惡～,225,,已校,
4387,茭筍,,gaau1' seon2,,茭白：炒～又嫩又甜,225,,已校,
4388,膠,,gaau1',,①橡膠：～鞋｜～擦｜～靴｜～轆 ②塑料：～梳｜～袋｜～拖｜～紙 ③具有黏性的物質：～布｜～水｜馬指～<膠布的舊稱>｜牛皮～｜乳～,225,,已校,
4389,膠拖,,gaau1' to1,,①舊時指橡膠拖鞋 ②塑料拖鞋,225,,已校,
4390,膠膠漦漦,,gaau1' gaau1' saan4 saan4,,形容身上油泥、汗多：快去洗身喇，～ ‖ 漦，集韵山韵棧山切：“魚龍身濡滑者”,225,,已校,NA：“漦”在原書中單作詞頭時用“𣺶”。
4391,膠喉,,gaau1' hau4,,橡膠皮管子,225,,已校,
4392,膠黏,,gaau1' nim4*1',,有黏性：糯米飯好～嘅｜早造米就～嘞，又好吃，又有益,225,,已校,
4393,膠輪,,gaau1' leon4*2,,橡皮小軲轆，小兒車用,225,,已校,
4394,膠煉,,gaau1' lin6,,又黏又韌：啲麥芽糖好～嘅,225,,已校,
4395,膠綫,,gaau1' sin3,,①塑料絲 ②橡膠皮的電綫,225,,已校,
4396,膠擦,,gaau1' caat3*2,,擦去字迹用的橡皮 ‖ 也叫“擦紙膠 caat3 zi2 gaau1'”,225,,已校,
4397,膠轆,,gaau1' luk1,,汽車的橡皮輪子,225,,已校,
4398,絞,,gaau2,,①把兩股以上的條狀物扭在一起：大纜係用竹篾～成嘅 ②用纜繩拉拽：大纜都～唔埋<形容兩人感情破裂> ③股，用於綫、繩等：三～綫丨兩～繩,225,,已校,
4399,絞唔埋纜,,gaau2 m4 maai4 laam6,,①喻脾氣合不來，不相投 ②喻合作不成,226,,已校,
4400,絞纜,,gaau2 laam6,,（小火輪開船時或拖帶渡船時）把繫船的大纜繩絞起來,226,,已校,
4401,絞腸痧,,gaau2 coeng4 saa1',,一種急性腹病，腹痛如絞，可致命,226,,已校,
4402,餃子,,gaau2 zi2,,一種麵食：整～丨包～丨～皮,226,,已校,
4403,餃子下爬,,gaau2 zi2 haa6 paa4,,下巴長而上翹 ‖ 也説“兜下爬 dau1' haa6 paa4”,226,,已校,
4404,攪,,gaau2,,①攪拌：咪～啲水丨煲粥要～下佢丨～匀<拌均匀> ②擾亂，搗亂：～～震丨～風～雨丨～三～四丨～腳丨唔好～我 ③弄，做：～掂佢丨～唔掂丨～錯丨～到噉嘅田地丨点～㗎<怎麼回事兒啊>！,226,,已校,
4405,攪家,,gaau2 gaa1',,①專門搗亂者：呢個正～來㗎！ ②攪擾：咪喺處～啊！,226,,已校,
4406,攪錯,,gaau2 co3,,弄錯：你～咗啩<你弄錯了吧>？丨有冇～啊<怎麼搞的>？,226,,已校,
4407,攪涴,,gaau2 wo5,,弄糟，弄壞，弄髒：一粒老鼠屎～一鑊粥<熟語>丨畀佢～晒 ‖ 涴，廣韵過韵烏卧切：“泥著物也。”古清去聲，今應讀陰去，口語變讀陽上,226,,已校,
4408,攪屎棍,,gaau2 si2 gwan3,,喻愛傳播謠言者，製造事端者,226,,已校,
4409,攪是攪非,,gaau2 si6 gaau2 fei1',,挑撥是非，搬弄是非,226,,已校,
4410,攪珠,,gaau2 zyu1,,利用電腦抽籤,226,,已校,
4411,攪唔埋,,gaau2 m4 maai4,,脾氣合不來：我同佢～,226,,已校,
4412,攪唔埋欄,,gaau2 m4 maai4 laan4*1,,合作不成：我同佢都～嘅！,226,,已校,
4413,攪唔掂,,gaau2 m4 dim6,,①幹不了，做不好 ②生活維持不下去 ‖ 掂，俗字,226,,已校,
4414,攪鬼,,gaau2 gwai2,,①騷擾，搗亂：咪喺處～啊！ ②搗亂者：佢正～來㗎<他正是個搗蛋鬼呀>,226,,已校,
4415,攪吵,,gaau2 caau2,,吵嚷，騷擾：隻貓好～丨咪～啊<别嚷嚷啦>！,226,,已校,
4416,攪攪震,,gaau2 gaau2 zan3,,①搗亂，瞎鬧：成日喺處～ ②糊里糊塗地瞎幹：佢又唔識做，都係～～嘅啫！,226,,已校,
4417,攪手,,gaau2 sau2,,舊時指發起人、創辦人。如開茶樓、酒樓之類,226,,已校,
4418,攪手攪腳,,gaau2 sau2 gaau2 goek3,,搗亂，騷擾：行開；唔好喺處～,226,,已校,NA：原書用例中分號應作逗號。
4419,攪到唔湯唔水,,gaau2 dou3 m4 tong1' m4 seoi2,,弄得不像話，無法收場,226,,已校,
4420,攪到咁大鑊,,gaau2 dou3 gam3 daai6 wok6,,弄得這麼嚴重，事情鬧大了 ‖ 也説“攪到咁大劑 gaau2 dou3 gam3 daai6 zai1'”,226,,已校,
4421,攪到滿天神佛,,gaau2 dou3 mun5 tin1' san4 fat6,,吵翻天，鬧翻天,226,,已校,
4422,攪笑,,gaau2 siu3,,逗笑，逗趣：佢好會～嘅,226,,已校,
4423,攪三攪四,,gaau2 saam1' gaau2 sei3,,①挑撥離間 ②搞女人,226,,已校,
4424,攪掂,,gaau2 dim6,,辦妥，做好，弄得了：你～埋佢嘞<你可把它弄好了>,226,,已校,
4425,攪生晒,,gaau2 saang1' saai3,,搗亂 ‖ 也説“攪住晒 gaau2 zyu6 saai3”,226,,已校,
4426,攪汪,,gaau2 waang1',,砸鍋，事情辦砸了：畀佢～咗<叫他給辦砸了> ‖ 汪，集韵耕韵烏宏切：“水貌”,226,,已校,
4427,攪星,,gaau2 sing1,,指愛惹事生非者 ‖ 也叫“攪家”或“攪鬼”,226,,已校,
4428,攪風攪雨,,gaau2 fung1' gaau2 jyu5,,挑撥，搗亂，興風作浪,227,,已校,
4429,攪得埋,,gaau2 dak1 maai4,,合得來，氣味相投,227,,已校,
4430,攪得埋欄,,gaau2 dak1 maai4 laan4*1,,合得來，氣味相投，合作得好,227,,已校,
4431,攪腳,,gaau2 goek3*2,,①好搗亂者，搬弄是非之人 ②好玩弄别人、出壞招的人,227,,已校,
4432,珓杯,,gaau3 bui1',,一種占卜用具，是蚌殼形的兩塊木頭：整一對～ ‖ 簡稱“杯”。珓，廣韵效韵古孝切：“杯珓，古者以玉爲之”,227,,已校,
4433,校,,gaau3,,①校正，撥準，調整：～正佢丨～啱丨～準丨～光圈丨～鐘丨～錶丨～收音機丨～電視機 ②安裝：～電燈丨～水喉丨～風扇<安吊扇>丨～個電鐘<裝個門鈴> ③調配：～色丨～細聲啲<聲音調低些>,227,,已校,
4434,校奶,,gaau3 naai5,,小兒没有母奶吃，以牛奶代之。含有使其慢慢適應之義：唔夠奶食，而家～啫<現在只是以牛奶對付着> ‖ 也説“校牛奶 gaau3 ngau4 naai5”,227,,已校,
4435,校味,,gaau3 mei6,,調味，加調料和配料如葱、薑、糖、酒等：校正味佢<把它調好味道>,227,,已校,
4436,校啱,,gaau3 ngaam1,,調到正確（準）：個錶唔行，你校返啱佢喇 ‖ 也説“校準 gaau3 zeon2”,227,,已校,
4437,校綫,,gaau3 sin3,,調整撥弦樂器之弦，校正音階,227,,已校,
4438,校色,,gaau3 sik1,,調配顔色：唔好校咁深色噃，要淺色啲至好睇㗎丨你識唔識～㗎？,227,,已校,
4439,教,,gaau3,,①教育，教誨：～員丨～館丨～書丨我～你寫字 ②宗教：～會丨～友丨～堂丨～門丨你信乜野～？,227,,已校,
4440,教書佬,,gaau3 syu1' lou2,,教書匠,227,,已校,
4441,教門,,gaau3 mun4*2,,指回教：某某人係～嘅丨～牛肉<清真牛肉>丨～油香餅,227,,已校,
4442,教館,,gaau3 gun2,,舊時指教私塾：～先生丨佢係～嘅,227,,已校,
4443,教宗,,gaau3 zung1,,教皇,227,,已校,
4444,較爲,,gaau3 wai4,,比較，放在形容詞前，表示程度更深：～好啲丨佢～精啲<他比較精明些>,227,,已校,
4445,較早時,,gaau3 zou2 si4,,早些時候：我～都畀過你咯！,227,,已校,
4446,較腳,,gaau3 goek3,,①黑話。走人，溜走，北京叫“撒丫子”：喂，～咯！ ②偷渡出境,227,,已校,
4447,滘,,gaau3,,①小河的拐彎處：涌[tsʻoŋ˥]～<小河彎> ②多用做地名：横～丨瀝～ ‖ 俗字。集韵寫作“漖”，效韵居效切：“水也”,227,,已校,
4448,鉸,,gaau3,,器物的關節、連接處，合頁,227,,已校,
4449,鉸剪,,gaau3 zin2,,剪子，剪刀,227,,已校,
4450,覺覺豬,,gaau3*4 gaau3*2 zyu1,,小兒語。睡覺覺：去～喇丨重～吖<還睡懶覺哪>？ ‖ 覺覺，特殊變讀,227,,已校,NA：現在（2020s）多讀gaau3*4 gaau3*1 zyu1。
4451,靠,,kaau3,,①依靠：～山丨～枕丨～山食山，～水食水<熟語> ②信賴：～得住丨～唔住 ③倚仗（多用於貶義）：～打咩<想打架嗎>？丨～指鼻丨你想～惡啊<你想恃惡逞兇嗎>？丨～蠻<逞横勁兒>,227,,已校,
4452,靠車,,kaau3 ce1',,吹牛。車就是“車大炮”，即吹牛：佢～嘅啫<他只是瞎吹罷了>,227,,已校,
4453,靠指鼻,,kaau3 zi2 bei6,,稱霸，不講理：你坐車唔畀錢，～咩！,227,,已校,
4454,靠黐,,kaau3 ci1',,①吃白食，北京叫“吃蹭兒”：人地唔請佢，佢就～嘅喇 ②白拿人家的東西 ‖ 黐即“黐餐”，蹭飯吃,228,,已校,
4455,靠害,,kaau3 hoi6,,坑人，害人：你想～咩<你想害我嗎>？丨你噉做即係～啫丨噉唔係即係～<這不是坑人嗎>？,228,,已校,
4456,靠飲靠食,,kaau3 jam2 kaau3 sik6,,酒肉之交，吃喝往來：佢～啫嗎，唔係真朋友嘅,228,,已校,
4457,靠人手指罅出,,kaau3 jan4 sau2 zi2 laa3 ceot1,,熟語。靠别人養活，依靠别人手指縫中漏出的東西爲生：暫時噉幾好嘅，始終都係～嘅啫<靠别人養活，終非長久之計>,228,,已校,
4458,靠𧥺,,kaau3 gwan3*2,,欺詐：佢一味～嘅<他一直是欺詐人的> ‖ 𧥺，廣韵稕韵九峻切：“欺言”,228,,已校,
4459,靠欶,,kaau3 sok3,,駡男人占女人便宜，揩油：你想～啊？ ‖ 欶，廣韵覺韵所角切：“口吸也。”此處的“欶”指“欶油”,228,,已校,
4460,靠惡,,kaau3 ok3,,恃惡，仗着蠻横：你想～呀？ ‖ 也説“靠蠻 kaau3 maan4”,228,,已校,
4461,撓,,ngaau1',,①抓，搔：～頭殼｜～痕<抓癢> ②用筢子摟取：～樹葉｜～柴 ‖ 口語音，讀書音 naau4,228,,已校,
4462,熬,,ngaau4,,①久煮：～啲粥食喇｜～湯｜～清補涼<一種涼茶> ②捱，受煎熬：～更守夜｜～膠 ‖ 口語音，讀書音 ngou4,228,,已校,
4463,熬龜膠,,ngaau4 gwai1 gaau1',,龜膠爲中藥，需久熬。喻長年受苦，捱苦日子,228,,已校,
4464,熬膠,,ngaau4 gaau1',,①受煎熬，肚中缺油水：佢地喺鄉下好～嘅咋｜你地就好喇，我地就～喇 ②失業：我而家～嘞！,228,,已校,
4465,熬更守夜,,ngaau4 gaang1 sau2 je6,,熬夜 ‖ 也説“捱更抵夜 ngaai4 gaang1' dai2 je6”,228,,已校,
4466,㟼㟼掉,,ngaau4 ngaau4*2 zaau6,,東西放不穩，搖搖欲墜貌：呢大沓碗放到～ ‖ 㟼，集韵號韵魚到切：“動搖貌。”古濁去，今應讀陽去，今口語讀陽平，韵母也由 ou 變讀 aau,228,,已校,
4467,𥁒,,ngaau4,,器物不平整，走樣，變形：瓦燒～咗，唔入沓<碼不整齊>｜塊板～咗｜木枋～咗｜枱面～咗 ‖ 集韵效韵於教切：“器中不平。”訓讀字,228,,已校,
4468,咬,,ngaau5,,用牙齒啃：鐵沙梨，～唔入<歇後語>｜反～一啖｜～牙切齒,228,,已校,
4469,咬耳仔,,ngaau5 ji5 zai2,,咬耳朵，密談，耳語：佢兩個～喎！,228,,已校,
4470,咬唔入,,ngaau5 m4 jap6,,（拿他）没辦法，奈何不得：個野真係鐵沙梨，咬佢唔入,228,,已校,
4471,咬口,,ngaau5 hau2,,音難讀，説起來不順口 ‖ 也説“詏口 aau3 hau2”,228,,已校,
4472,咬口唇,,ngaau5 hau2 seon4,,接吻,228,,已校,
4473,咬文邊,,ngaau5 man4 bin1,,漢字偏旁，反文旁 ‖ 也説“反文邊 faan2 man4 bin1”,228,,已校,
4474,咬綫,,ngaau5 sin3,,粵劇術語。指唱得合拍，合板眼：佢唱得好～噃,228,,已校,
4475,咬木蝨,,ngaau5 muk6 sat1,,形容不願説話，很悶氣，好比有咬住臭蟲的感覺：大家好似～噉，有乜好啊！,228,,已校,
4476,敲,,haau1',,叩擊：～門｜～鼓邊｜～竹杠,228,,已校,
4477,敲鼓邊,,haau1 gu2 bin1,,敲邊鼓，喻從旁幫腔助勢：你幫我敲下鼓邊喇 ‖ 也説“打鼓邊 daa2 gu2 bin1”,228,,已校,
4478,敲門,,haau1 mun4,,打門，叫門 ‖ 也説“拍門 paak3 mun4”或“打門 daa2 mun4”,228,,已校,
4479,敲竹杠,,haau1' zuk1 gong3,,敲詐錢財，迫使人出錢請客送東西：敲佢竹杠至得,229,,已校,
4480,姣,,haau4,,浪，淫蕩。用於女人：發～｜～婆 ‖ 廣韵肴韵胡茅切：“姣淫”,229,,已校,
4481,姣思扽㞘,,haau4 si1' dan3 duk1,,①女人浪蕩貌 ②矯揉造作，穿着不合身分：咪咁～嘞 ‖ 㞘，集韵屋韵都木切：“博雅臀也”,229,,已校,
4482,巧,,haau2,,巧慧：佢隻手好～｜佢好～手整菜<他很會做菜>,229,,已校,
4483,考,,haau2,,①檢查，檢驗：～下你嘅手勢<手藝，多指做菜>｜～下本事 ②考試：～第一｜～涴[uɔ˨˧]咗<考不及格>｜～場,229,,已校,
4484,考起,,haau2 hei2,,問住（答不上來）：呢味野真係畀佢～<這玩意兒真把我問住了>｜呢匀～我嘞<這回把我問住了>,229,,已校,
4485,考眼界,,haau2 ngaan5 gaai3,,①考考眼力（分辨好壞的能力） ②檢察視力,229,,已校,
4486,孝義,,haau3 ji6,,孝順：佢個仔好～嘅,229,,已校,
4487,孝幃,,haau6 wai4,,①舊時辦喪事時，靈堂前的白布幛子，死者親人坐在裏面哭 ②出殯時，圍着孝子孝孫等人的布幛子 ‖ 也叫“孝幛 haau6 zoeng3”,229,,已校,
4488,孝堂,,haau6 tong4,,用來辦喪事的廳堂,229,,已校,
4489,坳胡婆,,aau1 wu4*1 po4*1,,用以嚇唬小兒之詞：～來喇｜我叫～捉咗你去 ‖ 也説“坳婆”或“坳胡”,229,,已校,
4490,呦嗚,,aau1 wu1,,貓叫春時的聲音,229,,已校,
4491,拗,,aau2,,折：～斷｜～手瓜｜～開兩橛｜～彎｜～攣｜～蔗 ‖ 廣韵巧韵於絞切：“手拉”,229,,已校,
4492,拗蔗鬚,,aau2 ze3 sou1',,一種賭法，兩人將甘蔗折斷，誰拿的一段上的鬚毛多算贏 ‖ 也説“拗蔗標 aau2 ze3 biu1”,229,,已校,
4493,拗手瓜,,aau2 sau2 gwaa1,,①掰腕子 ②譬喻和人較量高低 ‖ 也説“拗手臂瓜 aau2 sau2 bei3 gwaa1”,229,,已校,
4494,拗横,,aau2 waang4,,歪曲：你咪～我嘅意見,229,,已校,
4495,詏,,aau3,,爭論，爭辯：咪～喇｜～到底唔忿輸｜死人都要～返生<死人也要説活> ‖ 集韵效韵於教切：“言逆也”,229,,已校,
4496,詏氣,,aau3 hei3,,抬杠，鬥氣：咪咁～喇！,229,,已校,
4497,詏口,,aau3 hau2,,讀起來不順口：呢首詩好～ ‖ 也説“咬口 ngaau5 hau2”,229,,已校,
4498,詏到掂,,aau3 dou3 dim6,,辯論到曲直分明：我係要同佢～,229,,已校,
4499,詏撟,,aau3 giu6,,①不和，摩擦 ②爭執，頂嘴 ‖ 撟，集韵笑韵渠廟切：“舉也”,229,,已校,
4500,詏頸,,aau3 geng2,,抬杠，爭辯,229,,已校,
4501,撓仁,,jaau1' ngan4,,舊俗，新年招待客人，請客在攢盒中自取果仁（瓜仁、欖仁等）。仁、銀在口語中同音，取其吉利：～喇，～喇,230,,已校,
4502,穮,,pau3,,①鬆，泡，暄騰；中心空：呢䊆[kɐu˨]木～嘅<這塊木頭發泡>丨麵包好鬆～丨～心蘿蔔 ②軟弱 ‖ 集韵效韵披教切：“穮䅦，禾虛貌。”古效攝二等應讀 aau 韵，這裏變讀 au 韵,231,,已校,
4503,穮齋,,pau3 zaai1,,（人）體虛，不壯健：佢好～嘅，好容易感冒,231,,已校,
4504,穮穮𦛚𦛚,,pau3 pau3 nam4 nam4,,虛胖，肌肉又鬆又泡：啲肉生得～ ‖ 𦛚，集韵勘韵奴紺切：“𦛚䐺，肥貌”,231,,已校,
4505,穮腬,,pau3 nau6,,不結實，又鬆又泡：佢肥到好～，唔實凈丨啲枱、椅嘅木頭好～，好易壞嘅,231,,已校,
4506,穮腩,,pau3 naam5,,豬腹下部的肥肉,231,,已校,
4507,穮心,,pau3 sam1',,中心空：～蘿蔔,231,,已校,
4508,穮肉,,pau3 juk6,,指又肥又泡的豬肉,231,,已校,
4509,踎,,mau1',,蹲：～喺地下丨～低<蹲下來> ‖ 俗字,231,,已校,
4510,踎街,,mau1' gaai1,,蹲在街頭，失業,231,,已校,
4511,踎監,,mau1' gaam1,,坐牢，蹲監獄 ‖ 也説“坐監 co5 gaam1”,231,,已校,
4512,踎山,,mau1' saan1',,蹲山溝，打游擊,231,,已校,
4513,踎墩,,mau1' dan1,,①失業，賦閑。岸上卸貨處叫墩頭，失業苦力在那裏蹲着等工作 ②失學，考不上學校而呆在家中：我考唔入大學，～嘞,231,,已校,
4514,缹,,mau1',,一種烹調法，似炆，但時間長，汁少而更軟、更爛：風栗～鷄<鷄是整隻的，炆鷄則切碎> ‖ 訓讀字，廣韵有韵方久切：“蒸缹”,231,,已校,
4515,愗豆,,mau6 dau6,,土里土氣，鄉巴佬的樣子,231,,已校,
4516,愗壽,,mau6 sau6,,①打扮得不合身，肋脦：佢看起件長衫幾～ ②呆頭呆腦：睇佢個樣幾～啊 ‖ 愗，廣韵候韵莫候切：“恂愗。”恂，苦候切：“愚貌”,231,,已校,
4517,愗叔,,mau6 suk1,,笨拙的男子，會吃不會做的人,231,,已校,
4518,浮泥,,fau4 nai4,,浮土，虛土：撥開～，底下的有個窿,231,,已校,
4519,浮皮,,fau4 pei4,,沙炒豬肉皮，色白，很鬆脆，做菜肴用 ‖ 也叫“假魚肚 gaa2 jyu4 tou5”,231,,已校,
4520,浮浮泛,,fau4 fau4（或 pou4 pou4） faan3,,①不實在，輕浮，不踏實：做野～唔得㗎！ ②很輕，能浮在水面：學游泳，喺水處放鬆手腳，～噉就唔沉嘅喇 ‖ ①也説“浮浮泛泛 fau4 fau4 faan3 faan3”,231,,已校,
4521,浮浮㝗,,fau4 fau4 long3,,①不穩當：啲野放得～ ②輕浮，不實在：呢個友仔～嘅，靠唔住 ③體虛弱，腳軟，走路不穩貌 ‖ 㝗，集韵宕韵郎宕切：“空也。”古次濁去聲今應讀陽去，口語變讀陰去,231,,已校,
4522,浮炭,,fau4 taan3,,又鬆又泡的木頭燒的炭，質鬆不耐燒,231,,已校,
4523,浮田,,fau4 tin4,,即蕹菜塘，是種蕹菜之處，用篾編成，隨水上下,232,,已校,
4524,埠,,fau6,,①（外國的）商埠，港口：外～｜過～<出洋> ②堆棧：米～,232,,已校,
4525,埠頭,,fau6 tau4,,外國的商埠：你過埠，去小～定去大～啊？,232,,已校,
4526,篼,,dau1,,①瓦製飼料盆：一隻～｜霸～鷄｜豬～ ②小搪瓷盆，小鋁盆：飯～｜乞兒～ ‖ 廣韵侯韵當侯切：“飼馬籠也。” 通常寫作“兜”,232,,已校,
4527,兜,,dau1',,①接受，理睬：你索性一味唔～，推到佢乾凈 ②盛住（用布類）：用衫尾～住啲花生 ③炒菜時的動作，手舉鍋向上抛菜肴：將菜～匀佢，～一～就得 ④兜攬：太貴嘞，等我～下佢喇 ⑤衝（沿其方向）：～頭㩧落來<衝着頭敲下來> ⑥繞：～風｜～個圈,232,,已校,
4528,兜下爬,,dau1' haa6 paa4,,翹下巴 ‖ 也説“餃子下爬 gaau2 zi2 haa6 paa4”,232,,已校,
4529,兜肚,,dau1' tou5*2,,貼身穿的護肚衣物：戴返個～,232,,已校,
4530,兜金,,dau1' gam1,,墳頭前面的一塊平地（墳圈内的），是拜祭死者處,232,,已校,
4531,兜當,,dau1' dong3,,兜攬，招攬：～唔值錢<招攬别人買的没有好貨>,232,,已校,
4532,兜風耳,,dau1' fung1' ji5,,招風耳朵,232,,已校,
4533,兜搭,,dau1' daap3,,招攬，兜攬：～生意,232,,已校,
4534,兜白水,,dau1' baak6 seoi2,,（妓女）向客人要錢 ‖ 白水即白銀,232,,已校,
4535,兜肉,,dau1' juk6,,豬腮部的肉，質量較差 ‖ 也叫“豬兜肉 zyu1' dau1' juk6”,232,,已校,
4536,𩔡□,,dau1' mau1',,形容人臉長得難看 ‖ 𩔡，集韵侯韵當侯切：“𩔸𩔡，面折”,232,,已校,
4537,蔸,,dau1',,量詞。①棵：一～禾｜一～秧｜一～竹｜一～樹 ②條：一～魚｜一～蛇｜一～木｜一～柴｜一～鎖匙 ③個，用於人：嗰～野<那塊料>｜嗰～友｜幾～佬｜呢～契弟<這家伙> ‖ 俗字，通常寫作“兜”,232,,已校,
4538,斗髀架,,dau2 bei2 gaa3*2,,承在牆上安裝的三角形木架，上放一塊隔板，用來放置雜物,232,,已校,
4539,斗零,,dau2 ling4*2,,舊時面值半角的銀幣，源於商界的行話，斗是三，零是六，即三分六釐銀。一元銀幣是七錢二分銀，一角銀幣爲七分二釐銀 ‖ 也叫“三分六銀 saam1' fan1' luk6 ngan4”,232,,已校,
4540,斗零踭,,dau2 ling4*2 zaang1,,女鞋的細高跟，像五分硬幣直徑,232,,已校,
4541,鬥,,dau3,,①比賽，較量：～船｜～波<賽球>｜～大｜～鷄｜～走｜～快｜～力｜～氣 ②將物件拼合在一起：～木｜～木佬｜同我～張枱 ③湊（近）：～埋去睇,232,,已校,
4542,鬥架勢,,dau3 gaa3 sai3,,比闊氣，比排場,232,,已校,
4543,鬥字,,dau3 zi6,,拼字,232,,已校,
4544,鬥負氣,,dau3 fu6 hei3,,互相賭氣，小事相持，兩不相下,232,,已校,
4545,鬥大,,dau3 daai6,,比地位高,232,,已校,
4546,鬥鷄眼,,dau3 gai1 ngaan5,,對眼兒，眼疾,232,,已校,
4547,鬥走,,dau3 zau2,,賽跑,232,,已校,
4548,鬥口角,,dau3 hau2 gok3,,互逞詞鋒，爭吵,232,,已校,
4549,鬥靚,,dau3 leng3,,比漂亮，比美,232,,已校,
4550,鬥醒,,dau3 sing2,,比闊氣,232,,已校,
4551,鬥龍船,,dau3 lung4 syun4,,農曆五月初五，龍舟比賽,232,,已校,
4552,鬥八寳,,dau3 baat3 bou2,,鬥法寳，鬥法，鬥智,232,,已校,
4553,鬥𥌮,,dau3 lek1,,①比闊氣，比有錢：佢兩家娶新婦～ ②比能力，比本事 ‖ ①也説“鬥醒”。𥌮，廣韵錫韵郎擊切：“𥌮𥉶，視明貌”,232,,已校,
4554,鬥駁,,dau3 bok3,,辯論,233,,已校,
4555,鬥木,,dau3 muk6,,做木工活兒：～佬,233,,已校,
4556,鬥肉韌,,dau3 juk6 ngan6*2,,兩人鬧彆扭，鬥氣 ‖ 也説“鬥韌”,233,,已校,
4557,揄,,dau3,,①碰，觸摸，弄：唔好～佢｜咪～我啲書｜～亂晒 ②招惹，招攬：～當 ‖ 廣韵厚韵徒口切：“揄引。”古全濁上聲，應讀陽去，此處變讀陰去,233,,已校,
4558,揄當,,dau3 dong3,,招攬：上門～,233,,已校,
4559,竇,,dau3,,①窩，巢：雀～｜狗～｜賊～｜一～鷄仔｜一～豬仔｜被～｜一～口 ②家：成～人要養<要養活一家子>｜佢屋企好大～人 ‖ 本音陽去調，此處口語變讀陰去,233,,已校,
4560,竇□,,dau3 lau3,,窩：生得一～咁多仔,233,,已校,
4561,竇口,,dau6 hau2,,做非法活動的巢穴,233,,已校,
4562,豆,,dau6,,豆子：～腐｜～餅｜～油｜～沙｜～角｜～茸｜～豉｜綠～沙｜～腐乾,233,,已校,
4563,豆,,dau6*2,,①作爲糧食的豆子：白～｜紅～｜烏～｜綠～｜麥～｜眉～ ②作爲蔬菜的豆角：荷蘭～｜龍牙～｜棉～,233,,已校,
4564,豆沙,,dau6 saa1,,豆子（多用紅小豆）煮爛加糖做餡用：～粽｜～角｜～包｜～餅,233,,已校,
4565,豆沙喉,,dau6 saa1 hau4,,啞嗓子，聲音沙啞,233,,已校,
4566,豆芽,,dau6 ngaa4,,指黄豆芽菜：豬腸炆～｜排骨煲～ ‖ 也叫“大豆芽菜 daai6 dau6*2 ngaa4 coi3”,233,,已校,
4567,豆豉,,dau6 si6,,黑豆製品，可做菜肴的配料：～蒸魚｜～排骨｜陽江～最有名,233,,已校,
4568,豆豉眼,,dau6 si6 ngaan5,,眼力不佳，瞄不準：打雀打唔到，～,233,,已校,
4569,豆衣,,dau6 ji1,,豆子的皮：擳～好阻事㗎<擇去豆子的皮很費時間的>,233,,已校,
4570,豆𣗺,,dau6 fu1',,豆餅，大豆榨油後剩下的餅狀渣 ‖ 𣗺，集韵模韵空胡切：“𣗺餅”,233,,已校,
4571,豆腐,,dau6 fu6,,一種常見的豆製品：～咁穮[pʻɐu˥]<像豆腐那麼鬆軟>,233,,已校,
4572,豆腐花,,dau6 fu6 faa1',,豆腐腦兒，加糖吃的一種很嫰的豆腐,233,,已校,
4573,豆腐頭,,dau6 fu6 tau4,,豆腐渣,233,,已校,
4574,豆腐煲,,dau6 fu6 bou1',,沙鍋豆腐,233,,已校,
4575,豆腐刀,,dau6 fu6 dou1',,歇後語。下句“兩面光”，喻做人圓滑,233,,已校,
4576,豆腐潤,,dau6 fu6 jeon6*2,,豆腐乾 ‖ 也叫“豆潤”或“豆乾 dau6 gon1”,233,,已校,
4577,豆腐𦢊,,dau6 fu6 pok1,,炸豆腐泡 ‖ 也叫“豆𦢊”,233,,已校,
4578,豆奶,,dau6 naai5,,豆乳，黄豆加牛奶做成的飲料,233,,已校,
4579,豆皮,,dau6 pei4,,麻子，出天花留下的痕迹：～佬,233,,已校,
4580,豆粉,,dau6 fan2,,綠豆做的澱粉，北京叫“團粉”,233,,已校,
4581,豆仁,,dau6*2 jan4,,新鮮的荷蘭豆仁的簡稱 ‖ 也叫“荷蘭豆仁 ho4 laan4*1 dau6*2 jan4”,233,,已校,
4582,豆釘,,dau6 deng1,,比喻長得極矮小的小個子：生得～噉,233,,已校,
4583,豆茸,,dau6 jung4,,極細的豆餡：～月餅｜～角,233,,已校,
4584,豆擳,,dau6 zit1,,嫰黄豆，毛豆。剝豆時只需一擠，故名 ‖ 擳，俗借字，擠,233,,已校,
4585,豆角金,,dau6 gok3 gam1',,金龜子，會飛的綠色硬殼蟲，愛吃豆角葉 ‖ 也叫“硬殼蟲 ngaang6 hok3 cung4”,233,,已校,
4586,豆角鬆,,dau6 gok3 sung1,,豆角切細丁，加豆乾丁、肉丁、花生等炒熟的一道菜,233,,已校,
4587,𢭃,,dau6,,①用手托住：佢地兩個抬野，你～住下佢喇 ②將重物輕輕抬起一些：你～起張枱，等我拉出張紙 ③扶起，搊起（人）：佢跌倒嘞，～起佢 ④給，拿：～啲背手畀佢<給他賄賂>丨～錢來<拿錢來> ⑤討要：～利市<討紅包> ‖ 俗借字,234,,已校,
4588,𢭃貨,,dau6 fo3,,向人要錢要物：～來喇 ‖ 也説“磅水 bong6 seoi2”,234,,已校,
4589,𢭃泥,,dau6 nai4,,不好的，劣等，低級。指物，不指人：呢啲野咁～嘅,234,,已校,
4590,𢭃背手,,dau6 bui6 sau2,,①索賄：某人𢭃咗背手 ②給人賄賂：𢭃啲背手畀佢,234,,已校,
4591,痘𤶠,,dau6*2 naa1,,牛痘疤 ‖ 𤶠，訓讀字，廣韵麻韵陟加切：“瘡痕”,234,,已校,
4592,痘𥀬,,dau6 jim2,,痘痂，出天花或出水痘結的痂皮 ‖ 𥀬，集韵琰韵於琰切：“瘍痂也”,234,,已校,
4593,竇,,dau6,,①田裏的水道，田間的小水閘：水～ ②（戲指）棺材：進～<死>,234,,已校,
4594,偷鷄,,tau1' gai1,,①賭撲克時，自己牌不好而下大注以嚇退對手，即投機 ②發瘧疾，發冷 ③躲懶，曠工，曠課 ④偷人家的鷄：～唔到折揸米<熟語>,234,,已校,
4595,偷鷄帽,,tau1' gai1 mou6,,未油漆的小竹帽,234,,已校,
4596,偷瘦,,tau1' sau3,,原因不明地瘦下去：睇住佢陰陰淤<不明不白>就～～,234,,已校,
4597,偷壽,,tau1' sau6,,舊俗，替父母買棺材照例“打斧頭”（中飽），爲的是取吉利，俗謂從死者處偷些壽數,234,,已校,
4598,偷步,,tau1' bou6,,賽跑時搶先起跑,234,,已校,
4599,偷毛,,tau1' mou4*1,,嬰兒滿月時剃髮,234,,已校,
4600,偷渡客,,tau1' dou6 haak3,,偷渡出境者,234,,已校,
4601,偷淋,,tau1' lam4,,秋天下的夜雨：早禾望白撞，晚造望～<農諺>,234,,已校,
4602,偷龍轉鳳,,tau1' lung4 zyun2 fung6,,指以劣換好,234,,已校,
4603,偷呃拐騙,,tau1' aak1 gwaai2 pin3,,偷訛拐騙,234,,已校,
4604,投夜冷,,tau4 je6 laang1,,舊時指去買拍賣貨：我去～ ‖ 夜冷，英文 yelling 的音譯,234,,已校,
4605,投告,,tau4 gou3,,告狀，申訴：你打咗佢，佢去你屋企～啊！丨你鬧<駡>咗阿妹，佢會去阿媽處～你噃,234,,已校,
4606,投標,,tau4 biu1,,參加錢會者想用會錢時，大家競寫利息，誰出的利息高，誰可先使用會錢 ‖ 也叫“落標 lok6 biu1”,234,,已校,
4607,投入,,tau4 jap6,,全神貫注，積極：佢做野好～㗎丨唱歌時要～至得,234,,已校,
4608,頭,,tau4,,①腦袋：攪到我一～霧水丨擰～<搖頭> ②量詞。樁，個：幾～食籮丨呢～家好難當<這個家很難當>丨一～親家 ③邊：呢～丨嗰～丨呢～食，嗰～嘔<這邊吃，那邊吐>丨一～走，一～講 ④物品殘餘的部分：柴～<燒剩的柴>丨豆腐～<豆腐渣>丨布～<布尾> ⑤植物的根部：菜～丨樹～丨水仙～丨蒜～丨葱～丨竹～ ⑥首，第一：～車<首班車>丨～水貨丨～手 ⑦前面的一部分，主要的一端：車～丨船～丨墟～丨巷～丨牀～ ⑧物體的頂端或末梢：山～丨呢條棍兩～尖嘅 ⑨方面：佢係兩～住家<他有兩個家>丨兩～大<兩妻地位平等>丨兩～走 ⑩用在數量詞前面，表示次序在前的前：～一個丨～兩日佢都遲到咗 ⑪用在某兩個數字之間，表示約數，兼表數目不大：三～兩年｜三～二十<二十至三十之間> ⑫名詞後綴：木～｜石～｜豬～｜骨～｜鉢～｜兆～ ⑬接在動詞詞根後：豬骨冇乜食～嘅｜呢本書冇乜睇～ ⑭方位詞後綴：上～｜下～｜前～｜裏～,234,,已校,
4609,頭,,tau4*2,,①頭兒，帶頭人：边個做～？｜阿～話是<當頭的拿主意>｜大大話話都係阿～<好歹也是個頭兒> ②開頭的部分：文章起～難 ③物品的殘餘部分：煙～｜鉛筆～ ④名詞後綴：罐～｜嘜～<商標> ⑤接在形容詞詞根後：畀啲甜～佢食,235,,已校,
4610,頭帕,,tau4 paa3*2,,新娘的蓋頭：會友哥<新郎的同輩朋友>搶～,235,,已校,
4611,頭禡,,tau4 ngaa4,,農曆正月初二。商家每逢初二、十六都要祭祀土地神，請伙計吃豬肉，叫“做禡”。正月初二爲每年第一個禡日 ‖ 禡，訓讀字,235,,已校,
4612,頭車,,tau4 ce1',,每日發的最早一班車,235,,已校,
4613,頭大,,tau4 daai6,,費腦子，腦袋發漲：頭都大埋｜攪到我頭都大咗,235,,已校,
4614,頭泥,,tau4 nai4,,頭上的泥垢：篦出好多～,235,,已校,
4615,頭威頭勢,,tau4 wai1' tau4 sai3,,初次，頭一次。含有非常隆重的意味：～去上堂，要畀學生一個好印象｜佢～嫁女，唔擺下酒都失禮人吖！ ‖ 也説“初頭萬大 co1' tau4 maan6 daai6”,235,,已校,
4616,頭篦,,tau4 bei6*2,,篦子,235,,已校,
4617,頭皮,,tau4 pei4,,頭皮屑：篦～,235,,已校,
4618,頭尾,,tau4 mei5,,①始末，原由：你都唔知～｜半夜食黄瓜，唔知～<歇後語> ②前後，一段時間總計：佢去咗～三個月咯｜～五日<前後五天>,235,,已校,
4619,頭尾沓正,,tau4 mei5 daap6 zeng3,,前後整整：你去咗～一年嘞｜前年八月我走嘅，舊年四月返來，～八個月咯,235,,已校,
4620,頭奅,,tau4 paau3,,①頭暈腦漲，費腦筋：攪到我頭都奅咗 ②頭疼 ‖ 奅，廣韵效韵匹貌切：“起𥖪，亦大也。”古效韵今應讀 aau 韵，此處變讀 au 韵,235,,已校,
4621,頭頭,,tau4 tau4*2,,起初：你～唔係噉講嘅，而家又轉咗卦咯,235,,已校,
4622,頭頭尾尾,,tau4 tau4 mei5 mei5,,零零碎碎，瑣碎之事：都要我去收拾下～,235,,已校,
4623,頭手,,tau4 sau2,,①酒樓飯店的主要廚師，北京叫“掌勺兒的” ②其他行業的業務第一把手,235,,已校,
4624,頭手貨,,tau4 sau2 fo3,,頭等貨，好貨 ‖ 也叫“頭水貨”,235,,已校,
4625,頭路,,tau4 lou6,,門路，出路：冇啲～｜佢唔曾有～｜搵～<找出路>,235,,已校,
4626,頭路,,tau4 lou6*2,,頭髮縫：挑～<把頭髮往兩邊分開>,235,,已校,
4627,頭水,,tau4 seoi2,,第一批：我處食荔枝，由～食到尾水,235,,已校,
4628,頭水貨,,tau4 seoi2 fo3,,頭等貨，好貨 ‖ 也叫“頭手貨”,235,,已校,
4629,頭啖湯,,tau4 daam6 tong1',,第一口湯，比喻質佳之物：爭飲～,235,,已校,
4630,頭簪,,tau4 zaam1,,簪子,235,,已校,
4631,頭掂,,tau4 dim6,,有條理：佢治理得個家庭好～嘅,235,,已校,
4632,頭暈,,tau4 wan6,,頭腦不清醒，腦子發漲：～眼花,235,,已校,
4633,頭面,,tau4 min6,,首飾的統稱：新婦有啲乜野～啊？,235,,已校,
4634,頭先,,tau4 sin1,,剛才，方才：～佢重喺處，家下唔知去咗边度,235,,已校,
4635,頭崩額裂,,tau4 bang1' ngaak6 lit6,,①焦頭爛額，形容遇到麻煩，應付不了 ②頭破血流：打到佢～,235,,已校,
4636,頭廳,,tau4 teng1,,普通人家的第一道廳,236,,已校,
4637,頭揈揈,,tau4 fing6 fing6,,搖頭晃腦 ‖ 揈，集韵耕韵呼宏切：“揮也。”古耕韵清音，今應讀 ang 韵陰平聲，口語變讀 ing 韵陽去,236,,已校,
4638,頭擰擰,,tau4 ning6 ning6,,搖着頭，失望貌,236,,已校,
4639,頭㷫,,tau4 hing3,,頭發熱（病態）：我個頭好㷫,236,,已校,
4640,頭房,,tau4 fong4*2,,最前面的房間，靠近客廳的第一間房,236,,已校,
4641,頭艙,,tau4 cong1',,靠近船頭的艙位，較差,236,,已校,
4642,頭風,,tau4 fung1,,頭痛病：川芎白芷去～丨佢有～，唔食得呢啲野噃！,236,,已校,
4643,頭聾耳怔,,tau4 lung4 ji5 zing3,,頭暈耳聾：嘈到我～,236,,已校,
4644,頭腫眼䏨,,tau4 zung2 ngaan5 deoi3,,頭臉浮腫：病到佢～ ‖ 䏨，集韵灰韵都回切：“腫也。”古平聲，今口語變讀去聲,236,,已校,
4645,頭夾,,tau4 gaap3*2,,頭髮卡子 ‖ 也叫“頂夾 deng2 gaap3*2”,236,,已校,
4646,頭耷耷,,tau4 dap1 dap1,,①耷拉着腦袋，低着頭 ②垂頭喪氣貌,236,,已校,
4647,頭髮,,tau4 faat3,,頭上的毛：～黑黑丨～好白丨～薄丨～厚丨～令令[liŋ˧]<有光亮>,236,,已校,
4648,頭不甩,,tau4 bat1 lat1,,頭一次，初次：我呢次係～去佢處 ‖ 甩，俗字,236,,已校,
4649,頭一,,tau4 jat1,,第一，首：～次丨～匀丨～晚丨～日丨～年丨～點鐘丨～列丨～排丨～水 <首次下水洗>丨～個,236,,已校,
4650,頭𣤩,,tau4 cek1,,頭疼 ‖ 𣤩，廣韵錫韵丑歷切：“痛也”,236,,已校,
4651,頭落,,tau4 lok6*1,,指第一個兒子：呢個係佢嘅～來嘅,236,,已校,
4652,頭落,,tau4 lok6*2,,第一，最大，特出的：佢係～嘅人物,236,,已校,
4653,頭𩓥𩓥,,tau4 ngok6 ngok6,,抬頭東張西望 ‖ 𩓥，廣韵覺韵五角切：“説文云面前岳岳也”,236,,已校,
4654,頭殼,,tau4 hok3,,頭，腦袋：～頂丨敲～,236,,已校,
4655,頭鑊,,tau4 wok6*2,,廚師，酒樓飯館中掌勺的第一把手（依次爲二鑊、三鑊）,236,,已校,
4656,㪗,,tau2,,①歇息：等我～下先丨～涼丨～下腳丨～工丨～下眼神丨早～喇<早點安歇吧> ②呼吸：～啖氣丨～大氣丨～唔到氣 ‖ 集韵厚韵他口切：“展也”,236,,已校,
4657,㪗暑,,tau2 syu2,,歇暑假：今年放假我就去羅浮山～咯,236,,已校,
4658,㪗大氣,,tau2 daai6 hei3,,①嘆氣 ②長出氣,236,,已校,
4659,㪗氣,,tau2 hei3,,喘氣，出氣兒：多人逼埋㪗唔到氣丨空氣唔好，～都㪗唔出,236,,已校,
4660,㪗涼,,tau2 loeng4,,歇涼兒：坐喺樹腳處～,236,,已校,
4661,透,,tau3,,①徹底，穿（過）：想唔～丨恁到～丨識唔～丨睇～ <看穿， 看破>丨通～ ②引（火）：～火煮飯丨～火唔着丨～着個風爐丨呢啲柴好濕，～唔着嘅 ③達到飽滿的、充分的程度：啲飯熟到～咯丨油浸～咗丨濕到～丨荔枝都未熟～,236,,已校,
4662,透火,,tau3 fo2,,生火，引火：而家～煮飯咯丨一起身，佢即時～煮飯丨～唔着 ‖ 透，同音字,236,,已校,
4663,透過,,tau3 gwo3,,通過（某人、某事）：～佢大佬至搵到工作,236,,已校,
4664,透心涼,,tau3 sam1' loeng4,,涼到心底，喻失望：西瓜唔食～,236,,已校,
4665,獳,,nau1',,怒，生氣：佢～到眼火爆｜唔好～佢咯｜佢～你唔同佢去街｜激～佢｜發～｜好～佢｜～死佢<太生他的氣了> ‖ 廣韵侯韵奴鈎切：“犬怒。”俗寫作“嬲”,237,,已校,
4666,獳沙,,nau1' saa1',,氣得跳腳,237,,已校,
4667,獳爆爆,,nau1' baau3 baau3,,怒氣冲冲，氣鼓鼓地,237,,已校,
4668,扭,,nau2,,①擰：～耳仔｜唔好～斷條鎖匙啊｜～乾啲水｜～細聲啲<（收音機之類）擰小點兒聲> ②崴（手、腳）：～親隻手，好痛｜～親腳<把腳扭傷了>,237,,已校,
4669,扭計,,nau2 gai3*2,,①鬧彆扭，刁蠻，頑皮，不馴服。多用於小孩：個細路哥好～嘅 ②耍心眼兒，算計人：你顧住佢又扭你計啫<你提防着他又暗算你哪>,237,,已校,
4670,扭計師爺,,nau2 gai3*2 si1' ji4,,指導會算計人、作弄人者,237,,已校,
4671,扭計祖宗,,nau2 gai3*2 zou2 zung1',,①極工心計、很有陰謀之人 ②最喜歡鬧彆扭的人,237,,已校,
4672,扭頭捏頸,,nau2 tau4 nip6 geng2,,扭扭捏捏，裝模作樣,237,,已校,
4673,扭扭擰擰,,nau2 nau2 ning6 ning6,,扭扭捏捏的樣子,237,,已校,
4674,扭手花,,nau2 sau2 faa1',,玩弄花樣，耍花招兒,237,,已校,
4675,扭數,,nau2 sou3,,算計，暗算；想壞主意：唔怕海洋大盜，就怕煙精～<熟語>,237,,已校,
4676,扭紋,,nau2 man4,,①不順人意，彆扭，淘氣 ②不聽話，耍脾氣。避諱語，暗指小兒有病：佢呢牌～<他近來鬧病>,237,,已校,
4677,扭紋柴,,nau2 man4 caai4,,紋理不順的木柴，喻脾氣彆扭之人，也指愛哭鬧的小孩或淘氣鬼,237,,已校,
4678,扭骨,,nau2 gwat1,,牙簽的舊稱,237,,已校,
4679,扭六壬,,nau2 luk6 jam4,,算計，費心機，費腦筋：我唔知扭咗幾多六壬至去到,237,,已校,
4680,紐,,nau2,,紐扣：跌咗粒～｜同我釘返粒～喇！,237,,已校,
4681,紐婆,,nau2 po4*2,,中式布紐的紐圈兒,237,,已校,
4682,紐耳,,nau2 ji5,,布紐襻：挑～<繚紐襻兒>,237,,已校,
4683,紐耳鉗,,nau2 ji5 kim4*2,,製作布紐用的小鉗子，形如大鑷子,237,,已校,
4684,紐門,,nau2 mun4,,紐孔，扣眼兒：開～,237,,已校,
4685,紐公,,nau2 gung1,,中式衣服的布紐，北京叫“算盤疙嚊”,237,,已校,
4686,腬,,nau6,,膩得慌，油膩：食到～｜～喉｜啲餸整到咁～嘅 ‖ 集韵宥韵女救切：“肉之善者”,237,,已校,
4687,腬喉,,nau6 hau4,,膩嗓子,237,,已校,
4688,蔞葉,,lau1 jip6,,一種藤本植物之葉。粵人喜食檳榔，常以檳榔與蔞葉等一同咀嚼,237,,已校,
4689,褸,,lau1,,外衣：大～｜中～｜短～｜雨～｜乾濕～<風雨衣>｜棉～｜絨～<呢子外衣>｜皮～｜雪～<皮猴兒>｜太空～,237,,已校,
4690,褸,,lau1',,①披：～住塊布｜～返件衫先｜～紗<新娘披婚紗>｜～實｜～住個頭<披在頭上> ②（蟲、蠅等）落附在：烏蠅～生果｜烏蠅～馬尾，一拍兩散<歇後語>｜好似蟻～糖噉<有如螞蟻叮在糖上似的>,237,,已校,
4691,褸錯人皮,,lau1' co3 jan4 pei4,,駡人話。騙子，偽君子,237,,已校,
4692,褸口褸面,,lau1' hau2 lau1' min3,,形容蚊蠅叮人，飛撲在面上,237,,已校,NA：原書“面”注音應作“min6”。
4693,褸丘,,lau1' jau1',,衣服穿得很破爛：狗吠～人<熟語> ‖ 丘，同音字,238,,已校,
4694,褸丘僂侸,,lau1' jau1' lau5 dau2,,衣服破爛，不整齊，肋脦 ‖ 僂，集韵侯韵郎侯切；侸，當侯切：“僂侸，下垂。”今口語讀音，聲調有所變化,238,,已校,
4695,褸席,,lau1' zek6,,披席片兒，指討飯，做乞丐,238,,已校,
4696,懰懰𢤩𢤩,,lau1' lau1' lek1 lek1,,心中鬱悶不樂：乜你成日都～㗎？,238,,已校,
4697,懰𢤩,,lau1' lek1,,不高興，發脾氣（病態）：呢個細路哥好～ ‖ 懰，集韵尤韵力求切：“懰慄，憂貌。一曰怨也。”𢤩，集韵錫韵狼狄切：“心所營也”,238,,已校,
4698,留,,lau4,,①留下，不再走：～佢住一晚丨～佢唔住丨～客丨～返啖氣丨～返聽日至食丨～畀自己使丨～步丨～校丨～任 ②不剪毛髮，使其自然生長；梳理某種髮式：～髮丨～鬚丨～西裝 ③專注，施加給：～心丨～意丨～情丨～難 ④保存下來：～底丨～案底 ⑤留學：～美 ⑥接受，收下：佢送咗咁多野來，我～低兩樣喇 ⑦遺留：佢乜野都冇～落,238,,已校,
4699,留醫,,lau4 ji1',,住醫院治療,238,,已校,
4700,留底紙,,lau4 dai2 zi2,,複寫紙的舊稱 ‖ 也叫“過底紙 gwo3 dai2 zi2”,238,,已校,
4701,留西裝,,lau4 sai1' zong1,,（男子）留分頭（髮式） ‖ 也説“長西裝 zoeng2 sai1' zong1”或“梳西裝 so1' sai1' zong1”,238,,已校,
4702,留步,,lau4 bou6,,客套話。停留一下：請～,238,,已校,
4703,留𲌛<⿱髟任>,,lau4 jim5,,（女子）留着劉海 ‖ 𲌛<⿱髟任>，俗字，本字可參考“冉”，集韵銜韵而銜切：“毛長貌”,238,,已校,
4704,留𲌛<⿱髟任>大姐,,lau4*1' jam4 daai6 ze2,,未出嫁的女子,238,,已校,
4705,留𲌛<⿱髟任>妹,,lau4*1' jam4 mui6,,舊時指未嫁少女（當面也可叫）,238,,已校,
4706,留班,,lau4 baan1,,留級，學生成績不好而不能升班 ‖ 也説“留級 lau4 kap1”,238,,已校,
4707,留堂,,lau4 tong4,,學生下課後不許回家，留在教室内,238,,已校,
4708,留得,,lau4 dak1,,饒，寬恕：唔好打佢，～佢喇,238,,已校,
4709,留落,,lau4 lok6,,留下：前晚畀賊搶晒野，一啲都冇得～,238,,已校,
4710,流野,,lau4 je5,,劣質貨的俗稱,238,,已校,
4711,流離浪蕩,,lau4 lei4 long6 dong6,,游蕩不定居，没有一定住處,238,,已校,
4712,流流瀉瀉,,lau4 lau4 se2 se2,,滿溢：啲水～丨斟茶唔好斟到～,238,,已校,
4713,流流長,,lau4 lau4 coeng4,,形容時間的悠長：十年～,238,,已校,
4714,流蚊飯,,lau4 man1 faan6,,玩笑話。指流血：一掌打到你～！,238,,已校,
4715,流年,,lau4 nin4,,指個人本年的運氣：睇～<占卜一年的命運>,238,,已校,
4716,流坑柴,,lau4 haang1' caai4,,順山坑水流運下來的柴，質地較差,238,,已校,
4717,琉璃獸,,lau4 lei4 sau6,,琉璃製小玩藝，如各種鳥獸蟲魚等,238,,已校,NA：原書“獸”注音疑似應作“sau3”。
4718,琉璃油,,lau4 lei4 jau4,,喻表面漂亮，裏面則不佳。因廟中琉璃燈中點的油只有薄薄的一層，油下注以水：你咪睇佢着得咁靚，～嘅咋！,238,,已校,
4719,琉璃燈盞,,lau4 lei4 dang1 zaan2,,一種蜻蜓,238,,已校,
4720,僂秋,,lau4 cau1',,①（衣着、物品）不整齊，肋脦：佢着得幾～丨你間房幾～ ②吊兒郎當，散漫：你睇佢個人幾～  ‖ 僂，集韵侯韵郎侯切：“僂侸，下垂。”秋，同音字,238,,已校,
4721,樓,,lau4,,①樓房：上高～｜～梯｜～閣｜大～ ②樓房的層：～上｜～下｜～板｜～底 ③某些似樓的建築物：牌～｜城～｜箭～｜鐘～,239,,已校,
4722,樓,,lau4*2,,①樓房：洋～｜木～｜閣～｜起～｜拆～｜一座～｜炒～<倒賣樓房> ②樓房的一層：我住三～｜上到七～｜買咗一沓～<買了一層樓> ③用於某些店鋪的名稱：某某茶～｜某某銀～ ④房屋裏面加蓋的一層房子：閣～｜走馬～,239,,已校,
4723,樓花,,lau4*2 faa1,,①尚未建成的樓宇：炒～<倒賣尚未蓋好的樓> ②建造中的樓房裏的單元房,239,,已校,NA：現在（2020s）習讀lau4 faa1，即不變調。
4724,樓宇,,lau4 jyu5,,樓房,239,,已校,
4725,樓底,,lau4 dai2,,①樓下 ②每一層樓的天花板 ‖ ①也叫“樓底下 lau4 dai2 haa6”,239,,已校,
4726,樓梯横,,lau4 tai1' waang4*2,,舊式木梯子的踏腳横木,239,,已校,
4727,樓口板,,lau4 hau2 baan2,,二樓以上每層樓梯口的蓋板，蓋上以後就不能通行，多爲老式樓房採用,239,,已校,
4728,樓陣,,lau4 zan6,,樓房的框架結構，木頭的或鋼筋的,239,,已校,
4729,樓面,,lau4 min6*2,,茶樓酒館坐櫃枱收錢的人,239,,已校,
4730,柳,,lau5,,①柳樹：楊～｜綿～｜垂絲～ ②裹脊，條狀嫩肉：牛～｜魚～,239,,已校,
4731,柳條,,lau5 tiu4*2,,指條狀花紋：～府綢｜開～布,239,,已校,
4732,柳條箱,,lau5 tiu4*2 soeng1,,柳條編成的箱子,239,,已校,
4733,柳橙,,lau5 caang4*2,,甜橙的一種,239,,已校,
4734,柳肉,,lau5 juk6,,豬羊牛的脊部肉，北京叫“外脊”：豬排要用～整,239,,已校,
4735,窶𥥷,,lau5 dau6*2,,地方狹小、破爛、骯髒 ‖ 集韵侯韵有“寠”，郎侯切：“甌寠，猶抔摟也。”又作“窶”。𥥷，集韵侯韵大透切：“陷也。”今口語音略有變讀,239,,已校,
4736,留口,,lau3 hau2,,結巴，説話時愛重復字 ‖ 留，廣韵宥韵力救切：“宿留，停待也。宿音秀。”本應讀陽去，此處變讀陰去,239,,已校,
4737,留口留舌,,lau3 hau2 lau3 sit6,,形容説話結巴,239,,已校,
4738,留口佬,,lau3 hau2 lou2,,指説話結巴的人,239,,已校,
4739,遛花蹄,,lau3 faa1' tai4*2,,騎馬跑碎步 ‖ 也説“跑花蹄 paau2 faa1' tai4*2”,239,,已校,
4740,嘍,,lau3,,①招攬，哄：～佢去同我買野｜太貴嘞，等我～下佢｜～生意<兜生意>｜～打<找打架> ②邀約：～佢去睇戲｜你今晚～嗰班人來喇｜～埋你一齊做｜聽日去游水，～埋佢喇｜～人玩 ③喚（鷄、狗等）：～狗來食屎｜～鷄來喂佢 ‖ 廣韵厚韵郎斗切：“連嘍，煩貌。”嘍，古次濁上聲，今口語變讀陰去,239,,已校,
4741,僂婄,,lau6 pau6,,①衣着臃腫，肋脦：乜你咁～啊 ②舉止粗笨 ‖ 僂，廣韵侯韵廬侯切：“僂佝，短醜貌。”婄，集韵厚韵普後切：“婄𡝦，婦人肥貌。”又薄口切,239,,已校,
4742,漏,,lau6,,①泄出：個桶～水｜～乾｜～口水｜補～｜接～ ②遺漏：名單～咗佢個名｜文章～咗好幾個字 ③泄漏：走～咗消息,239,,已校,
4743,漏,,lau6*2,,漏斗：油～<灌油用的漏斗>｜酒～,239,,已校,
4744,漏夜,,lau6 je6,,連夜：～走返屋企,239,,已校,
4745,漏氣,,lau6 hei3,,①充氣之物泄氣 ②做事拖拉、磨蹭（指人）：也你咁～㗎,239,,已校,
4746,周支無日,,zau1' zi1' mou4 jat6,,無日無夜，整天整夜（支即時辰）：～都喺處睇書 ‖ 或曰，這是“終朝每日”的音變,240,,已校,
4747,周至,,zau1' zi3,,①周正，整齊：打扮得咁～ ②周到，周全,240,,已校,
4748,周時,,zau1' si4,,經常，常常，時常：我～見到佢㗎！ ‖ 也説“遇時 jyu6 si4”,240,,已校,
4749,周身,,zau1' san1',,渾身，滿身：～㤢<坐立不定>丨～痕丨～刀，冇把利<什麼都懂得一點，但都不精>丨～八寳丨～匪類丨～癮,240,,已校,
4750,周身屎,,zau1' san1' si2,,喻惹了一身麻煩事：攪到我～,240,,已校,
4751,周身事幹,,zau1' san1' si6 gon3,,形容人愛生事,240,,已校,
4752,周身蟻,,zau1' san1' ngai5,,喻惹了一身麻煩，招來是非,240,,已校,
4753,周身匪類,,zau1' san1' fei2 leoi6*2,,駡人行爲粗賤下流,240,,已校,
4754,周身癮,,zau1' san1' jan5,,形容人什麼都想試一試但什麼也做不成,240,,已校,
4755,周身八寳,,zau1' san1' baat3 bou2,,形容人很有辦法，很有計謀,240,,已校,
4756,周年旺相,,zau1' nin4 wong6 soeng3,,常年興旺，過年時祝頌别人的套話，也寫在紅紙上，春節時貼在門口,240,,已校,
4757,周通尺,,zau1' tung1' cek3,,泥水匠用的尺的舊稱 ‖ 也叫“師傅尺 si1' fu6*2 cek3”,240,,已校,
4758,周紥,,zau1' zaat3,,裝束緊湊，動作輕盈、矯健：個武生好～,240,,已校,
4759,啾唧,,zau1' zat1,,心緒煩亂：個心好～,240,,已校,
4760,走,,zau2,,①跑：佢～起來好快嘅丨～拫[hɐŋ˨˩] 啲<跑快點>丨～埠 ②離開：佢～咗未啊？ ——佢重未～丨～人 ③泄漏，失去，錯過：～鷄丨～氣丨～水丨～火丨～電 ④過：～油 ⑤躲避，逃避：～難丨～飛機丨～兵遇到賊丨～火燭 ⑥婉辭。指小孩夭折：佢個細仔～咗 ⑦改變或失去原樣：～樣丨～味,240,,已校,
4761,走馬樓,,zau2 maa5 lau4*2,,在一樓大廳上面，環繞大廳的一圈走廊兼房間，由廊上可俯視下面。舊時的番攤館多采用這種建築格局,240,,已校,
4762,走咗,,zau2 zo2,,婉辭。（小孩）夭折：阿祥個仔～咯，唔喺處咯！,240,,已校,
4763,走雨罅,,zau2 jyu5 laa3,,鑽下雨天的空子，趁下雨間歇時趕路,240,,已校,
4764,走債,,zau2 zaai3,,避債，躲債,240,,已校,
4765,走街,,zau2 gaai1,,舊時指店鋪中負責買賣、接貨的人 ‖ 也叫“跑街 paau2 gaai1”,240,,已校,
4766,走鷄,,zau2 gai1,,①走脱，逃脱：畀佢走甩鷄丨捉唔到佢，走咗鷄咯 ②錯過機會，失掉時機：走大鷄<失掉大好機會>丨你早啲來買，唔好～丨呢次又畀佢走咗鷄,240,,已校,
4767,走鬼,,zau2 gwai2,,小販用語。躲警察：阿乜～跌死咗,240,,已校,
4768,走味,,zau2 mei6,,氣味消失，跑味兒：香水走咗味丨啲藥水走晒味，都唔用得咯,240,,已校,
4769,走記,,zau2 gei3,,走人，離去（俗稱）：喂，好～喇<該走啦> ‖ 記，虛化字,240,,已校,
4770,走埠,,zau2 fau6,,跑江湖 ‖ 也説“走江湖 zau2 gong1' wu4”,240,,已校,
4771,走頭,,zau2 tau4,,離開，走開 ‖ 也説“走人”,240,,已校,
4772,走後門,,zau2 hau6 mun4*2,,通過私人關係辦事,240,,已校,
4773,走油,,zau2 jau4,,跑味兒，失去原有的味道：啲鹹魚𠠝開嘅，走咗油，冇咁好味,241,,已校,
4774,走油,,zau2 jau4*2,,①菜肴在烹飪之前，先用熱油略炸一下，然後再炖或燜：～田鷄腿 ②（有油的食物）失去光澤，變得又乾又硬：月餅～嘞，唔好食嘞！,241,,已校,
4775,走路,,zau2 lou6*2,,逃跑,241,,已校,
4776,走水,,zau2 seoi2,,豬、牛等大牲畜發情期錯過了：走咗水就唔配得咯,241,,已校,
4777,走水客,,zau2 seoi2 haak3,,單幫商人 ‖ 也叫“水客”,241,,已校,
4778,走單,,zau2 daan1,,指在飯館吃完飯不付賬即溜走,241,,已校,
4779,走趲,,zau2 zaan3*2,,①可以活動的時間：你早啲講我知，我都有啲～啊，唔使咁逼喇 ②活動的地方：呢間屋太窄，冇啲～ ③活動，周轉：你早啲講我知，我都冇時間～呀 ‖ 趲，廣韵翰韵則旰切：“散走”,241,,已校,
4780,走人,,zau2 jan4,,離去，走開：開完會我都～嘞｜就來開車嘞！快～喇 ‖ 也説“跙人 ze2 jan4”,241,,已校,
4781,走運,,zau2 wan6,,有好運：佢走正桃花運咯,241,,已校,
4782,走片,,zau2 pin3*2,,跑片子。放電影時，一部片子同時輪流在各影院放 ‖ 舊時説“走畫 zau2 waa6*2”,241,,已校,
4783,走兵遇着賊,,zau2 bing1' jyu6 zoek6 caak6,,熟語。喻逃掉一難又遇一難,241,,已校,
4784,走警報,,zau2 ging2 bou3,,遇到空襲時，逃避敵人的飛機,241,,已校,
4785,走樣,,zau2 joeng6*2,,變形，不是原樣：個裁縫佬真唔好手勢，將我件衫做成噉，條領走咗樣，上歪咗,241,,已校,
4786,走紅,,zau2 hung4,,走紅運，好運到來：佢家下～咯！,241,,已校,
4787,走白地咁走,,zau2 baak6 dei6 gam3 zau2,,熟語。形容人都逃光：啲人～,241,,已校,
4788,走趯,,zau2 dek3,,奔走，跑腿：等我自己去喇，唔使佢～咁辛苦咯 ‖ 趯，廣韵錫韵他歷切：“跳貌。”古透母字，今變讀如端母,241,,已校,
4789,酒,,zau2,,①一種含乙醇的飲料：飲～｜燒～｜啤～ ②酒席：和事～<爲調停糾紛而擺的酒席>｜滿月～｜新婦～<喜筵>｜入伙～<爲新屋落成而設的筵席>,241,,已校,
4790,酒渣,,zau2 zaa1,,糯米甜酒的渣，有的地方叫“酒釀、醪糟”，北京叫“江米酒”：～煮鷄蛋,241,,已校,
4791,酒米鋪,,zau2 mai5 pou3,,舊時賣酒和米的店鋪，兼賣酒糟,241,,已校,
4792,酒使,,zau2 sai2,,辦吉慶事時請的幫廚，做雜事兼跑腿,241,,已校,
4793,酒尾,,zau2 mei5,,瓶中（或罎中）剩下的不多的酒,241,,已校,
4794,酒樓,,zau2 lau4,,飯店，供顧客吃飯及宴飲的處所,241,,已校,
4795,酒漏,,zau2 lau6*2,,灌酒用的漏斗,241,,已校,
4796,酒潞,,zau2 lau6*2,,量酒的用具，有長柄，便於從酒罎中取酒 ‖ 潞，同音字,241,,已校,
4797,酒糟鼻,,zau2 zou1' bei6,,紅鼻子，一種病,241,,已校,
4798,酒糟撈,,zau2 zou1 lou1',,一種鷄飼料 ‖ 也叫“鷄糟 gai1 zou1'”,241,,已校,
4799,酒銚,,zau2 diu6,,盛酒的陶器：搵個～來浸酒喇<以藥物泡酒> ‖ 銚，廣韵嘯韵徒吊切：“燒器”,241,,已校,
4800,酒店,,zau2 dim3,,飯店，賓館,241,,已校,
4801,酒辦,,zau2 baan6*2,,樣品酒，包裝和原酒一樣，只是縮小比例,242,,已校,
4802,酒垽,,zau2 ngan6,,酒底子，酒中的沉澱物 ‖ 垽，廣韵焮韵吾靳切：“爾雅曰澱謂之垽”,242,,已校,
4803,酒樽,,zau2 zeon1,,酒瓶,242,,已校,
4804,酒餅,,zau2 beng2,,製酒用的麯,242,,已校,
4805,酒埕,,zau2 cing4,,酒罎子 ‖ 埕，俗字,242,,已校,
4806,酒釀,,zau2 noeng6*2,,江米酒，連渣一起吃的甜酒 ‖ 也叫“糯米甜酒 lo6 mai5 tim4 zau2”,242,,已校,
4807,酒廠,,zau2 coeng2,,舊時辦喜事搭的棚子：搭個～來擺酒，阿陳個仔娶老婆喎,242,,已校,
4808,酒盅,,zau2 zung1,,有蓋的溫酒器，中間盛熱水,242,,已校,
4809,酒凹,,zau2 nap1,,面頰上的酒窩兒 ‖ 凹，訓讀字,242,,已校,
4810,酒腳,,zau2 goek3,,①剩菜，多指酒席上的剩菜 ②酒杯中喝剩的酒底子,242,,已校,
4811,皺紙,,zau3 zi2,,皺紋紙,242,,已校,
4812,縐紗,,zau3 saa1',,一種絲織品：～蚊帳｜～做面嘅棉衲,242,,已校,
4813,袖,,zau6,,衣袖：長～｜短～｜件衫冇～嘅｜衫～,242,,已校,
4814,袖口,,zau6 hau2,,衣袖的邊緣,242,,已校,
4815,袖口鈕,,zau6 hau2 nau2,,袖扣兒,242,,已校,
4816,袖口貼,,zau6 hau2 tip3,,袖口上的貼邊 ‖ 也叫“袖貼”,242,,已校,
4817,就,,zau6,,①動詞。A）湊近，靠近：你去～佢就得，佢唔～你｜呢次我～你嘅啫！B）遷就，將就：～下佢喇｜相～喇｜我都下晒氣嘅嘞，～晒嘅喇！C）趁着（當前的便利）：～近｜～手 ②副詞。A）表示在很短的時間以内：唔使急，我～來嘅嘞｜佢～會到呢處嘅嘞，唔使催佢喇 B）表示事情發生得早或結束得早：我早～提醒過佢咯｜佢前年～畢咗業嘅嘞 C）表示前後事情緊接着：執好行李～走｜食飽飯～運動唔好㗎 D）表示在某種條件或情况下自然怎麼樣：你想去～去喇｜到時你唔來，我～唔等你嘅噃！E）表示對比起來數目大、次數多、能力强等：一個月工資你幾日～使清光点得吖？｜呢本書佢睇咗十日至睇完，我兩日～睇完嘞 F）放在兩個相同的成分之間，表示容忍：十文～十文喇，我都費事講價嘞 G）表示原來或早已是這樣：本來定價～咁多，冇得減嘅嘞｜佢生成～係咁矮細，唔會長高嘅 H）僅僅，只：今日～我一個人值班 I）表示堅決：～噉喇，唔好再講嘞 J）表示事實正是如此：呢間～係佢嘅學校嘞,242,,已校,
4818,就假,,zau6 gaa2,,是假的，是假事，是假話：唔想～｜唔食～｜唔歡喜～｜好食～<並不好吃>｜好靚～<並不好看>,242,,已校,
4819,就話,,zau6 waa6,,近情合理，説得過去：你來坐下～啫，買咁多野來，我点過得意吖<你來坐坐還罷了，買那麼多東西來，我怎麼能過意得去呢>！,242,,已校,
4820,就至,,zau6 zi3,,副詞。剛才：你有過海冇呀？ ——我～過海來,242,,已校,
4821,就來,,zau6 lai4,,副詞。馬上，快要：隻船～開身嘞｜佢～結婚嘅嘞！,242,,已校,
4822,就係,,zau6 hai6,,①連詞。即使：～你唔講，我亦知 ②就是：呢個～佢個妹 ③表示堅決：我～唔信佢！,242,,已校,
4823,就手,,zau6 sau2,,①方便，在手邊：放野放得～至好啊 ②順利：事情好～｜發財～<吉利話>｜添丁～<吉利話>,242,,已校,
4824,就近,,zau6 gan6,,在近處：唔好去咁遠咯，～搵醫生睇喇,242,,已校,
4825,就算,,zau6 syun3,,①辦事順利，事事如意：呢件事都算～｜今年我都算好彩，樣樣都幾～ ②連詞。即使：～佢好食，我都唔歡喜食,243,,已校,
4826,就正,,zau6 zing3,,副詞。剛剛，方才：我～返到<我才回到這兒>,243,,已校,
4827,抽,,cau1',,①把夾在中間的東西取出：～獎｜～簽｜～水｜◇～身 ②由全部取出一部分：～查｜～考｜～時間 ③扣（球），抽打：～波｜～□□[eŋ˥ ɔŋ˨]抽陀螺 ④收縮：～筋,243,,已校,
4828,抽紗,,cau1' saa1',,一種手工藝：～手巾仔｜～枱布,243,,已校,
4829,抽油,,cau1' jau4*2,,①舊時多指“生抽”（淺色醬油） ②醬油的總稱，包括“老抽”和“生抽”,243,,已校,
4830,抽水,,cau1' seoi2,,抽頭，打牌時，勝者抽些錢出來請客。又指賭徒聚賭時抽錢給賭頭,243,,已校,
4831,抽身抽勢,,cau1' san1' cau1' sai3,,①要離開貌：～，發腳就行 ②脱身，擺脱家務：你叫我去咩，我要～至行得吖｜～，唔輕易去得,243,,已校,
4832,抽行水,,cau1' haang4 seoi2,,地方惡霸在水路要道勒索船隻,243,,已校,
4833,秋茄,,cau1' ke4*2,,秋天成熟的茄子，圓形,243,,已校,
4834,秋後扇,,cau1' hau6 sin3,,比喻過時之物，被拋棄的人：你家下當我～，唔要我咯｜過後媒人～<熟語>,243,,已校,
4835,秋老虎,,cau1' lou5 fu2,,喻立秋前後、七八月間的熱天氣,243,,已校,
4836,秋燥,,cau1' cou3,,秋天的乾燥天氣：而家～，食啲炖香蕉潤下肺,243,,已校,
4837,秋蟬,,cau1' sim4,,蟬，知了,243,,已校,
4838,秋色,,cau1'*1 sik1,,一種民間傳統的巡行表演，乘神誕日（洪聖水神生日）出遊以慶祝,243,,已校,
4839,搊,,cau1',,①扶起來，略抬起：佢跌落地下，你～起佢喇｜～起張枱 ②量詞。串，束，嘟嚕：一～菩提子｜一～荔枝｜一～鎖匙 ③端起：～起個煲喇 ④揪，拽：～佢來｜鞋～<鞋拔子> ‖ 廣韵尤韵楚鳩切：“手搊”,243,,已校,
4840,搊後腳,,cau1' hau6 goek3,,抓辮子，抓住别人話中把柄，找岔子：唔好亂𡀾[ŋɐp˥]<説>噃，顧住佢搊你後腳喎｜畀人～,243,,已校,
4841,搊硬,,cau1' ngaang6,,①緊緊扶住：～佢，唔好畀佢跌倒 ②打架時，抄起對手的腳：～佢,243,,已校,
4842,搊掅,,cau1' cing3,,挑眼，挑剔 ‖ 掅，廣韵徑韵千定切：“捽也”,243,,已校,
4843,搊痛腳,,cau1' tung3 goek3,,抓住弱點：唔好畀人～ ‖ 也説“揸痛腳 zaa1' tung3 goek3”或“捉痛腳 zuk1 tung3 goek3”,243,,已校,
4844,煪,,cau1',,①煙熏，火灼：煙～眼｜我隻眼畀煙～親 ②水蒸氣灼：隻手畀汽～親 ‖ 集韵尤韵將尤切：“火貌。”古精母字，今口語讀如清母,243,,已校,
4845,酬神,,cau4 san4,,還願，謝神 ‖ 也説“還神 waan4 san4”,243,,已校,
4846,綢,,cau4*2,,綢子,243,,已校,
4847,綢仔,,cau4*2 zai2,,綢子,243,,已校,
4848,綢零,,cau4*2 ling4*2,,做裹子用的薄綢子,243,,已校,
4849,疇先,,cau4 sin1',,剛才，方才,243,,已校,
4850,籌,,cau4,,量詞。遍：我讀咗一～咋<我只念了一遍>丨呢本書我睇咗五～,244,,已校,
4851,丑生,,cau2 sang1,,丑角,244,,已校,
4852,丑腳,,cau2 goek3,,丑角，分男、女丑,244,,已校,
4853,醜,,cau2,,①羞耻：怕～丨知～丨唔知～ ②羞辱，使羞：～死<羞死了>丨～下佢<刮臉皮羞他> ③壞：～脾氣丨～人丨唔知好～ ④難看：～樣丨～怪,244,,已校,
4854,醜怪,,cau2 gwaai3,,①難看：生得咁～丨件衫好～ ②難爲情：我覺得好～,244,,已校,
4855,醜死鬼,,cau2 sei2 gwai2,,羞死人,244,,已校,
4856,醜人,,cau2 jan4,,①壞人：佢好人定～呀？丨一個做好人，一個做～<做好做歹> ②挨駡的：搵我來做～嗱？我唔䎺<拿我當挨駡的，我不幹>！,244,,已校,
4857,醜樣,,cau2 joeng6*2,,不好看，長得難看：佢生得好～丨呢件衫幾～,244,,已校,
4858,醜甩耳仔,,cau2 lat1 ji5 zai2,,好羞，羞死了。多説小孩,244,,已校,
4859,䠗,,cau5,,崴（腳）：～親隻腳丨～歪筋丨～～下<走路不穩貌> ‖ 廣韵幼韵丘謬切：“䠗蹌，行貌。”訓讀字,244,,已校,
4860,臭,,cau3,,①（氣味）難聞：～氣丨～狐 ②使人厭惡的：～品丨～口爛舌,244,,已校,
4861,臭火𤓓,,cau3 fo2 lo3,,①煙火進入食物的氣味，食物燒焦味：啲水～嘅丨啲飯～𡃴 ②燒布、木等的氣味，烤濕布、濕柴的氣味 ‖ 𤓓，俗字,244,,已校,NA：用例中“𡃴”在原書中作詞頭時用“𪡷”。
4862,臭𤓓,,cau3 lo3,,煙火進入食物的氣味：啲粥～咗喇,244,,已校,
4863,臭屎密𰃴<⿱冖贛>,,cau3 si2 mat6 kam2,,家醜不可外揚 ‖ 𰃴<⿱冖贛>，集韵感韵古禫切：“蓋也。”古見母，今口語讀如溪母,244,,已校,
4864,臭狐,,cau3 wu4,,腋下狐臭味,244,,已校,
4865,臭屁醋,,cau3 pei3 cou3,,家釀的一種醋，味臭而有營養 ‖ 也叫“臭腳醋 cau3 goek3 cou3”,244,,已校,
4866,臭屁𱿴,,cau3 pei3 laat3,,能散發臭氣的一種昆蟲，北方叫“臭大姐”,244,,已校,
4867,臭臭䑁䑁,,cau3 cau3 uk1 uk1,,腐臭味，霉味 ‖ 也説“䑁䑁臭臭”。䑁，集韵屋韵烏谷切：“膏䐈也。”䐈又寫作“膱”。膱，廣韵職韵韵之翼切：“油敗”,244,,已校,
4868,臭口,,cau3 hau2,,言出傷人：佢好～嘅,244,,已校,
4869,臭口爛舌,,cau3 hau2 laan6 sit6,,開口就駡人,244,,已校,
4870,臭油䭞,,cau3 jau4 jik1,,油類變壞的氣味 ‖ 䭞，集韵昔韵夷益切：“飯壞曰䭞”,244,,已校,
4871,臭到蔫,,cau3 dou3 jin1',,臭極 ‖ 蔫，廣韵仙韵於乾切：“物不鮮也”,244,,已校,
4872,臭草,,cau3 cou2,,一種草，可以煮綠豆吃，清涼解毒，有特殊氣味。有人稱之爲香草,244,,已校,
4873,臭水,,cau3 seoi2,,來蘇水的俗稱，用以消毒,244,,已校,
4874,臭品,,cau3 ban2,,①脾氣不好，不愛答理人：賣野嘅咁～嘅 ②品行不端,244,,已校,
4875,臭丸,,cau3 jyun4*2,,衛生球的俗稱，北京叫“臭球兒”,244,,已校,
4876,臭崩天,,cau3 bang1' tin1',,極言其臭,244,,已校,
4877,臭崩崩,,cau3 bang1' bang1',,臭烘烘,244,,已校,
4878,臭𣫒𣫒,,cau3 hang1' hang1',,臭氣撲鼻貌 ‖ 𣫒，集韵耕韵丘耕切：“不可近也”,244,,已校,
4879,臭青,,cau3 ceng1',,青菜類未熟的味道：啲黄瓜食起來有～噃，未熟啊,244,,已校,
4880,臭黄薑,,cau3 wong4 goeng1,,甘薯有病蟲害的一種辣味：啲番薯～嘅,244,,已校,
4881,臭𪒬,,cau3 nong1',,飯燒焦變味：啲飯～嘅 ‖ 𪒬，集韵鐘韵尼容切：“𪒒𪒬，黑甚”,244,,已校,
4882,臭蟲香,,cau3 cung4 hoeng1',,花生、番薯、烏欖等被蟲蛀過的氣味：啲番薯～嘅,245,,已校,
4883,臭胺,,cau3 aat3,,尿臊氣：廁所好～ ‖ 也叫“臭尿胺 cau3 niu6 aat1”。胺，廣韵曷韵烏葛切：“肉敗臭”,245,,已校,
4884,湊,,cau3,,①同，和：我～你去喇丨你～埋阿三去睇戲喇 ②接，送：～佢返屋企<接他回家> ③決定（和“來”連用）：睇來～<看着辦>丨做來～<幹着瞧>丨放穩陣啲來～<穩當些來幹> ④看，帶（孩子）：～細路哥丨～阿蝦丨～仔 ‖ ④同音字,245,,已校,
4885,湊姑仔,,cau3 gu1 zai2,,替人看小孩,245,,已校,
4886,湊仔婆,,cau3 zai2 po4*2,,替人帶小孩的女人,245,,已校,
4887,湊啱,,cau3 ngaam1,,趕巧，湊巧,245,,已校,
4888,湊腳,,cau3 goek3,,（打牌）湊夠人手：爭一個人唔打成，佢夾硬掹我～,245,,已校,
4889,收,,sau1',,①收藏，（由外面）收回：～埋佢丨落雨咯，～衫啊 ②管制，制服：～人丨冇～丨～掂佢<把他收服> ③取自己有權取的東西或原來屬於自己的東西：～返呢本書，唔畀佢丨～税丨～租丨没～ ④獲得（經濟利益）：～入丨～益 ⑤接受，容納：～留丨～徒弟 ⑥約束，控制（感情或行動）：～心丨～手丨～聲 ⑦結束，停止：～工丨～筆丨～綫丨～科丨～檔,245,,已校,
4890,收磨,,sau1' mo4,,舊時指折磨：～人丨唔好～隻貓咯！,245,,已校,
4891,收科,,sau1' fo1,,收場，了結：攪成噉，睇你點～丨噉点～啊<這樣如何是了呀>,245,,已校,
4892,收埋,,sau1' maai4,,①收拾起來，收好：你～碗碟唔曾？——已經～咯 ②收藏，藏起來：～啲餅，唔畀佢食,245,,已校,
4893,收買,,sau1' maai5,,①收購：～爛銅爛鐵 ②賄賂别人，使其爲己所用,245,,已校,
4894,收買佬,,sau1' maai5 lou2,,收舊貨的，北京叫“打鼓兒的”,245,,已校,
4895,收規,,sau1' kwai1,,非正當地收取營業保護費：舊時大天天二就～嘞,245,,已校,
4896,收尾,,sau1' mei5*1,,最後，後來，指時間,245,,已校,
4897,收尾科,,sau1' mei5 fo1,,①最後的一場戲：呢齣戲係～嘅喇 ②結束，完了：食埋呢次荔枝就～嘅喇,245,,已校,
4898,收枱,,sau1' toi4*2,,指賭局散了,245,,已校,
4899,收收併併,,sau1' sau1' beng3 beng3,,（將物品錢財等）暗藏起來，不使人知，指人吝嗇,245,,已校,
4900,收手,,sau1' sau2,,①住手：收下手喇，唔好打咯 ②洗手不幹：我都～唔做咯,245,,已校,
4901,收肚,,sau1' tou5,,腹部縮小：細路仔到一歲幾至～,245,,已校,
4902,收數,,sau1' sou3,,（商家）收賬，收回債户欠的錢,245,,已校,
4903,收心,,sau1' sam1',,①收回念頭：我買咗幾次都買唔到，我都～唔買嘞 ②靜心：我唔去玩咯，收晒心來讀書,245,,已校,
4904,收𰃴<⿱冖贛>,,sau1' kam2,,①收藏：將啲野～好丨好會～嘅<不想讓人看見> ②會收藏：呢個人好～嘅,245,,已校,
4905,收掂,,sau1' dim6,,收拾，制服：個細路仔咁頑皮，等我～佢丨我有辦法～佢,245,,已校,
4906,收慢火,,sau1' maan6 fo2,,使火力減弱：煲藥要～至得<煎藥要小火才行>,245,,已校,
4907,收山,,sau1' saan1,,①（土皇帝、土匪）洗手不幹 ②（妓女）不再幹,245,,已校,
4908,收人,,sau1' jan4,,管制人，制服人：佢～收得好緊要㗎<他管制人可利害哪>,245,,已校,
4909,收綫,,sau1' sin3,,掛斷（電話）：我都未講完，電話就～嘞,246,,已校,
4910,收盤,,sau1' pun4*2,,商店停業,246,,已校,
4911,收行水,,sau1' haang4 seoi2,,地方惡霸之流勒索水路旅客,246,,已校,
4912,收藤,,sau1' tang4,,拉秧，蔓生蔬菜類生長期結束，清除枯蔓,246,,已校,
4913,收聲,,sau1' seng1',,住聲，住嘴：唔好喊，～喇<别哭了，住聲吧>,246,,已校,
4914,收檔,,sau1' dong3,,①收攤兒，暫時停止營業 ②比喻不幹了,246,,已校,
4915,收工,,sau1' gung1,,下班，多用於工人,246,,已校,
4916,收拾,,sau1' sap6,,①整理東西 ②整治人，給人吃苦頭：等我～下你至得,246,,已校,
4917,收熱頭,,sau1' jit6 tau4*2,,太陽下山，日落：～未呀？,246,,已校,
4918,修修悠悠,,sau1' sau1' jau4 jau4,,從容不迫，悠然：食野要～食 ‖ 修，同音字,246,,已校,
4919,修修散,,sau1' sau1' saan2,,披散、鬆散貌 ‖ 修，同音字,246,,已校,
4920,修橋整路,,sau1' kiu4 zing2 lou6,,舊時指做善事：做善事就～嘞,246,,已校,
4921,修簽,,sau1' cim1,,拜神求神簽以卜吉凶,246,,已校,
4922,修整,,sau1' zing2,,修理：～水喉丨～錶,246,,已校,
4923,羞人,,sau1' jan4,,蒙羞，出醜：佢叫我做戲，都幾～噃！,246,,已校,
4924,仇家,,sau4 gaa1,,仇人：你有～嘅呢？,246,,已校,
4925,仇口,,sau4 hau2,,仇恨，仇𨻶：你同佢又有～啊，点解攪成噉樣？,246,,已校,
4926,愁默默,,sau4 mak6 mak6,,愁悶不語貌,246,,已校,
4927,手,,sau2,,①人體上肢前端能拿東西的部分 ②量詞。A）把，用於打牌：呢～牌都幾正<這把牌還可以> B）批：呢～穀唔好，好多䒦[pʻan˧]嘅<很多秕穀>丨呢～菜唔好<這批菜不好> C）下：上幾～鏈<上幾下發條> D）種：呢～野<這種玩意兒> E）筆：有五～成交<有五筆成交，指生意> F）用於技能、本領等：有兩～丨佢有幾～野<他有幾下子武功> ③小巧而便於拿的：～袋丨～熏丨～信丨～搊丨～照,246,,已校,
4928,手爬爬,,sau2 paa4 paa4,,手亂動，亂抄亂翻：咪喺處～咁亂抄,246,,已校,
4929,手揸,,sau2 zaa1,,食品名，大米炒熟磨粉，加水、油、糖、芫荽拌匀，用手抓成一塊塊即食,246,,已校,
4930,手瓜,,sau2 gwaa1,,上節胳膊（手肘以上部分）：～硬丨拗～<掰腕子> ‖ 也叫“手臂瓜 sau2 bei3 gwaa1”,246,,已校,
4931,手瓜起腱,,sau2 gwaa1 hei2 zin2,,胳膊很粗壯，喻强有力、利害 ‖ 腱，訓讀字,246,,已校,
4932,手瓜硬,,sau2 gwaa1 ngaang6,,胳膊粗壯，喻有雄厚的實力,246,,已校,
4933,手瓜囊,,sau2 gwaa1 nong4*1,,上臂的腱子肉,246,,已校,
4934,手車,,sau2 ce1,,舊時指人力車、黄包車 ‖ 現在叫“車仔 ce1 zai2”,246,,已校,
4935,手瘸,,sau2 koe4,,①因風癱病，手不能動 ②手因凍僵或因抽筋而不能動：冷到～,246,,已校,
4936,手多,,sau2 do1',,好動東西（貶義），北京説“手欠”：乜你咁～嘅 ‖ 也説“手多多”,246,,已校,
4937,手指,,sau2 zi2,,手指頭：十隻～有長短<熟語>丨～拗入唔拗出<自己人向着自己人>丨～指到鼻<指着人的鼻子駡>,246,,已校,
4938,手指罅,,sau2 zi2 laa3,,手指縫兒：飛唔過我～<逃不出我手心>,246,,已校,
4939,手指罅疏,,sau2 zi2 laa3 so1',,形容人存不下錢，錢到手就花光,246,,已校,
4940,手指腡,,sau2 zi2 lo4,,圓形的手指紋,247,,已校,
4941,手指尾,,sau2 zi2 mei5*1,,小手指 ‖ 也叫“手指孻 sau2 zi2 laai1”,247,,已校,
4942,手指拗出,,sau2 zi2 au3 ceot1,,心向着外人，不向着自己人，北京説“胳膊肘朝外拐”,247,,已校,
4943,手指模,,sau2 zi2 mou4,,指紋印,247,,已校,
4944,手指公,,sau2 zi2 gung1',,大拇指,247,,已校,
4945,手指綟,,sau2 zi2 lit3,,手指節,247,,已校,
4946,手大腳大,,sau2 daai6 goek3 daai6,,手腳長得粗大（與“大手大腳”義不同）,247,,已校,
4947,手乖,,sau2 gwaai1',,手巧：佢好～㗎，做衫做得幾好樣,247,,已校,
4948,手勢,,sau2 sai3,,技藝，手藝：佢裁衫好～嘅｜你煮餸啲～真係好｜聽日請你試下我啲～,247,,已校,
4949,手藝,,sau2 ngai6,,事情，工作：而家有乜～｜搵啲牌打下，過下～喇,247,,已校,
4950,手臂鈪,,sau2 bei3 aak3*2,,戴在手肘以上的鐲子 ‖ 鈪，俗字,247,,已校,
4951,手尾,,sau2 mei5,,①未做完的事，剩下的活兒：執～｜佢做野好～<做事不留尾巴>｜有～｜冇～｜我要做埋啲～至得 ②麻煩事：～長嘞<麻煩事可多了>,247,,已校,
4952,手氣,,sau2 hei3,,①運氣，多用於打牌、賭博等：佢打牌好～ ②手上的氣味：啲蒲桃畀人摸過晒，有～嘅喇,247,,已校,
4953,手袋,,sau2 doi6*2,,女人用的小皮包（和錢包不同）,247,,已校,
4954,手骹,,sau2 gaau3,,手腕子 ‖ 也説“手靿 sau2 aau3”,247,,已校,
4955,手頭緊,,sau2 tau4 gan2,,手邊缺錢用 ‖ 也説“手困”或“困手”,247,,已校,
4956,手頭鬆,,sau2 tau4 sung1',,①手頭有錢，錢較爲寬裕：佢家下手頭都鬆啲嘅，你問佢借錢喇 ②花錢隨便,247,,已校,
4957,手搊,,sau2 cau1,,①有挽手的袋子（紙的、塑料的），軟質的提籃 ②藤籃子 ‖ 搊，廣韵尤韵楚鳩切：“手搊。”又見集韵：“博雅搊拘也”,247,,已校,
4958,手做口到,,sau2 zou6 hau2 dou3,,收入僅夠糊口：搵咁多食咁多，～係喇<僅夠吃就是了>,247,,已校,
4959,手鐐,,sau2 liu4,,舊時手指銬 ‖ 也叫“手銬 sau2 kaau3”,247,,已校,
4960,手照,,sau2 ziu3,,燭臺，錫製或瓦製的,247,,已校,
4961,手𲺘<⿰⺼枕>,,sau2 zam2,,手上長的趼子 ‖ 也叫“手板𲺘<⿰⺼枕> sau2 baan2 zam2”,247,,已校,
4962,手板,,sau2 baan2,,手掌,247,,已校,
4963,手板紋,,sau2 baan2 man4*2,,手掌上的紋路：睇～,247,,已校,
4964,手板堂,,sau2 baan2 tong4,,手心,247,,已校,
4965,手板叠手背,,sau2 baan2 dip6 sau2 bui3,,形容無事可做，兩手空閑,247,,已校,
4966,手眼,,sau2 ngaan5,,手腕骨的突出部分：～好大｜～好凸,247,,已校,
4967,手紋,,sau2 man4,,整個手掌、手指的紋路的統稱：睇～,247,,已校,
4968,手熏,,sau2 fan1,,燒炭取暖用的銅質手提爐，有小孔透氣，内貯炭，外有布套,247,,已校,
4969,手震,,sau2 zan3,,酒樓、茶室用語。小費,247,,已校,
4970,手巾仔,,sau2 gan1 zai2,,手帕，手絹兒,247,,已校,
4971,手痕,,sau2 han4,,手癢，形容人手好動，不應動而動：呢個～友來嘅，乜都要碰下 ‖ 痕，同音字,247,,已校,
4972,手困,,sau2 kwan3,,手中無錢：我家下～，冇錢買衫着 ‖ 也説“手頭緊”或“困手”,247,,已校,
4973,手信,,sau2 seon3,,見面的小禮物：我來你處連～都冇啲丨同我搭啲～去喇<替我帶些吃的去送人>,248,,已校,
4974,手鏈,,sau2 lin6*2,,女人手腕上戴的飾物：金～,248,,已校,
4975,手本,,sau2 pun2,,本義爲戲本，因唱戲的演員都有戲本，後來轉義爲拿手好戲，拿手本事：教書係你嘅～丨做生意係我嘅～,248,,已校,
4976,手本戲,,sau2 pun2 hei3,,粵劇演員的拿手好戲，又引申爲成名的代表作,248,,已校,
4977,手軟,,sau2 jyun5,,手發酸無力：寫到～丨抄書抄到～,248,,已校,
4978,手踭,,sau2 zaang1',,手肘 ‖ 踭，俗字,248,,已校,
4979,手踭肱,,sau2 zaang1' gwang1,,手肘的尖端 ‖ 肱，廣韵登韵古弘切：“臂也”,248,,已校,
4980,手停口停,,sau2 ting4 hau2 ting4,,熟語。一不幹活就没飯吃,248,,已校,
4981,手長,,sau2 coeng4,,喻人有辦法，能撈到好處：佢乜野都買到。——梗係，佢手好長㗎,248,,已校,
4982,手長腳長,,sau2 coeng4 goek3 coeng4,,喻有辦法，哪裏都夠得着,248,,已校,
4983,手爽,,sau2 song2,,出手花錢大方 ‖ 也説“疏爽 so1' song2”,248,,已校,
4984,手鬆,,sau2 sung1',,用錢隨便：阿陳好～嘅，買埋晒啲唔等使嘅野,248,,已校,
4985,手甲,,sau2 gaap3,,手指甲：剪～,248,,已校,
4986,手甲冥,,sau2 gaap3 meng4,,指甲縫 ‖ 也叫“指甲冥 zi2 gaap3 meng4”,248,,已校,
4987,手𥹉𥹉,,sau2 nap6 nap6,,手上黏糊糊的：～，快去洗喇 ‖ 𥹉，集韵洽韵昵洽切：“粘也”,248,,已校,
4988,手襪,,sau2 mat6,,手套的舊稱 ‖ 現在叫“手套 sau2 tou3”,248,,已校,
4989,手筆,,sau2 bat1,,①筆迹：呢個係某人嘅～噃 ②文章風格：呢篇文章係阿陳嘅～噃,248,,已校,
4990,手腳,,sau2 goek3,,①武功；能耐，本領：佢有兩三度～嘅噃 ②對手：佢唔係我～，我一出手佢就冧[lɐm˧]<倒塌>嘞丨你边處係佢嘅～吖！,248,,已校,
4991,手腳唔好,,sau2 goek3 m4 hou2,,手腳不乾凈，愛偷東西,248,,已校,
4992,手作仔,,sau2 zok3 zai2,,手藝人,248,,已校,
4993,守夜,,sau2 je6*2,,舊時指夜間守候死者（未入殮）,248,,已校,
4994,守門口,,sau2 mun4 hau2,,看門兒，看家：我去街，有人同我～,248,,已校,
4995,守生寡,,sau2 saang1' gwaa2,,守活寡,248,,已校,
4996,守清,,sau2 cing1',,①舊時，有的女子不願嫁人，情願嫁給鬼，到死了兒子的人家當兒媳婦，侍奉公婆，養老終身 ②女子的未婚夫死了，仍嫁往夫家：～新婦,248,,已校,
4997,首唔先,,sau2 m4 sin1',,首先,248,,已校,
4998,首尾,,sau2 mei5,,①内情，頭緒：唔知～<摸不清頭緒，不知道底細> ②始終：有～<做事有始有終>丨冇～,248,,已校,
4999,瘦,,sau3,,①脂肪少，肉少（與“肥”和“胖”相對）：～到成朋骨<瘦成一排排骨頭>丨蜢咁～<瘦得像蚱蜢>丨～佬 ②（食用的肉）脂肪少（與“肥”相對）：我唔食肥肉，凈係買～肉 ③（衣服鞋襪等）窄小（與“肥”相對）：件衫～過頭，唔着得 ④（田、地）不肥沃：～田,248,,已校,
5000,瘦貨,,sau3 fo3,,①没有油水的事物 ②無錢者,248,,已校,
5001,瘦蜢蜢,,sau3 maang2 maang2（或 mang1' mang1'）,,①人瘦得像蚱蜢，形容人很瘦 ②形容動物的肉瘦：啲豬肉～唔好食,248,,已校,
5002,瘦骨䧒柴,,sau3 gwat1 laai4 caai4,,骨瘦如柴 ‖ 䧒，集韵咍韵郎才切：“䧒隑，長貌”,249,,已校,
5003,瘦骨仙,,sau3 gwat1 sin1,,瘦猴兒，喻瘦人,249,,已校,
5004,瘦削,,sau3 soek3,,（人）瘦：乜你咁～㗎！,249,,已校,
5005,受,,sau6,,①忍受：～唔住<受不了>丨～氣丨～委屈 ②接受：送野畀佢都唔～丨唔～禮 ③理睬，接納：唔～你丨～埋你玩<容許你來玩> ④遭受：～災丨～批評丨～害丨～苦,249,,已校,
5006,受茶禮,,sau6 caa4 lai5,,舊時指女方接受男家聘禮 ‖ 也説“受茶”，俗稱“食咗人茶禮 sik6 zo2 jan4 caa4 lai5”,249,,已校,
5007,受唔起,,sau6 m4 hei2,,客套話，帶有忿懣情緒。不該消受，消受不了：你送咁多野畀我，真係～啊丨佢咁畀面，我真～<他這麼賞臉，我真是受不了>,249,,已校,
5008,受唔得,,sau6 m4 dak1,,忍受不了，吃不消：佢～氣嘅丨～苦 ‖ 也説“受唔住 sau6 m4 zyu6”,249,,已校,
5009,受難,,sau6 naan6,,受罪，遭難：佢兩個吵交，我就～喇,249,,已校,
5010,受人二分四,,sau6 jan4 ji6 fan1' sei3,,自稱給人家當伙計：～，畀人使穿鼻<給人當伙計，替人做牛馬>,249,,已校,
5011,受𧥺,,sau6 gwan3,,受愚弄，受騙：佢唔～丨唔領佢當，唔受佢𧥺 ‖ 𧥺，廣韵稕韵九峻切：“欺言”,249,,已校,
5012,受軟唔受硬,,sau6 jyun5 m4 sau6 ngaang6,,吃軟不吃硬,249,,已校,
5013,受納,,sau6 naap6,,接受：你送野畀佢，唔知佢～唔～呢！,249,,已校,
5014,受黑錢,,sau6 hak1 cin4*2,,受賄：受人黑錢<接受人家的賄賂>,249,,已校,
5015,壽靴,,sau6 hoe1,,死者入殮時穿的鞋（不分男女）,249,,已校,
5016,壽衣,,sau6 ji1,,死者入殮時穿的衣服,249,,已校,
5017,壽帶,,sau6 daai3,,老人脖子上出現的鬆皮,249,,已校,
5018,壽仔,,sau6 zai2,,笨拙的男子，不機伶、不敏捷的人,249,,已校,
5019,壽包,,sau6 baau1,,做壽酒席上的包子，多是甜餡，上印紅壽字，或印紅金錢花樣,249,,已校,
5020,壽頭壽腦,,sau6 tau4 sau6 nou5,,傻頭傻腦,249,,已校,
5021,壽桃,,sau6 tou4,,和尚化緣時送給施主的拜神用的點心。薄皮，空心，圓形，上印紅“壽”字,249,,已校,
5022,壽飯,,sau6 faan6,,舊時，老人死後“三七”時，家人用大鍋在門前煮飯（糯米、蓮子、紅棗等），煮好後封入罎中，云可以“發”。剩下的由親族分吃，叫“偷壽飯”，云可以分沾死者的福壽,249,,已校,
5023,壽錢,,sau6 cin4,,舊時老人做壽時，將制錢穿成一串串，分送小孩掛在身上，掛到繩子斷時將錢放入儲錢罐中,249,,已校,
5024,壽屏,,sau6 ping4*2,,主人做壽時，客人送的作爲壽禮的屏風,249,,已校,
5025,壽星公,,sau6 sing1' gung1',,老壽星：～吊頸，自己嫌命長<歇後語>,249,,已校,
5026,壽幛,,sau6 zoeng3,,做壽時，客人送的綢、布幛子,249,,已校,
5027,壽癦,,sau6 mak6*2,,老人臉上的壽斑 ‖ 癦，俗字,249,,已校,
5028,𤘀,,sau6,,棺材：～板丨～坊丨買～ ‖ 集韵有韵是酉切：“棺也”,249,,已校,
5029,𤘀板,,sau6 baan2,,①棺材板：執塊～ ②棺材：買個～,249,,已校,
5030,𤘀坊,,sau6 fong6,,棺材鋪,250,,已校,
5031,鳩脧,,gau1 zoe1,,小男核的生殖器 ‖ 也説“脧脧 zoe1 zoe1”、“脧仔 zoe1 zai2”或“鴣鴣 gu4 gu1”,250,,已校,
5032,鳩,,gau1',,駡人話。男陰：～～聲<滿口粗話>丨咪～去<别去> ‖ 同音字,250,,已校,
5033,鳩屎,,gau1' si2,,駡人話。好爭第一；自以爲了不起，自以爲是：佢好～㗎丨乜你咁～㗎 ‖ 也説“刁屎 diu1' si2”,250,,已校,
5034,九五,,gau2 ng6,,副詞。多半：～係瞰樣<多半是這樣>,250,,已校,
5035,九大簋,,gau2 daai6 gwai2,,舊式筵席的一種，只有九大碗菜：去食～<赴席> ‖ 也叫“九碗頭 gau2 wun2 tau4*2”,250,,已校,
5036,九里香,,gau2 lei5 hoeng1,,木本植物，其花香氣濃烈，可觀賞，也可入藥,250,,已校,
5037,九咁長,,gau2 gam3 coeng4,,猜拳用語。代表九（與“久”諧音）‖也説“九長長 gau2 coeng4 coeng4”,250,,已校,
5038,九因歌,,gau2 jan1' go1,,九九歌，乘法口訣,250,,已校,
5039,九横梯,,gau2 waang6*2 tai1,,有九級横木（或竹）的梯子，喻難對付之人，不易制服之人。又借喻不可靠之人（因梯子高，爬上易跌下來）,250,,已校,
5040,九成九,,gau2 cing4 gau2,,副詞。多半，可能性很大：～都有份略！,250,,已校,NA：現在（2020s）“成”一般讀sing4。
5041,九宮格,,gau2 gung1' gaak3*2,,一種小學生習字本：寫～,250,,已校,
5042,久時久,,gau2 si4 gau2,,不時，隔不多時：～去睇下佢 ‖ 也説“久唔久 gau2 m4 gau2”或“久不久 gau2 bat1 gau2”,250,,已校,
5043,狗,,gau2,,家畜之一：～乸丨～仔丨～牯,250,,已校,
5044,狗牙,,gau2 ngaa4*2,,狗牙形的：有啲䍇[tʻap˧] <大口罐子>嘅邊起～嘅丨鑲條～邊,250,,已校,
5045,狗屎當乾薑,,gau2 si2 dong3 gon1' goeng1',,敝帚自珍，把微不足道的東西當寳貝,250,,已校,
5046,狗牯,,gau2 gu2,,小公狗,250,,已校,
5047,狗仔,,gau2 zai2,,①小狗 ②俗指手槍,250,,已校,
5048,狗仔帽,,gau2 zai2 mou6*2,,小孩子戴的一種帽子，帽的雙耳豎起,250,,已校,
5049,狗爪芋,,gau2 zaau2 wu6,,一種芋頭，質量較次，味道不佳,250,,已校,
5050,狗爪邊,,gau2 zaau2 bin1,,漢字的偏旁，反犬旁，北京叫“犬猶兒” ‖ 也叫“戾狗邊 lai6*2 gau2 bin1”,250,,已校,
5051,狗咬狗骨,,gau2 ngaau5 gau2 gwat1,,狗咬狗，同類相鬥,250,,已校,
5052,狗竇,,gau2 dau3,,狗窩：龍牀不如～<熟語>,250,,已校,
5053,狗毛氈,,gau2 mou4 zin1,,最早是一種狗毛織成、老年人戴的帽子，現在是羊毛織的,250,,已校,
5054,狗毛蟲,,gau2 mou4 cung4,,毛毛蟲,250,,已校,
5055,狗女,,gau2 neoi5*1',,未長成的小母狗,250,,已校,
5056,狗頸,,gau2 geng2,,大樁近地面二三寸處，此段最易腐壞：～爛咗噃,250,,已校,
5057,狗蝨,,gau2 sat1,,跳蚤，北方叫“虼子”或“虼蚤”,250,,已校,
5058,枸杞,,gau2 gei2,,指枸杞的葉子，可煮湯或粥：～粥 ‖ 杞，古溪母字，今讀如見母,250,,已校,
5059,夠,,gau3,,①數量上滿足需要：～有凸丨僅僅～食丨唔～兩碗丨～五個人食丨唔～地方丨多多都唔～丨～晒<嘞<足夠了> ②達到某種程度或某一點：玩到～丨～膽丨～派丨～運丨～朋友,250,,已校,
5060,夠派,,gau3 paai3*1,,服飾舉止有派頭，贊人衣着漂亮，有氣派,251,,已校,
5061,夠來,,gau3 lai4*2,,是對手：你幾時夠我來啊？丨你同我打，你～咩<你是我的對手嗎>？,251,,已校,
5062,夠威,,gau3 wai1',,挺神氣，有威風：幾～<挺威風的>,251,,已校,
5063,夠味,,gau3 mei6,,①夠鹹：啲菜唔～嘅 ②滿意，盡興：今日玩得幾～丨我今日都唔係幾～噃<不滿足，没達到目的> ③指程度深：今日做得好～噃<辛苦>丨冷得好～<很冷>丨熱得好～<很熱>丨畀佢鬧得好～<被他駡得夠嗆>,251,,已校,
5064,夠喉,,gau3 hau4,,①滿足需要，吃夠：我都唔～丨食到佢～ ②夠嗆，夠受：做到我～喇<幹活兒幹得很累>,251,,已校,
5065,夠口福,,gau3 hau2 fuk1,,有口福：今日我地加餸，你真係～嘞！,251,,已校,
5066,夠有凸,,gau3 jau5 dat6,,超額，有富餘：夠唔夠吖？——～嘞！,251,,已校,
5067,夠數,,gau3 sou3,,湊足數目：三個夠晒數咯<有三個全夠了>,251,,已校,
5068,夠橋架,,gau3 kiu4 gaa3,,有計謀，有本領，有辦法：佢都好～嘅噃！丨你都算～噃！,251,,已校,
5069,夠水頭,,gau3 seoi2 tau4,,很有錢：佢屋企好～㗎 ‖ 也説“水頭足 seoi2 tau4 zuk1”,251,,已校,
5070,夠膽,,gau3 daam2,,有膽量：夠唔～輸賭吖<有膽量打賭嗎>？丨～就埋來<有膽子就過來>,251,,已校,
5071,夠運,,gau3 wan6,,運氣好，走運：中咗末獎都算你～丨夠唔～啊<運氣怎麼樣>？,251,,已校,
5072,夠本,,gau3 bun2,,收支相抵，得失相當：佢今日夠晒本嘞丨我去飲新婦酒，做人情做得唔多，～有凸喇<夠本尚有富餘>,251,,已校,
5073,夠徑,,gau3 gang3,,是對手：你唔夠我徑<你不是我的對手>丨～唔～？ ‖ gang3，口語音，讀書音 ging3,251,,已校,
5074,夠行頭,,gau3 haang4 tau4,,處事懂得門檻，熟悉門道，行事有章法,251,,已校,
5075,夠勁,,gau3 ging6,,真棒，帶勁兒：夠晒勁<太棒了>,251,,已校,
5076,夠秤,,gau3 cing3,,分量足，夠分量 ‖ 也説“秤頭好 cing3 tau4 hou2”,251,,已校,
5077,夠享夠長,,gau3 hoeng2 gau3 coeng2,,有錢，坐吃不用愁（略帶貶義）：你～喇，使乜做野喇,251,,已校,
5078,夠鐘,,gau3 zung1,,到預定時候，到點：～末呀？丨啱啱～丨臊蝦仔～食奶就會嘴嗒嗒嘞<嬰兒到該吃奶時就會砸嘴的>,251,,已校,
5079,夠傑,,gau3 git6,,事情亂糟糟難以收拾：攪到～嘞 ‖ 傑，同音字，濃稠,251,,已校,
5080,夠腳,,gau3 goek3,,人手夠，角色湊齊。多用於打牌,251,,已校,
5081,救火車,,gau3 fo2 ce1',,消防車的俗稱 ‖ 現在也叫“消防車 siu1' fong4 ce1'”，從前最早的名稱爲“火燭車 fo2 zuk1 ce1'”,251,,已校,
5082,救命圈,,gau3 meng6 hyun1',,水上救護用具 ‖ 也叫“救生圈 gau3 saang1' hyun1'”,251,,已校,
5083,䊆,,gau6,,量詞。塊：一～（飯、泥、石頭、木頭、餅、肉） ‖ 集韵有韵巨九切：“説文舂糗也。”糗，去久切：“説文熬米麥也”,251,,已校,
5084,舊,,gau6,,①過去的，過時的（與“新”相對）：～思想丨～時丨～年丨～日丨～情丨～世界 ②因經過長時間或經過使用而變色或變形的（與“新”相對）：～衫丨～書丨～屋丨～車 ③曾經有過的，以前的：～同事丨～老板丨～朋友丨～城丨～居丨～址,251,,已校,
5085,舊時,,gau6 si4*2,,從前，以前，過去 ‖ 也説“舊陣時 gau6 zan6 si4*2”,252,,已校,
5086,舊底,,gau6 dai2,,從前，舊時：～你重問過我嘅，点解又忘記咗？,252,,已校,
5087,舊招牌,,gau6 ziu1' paai4,,老字號，老招牌：買藥去某處買喇，佢係～啊！,252,,已校,
5088,舊年,,gau6 nin4*2,,去年：佢～來嘅 ‖ 也説“上年 soeng6 nin4”,252,,已校,
5089,舊公煙,,gau6 gung1' jin1,,存放最久的頭等的鴉片煙,252,,已校,
5090,舊日,,gau6 jat6,,以前，從前：佢係我～嘅朋友,252,,已校,
5091,勼,,kau1',,混合，攙雜：～稀啲牛奶喇｜～埋啲糖｜～沙｜～水｜將啲冷飯～匀佢再煮｜唔好就水～油<關係不好則好比水和油> ‖ 廣韵尤韵居求切：“説文聚也。”古見母字本應讀 g 聲母，今口語因忌諱 gau1' 音而變讀 k 聲母,252,,已校,
5092,勼亂,,kau6 lyun6,,攙雜，混合：唔好～啲米同豆啊,252,,已校,
5093,溝渠,,kau1' keoi4,,水溝 ‖ 也説“坑渠 haang1' keoi4”。溝，本讀 gau1'，因忌諱此音，口語變讀 kau1',252,,已校,
5094,溝渠鴨,,kau1' keoi4 aap3,,歇後語，後句“顧口唔顧身”。即只管吃，身上污泥並不在乎。喻身上穿得好壞都不顧而只顧吃的人,252,,已校,
5095,摳針,,kau1' zam1',,一種縫紉方法，即倒針。針法是直着縫，每針都在頭一針的針腳之後進針。有兩步一摳，有每步都摳,252,,已校,
5096,求其,,kau4 kei4,,①湊合着，對付着：畀唔畀錢都唔計，～有兩餐就算囉 ②隨便，不斤斤計較：～你畀幾多就幾多喇｜～畀啲佢喇,252,,已校,
5097,球,,kau4,,①指某些體育用品：打～｜水～｜籃～｜排～｜網～｜乒乓～ ②球狀物：鷄～｜香滑鱸魚～｜蝦～ ③指球類運動：～票｜～技｜睇～｜～賽｜～場 ④特指地球：全～｜東半～,252,,已校,
5098,球衣,,kau4 ji1',,打球時穿的運動衣 ‖ 也叫“波衫 bo1 saam1”,252,,已校,
5099,球鞋,,kau4 haai4,,打球時穿的運動鞋 ‖ 也叫“波鞋 bo1 haai4”,252,,已校,
5100,球票,,kau4 piu3,,球賽門票：買～ ‖ 過去叫“波飛 bo1 fei1”,252,,已校,
5101,球證,,kau4 zing3,,舊時指球類比賽的裁判：佢做～來嘅,252,,已校,NA：現在（2020s）香港依然在使用。
5102,球場,,kau4 coeng4,,打球的場地 ‖ 也叫“波場 bo1 coeng4”,252,,已校,
5103,球拍,,kau4 paak3*2,,網球拍或羽毛球拍,252,,已校,
5104,舅爺,,kau5 je4,,對妻子的哥哥的尊稱（面稱、背稱均可）,252,,已校,
5105,舅爺仔,,kau5 je4 zai2,,稱新娘的弟弟。舊式的婚禮，舅爺仔得坐青衣轎跟着新娘花轎到男家,252,,已校,
5106,舅婆,,kau5 po4,,父親或母親的舅母（面稱、背稱均可）,252,,已校,
5107,舅父,,kau5 fu6*2,,母親的兄弟（面稱、背稱均可）,252,,已校,
5108,舅奶奶,,kau5 naai4 naai2,,丈夫的舅母（面稱、背稱均可）‖ 奶奶，口語特殊變讀,252,,已校,
5109,舅仔,,kau5 zai2,,妻子的弟弟（背稱）,252,,已校,
5110,舅舅,,kau5*2 kau5*2,,舅父（面稱）,252,,已校,
5111,舅母,,kau5 mou5,,母親之兄或弟的妻子 ‖ 口語稱“妗母 kam5 mou5”,252,,已校,
5112,舅老爺,,kau5 lou5 je4,,丈夫的舅父（面稱、背稱均可）,253,,已校,
5113,舅少,,kau5 siu3,,對妻子的弟弟的尊稱（面稱、背稱均可）,253,,已校,
5114,舅公,,kau5 gung1',,父親或母親的舅父（面稱、背稱均可）,253,,已校,
5115,叩頭,,kau3 tau4,,磕頭：家下唔興～,253,,已校,
5116,叩門磚,,kau3 mun4 zyun1',,敲門磚，比喻藉以求得名利的初步手段,253,,已校,
5117,扣,,kau3,,①扣留：～起佢，唔畀佢走 ②繫（紐扣）：件衫有五粒紐，有兩粒未～住 ③一種烹調法：～肉｜～三絲 ①用手指伸入喉，使嘔吐：你嘔唔出，～下個喉喇 ②從原數額中減去一部分：～除｜～分｜打九～,253,,已校,
5118,扣起,,kau3 hei2,,扣（錢、工資）：～佢十文，佢好多日唔返工,253,,已校,
5119,扣頭,,kau3 tau4,,回扣 ‖ 也叫“回佣 wui4 jung6*2”,253,,已校,
5120,扣酒,,kau3 zau2,,喝酒不咽下，偷偷吐掉,253,,已校,
5121,扣布,,kau3 bou3,,本色粗白布,253,,已校,
5122,扣針,,kau3 zam1,,别針，裝飾用的花别針,253,,已校,
5123,扣佣,,kau3 jung6*2,,拿回扣：扣十文佣｜你呢匀扣返幾多佣<你這回拿了多少回扣>,253,,已校,
5124,釦,,kau3,,蝦蟆的胃：田鷄～｜蟾蜍～ ‖ 同音字,253,,已校,
5125,勾,,ngau1',,①招引，引：～搭｜～～搭搭｜～引｜～魂攝魄｜～三搭四 ②結合：～結｜～通,253,,已校,
5126,勾三擸四,,ngau1' saam1' laap3 sei3,,勾勾搭搭，亂搞男女關係,253,,已校,
5127,鈎,,ngau1,,①鈎子：秤～｜釣魚～｜蚊帳～｜鐵～ ②漢字的筆畫，附在横、豎等筆畫的末端，呈鈎形 ‖ 古見母字，本應讀 gau1，因避諱此音，變讀 ngau1,253,,已校,
5128,鈎,,ngau1',,①用鈎子去鈎或掛，探取：～住個籃吊起佢｜～爛我件衫咯｜將牀下底個對鞋～出來 ②彎鈎狀的：～針｜～鼻,253,,已校,
5129,鈎骨,,ngau1' gwat1,,一種縫紉法，繚縫，縫合中式衣服的接縫 ‖ 也説“挑骨 tiu1' gwat1”,253,,已校,
5130,牛,,ngau4,,①大家畜之一：～公｜～乸｜～仔｜～肉 ②脾氣暴躁，倔强,253,,已校,
5131,牛,,ngau4*2,,（不單用）只用於牛肉做的菜肴：煎～｜滑～｜西湖～｜鐵扒～,253,,已校,
5132,牛扒,,ngau4 paa4*2,,菜肴名。牛排 ‖ 也叫“牛肉扒 ngau4 juk6 paa4*2”,253,,已校,
5133,牛孖筋,,ngau4 maa5 gan1,,牛蹄筋：煲～食，係補腳㗎 ‖ 孖，俗字,253,,已校,
5134,牛下雜,,ngau4 haa6 zaap6,,牛内臟的一部分，包括腸、脾、胰、肺、膀胱等,253,,已校,
5135,牛乳餅,,ngau4 jyu5 beng2,,牛奶製成餅狀，用鹽水浸之，可以下飯。現已少見 ‖ 也叫“牛奶餅 ngau4 naai5 beng2”,253,,已校,
5136,牛奶蕉,,ngau4 naai5 ziu1,,一種上乘的香蕉，細小，淡黄色，皮薄而光滑，現已少見,253,,已校,
5137,牛奶白粥,,ngau4 naai5 baak6 zuk1,,煮得很爛的白粥，内有腐竹、白果等物。此名稱表示質佳色美,253,,已校,
5138,牛仔,,ngau4 zai2,,①小牛 ②流氓少年，是英文 cowboy 的意譯，指喜模仿美國西部牧童的輕浮少年,253,,已校,
5139,牛仔褲,,ngau4 zai2 fu3,,勞動布或牛仔布做的褲子，較緊窄,253,,已校,
5140,牛仔布,,ngau4 zai2 bou3,,做牛仔服用的一種厚布,254,,已校,
5141,牛螕,,ngau4 bei1',,牛身上的蝨子 ‖ 螕，廣韵齊韵邊兮切：“牛蝨。”古蟹攝四等字，本應讀 ai 韵，今口語變讀 ei 韵,254,,已校,
5142,牛鼻桊,,ngau4 bei6 gyun3,,穿在牛鼻中的圈兒或木栓，用以拴繩 ‖ 桊，廣韵線韵居倦切：“牛拘”,254,,已校,
5143,牛皮,,ngau4 pei4,,①牛的皮 ②駡人話。喻人的皮厚：佢正一～來嘅，唔怕打,254,,已校,
5144,牛皮膠,,ngau4 pei4 gaau1',,從前的一種半透明的膠，藥材鋪有賣，熬化可用以粘物，有臭味,254,,已校,
5145,牛皮燈籠,,ngau4 pei4 dang' lung4,,喻頭腦不靈、較笨之人。歇後語，下句是“點極都唔明”，即怎麼解説也不明白,254,,已校,
5146,牛皮賬,,ngau4 pei4 zoeng3,,指討不回的賬，長期不還的欠賬 ‖ 也叫“牛皮簿賬 ngau4 pei4 bou6*2 zoeng3”,254,,已校,
5147,牛頭褲,,ngau4 tau4 fu3,,（勞動人民穿的）中式短褲,254,,已校,
5148,牛柳,,ngau4 lau5,,牛外脊，牛脊骨邊的肉，最嫩：白汁～丨茄汁～,254,,已校,
5149,牛草肚,,ngau4 cou2 tou5,,①牛肚的總稱（“牛百葉”除外）②牛的蜂窩胃,254,,已校,
5150,牛草結,,ngau4 cou2 git3,,牛病的一種，在病牛胃中生成的東西，據説可以治病,254,,已校,
5151,牛高馬大,,ngau4 gou1' maa5 daai6,,①喻人已長成：你都～喇，重唔生性<還不懂事> ②五大三粗，人的個子粗壯：佢生得～,254,,已校,
5152,牛腰窩,,ngau4 jiu1 wo1,,牛腰部的肉，質較佳,254,,已校,
5153,牛腩,,ngau4 naam5,,牛腰部的囊肉，筋多，宜炖吃。分桁腩、白腩、碎腩數種,254,,已校,
5154,牛心蒂,,ngau4 sam1 ding3,,牛心臟上的粗血管（白色部分），可做菜吃：豉汁～ ‖ 蒂，訓讀字,254,,已校,
5155,牛心柿,,ngau4 sam1' ci2,,一種柿子，黄綠色，較大紅柿硬 ‖ 也叫“水柿 seoi2 ci2”,254,,已校,
5156,牛板筋,,ngau4 baan2 gan1,,牛的白色片狀筋,254,,已校,
5157,牛腱,,ngau4 zin2,,牛腱子，牛腿部的筋腱肉 ‖ 腱，訓讀字,254,,已校,
5158,牛頸,,ngau4 geng2,,執拗，固執：佢好～嘅，講佢唔掂嘅<不可能説服他的>,254,,已校,
5159,牛精,,ngau4 zing1',,①牛脾氣，暴躁；倔强：佢好～嘅 ②倔小子：佢正係～啊,254,,已校,
5160,牛蠅,,ngau4 jing4,,牛虻，牛身上的吸血飛蟲,254,,已校,
5161,牛雙胘,,ngau4 soeng1' jin4,,牛胃之間的管子（韌帶），可炒吃 ‖ 胘，廣韵先韵胡田切：“肚胘，牛百葉也”,254,,已校,
5162,牛上雜,,ngau4 soeng6 zaap6,,牛内臟的一部分，包括心、肝、腎等,254,,已校,
5163,牛膙,,ngau4 goeng1',,牛的巨筋頭，色白而韌，比牛筋賤 ‖ 膙，廣韵養韵居兩切：“筋頭。”古上聲，今口語讀陰平,254,,已校,
5164,牛膀,,ngau4 bong2,,牛胰臟 ‖ 膀，同音字,254,,已校,
5165,牛王,,ngau4 wong4,,喻暴戾霸道者：～頭丨～仔丨㨘～<强奪硬搶>,254,,已校,
5166,牛公,,ngau4 gung1,,公牛,254,,已校,
5167,牛雜,,ngau4 zaap6,,牛雜碎：～檔丨炒～,254,,已校,
5168,牛笠,,ngau4 lap1,,牛嘴罩，套在牛嘴上，使牛不能亂吃莊稼,254,,已校,
5169,牛一,,ngau4 jat1,,指生日：你幾時～啊？,254,,已校,
5170,牛百葉,,ngau4 baak3 jip6,,牛的四胃之一，重瓣胃,254,,已校,
5171,牛百葉窗,,ngau4 baak3 jip6 coeng1,,百葉窗的舊稱‖現在叫“百葉窗”,254,,已校,
5172,牛白腩,,ngau4 baak6 naam5,,牛腹部的鬆軟的肉（不近肋骨部分）‖ 也叫“白腩”,255,,已校,
5173,牛嘜,,ngau4 mak1,,牛牌的，喻愚鈍，或指笨人 ‖ 嘜，英文 mark 的音譯俗字,255,,已校,
5174,牛樴,,ngau4 dak6,,拴牛的木橛子，下端打入地中，上端用以拴牛繩 ‖ 樴，廣韵德韵徒得切：“杙也。”杙，廣韵與職切：“…亦橛也”,255,,已校,
5175,牛角椒,,ngau4 gok3 ziu1,,尖辣椒的一種,255,,已校,
5176,牛熟食,,ngau4 suk6 sik6*2,,煮熟的牛雜碎，質量不如牛雜,255,,已校,
5177,藕,,ngau5,,蓮花的地下莖：煲老～丨～斷絲連丨～粉,255,,已校,
5178,藕虌,,ngau5 bit1,,藕節旁滋出的小芽，長出後即成荷葉 ‖ 虌，《康熙字典》引《爾雅·釋草》“蕨虌”注：“蕨初生無葉可食，今江西謂之虌。”廣韵薛韵并列切：“蕨菜”,255,,已校,
5179,藕綟,,ngau5 lit3*2,,藕節,255,,已校,
5180,吽,,ngau6,,愚笨，頭腦不靈敏：你精我唔～丨～豆丨～仔 ‖ 俗字,255,,已校,
5181,吽仔,,ngau6 zai2,,傻小子,255,,已校,
5182,吽豆,,ngau6 dau6,,①呆呆的樣子，發愣：生得吽吽豆豆丨發～ ②精神不振，委頓：我呢牌～咯，唔想食飯，唔想瞓覺 ‖ 吽，俗字；豆，同音字,255,,已校,
5183,吽豆鷄,,ngau6 dau6 gai1,,喻發呆的人,255,,已校,
5184,睺,,hau1',,①看上，想要：你～唔～呢本書？丨冇人～丨慌死冇人～佢噉丨～女 ②看住，盯住；守住：～實佢丨你～住呢個人，唔好行開 ③張望：你去～下，睇佢走咗未 ‖ 集韵侯韵呼候切：“方言半目爲睺”,255,,已校,
5185,睺機會,,hau1' gei1' wui6,,等候時機：～打佢一餐至得,255,,已校,
5186,睺斗,,hau1' dau2,,感到有興趣：呢樣野佢都唔～,255,,已校,
5187,睺路,,hau1' lou6*2,,找破綻：教練成日踎喺場外～,255,,已校,
5188,喉,,hau4,,①嗓子，嗓音：～嚨丨豆沙～<啞嗓子> ②管子：水～丨膠～<橡皮管子> ③粵劇唱腔：生～<小生腔>丨平～丨旦～丨大～<大花臉腔>,255,,已校,
5189,喉底,,hau4 dai2,,①鄉音，口音：佢有啲番禺嘅～ ②口氣：聽下佢～，唔係幾滿意喎丨佢～好大噃,255,,已校,
5190,喉嘴,,hau4 zeoi2,,氣門心，自行車上的零件,255,,已校,
5191,喉腩,,hau4 naam5,,胃口：佢好大～㗎，食好多㗎！,255,,已校,
5192,喉欖,,hau4 laam2,,喉結，頦勒嗉，男子喉部隆起之處 ‖ 也叫“喉核 hau4 wat6*2”,255,,已校,
5193,喉唫,,hau4 kam4,,①吃東西狼吞虎咽：睇佢食野幾～ ②性子急；做事没秩序，亂七八糟：做野～得滯<幹活太馬虎> ‖ 唫，廣韵寢韵渠飲切：“説文云口急也。”古濁上聲，本應讀陽上，今變讀陽平,255,,已校,
5194,喉鉗,,hau4 kim4*2,,一種工具，管鉗子，管扳子 ‖ 也叫“水喉鉗 seoi2 hau4 kim4*2”,255,,已校,
5195,喉嚨,,hau4 lung4,,嗓子：～痛丨～伸隻手<形容食欲極强>,255,,已校,
5196,喉急,,hau4 gap1,,心急，窘迫而發急,255,,已校,
5197,喉核,,hau4 wat6*2,,①（男性的）喉結，頦勒嗉 ②扁桃腺的俗稱：～大起上來,255,,已校,
5198,喉轆,,hau4 luk1,,消防水龍：搵～來救火,256,,已校,
5199,猴,,hau4,,垂涎，覬覦：大人都末食，個細路就～住嘞,256,,已校,
5200,篌管,,hau4 gun2,,唱大戲用的小竹管樂器，形短，竪着吹奏,256,,已校,
5201,口,,hau2,,①嘴：開～｜～渴｜～唇｜～椏角｜～乾 ②人口：我屋企有十張～ ③量詞。個，根：一～檳榔｜食～煙<抽一根煙>｜燒～炮仗<點個炮竹>｜買幾～釘<買幾枚釘子>｜跌咗～針<掉了根針> ④口味：佢食野好敹[liu˥˧]～嘅<他吃東西很講究口味的> ⑤器物通外面之處：樽～｜碗～｜袖～｜襪～ ⑥出入通過的地方：出～｜入～｜門～｜巷～｜街～｜路～｜海～｜關～ ⑦刀、剪刀、劍等的刃：刀～｜鉸剪～｜斧～ ⑧指話、言語：粗～<髒話>｜爛～<同前>｜～多多｜～氣｜～機 ⑨口感：爽～｜甜～｜𥹉～｜膩～｜水柿好脆～｜淡～鹹魚｜啲菜好鮮～嘅 ⑩蟲咬過的痕迹：蚊～<蚊子叮過皮膚後起的小包>｜蘋果有蟲～ ⑪打針後皮膚上出現的小孔：針～,256,,已校,
5202,口花花,,hau2 faa1' faa1',,言語輕佻，愛説俏皮話：呢個野成日～,256,,已校,
5203,口牙譫譫,,hau2 ngaa4 zaap3 zaap3,,喋喋不休，好搬弄是非 ‖ 也説“口譫譫”或“牙譫譫”。譫，廣韵盍韵章盍切：“多言也”,256,,已校,
5204,口牙夾夾,,hau2 ngaa4 gaap3 gaap3,,憎恨貌：嬲到～,256,,已校,
5205,口椏角,,hau2 aa1' gok3,,嘴角：佢周時都爛～嘅,256,,已校,
5206,口啞,,hau2 aa2,,回答不出，啞口無言：問到佢～ ‖ 也説“口啞啞”,256,,已校,
5207,口多多,,hau2 do1' do1',,多嘴多舌,256,,已校,
5208,口疏,,hau2 so1',,嘴快，好傳話，什麼都説，北京説“嘴上没有把門兒的”,256,,已校,
5209,口果,,hau2 gwo2,,作爲零食的涼果，如泡製過的橄欖、檸檬、梅子、李子等,256,,已校,
5210,口齒,,hau2 ci2,,信用：講～<講信用>｜有～｜佢講話冇～嘅,256,,已校,
5211,口唔對心,,hau2 m4 deoi3 sam1',,口是心非：佢講説話～㗎，唔好相信佢啊！,256,,已校,
5212,口□舌屈,,hau2 haai4 sit6 gwat6,,指不思飲食，食不知味：咁熱嘅天時，食野都～,256,,已校,
5213,口乖,,hau2 gwaai1',,嘴甜，嘴乖，會哄得人歡喜：賣～<故意説好聽的話>,256,,已校,
5214,口機,,hau2 gei1',,語氣，口風：聽佢個～，好似唔願意去,256,,已校,
5215,口氣,,hau2 hei3,,①語氣：～硬｜佢～好大 ②口内臭氣：佢～好緊要，梗有病嘞,256,,已校,
5216,口在路邊,,hau2 zoi6 lou6 bin1',,逢人問路，北京説“鼻子底下有嘴”：唔識路唔緊要，～啫,256,,已校,
5217,口臭,,hau2 cau3,,①説話不對頭，愛説别人不愛聽的話或不吉利的話：乜你咁～㗎 ②口内有臭味：乜你個口咁臭嘅，唔係有病吖？,256,,已校,
5218,口有鈎,,hau2 jau5 ngau1,,嘴如鈎，喻專在人家吃美食時趕來：算你～喇，有好野食你就來,256,,已校,
5219,口數,,hau2 sou3,,口算，心算：做茶樓伙計，～要好熟至得,256,,已校,
5220,口笑肚唔㤢,,hau2 siu3 tou5 m4 juk1,,笑時肚皮不動，皮笑肉不笑,256,,已校,
5221,口水,,hau2 seoi2,,唾液：吐～｜吞～｜～花<唾沫星子>,256,,已校,
5222,口水多過茶,,hau2 seoi2 do1' gwo3 caa4,,熟語。形容大耍嘴皮子，話多,256,,已校,
5223,口水尾,,hau2 seoi2 mei5*1,,①唾沫星子 ②别人的隻言片語：執人～<拾人牙慧>,257,,已校,
5224,口水蚊,,hau2 seoi2 man1,,吃剩下的東西：食人～ ‖ 蚊，同音字,257,,已校,
5225,口水肩,,hau2 seoi2 gin1,,小孩用的圍嘴兒,257,,已校,
5226,口甜舌滑,,hau2 tim4 sit6 waat6,,嘴甜，會哄人,257,,已校,
5227,口痕,,hau2 han4,,嘴癢，喻人愛多嘴，忍不住想説：～講下都會有嘅 ‖ 痕，同音字,257,,已校,
5228,口痕友,,hau2 han4 jau5*2,,喜歡胡説的人，愛取笑别人的人,257,,已校,
5229,口唇,,hau2 seon4,,嘴唇：～啄啄｜～爆裂｜～皮,257,,已校,
5230,口唇啄啄,,hau2 seon4 doeng1' doeng1',,①嘴尖，喜歡駡街。多用於女人 ②多嘴，饒舌 ‖ 啄，訓讀字,257,,已校,
5231,口面,,hau2 min6,,①臉色，表情：睇人～｜蓮子茸～<笑臉> ②面容，面貌，臉形：蓮子～<比瓜子臉豐滿>｜國字～<相貌端莊>｜鵝蛋～<鵝蛋臉>｜瓜子～,257,,已校,
5232,口軟軟,,hau2 jyun5 jyun5,,口氣軟，不敢强硬：佢心虛就～喇,257,,已校,
5233,口硬,,hau2 ngaang6,,口氣强硬：佢講噉就噉，口好硬,257,,已校,
5234,口輕,,hau2 heng1',,説了話不算，輕諾：唔好咁～喇，答應咗人就要做噃！,257,,已校,
5235,口響,,hau2 hoeng2,,誇誇其談，自誇：擺～<光説不做>｜佢講得～啫<他只是説得好聽罷了>,257,,已校,
5236,口爽,,hau2 song2,,順口：貪～<説着玩，以説話爲快事>｜攞～<同前>,257,,已校,
5237,口㱂㱂,,hau2 hong2 hong2,,想吃某種東西而没有吃到的感覺 ‖ 㱂，集韵唐韵丘岡切：“説文飢虛也。”古清音平聲字，今變讀陰上調,257,,已校,
5238,口同鼻詏,,hau2 tung4 bei6 aau3,,喻無必要的較勁，無謂的頂牛：你噉樣做，都係～嘅喎，無謂吖,257,,已校,
5239,口盅,,hau2 zung1,,漱口杯 ‖ 也叫“哴口盅 long2 hau2 zung1”,257,,已校,
5240,口空,,hau2 hung1',,駡人話。多嘴：你～啊，唔講唔得咩？｜你～咩？乜都抄來講 ‖ 也説“冇野矴口 mou5 je5 deng3 hau2”,257,,已校,
5241,口䏠雜,,hau2 laap6 zaap6,,好吃零食，什麼都吃：佢個口好䏠雜嘅，也都啱嘅 ‖ 䏠，集韵合韵落合切：“䏠𦠿，肉雜也”,257,,已校,
5242,口䏠𦠿,,hau2 laap6 sap6,,零食，小食品,257,,已校,NA：現在（2020s）習讀hau2 lap6 sap1。
5243,口咂咂,,hau2 zaap3 zaap3,,形容不停嘴地吃東西,257,,已校,
5244,口𥹉,,hau2 nap6,,不善言辭，講得不清楚：佢好～嘅｜佢見到人就～嘞 ‖ 𥹉，集韵洽韵昵洽切：“粘也”,257,,已校,
5245,口㗼㗼,,hau2 ngap1 ngap1,,①嘴老是動，像是吃東西 ②喋喋不休，説個不停：佢成日～唔知講乜野 ‖ 㗼，集韵業韵逆怯切：“口動貌”,257,,已校,
5246,口滑,,hau2 waat6,,①嘴内舒服：昨日食咗好野，口都滑晒 ②善於言辭，會説話：佢而家唔同嘞，學到口都滑晒,257,,已校,
5247,口密,,hau2 mat6,,嘴嚴，不愛傳播言語：佢嘅口好密嘅，乜野都唔亂講,257,,已校,
5248,口𧫡𧫡,,hau2 zat6 zat6,,欲言又止，啞口無言：講到佢～ ‖ 𧫡，集韵質韵陟栗切：“譗𧫡，言無倫脊也。”古清入今應讀陰入，口語變讀陽入,257,,已校,
5249,口吃,,hau2 gat6,,結巴，説話滯澀，不能一直説下去 ‖ 吃，廣韵迄韵居乞切：“語難。”古清入本應讀陰入，今口語變讀陽入,257,,已校,
5250,口拙,,hau2 zyut3,,不善言辭，無口才：我口好拙，唔會講野,258,,已校,
5251,口血都乾,,hau2 hyut3 dou1' gon1',,舌乾唇焦：講到我～，講極你都唔聽,258,,已校,
5252,口擘擘,,hau2 maak3 maak3,,張口喘氣貌：走到～,258,,已校,
5253,口食肚算,,hau2 sik6 tou5 syun3,,心中有數：你應該～，有計劃至得啊,258,,已校,
5254,口角,,hau2 gok3,,不和，爭鬥：佢兩個～起首，打起上來丨佢地兩家有～,258,,已校,
5255,口毒,,hau2 duk6,,駡人刻毒：乜你個口咁毒㗎！,258,,已校,
5256,厚身,,hau5 san1',,厚實：呢雙絨布幾～嘅噃丨～冬菇都幾好食嘅,258,,已校,
5257,厚凈,,hau5 zeng6,,（布類或衣物）又厚又結實：買啲～嘅布做衫丨呢啲羊毛衫都幾～㗎！,258,,已校,
5258,厚浪,,hau5 long6,,（布類）又厚又結實：勞動布好～嘅 ‖ 浪，同音字,258,,已校,
5259,厚沓沓,,hau5 daap6 daap6,,物很厚貌：呢本書～，都幾重下<挺沉的呢>,258,,已校,
5260,候鑊,,hau6 wok6*2,,酒樓中的廚師,258,,已校,
5261,後底乸,,hau6 dai2 naa2,,後娘，後母,258,,已校,
5262,後底婆,,hau6 dai2 po4*2,,後妻 ‖ 也叫“填房 tin4 fong4”,258,,已校,
5263,後尾,,hau6 mei5（或 hau6*1 mei5*1）,,①後來（時間上）：～你有冇去啊？ ②最末尾（空間上）：我排到～,258,,已校,
5264,後尾䪴,,hau6 mei5 zam2,,後腦勺兒 ‖ 也叫“後䪴”。䪴，廣韵寢韵章荏切：“頭骨後”,258,,已校,
5265,後手,,hau6 sau2,,子孫後代：佢～好丨你顧下～噃，唔好做晒壞事丨唔好帶累～,258,,已校,
5266,後土,,hau6 tou2,,①墳圈的背後設一石頭牌位，叫“後土之神” ②舊時戲指打牌時坐在客人後面的妓女，又指在食客後面等待座位的人,258,,已校,
5267,後䪴厚,,hau6 zam2 hau5,,指有福氣，有家底：佢～啊，家下乜都齊<現在什麼都有了>,258,,已校,
5268,後䪴薄,,hau6 zam2 bok6,,指没福氣，福薄：佢～，冇得食,258,,已校,
5269,後便,,hau6 bin6,,後頭，後面,258,,已校,
5270,後生,,hau6 saang1,,①大户人家的跟班的 ②店鋪中學生意的，小伙計 ③年輕：咁～丨佢重好～<他還很年輕>,258,,已校,
5271,後生瓜,,hau6 saang1 gwaa1,,稱年富力强者,258,,已校,
5272,後生仔,,hau6 saang1 zai2,,青年，多指男性：我～嗰陣時好食得<我當小伙子時挺能吃>,258,,已校,
5273,後生仔女,,hau6 saang1 zai2 neoi5,,年輕人的統稱,258,,已校,
5274,後生細仔,,hau6 saang1 sai3 zai2,,小青年；年富力强，年紀輕輕：～，唔好亂講呀丨～識乜野吖<年紀輕輕的懂什麼呀> ‖ 也説“當年後生 dong1' nin4 hau6 saang1”,258,,已校,
5275,後生女,,hau6 saang1 neoi5*2,,少女,258,,已校,
5276,後日,,hau6 jat6,,後天,258,,已校,
5277,後腳,,hau6 goek3,,①動物的後足 ②借喻，用於人：畀人搊～<被人抓住把柄>丨我前腳入屋，佢～跟來,258,,已校,
5278,鱟魚,,hau6 jyu4*2,,參看“海鱟 hoi2 hau6”,258,,已校,
5279,甌,,au1,,小木碗：一～飯,258,,已校,
5280,嘔,,au2,,嘔吐：作～丨～血丨～奶<嬰兒漾奶>,258,,已校,
5281,嘔浪,,au2 long6,,暈船：我坐親船都會～嘅<我一坐船就會暈船> ‖ 也説“暈船 wan4 syun4”,259,,已校,
5282,漚,,au3,,①久置潮濕之處：件衫～爛咗咯 ②醞釀：～雨丨～仔 ③釀造，用水浸來製作：～麵豉丨～芽菜,259,,已校,
5283,漚雨,,au3 jyu5,,天欲雨，醞釀下雨：個天又～喇 ‖ 也説“曀雨 ai3 jyu5”,259,,已校,
5284,漚仔,,au3 zai2,,想嘔，想吃酸東西（懷孕的徵象）,259,,已校,
5285,漚霉,,au3 mui4,,喻生活困難，捱苦日子,259,,已校,
5286,漚焦,,au3 ziu1,,喻生活困苦，朝不保夕，借貸無門：我喺度～咯,259,,已校,
5287,漚麵豉,,au3 min6 si6*2,,製作黄醬，用大豆做原料,259,,已校,
5288,漚年,,au3 nin4,,年末常下雨：今年真唔好咯，～咯,259,,已校,
5289,漚冬,,au3 dung1',,冬至時期常下雨：而家～喇,259,,已校,
5290,熰,,au3,,以極微火久煮：呢啲菜係～熟嘅丨～豬潲<久煮豬食> ‖ 熰，集韵候韵於候切：“煖也”,259,,已校,
5291,熰火,,au3 fo2,,以微火煮，食物半熟不熟、水半開不開的：呢啲唔係明火白粥，係～嘅，点好食吖！,259,,已校,
5292,毆,,au3,,（用大棍或尺子）打：～佢兩野<打他兩下>丨使大棍～佢丨～腳骨 ‖ 廣韵厚韵鳥後切：“毆，擊也。”古清音上聲，今口語變讀陰去,259,,已校,
5293,悠悠閑閑,,jau1' jau1' haan4 haan4,,悠然，不慌不忙：佢成日都係噉，～,260,,已校,
5294,悠游,,jau1' jau4,,舒服自在：佢都好～嘅,260,,已校,
5295,摳,,jau1',,往上提褲子或鞋：～褲｜～鞋踭<提鞋>｜～高啲條褲<把褲子提上些> ‖ 訓讀字。廣韵侯韵恪侯切：“摳衣，挈衣也”,260,,已校,
5296,憂,,jau1',,憂慮，憂愁：唔使～<别擔心>｜皇帝女，唔～嫁<後語>,260,,已校,
5297,由,,jau4,,①介詞。從，打：～西到東，～頭至尾｜～而家起首<從現在起>｜～聽日起｜～朝到晚｜～頭食到尾 ②任由，聽從：～得你喇<隨你便吧> ③原由：因～｜理～ ④介詞。（某事）歸（某人去做）：呢件事～我去做｜～你負責 ⑤介詞。表示憑藉：單車係～好多零件組成嘅,260,,已校,
5298,由得佢,,jau4 dak1 keoi5,,隨他去，算了吧：～喇，我都唔理咁多,260,,已校,
5299,油,,jau4,,①食用油，工業用油：生～｜豉～｜麻～｜粟米～｜桐～｜柴～ ②塗抹：～灰水｜～漆｜～顔色｜唔該你同我～下對白鞋｜張枱～乜野色啊<這桌子上什麼顔色呀>？,260,,已校,
5300,油,,jau4*2,,①漆：買啲～來油書枱｜油紅～好過黑～ ②潤滑油：衣車～｜單車～｜鐘～｜錶～,260,,已校,
5301,油渣車,,jau4 zaa1 ce1,,柴油機車,260,,已校,
5302,油渣,,jau4 zaa1',,煉豬油剩下的渣 ‖ 也叫“豬膏渣 zyu1' gou1' zaa1”或“豬油渣 zyu1' jau4 zaa1'”,260,,已校,
5303,油炸蟹,,jau4 zaa3 haai5,,喻多占空間、討人嫌的人：乜你～噉霸晒啲位<你怎麼這樣霸道，把位子全占了>？,260,,已校,
5304,油炸鬼,,jau4 zaa3 gwai2,,炸油條,260,,已校,
5305,油榨,,jau4 zaa3,,舊時的榨油作坊,260,,已校,
5306,油紙遮,,jau4 zi2 ze1,,油紙傘,260,,已校,
5307,油耳,,jau4 ji5,,愛分泌油的耳朵：有人話，有～嘅人就有臭狐,260,,已校,
5308,油𣗺,,jau4 fu1',,總稱榨油剩下來的餅狀渣。有花生𣗺、大豆𣗺、茶仔𣗺、茶𣗺 ‖ 𣗺，集韵模韵空胡切：“𣗺餅”,260,,已校,
5309,油器,,jau4 hei3,,油炸食品的總稱，包括油香餅、油炸鬼、牛脷酥等等：嗰間鋪賣～嘅,260,,已校,
5310,油漏,,jau4 lau6*2,,灌油用的漏斗,260,,已校,
5311,油布衫,,jau4 bou3 saam1,,一種舊式雨衣,260,,已校,
5312,油鋪,,jau4 pou3*2,,舊時賣油鹽雜貨的店鋪,260,,已校,
5313,油潞,,jau4 lou6*2,,油提子，量油的用具 ‖ 潞，同音字。也説“油勺”,260,,已校,
5314,油𩛍,,jau4 deoi1,,糯米粉製的油炸食品 ‖ 也叫“煎𩛍 zin1' deoi1”。𩛍，廣韵灰韵都回切：“餅也”,260,,已校,
5315,油嘴,,jau4 zeoi2,,形容人專要吃好東西，北京説“嘴頭兒高”：佢好～㗎，呭[iɐi˨˧]<差，次>啲嘅都唔食,260,,已校,
5316,油水,,jau4 seoi2,,好處，利益：做呢件事冇啲～嘅，豬頭骨來嘅！,260,,已校,
5317,油淰淰,,jau4 nam6 nam6,,油汪汪的，浸透油貌：張紙～｜個面～<臉上出油> ‖ 淰，借用字,260,,已校,
5318,油占米,,jau4 zim1 mai5,,一種上好白米,261,,已校,
5319,油潤,,jau4 jeon6,,有光澤，滑潤：佢嘅面色好～丨啲餅好～嘅,261,,已校,
5320,油瓶仔,,jau4 peng4*2 zai2,,被母親帶着改嫁的孩子 ‖ 也叫“佗歸仔 to4 gwai1' zai2”,261,,已校,
5321,油香餅,,jau4 hoeng1' beng2,,一種油炸食品,261,,已校,
5322,油盪口,,jau4 long2 hau2,,形容油嘴滑舌：嗰個野梗係講得佢掂嘅喇，～來嘅 ‖ 盪，訓讀字,261,,已校,NA：原書其他詞條有將long2記作“哴”的情况。
5323,油光帽,,jau4 gwong1' mou6*2,,塗過桐油的竹帽,261,,已校,
5324,油𥹉,,jau4 nap6,,油污，髒貌：件衫好～丨廚房條條圍裙幾～啊,261,,已校,
5325,油甴曱,,jau4 gaat6 zaat6*2,,一種蟑螂，無翼，不會飛 ‖ 甴曱，俗字,261,,已校,NA：“甴曱”在原書其他詞條或作“曱甴”。
5326,油麥菜,,jau4 mak6 coi3,,野菜，苦麥菜的一種，較好吃,261,,已校,
5327,油迹,,jau4 zik1,,油污點：你件衫有點～,261,,已校,
5328,油䭞,,jau4 jik1,,油類及有油的食物變質的壞味：啲臘肉生咗～‖ 䭞，集韵昔韵夷益切：“飯壞曰䭞”,261,,已校,
5329,油勺,,jau4 zoek3,,量油的用具 ‖ 也説“油潞”。勺，廣韵藥韵之若切：“挹取也”,261,,已校,
5330,油角,,jau4 gok3*2,,油炸的甜餡小餃子，爲春節傳統食品之一,261,,已校,
5331,油竹,,jau4 zuk1,,茶竿竹的别名，竹竿用以晾衣服、支蚊帳,261,,已校,
5332,柔喉,,jau4 hau4,,溫柔、不慌不忙、慢條斯理的語音：佢發火，我就使～對佢講丨你惱佢唔惱，佢撚～<他假作溫柔>,261,,已校,
5333,郵差,,jau4 caai1',,郵遞員 ‖ 也叫“信差 seon3 caai1'”,261,,已校,
5334,郵政局,,jau4 zing3 guk6*2,,郵局,261,,已校,
5335,游車河,,jau4 ce1 ho4*2,,坐汽車兜風，四處游覽,261,,已校,
5336,游河,,jau4 ho4*2,,①游玩 ②坐船游覽,261,,已校,
5337,游埠,,jau4 fau6,,舊時指游歷，到處游逛,261,,已校,
5338,游游閑,,jau4 jau4 haan4,,游手好閑,261,,已校,
5339,游學,,jau4 hok6,,舊時指到國外留學,261,,已校,
5340,游水,,jau4 seoi2,,游泳：佢唔識～丨～池丨～衣丨～帽,261,,已校,
5341,魷魚,,jau4 jyu4,,一種海魚：炒～,261,,已校,NA：現在（2020s）一般變調讀jau4 jyu4*2。
5342,友,,jau5*2,,①家伙（帶俏皮味）：發燒～丨西裝～丨大炮～丨嗰條～丨拖～丨呢兜～丨白攉～丨沙塵～ ②愛好者：拍～<攝影愛好者>丨釣～<釣魚愛好者>丨麻雀～<打麻將愛好者>,261,,已校,
5343,友仔,,jau5*2 zai2,,小伙子，小子：嗰條～<那個小子>,261,,已校,
5344,有,,jau5,,①擁有：你～書冇？丨我～三個大佬 ②曾經：你～去睇佢咩？——我～去丨你～讀書冇呢？——我～讀書丨佢～講過呢件事咩？丨你～問過冇？ ③加强語氣：今日我～頭痛，所以唔上班丨～边個贊成呢？ ④歸，是：你～你，我～我，使乜你打理我呢？ ⑤表示存在：書架上便～幾本書 ⑥表示估量或比較：間房～幾大呢？——～十平方米丨你～佢咁好學問咩？ ⑦表示發生或出現：～病就唔好返學喇丨佢老婆～咗肚<懷了孕>丨呢兩年我地鄉下～好大變化 ⑧表示多、大：～本事丨～兩度<有兩下子>丨～經驗 ⑨泛指，相當於“某”：～一次佢來搵你，你唔喺處丨～人打電話來搵過佢⑪用在“人、時候”之前，表示一部分：～人中意紅色，～人中意藍色｜～時冷，～時熱,261,,已校,
5345,有把炮,,jau5 baa2 paau3,,①有把握，有能力：呢件事我～嘅喇！②有倚靠，有靠山：辦事有人幫,262,,已校,
5346,有挐□,,jau5 naa1' nang3,,有瓜葛，有牽連：佢同阿陳～嘅 ‖ 挐，廣韵麻韵女加切：“絲絮相牽”,262,,已校,
5347,有揸拿,,jau5 zaa1' naa4,,有把握,262,,已校,
5348,有揸手,,jau5 zaa1' sau2,,①有束西做抵押 ②手中有些錢：佢都～嘅噃,262,,已校,
5349,有野,,jau5 je5,,特指有本事，了不起：你好～啊 ‖ 也説“有寳”,262,,已校,
5350,有多,,jau5 do1',,有富餘，有剩餘：夠唔夠用啊？——夠用～,262,,已校,
5351,有咗,,jau5 zo2,,有了，婉辭，指有孕：佢又～喎,262,,已校,
5352,有咗肚,,jau5 zo2 tou2,,懷孕，有孕 ‖ 也説“有身己”或簡稱“有咗”,262,,已校,
5353,有所謂,,jau5 so2 wai6,,決心去做某事：佢係～嘅,262,,已校,
5354,有衣食,,jau5 ji1' sik6,,命運好，生活好：陳仔佢～吖<小陳他活得不錯呀>,262,,已校,
5355,有符法,,jau5 fu4 fit6,,喻有計謀、策略，有本領：你慌佢做唔來，佢～嘅 ‖ 法，本音 faat3，fit1 是變讀,262,,已校,
5356,有古怪,,jau5 gu2 gwaai3,,（事情）可能有變化：呢件事，我睇佢都～嘞,262,,已校,
5357,有大山挨,,jau5 daai6 saan1' aai1,,有所恃，有靠山：你又好喇，～喇！,262,,已校,
5358,有挨有凭,,jau5 aai1' jau5 bang6,,有靠山，有後臺,262,,已校,
5359,有禮數,,jau5 lai5 sou3,,有禮貌：佢個女好～㗎，見到人都叫嘅,262,,已校,
5360,有鷄仔唔管，管麻鷹,,jau5 gai1' zai2 m4 gun2，gun2 maa4 jing1,,熟語。該管的不管，不該管的倒去管,262,,已校,
5361,有鬼,,jau5 gwai2,,①有個鬼，意即“没有”：有野食冇啊？——～咩！②心懷不軌，心懷鬼胎：心中～,262,,已校,
5362,有理冇理,,jau5 lei5 mou5 lei5,,不管它：～儃[tʻan˧]咗先<管它呢，享受了再説>｜～食咗先<不管三七二十一，先吃了再説>,262,,已校,
5363,有嘰吃,,jau5 gei1' gat1,,（彼此）心中有點仇，有疙瘩未解開：兩家～嘅,262,,已校,
5364,有幾何,,jau5 gei2 ho4*2,,能有幾回，不是經常的，難得一回的：～係噉呢？｜～吖<能有幾回啊>,262,,已校,
5365,有幾手野,,jau5 gei2 sau2 je5,,有點本事，有點技能：唔好睇小佢，佢～㗎<别小看他，他有幾下子的啊>！,262,,已校,
5366,有喜,,jau5 hei2,,有孕，較斯文的説法,262,,已校,
5367,有氣冇碇㪗,,jau5 hei3 mou5 deng6 tau2,,①非常生氣，有氣没地方發泄：激得我～②忙得喘不過氣來 ‖ 碇，俗借字。㪗，集韵厚韵他口切：“展也”,262,,已校,
5368,有氣冇力,,jau5 hei3 mou5 lik6,,身體軟弱，無精神,262,,已校,
5369,有抄家冇封誥,,jau5 caau1' gaa1 mou5 fung1' gou3,,熟語。只有挨整，没有獎賞,262,,已校,
5370,有交易,,jau5 gaau1' jik6,,有交道可打，可與之打交道：我同佢都～嘅,262,,已校,
5371,有頭威冇尾陣,,jau5 tau4 wai1' mou5 mei5 zan6,,熟語。虎頭蛇尾,262,,已校,
5372,有頭有主,,jau5 tau4 jau5 zyu2,,有主人，有主兒：呢啲野～嘅，唔好亂擰｜你唔好理佢嘅，佢～嘅,262,,已校,
5373,有頭有尾,,jau5 tau4 jau5 mei5,,有始有終：佢做野～嘅,262,,已校,
5374,有頭有路,,jau5 tau4 jau5 lou6,,①有條有理：衰起來～<一倒霉就處處倒霉> ②有來由：呢單野都係～嘅喇<這件事兒是有來頭的>,263,,已校,
5375,有頭冇尾,,jau5 tau4 mou5 mei5,,（辦事）有始無終：做事～,263,,已校,
5376,有仇口,,jau5 sau4 hau2,,舊時指有仇：佢兩個～㗎，見到都唔講話㗎,263,,已校,
5377,有口齒,,jau5 hau2 ci2,,有信用，不食言，説話算話：佢好～嘅，講到做到嘅,263,,已校,
5378,有補,,jau5 bou2,,很有營養，能補身體：食水魚好～嘅啫<吃甲魚挺補身體的呢>,263,,已校,
5379,有寳,,jau5 bou2,,了不起，有本領（多用於貶義）：你好～咩<你了不起嗎>？丨讕[lan˨꜔꜒]～<自以爲了不起>,263,,已校,
5380,有毛有翼,,jau5 mou4 jau5 jik6,,翅膀硬了，喻孩子長大，能夠自立：你家下～嘞，我唔話得你嘞丨你而家唔靠我喇，～喇,263,,已校,
5381,有冇,,jau5 mou5,,①有没有，（事情）曾否發生：佢～來到啊？丨昨日你～去上班啊？ ②有無（是否具有、領有）：你～參考書啊？丨佢～老婆啊？ ③（事物）存在與否：房裹便～人啊？丨米缸重～米啊？,263,,已校,
5382,有路數,,jau5 lou6 sou3,,有門路，有機會（得到好處）：佢都有啲路數噃,263,,已校,
5383,有數爲,,jau5 sou3 wai4,,很合算，值得幹：呢件事～噃，你重唔答應佢？,263,,已校,
5384,有料,,jau5 liu6*2,,①有學問，有才幹 ②有錢 ③有辦法，有能耐：佢幾～嘅，托佢辦事你都放心係喇,263,,已校,
5385,有料到,,jau5 liu6*2 dou3,,①有内容，有進展 ②有本事,263,,已校,
5386,有料兆,,jau5 liu6 siu6,,①有材料：煲粥有乜料兆㗎？ ②有作爲，有事做，不致無聊：你陪我傾下偈，都有啲料兆,263,,已校,
5387,有朝有晚,,jau5 ziu1' jau5 maan5,,生活過得去，吃飯有保障：你都～嘅，唔使憂咯,263,,已校,
5388,有朝冇晚,,jau5 ziu1' mou5 maan5,,①白天短夜長，時間過得快：因住呀，家下時日～㗎，好快趣就黑嘅喇！ ②形容家貧，吃上頓没下頓,263,,已校,
5389,有腰骨,,jau5 jiu1 gwat1,,可以信得過；受人之托，很負責任：佢好～㗎，你應該信得過佢嘅,263,,已校,
5390,有心,,jau5 sam1',,客套話。謝謝（别人的關心）：幾好吖嗎？——幾好，～<挺好的，謝謝>丨你真係～<謝謝你的關心>丨你真有我心<你真關心我>丨～唔怕遲<熟語。有誠意，晚些也無妨>,263,,已校,
5391,有心機,,jau5 sam1' gei1',,能專心致志：～讀書丨～做事,263,,已校,
5392,有心無肺,,jau5 sam1' mou4 fai3,,不用心，不動腦筋,263,,已校,
5393,有咁⋯得咁⋯,,jau5 gam3⋯dak1 gam3 ⋯,,表示程度深。能這樣，就這樣：有咁好，得咁好丨有咁醜，得咁醜丨有咁衰，得咁衰丨有咁啱，得咁竅[kʻiu˧꜔꜒]<有多巧，就多巧>丨有咁快，得咁快丨有咁多，得咁多<有多少，算多少>丨有咁黑，得咁黑丨有咁靚，得咁靚,263,,已校,
5394,有慢,,jau5 maan6,,坐汽車時，如要在前站下車，則告知司機“有慢”,263,,已校,
5395,有彈有贊,,jau5 taan4 jau5 zaan3,,有貶有褒,263,,已校,
5396,有眼睇,,jau5 ngaan5 tai2,,看見：嗱，呢件事大家都～啊<有目共睹>,263,,已校,
5397,有紋路,,jau5 man4 lou6,,①有條理，有分寸：佢做野好～嘅 ②懂世故，懂事 ‖ 也説“有紋有路”,263,,已校,
5398,有分數,,jau5 fan1' sou3,,心中有數（有步驟，有把握），胸有成竹：你唔使理我喇，我～丨你唔使數佢，佢～嘅嘞丨唔使我講嘞，你都～嘅丨我自～<我自有安排>,264,,已校,
5399,有份,,jau5 fan6*2,,①有自己一份：食野～，出錢亦～ ②有可能：人多，擁跌你都～丨食埋你嘅都～<也可能把你的都吃了>,264,,已校,
5400,有陣時,,jau5 zan6 si4,,有時候：～都陰陰凍凍㗎丨～佢都會來睇我嘅 ‖ 也説“有時”,264,,已校,
5401,有身已,,jau5 san1' gei2,,懷孕，有孕 ‖ 也説“有咗肚”或簡稱“有咗”,264,,已校,
5402,有神冇氣,,jau5 san4 mou5 hei3,,有氣無力，無精打采 ‖ 也説“冇神冇氣”,264,,已校,
5403,有斤兩,,jau5 gan1' loeng5*2,,①有真材實料，有真功夫 ②做事做得適當，有把握,264,,已校,
5404,有根蔃,,jau5 gan1 koeng5*2,,有來歷，有根據 ‖ 蔃，集韵養韵巨兩切：“草名，儉歲人食其根”,264,,已校,
5405,有癮,,jau5 jan5,,①（對某事）有興趣，上癮：佢打麻雀好～嘅 ②奇怪，有意思：呢個人好～㗎,264,,已校,
5406,有肝膽,,jau5 gon1 daam2,,對人真誠，能盡力助人,264,,已校,
5407,有面,,jau5 min6*2,,有地位、名望，有臉面：佢好～㗎,264,,已校,
5408,有能本事,,jau5 nan4 bun2 si6,,有才能，有本領（多用於貶義）：你～就打過喇丨～佢都唔做得出丨個細路哥～擒上樹喇<這小孩有本事爬上樹吧>,264,,已校,NA：原書將該詞“能”注音nan4疑似有誤。
5409,有聽頭,,jau5 teng1' tau4,,好聽，值得聽，聽得有味道：呢支歌有啲聽頭噃,264,,已校,
5410,有聲氣,,jau5 seng1' hei3,,有消息，有門兒：個件事有冇聲氣啊？丨喂，佢請你食飯，今晚～噃,264,,已校,
5411,有聲有氣,,jau5 seng1' jau5 hei3,,不孤單，有人陪伴：有佢喺度，你都～吖,264,,已校,
5412,有頸冇碇吊,,jau5 geng2 mou5 deng6 diu3,,熟語。形容困苦已極而求死不得 ‖ 也説“有頸冇繩吊 jau5 geng2 mou5 sing4*2 diu3”,264,,已校,
5413,有定,,jau5 ding6*2,,當然有，肯定有：你有冇去啊？——～喇丨你有冇問過老師啊？——～喇 ‖ 定，加强語氣,264,,已校,
5414,有定性,,jau5 ding6 sing3,,有耐性：你搵佢做幫手就啱嘞，佢好～嘅,264,,已校,
5415,有剩,,jau5 sing6,,有剩餘：煮咁多飯夠食啊？——夠～添<不但夠並且有富餘>,264,,已校,
5416,有傾有講,,jau5 king1' jau5 gong2,,有説有笑：佢地兩個～噉一路行,264,,已校,
5417,有型有款,,jau5 jing4 jau5 fun2,,款式很好：你件衫真係～,264,,已校,
5418,有兩手,,jau5 loeng5 sau2,,有兩下子，有本事，有技能（手藝、技術等） ‖ 也説“有幾手野”或“有兩下 jau5 loeng5 haa5”,264,,已校,
5419,有兩度,,jau5 loeng5 dou6,,有本領，有辦法；有武功：哈，佢都有返兩度喎丨～散手<有兩下子武功>丨佢都～野㗎<他可有兩下子本事哪>,264,,已校,
5420,有腸肚,,jau5 coeng4 tou5,,有心計，有頭腦，有主意：呢個細路哥真係～嘞,264,,已校,
5421,有相睇,,jau5 soeng3 tai1,,由貌看出，即人品形於外貌：呢個野好差嘅喇，都～嘅嘞,264,,已校,
5422,有樣學樣,,jau5 joeng6*2 hok6 joeng6*2,,照樣兒學，見誰學誰,264,,已校,
5423,有行,,jau5 hong4,,有聲氣，有門兒，有希望,265,,已校,
5424,有皇管,,jau5 wong4*2 gun2,,小孩子有管教。小孩子生日的早上照例吃紅蛋一枚，在於討個好兆頭，即“有黄（皇）管”,265,,已校,
5425,有風駛盡𢃇,,jau5 fung1' sai2 zeon6 lei5,,熟語。義近於“小車不倒儘管推”。𢃇，船上的帆。喻盡量利用好條件，全力以赴,265,,已校,
5426,有種蒔,,jau5 zung2 si6*2,,繼承了父母的性情、特點、品質：佢咁大食，都係～嘅丨佢～吖，全家人都係讀書嘅,265,,已校,
5427,有辣有唔辣,,jau5 laat6 jau5 m4 laat6,,比喻有利有弊或另有含義：佢講啲話～<話裏有話>,265,,已校,
5428,有殺冇賠,,jau5 saat3 mou5 pui4,,喻不容侵犯，如觸犯則嚴厲對付，絶不寬恕,265,,已校,
5429,有殺冇回,,jau5 saat3 mou5 wui4,,①源於賭場中語。指强迫别人做不願做的事。原意是押寳時，賭館大殺（贏）賭客 ②不客氣：唔好撩我，我～嘅嘞<别招惹我，我要不客氣了>,265,,已校,
5430,有凸,,jau5 dat6,,有富餘：你啲錢夠買件衫冇？ ——夠～丨王先生醫眼， ～<歇後語>,265,,已校,
5431,有一牌,,jau5 jat1 paai4,,得相當長的時間，北京説“得一會兒”：～等啊丨～捱啊<夠你受的>丨手尾～跟<善後可得好一陣子呢>丨～先至輪到我<還輪不上我呢>丨去我屋企重～行啊<到我家還得走一陣子哪> ‖ 口語説成“有牌 jau5*2 paai4”,265,,已校,
5432,有骨,,jau5 gwat1,,帶刺兒：講説話～嘅<説話凈帶刺兒>,265,,已校,
5433,有出息,,jau5 ceot1 sik1,,①有前途，將來有收獲：我批你～嘅喇<我肯定你會有出息> ②利潤大，收益多,265,,已校,
5434,有術,,jau5 seot6,,有辦法：你有冇術吖？丨你有乜野術啊？,265,,已校,
5435,有得摱,,jau5 dak1 maan1',,有挽回的可能：呢件事重～嘅 ‖ 摱，集韵元的模元切：“引也”,265,,已校,
5436,有食冇工,,jau5 sik6 mou5 gung1,,管吃不給工資,265,,已校,
5437,有着數,,jau5 zoek6 sou3,,有便宜可占,265,,已校,
5438,有着落,,jau5 zoek6 lok6,,①有下落，有落腳處 ②有可依靠的來源：呢件事家下～咯,265,,已校,
5439,有局,,jau5 guk6,,①妓女有客人召去陪酒 ②有飯局，有人請吃飯或聚餐：今晚～噃,265,,已校,
5440,幼,,jau3,,①細，直徑很小：呢條繩咁～丨～紗丨～細 ②顆粒很小：～沙丨啲白糖好～嘅丨～鹽丨～糠,265,,已校,
5441,幼沙,,jau3 saa1',,①細沙子 ②細白砂糖的簡稱,265,,已校,
5442,幼稚園,,jau3 zi6 jyun4*2,,舊時指幼兒園,265,,已校,
5443,幼細,,jau3 sai3,,①不慌不忙，細心：佢做野都好～嘅噃 ②幹活細緻：手工好～丨佢嘅針黹好～<他的針綫活兒很精緻> ③纖細：手腳好～,265,,已校,
5444,幼嫩,,jau3 nyun6,,①細嫩：條魚好～，好好食<很好吃> ②（植物、動物）未長成,265,,已校,
5445,幼糠,,jau3 hong1',,細米糠 ‖ 也叫“肉糠 juk6 hong1'”,265,,已校,
5446,幼滑,,jau3 waat6,,又細又嫩：啲河粉幾～丨佢嘅皮膚好～丨魚肉好～丨生記嘅餛飩～味鮮,265,,已校,
5447,又,,jau6,,①再：～試買返個<再去買一個>丨一斤唔夠食，～去買一斤 ②也：你去我～去丨～好喇<也好>丨～係嘅<可也是>丨～係你唔啱嘅<這也是你不對>丨噉～係<那倒也是> ③怎麼：～會噉嘅<怎麼會這樣的>？ ④不是嗎，用於反問：你～話來我處嘅<你不是説來我這兒嗎>？ ⑤表示幾種性質或情况同時存在：佢係大學生，～係夜校教師｜～香～爽口 ⑥表示轉折，有“可是”的意思：我想問你呢件事，～怕你唔願講 ⑦用在否定句或反問句中，加强語氣：佢～唔係講你，使乜咁多心吖！,265,,已校,
5448,又話,,jau6 waa6,,不是説嗎：你～去嘅<你不是説去的嗎>？｜佢～去讀大學，点解又唔見佢去？,266,,已校,
5449,又呢又□,,jau6 ni1 jau6 lou3,,又這樣又那樣：佢好多事嘅，成日都～,266,,已校,
5450,又屎又巴閉,,jau6 si2 jau6 baa1' bai3,,又没本領又自負,266,,已校,
5451,又試,,jau6 si3,,又：我上次唔見咗野，而家～唔見咗枝筆｜～來嘞，～噉樣做嘞,266,,已校,
5452,又翳又詆,,jau6 ai3 jau6 dai3,,冷嘲熱諷,266,,已校,
5453,又点話,,jau6 dim2 waa6,,又有什麼問題，即没關係。表示毫不在乎，決不計較：我請飲茶～吖<我請客也没關係呀>,266,,已校,
5454,又乜又物,,jau6 mat1 jau6 mat6,,又這個又那個地：佢又要我做呢樣，又要我做嗰樣，～,266,,已校,
5455,右手便,,jau6 sau2 bin6,,右手的這邊 ‖ 也説“右便”,266,,已校,
5456,右口魚,,jau6 hau2 jyu4*2,,偏口魚的一種，多曬成乾魚，用以煮湯,266,,已校,
5457,柚,,jau6*2,,（不單用）柚子：碌～｜沙田～｜桑麻～｜降～｜絲綫腳～｜蜜～｜胭脂腳～｜金蘭～,266,,已校,
5458,柚皮,,jau6*2 pei4,,柚子皮，可做菜吃：蝦子～<菜肴名>｜蠔油～,266,,已校,
5459,柚青,,jau6*2 ceng1,,未成熟的柚子的厚皮，用來做菜肴最適宜,266,,已校,
5460,煲,,bou1,,①鍋：沙～丨瓦～｜銅～｜銻～<鋁鍋>｜湯～丨扁～｜企身～<鍋沿較高的鍋>｜茶～<藥銚子>｜飯～丨～蓋丨～柄丨水～<有嘴有提梁的燒水鍋>丨高壓～丨電飯～ ②菜肴連沙鍋端上席者：狗肉～丨牛尾～丨紅燒兔肉～丨豆腐～丨羊腩～ ‖ 俗字,267,,已校,
5461,煲仔,,bou1 zai2,,小型的扁沙鍋：～飯丨～釀豆腐,267,,已校,
5462,煲仔飯,,bou1 zai2 faan6,,用小沙鍋煮的飯，上面有菜、肉 ‖ 也叫“瓦鐺飯 ngaa5 caang1 faan6”,267,,已校,
5463,煲,,bou1',,①用沙鍋燒煮：～滾水丨～湯丨～茶丨～豬肉丨～粥丨～飯丨～綠豆沙 ②打：～腍你<痛打你一頓> ③背後整人：～你一餐<打小報告整你一頓> ④（土匪）搶劫：賊佬會來～嘅嘞,267,,已校,
5464,煲冇米粥,,bou1' mou5 mai5 zuk1,,①説没影兒的事 ②喻謀求毫無把握的事物，做無謂的空想,267,,已校,
5465,煲老藕,,bou1' lou5 ngau5,,①喻老夫妻很恩愛 ②找老伴：你想～咩？,267,,已校,
5466,煲腍,,bou1' nam4,,①煮爛：啲白菜要～啲<這白菜要煮爛些> ②痛打：你咁衰，～你至得,267,,已校,
5467,煲針,,bou1' zam1,,煮針，消毒打針用具 ‖ 也説“煠針 saap6 zam1”,267,,已校,
5468,煲電話粥,,bou1' din6 waa6*2 zuk1,,打很長時間的電話，打電話聊天兒：同阿黄煲咗一輪電話粥,267,,已校,
5469,煲煙,,bou1' jin1,,指慢慢吸煙以拖時間,267,,已校,
5470,煲藥,,bou1' joek6,,熬中草藥：用茶煲～<用藥銚子熬藥>,267,,已校,
5471,煲粥,,bou1' zuk1,,①熬粥 ②聊天兒，長時間閑談,267,,已校,
5472,褒獎,,bou1‘ zoeng2,,誇贊，誇獎：話你好，實在係好，唔係～你㗎 ‖ 口語音 bui1' zoeng2,267,,已校,
5473,保你大,,bou2 nei5 daai6,,服了你了，心服對方時説的話,267,,已校,
5474,補,,bou2,,①縫補，修補：～爛衫丨～衫婆丨～鞋丨～牙 ②滋補：食水魚好～嘅丨～身丨～腦 ③補充，補足，填補（缺額）：～選一個代表丨候～丨～銀水,267,,已校,
5475,補𤶠,,bou2 naa1,,打補靪：～衫丨補咗兩笪[tat˧]<塊>～丨𤶠，訓讀字。也説“補𥀬”,267,,已校,
5476,補開,,bou2 hoi1',,相形之下，比較：你有書讀都唔勤力讀，～人地想讀書都冇得讀丨某甲大手大腳好使錢，～下阿乙喇<意即比較之下，阿乙很知節儉>！,267,,已校,
5477,補數,,bou2 sou3,,①彌補：好喇，畀埋呢樣野你，補返數喇<好吧，把這個也給你，彌補一下吧> ②補上欠的人情：我生日冇請你，家下請你飲茶～喇<我請你的客補情好了>,267,,已校,
5478,補衫婆,,bou2 saam1 po4*2,,縫窮婦 ‖ 也叫“補聯婆 bou2 lyun4 po4*2”,267,,已校,
5479,補𥀬,,bou2 jim2,,補補靪，打補靪：～衫 ‖ 也説“補𤶠”。𥀬，集韵琰韵於琰切：“瘍痂也”,267,,已校,
5480,補銀水,,bou2 ngan4 seoi2,,舊時指補銀子成色不足的部分：呢個銀擇使<成色差>，要補返啲銀水,267,,已校,
5481,補天穿,,bou2 tin1 cyun1',,舊時農曆正月十九爲天穿日，即女媧生日。是日做薄鐺（一種餅食），上面放紅綫針以禱神日“補天穿”,268,,已校,
5482,補秤頭,,bou2 cing3 tau4,,（買東西不夠秤時）補足分量：補返啲秤頭我喇,268,,已校,
5483,補湯藥,,bou2 tong1' joek6,,打傷人，賠償醫藥費 ‖ 也説“賠湯藥 pui4 tong1' joek6”,268,,已校,
5484,寳貴,,bou2 gwai3,,看重，疼愛：佢都唔知幾～佢細路嘅,268,,已校,
5485,寳貝,,bou2 bui3,,①心肝寳貝：佢係佢阿媽個～來㗎 ②珍視，珍愛：佢好～個隻貓嘅,268,,已校,
5486,寳號,,bou2 hou6,,對别人店鋪的尊稱：大～幾時開張啊？,268,,已校,
5487,寳燭,,bou2 zuk1,,紙元寳、蠟燭的合稱：買啲～返來拜祖先,268,,已校,
5488,布,,bou3,,①棉或麻紡織成的做衣服或其他用品的材料 ②做某種用途的小塊布料：枕頭～<最早的枕巾>丨㩢～<抹布>丨㩢地～,268,,已校,
5489,布拉腸粉,,bou3 laai1' coeng4*2 fan2,,用小籠屜墊以布蒸製的腸粉，現做現吃（區别於預先做好的、大而厚的腸粉，吃時蒸熱） ‖ 簡稱“拉腸”,268,,已校,
5490,布底,,bou3 dai2,,布的反面：呢隻布嘅～重好睇過布面<這布的反面比正面還好看>,268,,已校,
5491,布頭布尾,,bou3 tau4 bou3 mei5,,布頭兒，賣剩的零星布塊,268,,已校,
5492,布草,,bou3 cou2,,布類（與綢緞相對）：～絲髮<絲絨品>都一樣洗丨我地細時<小時候>常年着～嘅咋！,268,,已校,
5493,布碎,,bou3 seoi3*2,,碎布片,268,,已校,
5494,布辦,,bou3 baan6*2,,布樣子（樣品）：我想買啲布，畀啲～我睇喇！,268,,已校,
5495,布朴,,bou3 pok3,,把布用糨糊粘連數層，乾後用以製鞋（家庭自做布鞋），北方叫“袼褙”：整啲～來做鞋 ‖ 朴，集韵覺韵匹角切：“説文木皮也”,268,,已校,
5496,報紙佬,,bou3 zi2 lou2,,賣報人，報販子,268,,已校,
5497,報仇,,bou3 sau4,,復仇,268,,已校,
5498,報銷,,bou3 siu1',,①把領用的款項開列清單報告上級核銷 ②東西壞了、爛了：呢件衫～咗嘞丨今日行街行到對鞋都報咗銷 ③詼諧語。死了：條命都～咗,268,,已校,
5499,報君知,,bou3 gwan1' zi1',,舊時指盲人賣卦時用的響器，以招徠顧客,268,,已校,
5500,報生,,bou3 saang1',,舊習，嬰兒初生，家人派人去外婆家報知,268,,已校,
5501,報應,,bou3 jing3,,種惡因，得惡果：你噉樣害人，因住～啊<小心得到惡果啊>,268,,已校,
5502,步,,bou6,,碼頭：船到～咯丨炭～<地名> ‖ 柳宗元《永州鐵爐步志》：“江之滸凡舟可縻而上下者曰步”,268,,已校,
5503,步頭,,bou6 tau4,,小碼頭，有石級上下，泊小船用,268,,已校,
5504,步步摳,,bou6 bou6 kau1',,一種縫紉法，即一針一倒回縫法，第二針在第一針的針腳之後下針 ‖ 也説“步步鈎 bou6 bou6 ngau1'”,268,,已校,
5505,步級,,bou6 kap1,,臺階 ‖ 也説“石級 sek6 kap1”,268,,已校,
5506,部,,bou6,,①量詞。A）輛，架：一～車丨三～機器 B）本，套：一～書丨兩～電影丨呢～書有幾多本啊？ ②部分，部位：内～丨外～丨胸～ ③某些機關的名稱或機關企業中的單位：文化～｜人事～｜出版～｜公關～ ④軍隊（連以上）等的領導機構：連～｜團～｜司令～,268,,已校,
5507,捗,,bou6,,用棍打：～佢隻腳｜～跛佢 ‖ 集韵暮韵蒲故切：“捗攄，收斂也”,269,,已校,
5508,菢,,bou6,,①孵：鷄乸～鷄仔 ②培養、愛護的戲稱：佢個細路讀書好𥌮。——梗係喇，佢個老豆老母成日都～住佢 ‖ 廣韵號韵薄報切：“鳥伏卵也”,269,,已校,
5509,菢竇,,bou6 dau3,,（禽類）孵蛋，菢窩：鷄乸～｜～鷄,269,,已校,
5510,菢竇鷄,,bou6 dau3 gai1,,正在孵蛋期間的母鷄：～好惡㗎,269,,已校,
5511,暴,,bou6,,①强暴，兇暴：～行｜殘～ ②突然，乍：～得志｜～發户｜～冷～熱｜初來～到｜生～<陌生>｜～離牀 ③短暫：～腌魚｜～腌瓜條,269,,已校,
5512,暴離牀,,bou6 lei4 cong4,,乍睡别人牀而不能入睡，北方説“擇席”：我好興～嘅｜佢慣咗～嘅,269,,已校,
5513,暴腌,,bou6 jim1',,腌製食物時間較短：～瓜條｜～魚,269,,已校,
5514,暴腌魚,,bou6 jim1' jyu4*2,,以鹽腌魚，壓之數日，煎食,269,,已校,
5515,暴冷暴熱,,bou6 laang5 bou6 jit6,,乍冷乍熱：呢個天時～，着衫要仔細啲,269,,已校,
5516,暴發户,,bou6 faat3 wu6,,突然發財得勢的人或人家,269,,已校,
5517,暴得志,,bou6 dak1 zi3,,突然滿足了名或利的欲望,269,,已校,
5518,簿,,bou6*2,,紙本子，簿子：賬～｜日記～｜單行～<横格本>｜堂課～<課堂作業本>,269,,已校,
5519,鋪,,pou1',,①鋪設，鋪開：～好張牀｜～地｜～開兩張席 ②量詞。A）模樣，樣子：睇你～樣<瞧你那樣兒> B）番，席。用於話語：一～話法<一席話>｜你嗰～話法唔得㗎<你那番話不行的呀>｜照你～講法<按你那種説法> C）樁，檔子（生意、買賣）：呢～世界幾好㗎，搵得錢到<這檔子生意挺好的，能賺得到錢>｜呢～世界畀佢攪汪咗<這樁買賣折了本> D）局，盤（遊戲、賭博等）：打一～牌｜打一～麻雀<麻將牌>｜捉～棋<下一盤棋>｜再玩一～喇！ E）股（力氣、勁頭、癮頭）：佢有～牛力｜你～癮真大咯,269,,已校,
5520,鋪排,,pou1' paai4,,排場：佢結婚好大～㗎｜佢嘅～大 ‖ 也説“排場 paai4 coeng4”,269,,已校,
5521,鋪蓋,,pou1' goi3,,席子、被褥的總稱：執～行李，搭夜船上省 ‖ 也叫“被鋪 pei5 pou1'”,269,,已校,
5522,浮,,pou4,,①漂浮：～起｜～晒面<全浮在上面> ②露出：～頭 ‖ 口語音，文讀 fau4,269,,已校,
5523,浮頭,,pou4 tau4,,①漂起，浮起：煮角仔一～就得咯 ②露頭，露面。多用於人：三日唔見佢～咯,269,,已校,
5524,浮薸,,pou4 piu4*2,,水塘面長的一層綠色水草，細小片狀，生長極快，可做飼料、肥料 ‖ 薸，廣韵宵韵符霄切：“方言云江東謂浮萍爲薸”,269,,已校,
5525,菩薩,,pou4 saat3,,泛指佛和某些神：求～庇佑,269,,已校,
5526,葡提子乾,,pou4 tai4 zi2 gon1,,葡萄乾,269,,已校,
5527,葡提子,,pou4 tai4 zi2,,葡萄：～乾｜～汁 ‖ 也簡稱“提子”,269,,已校,
5528,蒲桃,,pou4 tou4*2,,一種水果，黄色，圓形，果肉薄，味甜，汁少，中空，有一圓核，搖之有聲。可生食，也可用以浸酒,269,,已校,
5529,蒲桃公,,pou4 tou4*2 gung1,,長形蒲桃，肉厚無核,270,,已校,
5530,蒲團,,pou4 tyun4*2,,蒲草編的坐具,270,,已校,
5531,譜譜模模,,pou2 pou2 mou4*2 mou4*2,,大致；模模糊糊，朦朦朧朧：過咗十年我重～記得佢個樣丨我都冇尺寸，～裁嘅咋<大致裁罷了>,270,,已校,
5532,抱,,pou5,,①用手臂圍着：～仔丨～細路哥丨～唔起 ②（衣、鞋）大小合適：呢對鞋～腳,270,,已校,
5533,抱子金蘭,,pou5 zi2 gam1' laan4,,一種洋菜花，梗及葉脈紫紅色，葉藍色或紅式,270,,已校,
5534,抱歉,,pou5 hip3,,心存歉意,270,,已校,
5535,抱腳,,pou5 goek3,,合腳：對鞋～丨大筒襪唔～來,270,,已校,
5536,泡,,pou5,,泡沫：～沫塑料丨煲綠豆沙最多～嘞丨番梘～<肥皂泡>丨起～,270,,已校,
5537,鋪,,pou3,,①店鋪：一間～丨～頭<小店鋪>丨開～ ②量詞。十里爲一鋪：去我屋企有一～路咁遠,270,,已校,
5538,鋪,,pou3*2,,店鋪：米～丨布～丨雜貨～丨柴～丨故衣～,270,,已校,
5539,鋪位,,pou3 wai6*2,,店鋪所占的位置：一間～丨搵個～開間鋪,270,,已校,
5540,鋪頭,,pou3 tau4*2,,小店鋪：開問～丨佢間～有好多野賣,270,,已校,
5541,鋪標,,pou3 biu1,,舊時賭博的一種，參與賭者先買一張字條，上面有一首詩，再選買其中若干字，開彩後中得多則得錢多,270,,已校,
5542,鋪面,,pou3 min6*2,,鋪子的門面：兩便～<在街轉角處的鋪子，可向兩個方向開門>丨佢間鋪頭好大，三便過嘅～<三間房寬的門面>,270,,已校,
5543,毛,,mou4,,①動物皮上所生的絲狀物：貓～丨狗～丨牛～丨鴨～ ②人的皮上所生的絲狀物：眼眉～丨鼻～丨面～丨汗～,270,,已校,
5544,毛,,mou4*1,,①物品霉變後長出的毛：發～ ②戲稱頭髮：睇你嗰兩條～<笑别人頭髮少> ③極言其小：蝦～丨賊～,270,,已校,
5545,毛蟹,,mou4 haai5,,有毛的河蟹,270,,已校,
5546,毛鷄酒,,mou4 gai1 zau2,,①帶毛的鷄泡的酒 ②一種山鷄（叫做毛鷄）泡的酒,270,,已校,
5547,毛豆,,mou4 dau6*2,,未成熟的嫩黄豆，可當菜吃,270,,已校,
5548,毛布,,mou4 bou3,,絨布，較厚的帶絨毛的棉布,270,,已校,
5549,毛毛草草,,mou4 mou4 cou2 cou2,,做事毛手毛腳 ‖ 也説“毛手毛腳 mou4 sau2 mou4 goek3”,270,,已校,
5550,毛草,,mou4 cou2,,做事粗心大意：佢做野好～㗎,270,,已校,
5551,毛水,,mou4 seoi2,,毛色，多用於鷄鴨：隻鷄幾好～,270,,已校,
5552,毛藍布,,mou4 laan4 bou3,,一種藍色布 ‖ 也叫“北京藍 bak1 ging1' laan4”,270,,已校,
5553,毛衫,,mou4 saam1,,羊毛衫的簡稱,270,,已校,
5554,毛巾褸,,mou4 gan1 lau1,,游泳出水後披的毛巾布長外衣,270,,已校,
5555,毛巾恤,,mou4 gan1 seot1,,毛巾布襯衫 ‖ 恤，英文 shirt 的音譯,270,,已校,
5556,毛氈,,mou4 zin1,,毛毯 ‖ 也叫“氈”,270,,已校,
5557,毛管,,mou4 gun2,,毛孔：冷到我～都鬆晒<凍得我起鷄皮疙瘩>,270,,已校,
5558,毛管戙,,mou4 gun2 dung6,,起鷄皮疙瘩：見到毛管都戙晒丨冷到～丨嚇到佢成個人～ ‖ 也説“毛管鬆 mou4 gun2 sung1'”,270,,已校,
5559,毛冷,,mou4 laang1,,毛綫 ‖ 也叫“冷”。冷，法文 laine 的音譯,271,,已校,
5560,毛鬙鬙,,mou4 sang4 sang4,,形容毛多，又長又密 ‖ 鬙，集韵登韵思登切：“鬅鬙，髮長。”古清音平聲，本應讀陰平，此處變讀陽平，乃語音同化作用,271,,已校,
5561,毛星沙數,,mou4 sing1 saa1' sou3,,多得難以盡數：今日去咗～咁多人啊丨今日好多荔枝賣，～擺喺處,271,,已校,
5562,毛茸,,mou4 jung4,,（鷄鴨的）細毛：劏鴨要掹乾凈曬啲～,271,,已校,
5563,無他,,mou4 taa1',,没有别的緣故，没什麼,271,,已校,
5564,無疑,,mou4 ji4,,①雖然：啲荔枝～係咁黑啫，都幾好食啊！ ②當然：啲荔枝都摘咗幾日嘅嘞，～係咁黑嘅喇！,271,,已校,
5565,無謂,,mou4 wai6,,①犯不上，犯不着：～同你嗌<吵架>丨爲呢啲細事來搵佢，～啊丨你噉真係～嘅<你這樣真是犯不上> ②不值得，没有必要：老伯亦～傷心丨大家客氣話就～講喇,271,,已校,
5566,無聊無赖,,mou4 liu4 mou4 laai6,,無聊：～又過一日喇 ‖ 也説“無聊賴”,271,,已校,
5567,無拘無管,,mou4 keoi1' mou4 gun2,,没拘束，很自由,271,,已校,
5568,無藍不褸,,mou4 laam4 bat1 lau4*2,,不正經，不正當，不務正業：佢做埋晒啲～嘅事丨嗰個野～嘅，唔好睬佢,271,,已校,
5569,無端端,,mou4 dyun1' dyun1',,①無緣無故 ②不料，事出意外,271,,已校,
5570,無端生有,,mou4 dyun1' saang1' jau5,,無中生有,271,,已校,
5571,無情鷄,,mou4 cing4 gai1,,舊時店主在尾禡（農曆十二月十六）那天請伙計吃飯，宴席上一定有白斬鷄，主人想要解僱哪位伙計，就夾一塊鷄肉給他吃。一説把鷄頭對着將被解僱者。這鷄叫“無情鷄”,271,,已校,
5572,無情白事,,mou4 cing4 baak6 si6,,無端，無緣無故：你～鬧我一餐做乜野？ ‖ 也説“無端白事 mou4 dyun1' baak6 si6”,271,,已校,
5573,摹紅,,mou4 hung4,,描紅模子，小學生初學毛筆字 ‖ 也説“描紅 miu4 hung4”,271,,已校,
5574,模,,mou4*2,,模子：餅～<做餅食用的模子>丨同埋一個～磕出來嘅<喻長得相似，好像同一個模子磕出來的>,271,,已校,
5575,冇,,mou5,,①没有，無：我～錢丨～人反對丨～衫着 ②末，没有：点解你昨日～來啊？丨你有讀書～呢？——我～讀書嘅丨我都～去過上海 ‖ 俗字。本字爲“無”,271,,已校,
5576,冇把炮,,mou5 baa2 paau3,,①没有把握：呢件事我都～喎！ ②没有倚靠，無所恃,271,,已校,
5577,冇爬冇挖,,mou5 paa4 mou5 waa2,,没有依靠，没有靠山 ‖ 挖，集韵馬韵烏瓦切：“吳俗謂手爬物曰挖”,271,,已校,
5578,冇挐經,,mou5 naa1' gaang1',,不相干，不沾邊，没關係：佢同我地都～嘅丨呢件事同嗰件事都～ ‖ 經，讀書音 ging1'，gaang1' 是口語變讀,271,,已校,
5579,冇挐掕,,mou5 naa1' lang3,,没有瓜葛，没有關連：我同呢件事冇啲挐掕，唔好來問我 ‖ 挐，廣韵麻韵女加切：“絲絮相牽。”掕，借字,271,,已校,
5580,冇揸拿,,mou5 zaa1' naa4,,没有把握,271,,已校,
5581,冇牙老虎,,mou5 ngaa4 lou5 fu2,,喻火災。因舊時廣州無磚房，多是木棚，一有火災，則損失甚巨：至怕就係～喇,271,,已校,
5582,冇瓦遮頭,,mou5 ngaa5 ze1' tau4,,頭上無片瓦，極言貧苦,272,,已校,
5583,冇下落,,mou5 haa6 lok6,,①心中無着落，無聊賴：呢牌<這陣子>喺屋企都冇釐下落就走咗 ②没倚靠，没歸宿：佢都係～嘅人,272,,已校,
5584,冇話頭,,mou5 waa6 tau4,,没什麼可説，不值一説：呢件野都冇乜話頭嘅嘞！,272,,已校,
5585,冇野,,mou5 je5,,没事兒，没什么：～㗎<没什么呀>,272,,已校,
5586,冇野到,,mou5 je5 dou3,,不是事實，不是那麽一回事：原本以爲佢好有來頭嘅，收尾睇下睇下都～嘅 ‖ 也説“冇野來 mou5 je5 lai4”,272,,已校,
5587,冇野矴口,,mou5 je5 deng3 hau2,,駡人話。説人愛説話，源於舊時死者入殮時口中要含着銀子：前世～ ‖ 也説“口空 hau2 hung1'”或“冇矴口”,272,,已校,
5588,冇咗數,,mou5 zo2 sou3,,兩相清賬，彼此没有欠款：嗱，大家～喇,272,,已校,
5589,冇錯,,mou5 co3,,没錯兒：～，就係噉嘅,272,,已校,
5590,冇所謂,,mou5 so2 wai6,,無所謂：我去唔去都～㗎,272,,已校,
5591,冇呢支歌唱,,mou5 ni1 zi1' go1 coeng3,,過了這個村，没有這個店。喻過去有的東西，現在不再有了：咁好機會你都唔去，過後就～嘞！,272,,已校,
5592,冇思好,,mou5 si1' hou2,,毫無心緒，無聊，没意思：成日都冇乜思好<整天都無聊>丨冇釐思好<百無聊賴>,272,,已校,
5593,冇時,,mou5 si4,,無時，没有一刻：佢都～喺屋企嘅，成日都咁忙丨佢～閑嘅丨我屋企家頭細務咁多，真係～安樂,272,,已校,
5594,冇時閑,,mou5 si4 haan4,,①很忙，没有一刻得閑 ②好動：個細路～嘅,272,,已校,
5595,冇事,,mou5 si6,,没出事兒，没問題：～嘅，唔使憂丨你～吖嗎？,272,,已校,
5596,冇衣食,,mou5 ji1' sik6,,①因浪費而折福壽，折減衣食：日日都食剩兩啖飯，～㗎 ②行歪道、損公德而受報應：你唔好害人噃，唔好咁～喇,272,,已校,
5597,冇耳茶壺,,mou5 ji5 caa4 wu4*2,,喻誇誇其談者。歇後語，下句是“得把嘴”（就剩下一張嘴）,272,,已校,
5598,冇耳藤笈,,mou5 ji5 tang4 gip1,,喻拍馬屁者。笈是箱子，因没有提手，只好用肩托着走。歇後語，後句爲“靠托”，托即托大腳（拍馬） ‖ 笈，廣韵葉韵其輒切：“負書箱也”,272,,已校,
5599,冇耳聽,,mou5 ji5 teng1',,不想聽，聽不進去，不願聽：你凈係講埋晒噉嘅野，我真係～嘞,272,,已校,
5600,冇耳性,,mou5 ji5 sing3,,没記性 ‖ 也説“冇記性 mou5 gei3 sing3”,272,,已校,
5601,冇符,,mou5 fu4,,没法子，無計可施，没咒兒念：唔吊沙煲都冇晒符喇<不想斷炊也毫無辦法>,272,,已校,
5602,冇主腦,,mou5 zyu2 nou5,,没主意，没主見,272,,已校,
5603,冇大冇細,,mou5 daai6 mou5 sai3,,不分老幼尊卑，没大没小：個細路真係～嘅！,272,,已校,
5604,冇奈何,,mou5 naai6 ho4,,奈何不得，無可奈何 ‖ 奈，讀書音 noi6，口語音 naai6,272,,已校,
5605,冇挨冇倚,,mou5 aai1' mou5 ji2,,孤獨，無可依靠,272,,已校,
5606,冇挨冇凭,,mou5 aai1' mou5 bang6,,没有依靠：佢冇仔女，～,272,,已校,
5607,冇米粥,,mou5 mai5 zuk1,,米少菜多的粥,272,,已校,
5608,冇底面,,mou5 dai2 min6*2,,①指質量好，没有攙假，上下一致：我啲貨～㗎 ②不分裏和面的：呢隻布～嘅，兩便都可以着 <兩面都能穿>,273,,已校,
5609,冇睇頭,,mou5 tai2 tau4,,不好看，没看頭：戲班凈係請啲二打六<質量差>腳色，～丨呢本書冇乜睇頭嘅,273,,已校,
5610,冇細藝,,mou5 sai3 ngai6,,没有手頭的零碎活兒，指閑坐無事，無聊賴：成日喺屋企冇乜細藝,273,,已校,
5611,冇計嘅,,mou5 gai3 ge3,,不算什麼，不論，北京説“没説的”：呢啲野我幫你做完就算嘞，～,273,,已校,
5612,冇壞嘅,,mou5 waai6 ge3*2,,没有壞處：呢單野你做唔係做囉，～ <這件事你幹就幹吧，錯不了>,273,,已校,
5613,冇皮柴,,mou5 pei4 caai4,,喻光棍、無賴：光棍遇着～，大家鬥呃[ŋak˥] <大家互相欺詐>,273,,已校,
5614,冇皮蕉,,mou5 pei4 ziu1,,“屎”的代稱 ‖ 也説“剝皮蕉 mok1 pei4 ziu1”,273,,已校,
5615,冇尾馬留,,mou5 mei5 maa5 lau4,,喻淘氣的小孩子，“馬留”是猴子,273,,已校,
5616,冇尾飛砣,,mou5 mei5 fei1' to4,,喻一去不回的人或物。歇後語，下句是“一去無蹤”或“有去冇回”,273,,已校,NA：fei1 to4另有詞頭“飛堶”。
5617,冇釐,,mou5 lei4,,一點也没有：～用丨～癮頭 <没有一點興趣>丨～下落 <百無聊賴>丨～精神 <没精打采>丨～火氣 <人太軟弱>丨～味道,273,,已校,
5618,冇利市,,mou5 lei6 si6,,不吉利：講埋晒啲噉嘅野，冇啲利市 <凈説些這種玩藝兒，一點不吉利>,273,,已校,
5619,冇幾何,,mou5 gei2 ho4*2,,不經常：我都～去佢處丨大家～喺埋一齊，今日唔摸下杯底点得啊 <大伙兒難得聚齊，今天不喝幾杯怎麼行啊>？,273,,已校,
5620,冇幾耐,,mou5 gei2 noi6*2,,没多久，不大一會兒：佢～就返來,273,,已校,
5621,冇爪蟛蜞,,mou5 zaau2 paang4 kei4,,喻無能的人，無本事的人：佢總係攪到我好似～噉,273,,已校,
5622,冇交易,,mou5 gaau1' jik6,,①没有買賣關係 ②引申義。不行，不幹：你想同我借錢，～！ ③没來往：我同佢都～嘅,273,,已校,
5623,冇竇口埋,,mou5 dau3 hau2 maai4,,没地方可落腳，無處收容：佢家下變成無主孤魂，～咯！,273,,已校,
5624,冇頭烏蠅,,mou5 tau4 wu1' jing4*1,,喻做事無條理、無計劃者，到處亂撞,273,,已校,
5625,冇頭安出腳,,mou5 tau4 on1' ceot1 goek3,,熟語。指無事生非，胡編亂造 ‖ 也説“冇頭做出腳 mou6 tau4 zou3 ceot1 goek3”,273,,已校,
5626,冇走趲,,mou5 zau2 zaan3*2,,①没有鬆動的時間，時間很緊：你咁遲至講我知，我都冇啲走趲 ②没有活動的地方：間屋窄過頭，都～嘅 ‖ 趲，廣韵翰韵則旰切：“散走”,273,,已校,
5627,冇口話佢,,mou5 hau2 waa6 keoi5,,對於不聽話、倔强的人，懶得説他：我都～咯，任佢点就点咯！,273,,已校,
5628,冇口齒,,mou5 hau2 ci2,,不講信用，説了不算：唔好信佢，佢講話～嘅,273,,已校,
5629,冇口滿,,mou5 hau2 mun5,,不滿意，不滿足：佢總係～，点遷就佢都係噉丨個細路哥点䐺[tʻɐm˧]<哄>佢都～嘅,273,,已校,
5630,冇有怕,,mou5 jau5 paa3,,没什麼可怕的，一點兒也用不着怕,273,,已校,
5631,冇譜,,mou5 pou2,,離譜，不合常理：貴到～丨你講都～嘅丨衰到～丨惡到～丨鬧到冇晒譜,273,,已校,
5632,冇腦,,mou5 nou5,,没腦子，没心眼兒：你都～嘅,274,,已校,
5633,冇數爲,,mou5 sou3 wai4,,划不來，不合算：呢單野都冇乜數爲嘅,274,,已校,
5634,冇了賴,,mou5 liu5 laai6,,没完没了：佢成日都唔走，～㗎？！丨呢場戰爭打來打去，都～嘅,274,,已校,
5635,冇料,,mou5 liu6*2,,①没學問，没真本事：唔使問佢，佢都～嘅 ②食品中缺少好材料：呢碗魚生粥都～嘅 ③做人窩囊，没骨氣,274,,已校,
5636,冇橋,,mou5 kiu4*2,,没法子，没招兒,274,,已校,
5637,冇雷公咁遠,,mou5 leoi4 gung1' gam3 jyun5,,熟語。没有雷公的地方，指極遠處：佢去到～啊,274,,已校,
5638,冇腰骨,,mou5 jiu1 gwat1,,①靠不住，光説不實行：呢個野正係～嘅，應承咗我又唔去做嘅 ②半途而廢，做事有頭無尾 ③站不直：你～咩，徛都徛唔直<站也站不直>,274,,已校,
5639,冇拘論,,mou5 keoi1' leon6,,①不拘禮節，不擺架子，隨隨便便 ②不講究吃穿，不求享受：我求其食乜野都～嘅丨睇乜野戲都得，我～,274,,已校,
5640,冇膽匪類,,mou5 daam2 fei2 leon6*2,,譏諷那些調皮搗蛋而没有膽量的人,274,,已校,
5641,冇心機,,mou5 sam1' gei1,,没興致，没勁，没有心緒：佢都～做野，成日都掛住去玩,274,,已校,
5642,冇心肝,,mou5 sam1' gon1',,指不用心：老師講咗嘅你都唔記住，真係～嘞,274,,已校,
5643,冇眼界,,mou5 ngaan5 gaai3,,①没見識，常識缺乏，認識不足：你將佢當好人，真～ ②眼力不準，視力不佳：明明係五斤，你估佢三斤，真～,274,,已校,
5644,冇眼睇,,mou5 ngaan5 tai2,,①不忍看，看不下去：你地做埋晒啲冇陰功嘅事，我都～嘞 ②不願干預，不想管,274,,已校,
5645,冇紋路,,mou5 man4 lou6,,①没正經，吊兒郎當；没有定規：做野咁～㗎<做事情都没個正經> ②不懂世故，不懂禮貌：佢個仔好～㗎，都唔識叫人嘅,274,,已校,
5646,冇份,,mou5 fan6*2,,没有自己的份兒：佢請食飯点解冇你份㗎？丨出錢就有份，食野就～,274,,已校,
5647,冇斤兩,,mou5 gan1' loeng5*2,,①没本事，没有真才實學 ②没有辦事能力，辦事靠不住,274,,已校,
5648,冇根底,,mou5 gan1' dai2,,①無家業、家底：佢都冇乜根底，做生意都唔夠本錢 ②没學問,274,,已校,
5649,冇根蔸,,mou5 gan1' dau1',,不遵常規，不懂規矩：佢講説話～嘅 ‖ 蔸，俗字,274,,已校,
5650,冇根蔃,,mou5 gan1' koeng5*2,,①喻人没有根底，没有勢力，缺少有勢力的親族 ②没能力，没本事 ‖ 蔃，集韵養韵巨兩切：“草名，儉歲人食其根”,274,,已校,
5651,冇人冇物,,mou5 jan4 mou5 mat6,,①指孤身一人，没有家人親屬：做趕豬郎，要～至做得,274,,已校,
5652,冇人水,,mou5 jan4 seoi2,,没人味兒，没有仁義之心：呢個人一世冇情分，～，反骨仔來㗎,274,,已校,
5653,冇癮,,mou5 jan5,,没勁，掃興：喺佢處撞咗板，行返出來冇晒癮咯<在他那裏碰了釘子，走出來太掃興了>,274,,已校,
5654,冇面,,mou5 min6*2,,没臉，没面子：真係～見人咯,274,,已校,
5655,冇天裝,,mou5 tin1' zong1',,舊時形容任性、天不怕地不怕的人,275,,已校,
5656,冇本心,,mou5 bun2 sam1',,没良心,275,,已校,
5657,冇凭掕,,mou5 pang3 lang3,,形容人粗心大意，辦事靠不住：你唔好搵佢幫手，呢個人～嘅，佢做野冇頭冇尾，失失魂魂嘅 ‖ 凭，陽平變讀陰去,275,,已校,
5658,冇纊掕,,mou5 kwang3 lang3,,形容人凡事不留心，粗心大意，做事没頭没尾，辦事不牢靠：嗰個野靠唔住㗎，～嘅,275,,已校,
5659,冇聽頭,,mou5 teng1' tau4,,没有聽頭，不好聽，不值得聽：呢場音樂會冇乜聽頭,275,,已校,
5660,冇聲狗,,mou5 seng1' gau2,,喻陰險之人。歇後語，下句爲“咬死人”,275,,已校,
5661,冇定條,,mou5 ding6 tiu4,,①没有耐性，好亂動，坐不住 ②没有心思做事，不專心致志 ‖ 也説“冇定性 mou6 ding6 sing3”,275,,已校,
5662,冇情,,mou5 cing4,,無情：有情飲水飽，～食飯飢<熟語>,275,,已校,
5663,冇行,,mou5 hong4,,没有門兒，没希望：咁夜重去買票，～嘅嘞丨冇晒行<完全没有指望>,275,,已校,
5664,冇皇管,,mou5 wong4*2 gun2,,説小孩頑皮，不遵管教,275,,已校,
5665,冇宗搒,,mou5 zong1' baang1',,無根由，無根據；没頭没腦：佢講説話都～嘅 ‖ 搒，集韵庚韵晡横切：“相牽也”,275,,已校,
5666,冇傝𠎷,,mou5 taap3 saap3,,不懂事，没有正經，不守常規：你都～嘅丨冇釐傝𠿓<没有一點正經>丨講説話唔好咁～ ‖ 傝，廣韵盍韵吐盍切；𠎷，私盍切：“傝𠎷，不謹貌”,275,,已校,NA：現在（2020s）該詞一般讀mou5 daap3 saap3。
5667,冇立及,,mou5 lap6 kap6,,①没正經 ②做事没頭没尾，懶懶散散：呢個野都～嘅，唔好搵佢做野喇,275,,已校,
5668,冇乜,,mou5 mat1,,没有什麼（必定帶賓語）：～食頭<没什麼吃頭>丨～好睇丨嗰件事～緊要嘅丨～聰明嘅,275,,已校,
5669,冇乜野,,mou5 mat1 je5,,①没什麼：～緊要事嘅丨～好睇吖 ②没事兒，還好：喂，你家下点樣啊？——～ ③（人）可靠，忠實：佢個人～嘅，唔會奸奸狡狡嘅,275,,已校,
5670,冇乜滯,,mou5 mat1 zai6,,幾乎没有，没有多少，没怎麼：你冇食乜滯<你没有吃多少>丨我冇去佢屋企乜滯<我幾乎没去過他家>丨呢個月我冇買書乜滯<這個月我没怎麼買書>丨米缸重有米冇啊？——～嘅嘞<没有多少啦>,275,,已校,
5671,冇乜好死,,mou5 mat1 hou2 sei2,,駡人話。意即不利，對己没好處：見咗佢都～丨你噉做～㗎,275,,已校,
5672,冇乜點,,mou5 mat1 dim2,,没什麼特别：我見過佢部車，都～吖！,275,,已校,
5673,冇乜兩句,,mou5 mat1 loeng5 geoi3,,没二話，談得來，意氣相投：我同佢～嘅丨同人～<没跟别人紅過臉>,275,,已校,
5674,冇蝨搵蝨撓,,mou5 sat1 wan2 sat1 ngaau1',,熟語。没事找事，没有麻煩找麻煩：你搵返個細蚊仔來養喇？～咩！,275,,已校,
5675,冇術,,mou5 seot6,,没有辦法：攪到我冇晒術<弄得我毫無辦法>,275,,已校,
5676,冇得頂,,mou5 dak1 ding2,,不可超越，利害：嗰個野咪惹佢，佢～㗎！,275,,已校,
5677,冇得摱,,mou5 dak1 maan1',,不可挽回，没有希望 ‖ 摱，集韵元韵模元切：“引也。”也説“冇摱”或“冇望 mou5 mong6”,275,,已校,
5678,冇得彈,,mou5 dak1 taan4,,無可挑剔，没説的，非常好,275,,已校,
5679,冇得傾,,mou5 dak1 king1',,没有什麼可談的，没有價錢可講；没門兒,276,,已校,
5680,冇得講,,mou5 dak1 gong2,,①没有話可説 ②没有談判的餘地,276,,已校,
5681,冇食頭,,mou5 sik6 tau4,,没吃頭，不好吃或不值得吃：啲豬骨冇乜食頭吖丨食響螺又係～嘅,276,,已校,
5682,冇着落,,mou5 zoek6 lok6,,①没有下落：佢架單車唔見咗，家下都～ ②没有可以指望的來源：我想做生意，本錢都～,276,,已校,
5683,冇㞘田螺,,mou5 duk1 tin4 lo4*2,,一種平頂的田螺，没有尖端 ‖ 也叫“冇底螺 mou5 dai2 lo4*2”,276,,已校,
5684,冇解,,mou5 gaai2,,没道理，不講理：你都～丨真係～嘅<真是的，表示不滿>,276,,已校,
5685,冇氣冇力,,mou5 hei3 mou5 lik6,,①身體不好，軟弱無力 ②無財無勢，無靠山：我地～，做到乜野出來吖！,276,,已校,
5686,冇來由,,mou5 loi4 jau4,,没有根據：你講嘅説話冇啲來由,276,,已校,
5687,冇收,,mou5 sau1',,没辦法，没轍：佢個野真係冇晒佢收<對他這家伙，真是一點法子也没有>丨個仔咁百厭，真係冇佢收<兒子這麼調皮，真是拿他没奈何>,276,,已校,
5688,冇手尾,,mou5 sau2 mei5,,做事有頭無尾，留下“尾巴”不收拾乾凈：佢做野都～嘅,276,,已校,
5689,冇心裝載,,mou5 sam1' zong1' zoi3,,心不在焉,276,,已校,
5690,冇陰功,,mou5 jam1' gung1',,①指人兇殘，虐待人，損陰德：佢好～㗎丨佢待人～丨乜你咁～都做得出丨噉樣做幾～呢 ②受到惡報而遭不幸：真係～<真是活受罪>,276,,已校,
5691,舞,,mou5,,①耍弄，捉弄：～馬留丨～獅丨～龍丨畀人～到陀螺擰<被人捉弄得團團轉> ②做，弄：～來～去～唔掂<弄來弄去還是做不好>丨由朝～到晚，都未攪掂<由早幹到晚還是未做完>,276,,已校,
5692,舞馬留,,mou5 maa5 lau1,,耍猴子,276,,已校,
5693,舞手弄腳,,mou5 sau2 lung6 goek3,,形容人好亂動東西，很討人嫌,276,,已校,
5694,舞龍,,mou5 lung4,,耍龍，龍用竹木紥成，飾以彩帶,276,,已校,
5695,帽,,mou6*2,,帽子：竹～丨通～丨草～丨氈～丨涼～丨雪～丨暖～丨戴頂～出街喇,276,,已校,
5696,帽檐,,mou6*2 jam4,,帽子周圍突出的邊 ‖ 也説“帽邊 mou6*2 bin1”,276,,已校,
5697,帽襻,,mou6 paan3,,帽帶，竹帽、草帽的帶子,276,,已校,NA：原書“襻”注音的調值符號是44。
5698,帽碗,,mou6 wun2,,帽子緊貼頭部的部分，防止帽動搖,276,,已校,
5699,帽菂,,mou6 dik1,,瓜皮帽頂的突起部分,276,,已校,
5700,帽殼,,mou6 hok3,,没有邊的竹帽，和蓑衣一起用，農夫、車夫多用之,276,,已校,
5701,墓閉,,mou6 bai3,,清明時節過後一個月，掃墓完畢,276,,已校,
5702,霧,,mou6,,空氣中的水蒸氣凝結成的小水珠，浮在近地面的空氣中：落～丨今朝好大～丨～散咗,276,,已校,
5703,霧水,,mou6 seoi2,,露水：畀～打濕褲腳丨攪到我一頭～<弄得我摸不着頭腦>,276,,已校,
5704,霧水夫妻,,mou6 seoi2 fu1' cai1',,露水夫妻，喻婚姻短暫的夫妻,276,,已校,
5705,霧水妾侍,,mou6 seoi2 cip3 si6,,玩夠了就拋棄的妾,276,,已校,
5706,刀,,dou1,,刀子：柴～｜菜～｜一張～｜餐～｜竹～｜刺～｜利～｜大～｜鈎～｜～殼｜豆腐～｜～口｜～仔｜腰～｜鈍～,277,,已校,
5707,刀字邊,,dou1 zi6 bin1,,漢字偏旁，立刀兒,277,,已校,
5708,刀仔,,dou1 zai2,,①小刀：三開～ ②舊時指匕首,277,,已校,
5709,刀口,,dou1 hau2,,刀刃：～唔利｜喺～攞食<在刀刃上混飯吃，喻謀生危險>,277,,已校,
5710,刀嘴,,dou1 zeoi2,,刀尖,277,,已校,
5711,刀片,,dou1 pin3*2,,刮鬍子用的薄刀片,277,,已校,
5712,刀法,,dou1 faat3,,切東西（魚肉菜等）的技術，北京叫“刀口兒”：某師傅～幾好㗎｜～如神,277,,已校,
5713,刀殼,,dou1 hok3,,刀鞘,277,,已校,
5714,刀,,dou1',,量詞。計算紙張的單位：買一～紙,277,,已校,
5715,刀豆,,dou1' dau6,,一種做菜用的豆角，多腌酸菜吃,277,,已校,
5716,都,,dou1',,副詞。①還：間房仔～算乾凈｜～好<還好>｜噉～得嘅？｜～唔錯<還不措嘛>！｜兩個～算夠｜佢～唔曾去過 ②也：我～去｜你走我～走咯｜～唔係幾熱嘅｜畀多啲～唔怕喇｜噉～好<這樣也好> ③已經，早已（加重語氣）：我～話咗畀你聽咯｜～話去咯<説了去嘛>｜～話唔好咯<説了别這樣嘛> ④倒是：～幾好睇嘅<倒是很好看的>｜～幾多嘅<倒是挺多的>｜噉樣～做得<這樣倒是可以> ⑤皆，全：佢兩個～好｜順德各處我～熟晒｜乜野～冇｜樣樣～有 ⑥與“係”字合用，説明理由：～係你阻住我，唔係～唔會遲到｜～係佢，攪到地下咁濕 ⑦表示“甚至”：今日一啲～唔冷｜我講咗咁多，佢聽～唔聽 ⑧尚且：你～唔夠佢打，何况我呢,277,,已校,
5717,嘟,,dou1',,噘（嘴）：～起條嘴,277,,已校,
5718,倒,,dou2,,①傾倒：～水｜～垃圾｜～出 ②伐（木）：～樹 ③（人或堅立的東西）横躺下來：個細路仔跌～喺地｜條杉轆～咗｜～頭就瞓着咗 ④失敗，垮臺,277,,已校,
5719,倒瀉,,dou2 se2,,倒撒，注滿而溢出：咪～啲墨水啊｜～一杯茶｜唔小心～咗一籮米,277,,已校,
5720,倒瀉麻籃,,dou2 se2 maa4 laam4,,形容亂：佢個房好似～咁亂,277,,已校,
5721,倒瀉茶,,dou2 se2 caa4,,舊時指女子定婚之後，未過門死了未婚夫（須嚴格保密，否則很難再嫁）‖也叫“打瀉茶 daa2 se2 caa4”,277,,已校,
5722,倒瀉籮蟹,,dou2 se2 lo4 haai5,,形容照顧不過來，忙亂之極：攪到我～噉,277,,已校,
5723,倒米,,dou2 mai5,,拆臺，破壞利益：真正係～｜你唔好倒我米喎｜佢專係倒人米嘅,277,,已校,
5724,倒米壽星,,dou2 mai5 sau6 sing1,,①駡專門破壞人家的好事者。壽星有“長期”義 ②指幫倒忙者,277,,已校,
5725,倒霉,,dou2 mui4,,運氣不佳，倒運,277,,已校,
5726,倒頭,,dou2 tau4,,①死亡 ②指躺下，多用於小孩、年輕人：眼瞓到極，～就瞓着嘞,277,,已校,
5727,倒頭經,,dou2 tau4 ging1,,舊時人死後，當晚開始請和尚念的經,277,,已校,
5728,倒竈,,dou2 zou3,,幫倒忙,277,,已校,
5729,倒囊,,dou2 nong4*2,,體弱而虛胖：咪睇佢咁肥，好～㗎,277,,已校,
5730,倒瓤,,dou2 nong4,,瓜類過熟而中空，北方説“婁”：～冬瓜,277,,已校,
5731,倒瓤冬瓜,,dou2 nong4 dung1' gwaa1',,①喻徒有其表、外强中乾者 ②喻外表雖好，但無能、無學問者,278,,已校,
5732,搗蛋,,dou2 daan6*2,,搗亂,278,,已校,
5733,賭,,dou2,,①賭博：～天九｜～仔｜～番攤｜～花會｜～錢｜～友 ②泛指爭勝負：輸～<打賭>｜～波<猜足球隊的勝負>,278,,已校,
5734,賭仔,,dou2 zai2,,賭客、賭徒、賭棍的統稱,278,,已校,
5735,賭氣,,dou2 hei3,,因不滿意而任性：佢～唔去睇戲 ‖ 也説“負氣 fu6 hei3”,278,,已校,
5736,賭棍,,dou2 gwan3,,指靠賭錢騙人爲生的人,278,,已校,
5737,賭番攤,,dou2 faan1' taan1,,參與番攤的賭博 ‖ 也説“買番攤 maai5 faan1' taan1”。參看“番攤”,278,,已校,
5738,賭館,,dou2 gun2,,有固定地點的賭博場所,278,,已校,
5739,賭命跌,,dou2 meng6*2 dit1,,聽天由命：個仔將來係好係壞，～嘞｜今次考大學，得唔得，～嘞,278,,已校,
5740,賭場,,dou2 coeng4,,没有固定地點的臨時賭博的地方,278,,已校,
5741,賭檔,,dou2 dong3,,賭博攤子,278,,已校,
5742,到,,dou3,,①到達，達到，達於某一點：～站｜船～步<碼頭>｜～碇[tɛŋ˨] <到目的地>｜遲～｜～期｜由朝～晚 ②往：～你屋企有幾遠路啊？｜～上海旅游 ③用做動詞的補語，表示動作有結果：講～就要做～｜我真想唔～你會來 ④用在動詞和補語中間，表示動作達到某種結果：食～飽｜睇～夠｜打～佢死死下<打得他半死> ⑤用在形容詞和表示程度的補語中間，相當於“得”：衰～死<（人）差得要命>｜窮～貼地｜瘦～一條柴｜甜～腬喉 ⑥用在動詞後表示完成，多在問句中和“有冇”連用（本身意義虛化，只是加重語氣）：佢有冇來～啊？｜你有冇寫～信啊？｜有冇坐～啊？｜有冇食～呢？｜有冇考～啊？ ⑦用在“唔”後（只用於否定語氣），表示由不得、輪不到：唔～你唔去<由不得你不去>｜呢件事唔～你講<這件事輪不上你説話>,278,,已校,
5743,到加一,,dou3 gaa1' jat1,,用在形容詞後，表示程度加重：呢個野壞～｜佢今日着得靚～<他今天穿得特别漂亮>,278,,已校,
5744,到時到候,,dou3 si4 dou3 hau6,,到時候：～佢就會去嘅喇！,278,,已校,
5745,到位,,dou3 wai6*2,,①到達目的地：佢而家怕都會～嘞 ②做事到家、恰當，切中要害：你噉做都得～噃｜打到佢好～,278,,已校,
5746,到死,,dou3 sei2,,放在形容詞後表示達到極點：靚～｜肚餓～｜醜～｜多～｜麻煩～｜地下滑～,278,,已校,
5747,到其時,,dou3 kei4 si4,,到時候：～你就知死咯｜～就會話你知,278,,已校,
5748,到會,,dou3 wui6,,請酒樓廚師到家裏做酒席宴客：去酒樓訂幾圍桌，講明～,278,,已校,
5749,到夠,,dou3 gau3,,達到滿足：今日要玩～｜食～｜打～｜睇～,278,,已校,
5750,到喉唔到肺,,dou3 hau4 m4 dou3 fai3,,熟語。吃得貴而不實在；没吃夠，不滿足：去南園飲茶真唔抵咯，真係～,278,,已校,
5751,到步,,dou3 bou6,,（乘車、船）到達，到達目的地：幾時～啊？｜今晚八點～ ‖ 也説“到碇 dou3 deng6”,278,,已校,
5752,到極,,dou3 gik6,,達到極點：衰～｜壞～｜蠢～｜你講得好～｜聰明～｜好睇～,278,,已校,
5753,倒刺,,dou3 ci3,,指甲旁的皮破豎起如刺,278,,已校,
5754,倒竪葱,,dou3 syu6 cung1',,倒立,279,,已校,
5755,倒扣鬚,,dou3 kau3 sou1,,倒鬚，蝦籠、蟑螂籠和中式的鎖都有此裝置，以防逃脱或脱落 ‖ 也説“倒󠄀□鬚 tou3 kwang3 sou1”,279,,已校,
5756,倒鈎鬚,,dou3 ngau1' sou1,,釣魚鈎上的倒鈎，防止魚上鈎後逃脱,279,,已校,
5757,倒吊沙煲,,dou3 diu3 saa1' bou1,,指窮得無米下鍋：窮到～丨我今日都～嘞 ‖ 簡稱“吊煲”,279,,已校,
5758,倒吊荷包,,dou3 diu3 ho4 baau1,,①喻甘願虧本，把錢折騰光：呢個野正係～嘞 ②花冤枉錢而無可奈何：今日都～嘞，有乜撈頭吖！ ‖ 也説“荷包倒吊”,279,,已校,
5759,倒吊眼眉,,dou3 diu3 ngaan5 mei4,,眉梢向上吊起,279,,已校,
5760,倒眼,,dou3 ngaan5,,眼珠歪斜，斜眼兒,279,,已校,
5761,倒褪,,dou3 tan3,,①退後：行路打～<步履艱難> ②做事不依次序：你都行路打～嘅，噉樣做功夫點得㗎！,279,,已校,
5762,倒春寒,,dou3 ceon1' hon4,,春天時異常地寒冷，不該冷時則冷,279,,已校,
5763,倒汗水,,dou3 hon6 seoi2,,①水蒸氣附着在玻璃上、鍋蓋上凝成的小水珠 ②（戲稱）酒：你飲多幾杯～，喺度亂𡀾[ŋɐp˥]乜野！,279,,已校,
5764,倒轉,,dou3 zyun3,,①倒過來：～身丨將枝竹～來放 ②反而：我話緊你噃，你～又話返我 ‖ ①也説“調轉 diu6 zyun3”,279,,已校,
5765,倒轉頭,,dou3 zyun3 tau4,,①顛倒：“入伙大吉”，伙字要～寫 ②反過來，反而：佢鬧你，你～又鬧返佢囉！ ‖ 也説“調轉頭 diu6 zyun3 tau4”,279,,已校,
5766,倒𠶲牙,,dou3 kap6 ngaa4,,下牙包住上牙 ‖ 也叫“地包天 dei6 baau1‘ tin1”。𠶲，集韵合韵渴合切：“齧也”,279,,已校,
5767,妒忌,,dou6 gei6,,忌妒，嫉妒,279,,已校,
5768,毒,,dou6,,以毒物毒殺：–魚丨–老鼠丨–死人丨–醉佢 ‖ dou6，口語音變讀，本音爲 duk6,279,,已校,
5769,毒蟲,,dou6 cung4,,打蟲子，吃打蟲藥以殺死腸内的寄生蟲,279,,已校,
5770,度,,dou6,,①（溫度）度數，程度：今日幾多～？丨程～丨高～丨熱～丨速～ ②這裏，處，那裏：我喺～<我在這裏>，你即管來丨～～都係咁多人<處處都是那麼多的人>丨喺袋～丨房～有人<房間裏有人>丨牆～有幅相丨牀～有人瞓住丨你去佢～嘞 ③量詞。座，扇，個，道：一～門丨一～橋丨恁～計仔<想一個辦法>丨有返兩～<有兩下子> ④過（指時間）：～日如年 ⑤人的氣質或姿態：風～丨態～ ⑥電量的單位，一度等於一千瓦小時：一個月用咗百幾～電 ⑦僧尼道士勸人出家：和尚要來～佢嘅喇,279,,已校,
5771,度,,dou6*2,,①長度，尺寸：度[tɔk˧]<量>個～來買席喇丨度個鞋～買鞋丨衫～丨攞條～來<拿個尺寸來> ②段兒：切～<切成段兒>丨葱～<葱段兒> ③大約，左右：坐車去要三日～喇丨而家八點鐘～丨三十歲～,279,,已校,NA：用例中“度”注音應作度“[tɔk˨]”。
5772,度野,,dou6 je5,,元，塊錢（俗稱）：幾～<幾塊錢>丨買架單車要百幾～<買一輛自行車要一百多元>,279,,已校,
5773,道士,,dou6 si6*2,,道教徒,279,,已校,
5774,道友,,dou6 jau5,,①指吸鴉片煙者 ②吸毒者,279,,已校,
5775,道歉,,dou6 hip3,,表示歉意 ‖ 歉，讀書音 him3，hip3 是口語音,279,,已校,
5776,渡,,tou6,,①通過（江河海等）：横～長江丨飛～重洋 ②量詞。班，用於船：呢～船去湛江嘅,279,,已校,
5777,渡,,dou6*2,,載客的拖船，由小火輪拖行的：花尾～丨搭～去江門丨大～丨拖～丨横水～<過江的船> ‖ 也叫“拖渡 to1' dou6*2”,280,,已校,
5778,渡頭,,dou6 tau4,,乘渡船過江的地方，比“步頭”大些,280,,已校,
5779,渡腳,,dou6 goek3,,①過渡（横過小河流）費用 ②坐渡船（内河航行的）的費用 ‖ ②也叫“水腳 seoi2 goek3”,280,,已校,
5780,導游女,,dou6 jau4 neoi5*2,,解放前一種變相的妓女,280,,已校,
5781,蠹蟲,,dou6 cung4,,蛀蟲，專門蛀書的蟲子 ‖ 也叫“蛀書蟲 zyu3 syu1' cung4”,280,,已校,
5782,到,,dou3*2,,加在動詞後表示達到目的，相當於“着”：搵～<找着>丨睇～<看見了>丨買～<買着了>丨聽～<聽見了>丨學～野<學到東西>丨畀佢追～嘞<讓佢追上了>丨食唔～<吃不上>丨枝筆寫唔～<這筆寫不出來>,280,,已校,
5783,逃學,,tou4 hok6,,學生不上課，曠課,280,,已校,
5784,桃,,tou4,,水果名（不單用）：～花丨～樹丨～園丨～木,280,,已校,
5785,桃,,tou4*2,,桃子：買斤～來食,280,,已校,
5786,徒弟,,tou4 dai6*2,,①舊時指學徒 ②學生（某些專業用）：佢係陳師傅嘅～,280,,已校,
5787,徒孫,,tou4 syun1,,徒弟的兒子或弟子,280,,已校,
5788,徒塞,,tou4 sak1,,重徒孫，徒弟的孫子或徒弟之徒孫 ‖ 塞，同音字,280,,已校,
5789,淘,,tou4,,①洗出米中的沙：～米丨～沙 ②泡：茶～飯丨湯～飯,280,,已校,
5790,淘古井,,tou4 gu2 zeng2,,舊時指娶有錢的寡婦,280,,已校,
5791,淘米,,tou4 mai5,,將米中之沙用水淘出,280,,已校,
5792,圖畫,,tou4 waa6*2,,用綫條或色彩構成的形象：呢本書有好多～丨上～堂<課>,280,,已校,
5793,圖章,,tou4 zoeng1,,用石頭、金屬等做成的東西，底下一面多爲方形或圓形，刻着姓名或其他名稱，用以印在書籍、文件上作爲標記：雕～丨磕～<蓋章> ‖ 俗稱“印 jan3”,280,,已校,
5794,圖則,,tou4 zik1,,圖紙（建築業） ‖ 則，本音 zak1，zik1 是變讀音,280,,已校,
5795,綯,,tou4,,用繩子草草綑上、拎上：將呢卷紙～一～丨打個樴[tɐk˨]<橛子>來～牛丨搵條繩～住隻狗,280,,已校,
5796,土,,tou2,,①本地的，地方性的：～産丨～談丨～芋丨～魷丨～鯪魚 ②不合潮流，不開通：～佬丨～頭～腦 ③未熬製的鴉片：生～ ④指我國民間沿用的生産技術和有關的設備、産品、人員等（與“洋”相對）：～法丨～專家丨～布,280,,已校,
5797,土字邊,,tou2 zi6 bin1,,漢字偏旁，土字旁，提土旁兒,280,,已校,
5798,土地,,tou2 dei6,,田地：～肥沃,280,,已校,
5799,土地,,tou2 dei6*2,,土地爺，迷信者指某一小地區的主管神：～廟丨～公丨～婆丨～龕,280,,已校,
5800,土狗,,tou2 gau2,,螻蛄，農作物的害蟲，北方叫“蝲蝲蛄”,280,,已校,
5801,土魷,,tou2 jau4*2,,鮮魷魚的舊稱：炒～,280,,已校,
5802,土佬,,tou2 lou2,,①土包子，少見識者 ②土生土長的人，土著,280,,已校,
5803,土談,,tou2 taam4,,地方土語，土話：佢講嘅係我地鄉下嘅～來㗎,280,,已校,
5804,土鯪魚,,tou2 leng4 jyu4*2,,①鯪魚的俗稱 ②舊時指年輕的女用人娶爲妾侍者：食～,280,,已校,
5805,土黄鷄,,tou2 wong4 gai1,,一種優良土種鷄,281,,已校,
5806,肚,,tou5,,①動物的腹部：～腩丨～臍丨大～婆丨～耽 ②腹内（胃、腸等）：～餓丨～飽丨～淰丨～瘦,281,,已校,NA：用例中“肚耽”在原書作詞條時爲“肚躭”。
5807,肚,,tou5*2,,畜牲的胃：豬～丨牛～,281,,已校,NA：現在（2020s）一般不變調。
5808,肚餓,,tou5 ngo6,,餓：你～唔～啊？,281,,已校,
5809,肚屙,,tou5 o1',,瀉肚，拉肚子‖也説“屙肚”、“肚淰”,281,,已校,
5810,肚臍,,tou5 ci4,,肚臍眼兒：～窿丨～好細丨啲水到～咁深,281,,已校,
5811,肚箍,,tou5 ku1,,兜肚 ‖ 也叫“兜肚 dau1' tou5”,281,,已校,
5812,肚瘦,,tou5 sau3,,肚内缺油水：冇乜野食，肚好瘦,281,,已校,
5813,肚煲,,tou5 bou1,,指小兒的肚子：濕到～咯丨你個～幾大啊！,281,,已校,
5814,肚煲大,,tou5 bou1 daai6,,指貪吃，什麼都吃,281,,已校,
5815,肚腩,,tou5 naam5,,肚子的突出部分：肥佬就大～嘞,281,,已校,
5816,肚躭,,tou5 dam1,,小肚子，小腹 ‖ 耽，廣韵覃韵丁含切：“説文曰耳大垂也···或作躭”,281,,已校,
5817,肚淰,,tou5 nam6,,水瀉，拉肚子‖ 也説“肚屙”、“屙肚”。淰，借用字,281,,已校,
5818,肚㱂,,tou5 hong2,,肚内缺油水：肚都㱂晒<老是想吃東西> ‖ 㱂，集韵唐韵丘岡切：“説文飢虛也。”古清音平聲，讀書音是陰平，口語變讀高升變音,281,,已校,
5819,肚𣤩,,tou5 cek3,,肚子疼，多用於大笑引起的肚子疼：笑到～ ‖ 𣤩，廣韵錫韵丑歷切：“痛也”,281,,已校,
5820,肚䏱,,tou5 guk1,,肚子脹 ‖ 䏱，《字彙》居六切：“身也，又肥也”,281,,已校,
5821,吐,,tou3,,使東西由嘴裏出來（自主地或不自主地）：～口水丨～痰丨～血丨食葡提子要～核,281,,已校,
5822,吐氣,,tou3 hei3,,①揚眉吐氣：呢次吐啖氣喇 ②出氣：鬧佢一餐，吐咗啖氣,281,,已校,
5823,兔,,tou3,,兔子：～公丨～乸丨～仔,281,,已校,
5824,兔嘴,,tou3 zeoi2,,缺唇，三片嘴：有～嘅人係胎生嘅<有兔唇的人是天生的>,281,,已校,
5825,套,,tou3,,①用套兒拴上：～住佢 ②量詞。用於成組的事物：一～衫褲丨你嗰～野我早知嘞丨買一～家私<家具> ③用繩子等結成的環狀物：整一個繩～ ④罩在外面的：～褲 ⑤事物配合成的整體：～裝丨睇戲要睇成～丨買書要買全～嘅,281,,已校,
5826,套褲,,tou3 fu3,,舊時没有褲襠的棉褲或夾褲，只有兩個褲腿和褲腰，作用是保暖而利於行動,281,,已校,
5827,努,,nou5,,腹部用力鼓氣：屙屎唔出，大力啲～喇丨～屎～尿<對小兒言大小便>丨生臊蝦仔唔出，大力啲～就生出嘞<小孩生不出來，使大些勁鼓氣就生出來了>,281,,已校,
5828,腦,,nou5,,①腦子：～囟丨豬～丨牛～ ②心眼兒，心計：你都冇～嘅,281,,已校,
5829,腦後見腮,,nou5 hau6 gin3 soi1',,腮骨突出，由背後可見。據説這種人無情，難相處 ‖ 也説“耳後見腮 ji5 hau6 gin3 soi1'”,281,,已校,
5830,腦筋,,nou5 gan1',,思想意識：～舊丨佢阿媽係老～,281,,已校,
5831,腦囟,,nou5 seon3*2,,囟門：呢個細路仔～都未生埋<這小孩囟門都未長好>丨～生唔埋<喻幼稚無知>丨～生實咗嘅嘞<喻不易受騙或受愚弄>丨～生唔實<喻缺乏主見>,281,,已校,
5832,黸,,lou1,,鍋底上的黑煙子：鑊～丨沙煲～ ‖ 廣韵模韵落胡切：“黑甚。”古次濁平聲，今讀陽平，口語變讀高平,282,,已校,
5833,撈,,lou1',,混，謀生：～野丨～低丨～世界丨～頭水丨～水蟹丨～起丨～到衰 ‖ 俗借字，本字當爲“攎”，今從俗,282,,已校,
5834,撈家,,lou1' gaa1,,幹不正當營生以謀重利的人，如土匪、走私販毒者、土皇帝的爪牙等,282,,已校,
5835,撈野,,lou1' je5,,①取得便宜：呢趟畀佢撈哂野丨撈大野<發大財> ②反語。倒運，倒霉,282,,已校,
5836,撈過界,,lou1' gwo3 gaai3,,越過界限，到别人地盤去混飯吃,282,,已校,
5837,撈唔埋,,lou1' m4 maai4,,合不來，意見不一致，很難共事,282,,已校,
5838,撈唔起,,lou1' m4 hei2,,發達不起來，混得又無錢又無地位（和“撈起”相對）：佢做官又～，做生意又～,282,,已校,
5839,撈低,,lou1' dai1',,混不下去，衰落，北京説“混趴下啦”,282,,已校,
5840,撈仔,,lou1' zai2,,一般的幹不正當營生的人，比“撈家”本領爲次,282,,已校,
5841,撈世界,,lou1' sai3 gaai3,,①混飯吃：大家都係出來～搵食，幫得就幫下喇！ ②特指用一切不正當手段攫取金錢和地位,282,,已校,
5842,撈鷄,,lou1' gai1,,混事得到好處，撿到便宜,282,,已校,
5843,撈起,,lou1' hei2,,飛黄騰騰，有錢有勢，北京説“抖起來了”：某某人～咯喎<聽説某人混得發大財啦>,282,,已校,
5844,撈頭,,lou1' tau4,,混頭，小便宜，賺頭：冇乜～咯，水尾咯丨有啲～噃<有點賺頭的呀>,282,,已校,
5845,撈頭水,,lou1' tau4 seoi2,,占先，先得便宜：我去買荔枝，畀人～先嘞,282,,已校,
5846,撈賭,,lou1' dou2,,開賭業爲生：佢係～嘅,282,,已校,
5847,撈到化,,lou1' dou3 faa3,,混得没有了奔頭，没前途,282,,已校,
5848,撈到衰,,lou1' dou3 seoi1',,完蛋了，倒霉了 ‖ 也説“撈到霉 lou1' dou3 mui4”,282,,已校,
5849,撈到正,,lou1' dou3 zeng3,,適時賣出貨物得了大利,282,,已校,
5850,撈女,,lou1' neoi5*2,,指妓女、暗娼,282,,已校,
5851,撈水蟹,,lou1' seoi2 haai5,,得到好處：你呢匀～喎！,282,,已校,
5852,撈水尾,,lou1' seoi2 mei5,,撈不到便宜，只揀得剩貨,282,,已校,
5853,撈偏門,,lou1' pin1' mun4*2,,幹不正當的營生，如以開賭館、妓院、做盜賊、騙子、拐子爲生,282,,已校,
5854,撈生意,,lou1' saang1' ji3,,在商界混，以做買賣爲生：佢係撈边行㗎<他是幹哪一行的呀>？——佢～嘅<他是做買賣的>,282,,已校,
5855,撈靜水,,lou1’ zing6 seoi2,,一人獨占便宜：呢匀畀佢撈咗靜水嘞,282,,已校,
5856,撈應,,lou1' jing3,,應時賣出貨物而得利：呢鑊傑嘞，～喇，你,282,,已校,
5857,撈長錢,,lou1' coeng4 cin4*2,,賺得一大筆錢：佢滾幾個浪，～喇丨打幾個闢斗，～丨呢鋪生意咁好，梗係～喇<這檔子買賣這樣好，一定賺大錢>,282,,已校,
5858,撈鬆,,lou1' sung1',,生活略有好轉，由貧困轉寬裕：我家下～咯,282,,已校,
5859,撈耷,,lou1' dap1,,每况愈下，越混越倒運：我睇佢都～咗,282,,已校,
5860,撈滑,,lou1' waat6*2,,人混得油滑：佢～嘅喇,283,,已校,
5861,撈得埋,,lou1' dak1 maai4,,意見一致，合得來，可以合伙幹事,283,,已校,
5862,攎,,lou1',,①混合，拌和：豉油～飯丨將豬油～面食丨～匀佢丨使湯～飯<用湯泡飯>唔好～亂我啲野 ②要：你～唔～，唔～我就～噃丨等我～埋佢喇<我把它也要了吧> ③逗弄，取笑，撩撥：等我～下佢丨佢都唔禁[kʻɐm˥˧]～嘅<他不禁逗，開不起玩笑，易發火> ‖ 廣韵模韵落胡切：“攎斂。”古次濁平聲，本應讀陽平，今口語變讀陰平,283,,已校,
5863,攎飯貓都唔食,,lou1' faan6 mau1 dou1' m4 sik6,,熟語。形容人長得醜，用他拌飯喂貓，貓都不吃,283,,已校,
5864,攎麵,,lou1' min6,,拌麵：食～丨豬油～,283,,已校,
5865,攎摙,,lou1' lin5,,①拿來拿去，折騰：你唔好～咁多喇，～多貨就殘喇 ②倒騰錢以取利：揸住一百文，～幾下就又賺長錢嘞 ‖ 摙，廣韵獮韵力展切：“擔運物也”,283,,已校,
5866,勞煩,,lou4 faan4,,客套語。煩勞，麻煩：～你喇丨～晒你<太麻煩你了> ‖ 也説“多煩 do1' faan4”或“麻煩 maa4 faan4”,283,,已校,
5867,嘮氣,,lou4 hei3,,①嘮叨：乜你咁～㗎丨唔好使我咁～喇 ②生氣，動氣：使乜咁～<犯不着動氣>,283,,已校,
5868,嘮嘈,,lou4 cou4,,①牢騷：發～丨你唔好咁～自<你先别發牢騷> ②説話急躁而無條理，話多而不斯文：佢講野好～嘅,283,,已校,
5869,癗癗𠢠𠢠,,lou4 lou4 lak6 lak6,,形容臉上長粉刺，疙疙瘩瘩地不平滑 ‖ 癗，廣韵賄韵落猥切：“痱癗，皮外小起。”本應讀 loey5，現口語變讀 lou4,283,,已校,
5870,蘆橘,,lou4 gwat1,,枇杷果的别稱 ‖ 也叫“枇杷果 pei4 paa4 gwo2”,283,,已校,
5871,爐,,lou4,,爐子：火～丨煤～丨炭～丨電～丨暖～丨～火純青丨壁～丨柴～丨打邊～,283,,已校,
5872,爐,,lou4*2,,爐子：火水～<煤油爐子>丨風～,283,,已校,
5873,爐灰,,lou4*2 fui1',,專指柴灰,283,,已校,
5874,爐膽,,lou4 daam2,,煤爐的直筒形爐瓦，即爐壁内的襯,283,,已校,
5875,爐欞,,lou4 leng4,,風爐箅子，有多個圓孔，以漏柴灰,283,,已校,
5876,鱸躉皮,,lou4 dan2 pei4,,一種海魚皮，可以催奶，産婦宜食,283,,已校,
5877,佬,,lou2,,男人的俗稱：肥～丨番鬼～丨外江～丨收買～丨軍～丨生意～丨乞兒～丨耕田～丨車仔～丨打鐵～丨鬥木～丨打石～丨泥水～ ‖ 俗字,283,,已校,
5878,佬人佬耇,,lou2 jan4 lou2 kau2,,男子漢大丈夫：～做啲噉嘅事？丨～做得咁衰嘅 ‖ 耇，廣韵厚韵古厚切：“耇，老壽也”,283,,已校,
5879,老,,lou5,,①年老：佢好～下<他挺老的>丨～人丨～牛丨～貓丨～樹 ②老年人：一家～少丨～～嫩嫩 ③很久以前就存在的，舊的，原來的：～朋友丨～同學丨～屋丨～脾氣丨～字號丨～主顧丨～腦筋丨～地址丨～習慣丨～招牌 ④（菜類）長得過了適口的時期，（食物）煮得過了火候：啲菜心～過頭，唔食得咯丨炒牛肉片唔好炒得咁～ ⑤對某些方面富有經驗，老練：～手丨～到丨～茶骨 ⑥婉辭。指老人去世（必帶“咗”）：佢阿婆～咗咯 ⑦得，極：～早丨～大 ⑧前綴，用於稱人、排行次序、某些動物、物品等：～張丨～二丨～虎丨～荷,283,,已校,
5880,老花眼,,lou5 faa1' ngaan5,,因年老而眼花：我都～咯，睇野好難啊 ‖ 也説“老花”,283,,已校,
5881,老茶骨,,lou5 caa4 gwat1,,每天泡茶樓的茶客，也指精於茶道者,284,,已校,
5882,老鴉,,lou5 aa1',,烏鴉,284,,已校,
5883,老爺,,lou5 je4,,①舊時兒媳稱呼公公（背後稱“家公”） ②舊時現用人稱呼男主人 ③古老，陳舊：～車<古舊的汽車>丨～機<不好用的機器>,284,,已校,
5884,老野,,lou5 je5,,老東西，老家伙：剩返我地兩條～<就剩下我們兩個老家伙>,284,,已校,
5885,老婆,,lou5 po4,,①妻子（背稱） ②當面稱妻子，是新起的叫法,284,,已校,
5886,老婆皇帝,,lou5 po4 wong4 dai3,,戲稱利害的妻子,284,,已校,
5887,老火靚湯,,lou5 fo2 leng3 tong1',,久煮的好湯：煲啲～你飲喇,284,,已校,
5888,老咗,,lou5 zo2,,老人去世：佢阿婆～咯,284,,已校,
5889,老荷,,lou5 ho4*2,,錢包，“荷包”的别稱,284,,已校,
5890,老師,,lou5 si1,,教師：請边個～教你呢？丨佢係我地班嘅語文～,284,,已校,
5891,老二,,lou5 ji6*2,,舊時對警察的别稱,284,,已校,
5892,老虎乸,,lou5 fu2 naa2,,母老虎，比喻兇惡女人、潑婦,284,,已校,
5893,老虎蟹,,lou5 fu2 haai5,,①一種蟹，殼上有花紋似虎皮 ②比喻惡人,284,,已校,
5894,老虎衫,,lou5 fu2 saam1,,指去赴宴穿的高價的新衣,284,,已校,
5895,老姑婆,,lou5 gu1' po4,,自己家族内的老姑娘,284,,已校,
5896,老鼠貨,,lou5 syu2 fo3,,後門兒貨，指偷出來以低價販賣的東西,284,,已校,
5897,老鼠仔,,lou5 syu2 zai2,,①指上臂突出來的腱子肉 ②整條蘿蔔腌鹹後壓扁，作爲小菜，口感很爽脆,284,,已校,
5898,老鼠箱,,lou5 syu2 soeng1,,舊時掛在街邊，供人丢棄死老鼠用的小箱子：電燈杉掛～<比喻兩人一高一矮並行>,284,,已校,
5899,老大,,lou5 daai6*2,,①年紀增長，年老：家下我都～咗丨我父親好～略 ②自家的老人：我屋企有個～ ③弟弟叫大哥，是新興的叫法 ④專用於何姓人氏：何～,284,,已校,
5900,老大婆,,lou5 daai6*2 po4*2,,老大娘（面稱、背稱均可）,284,,已校,
5901,老大公,,lou5 daai6*2 gung1',,老大爺（面称、背稱均可）,284,,已校,
5902,老太,,lou5 taai3*2,,老太太，舊時對老婦人的尊稱,284,,已校,
5903,老太爺,,lou5 taai3 je4*2,,稱呼有子有孫、有福享的有錢人：家下你做～嘞！,284,,已校,
5904,老太婆,,lou5 taai3 po4*2,,老婦人的通稱,284,,已校,
5905,老柴,,lou5 caai4,,老家伙（貶義），含有“老不死”之義，源於“拉柴”，即死亡,284,,已校,
5906,老泥,,lou5 nai4,,人身上的泥垢,284,,已校,
5907,老西,,lou5 sai1,,西洋人，“西人”的又稱,284,,已校,
5908,老細,,lou5 sai3,,財東，老板（背稱）,284,,已校,
5909,老龜殼,,lou5 gwai1 hok3,,駡人話。指妓院老板及拉皮條者 ‖ 也説“烏龜殼 wu1' gwai1 hok3”,284,,已校,
5910,老契,,lou5 kai3,,①舊時稱姘頭：呢個係佢嘅～ ②乾親家互稱（乾爹媽與他們乾兒女的親父母之間）,284,,已校,
5911,老皮老骨,,lou5 pei4 lou5 gwat1,,形容年老：我～怕佢乜野啊！丨我～，唔好推跌我,284,,已校,
5912,老脾,,lou5 pei4*2,,脾氣的俗稱：佢好唔好～㗎<他的脾氣很不好>丨乜你咁唔好～㗎？丨佢好好～嘅<他脾氣很好>,284,,已校,
5913,老氣,,lou5 hei3,,（衣飾使人）顯得不年輕：乜你着得佢～㗎,284,,已校,
5914,老來嬌,,lou5 loi4 giu1,,年老而愛打扮，北京説“老來俏”,285,,已校,
5915,老外,,lou5 ngoi6*2,,岳父的俗稱（背稱）,285,,已校,
5916,老貓燒鬚,,lou5 maau1 siu1' sou1',,熟語。老馬失蹄，老練者失敗：我呢次係老貓都燒咗鬚嘞,285,,已校,
5917,老豆,,lou5 dau6,,父親（背稱，面稱“爸爸、阿爸”）‖ 豆，同音字,285,,已校,
5918,老頭,,lou5 tau4*2,,①家中老輩，多指父親（背稱）②背稱自己的老闆 ③對機關單位的領導人的戲稱,285,,已校,
5919,老抽,,lou5 cau1,,一種熟醬油，以“生抽”加糖煮熟而成，味道較生抽略淡而色較深，做菜時調色用 ‖ 也叫“熟抽 suk6 cau1'”,285,,已校,
5920,老手,,lou5 sau2,,①有經驗的人，手藝高的人：剪裁～丨木工～丨辦事～丨佢係個～來嘅，叫佢做得嘅喇 ②有經驗，熟練：佢好～㗎丨佢做木工好～嘅,285,,已校,
5921,老牛聲喉,,lou5 ngau4 seng1' hau4,,形容破鑼嗓子,285,,已校,
5922,老牛精,,lou5 ngau4 zing1',,形容動作、性格粗野，無修養、無教養的人,285,,已校,
5923,老偶,,lou5 ngau5,,老伴的俗稱,285,,已校,
5924,老友,,lou5 jau5,,①老朋友 ②互相要好，友誼深：我同佢好～嘅丨唔夠～<不夠哥們兒> ‖ 也説“老友記 lou5 jau5 gei3”,285,,已校,
5925,老友鬼鬼,,lou5 jau5 gwai2 gwai2,,老朋友，“鬼鬼”無實際意義，只增加一些感情色彩,285,,已校,
5926,老母,,lou5 mou5*2,,母親，媽媽（背稱。當面稱“媽媽、阿媽”）,285,,已校,
5927,老到,,lou5 dou3,,①到家：佢做野好～噃 ②老練，精明：佢講話好～嘅 ‖ 也説“老練”,285,,已校,
5928,老土,,lou5 tou2,,①土包子，土氣的人 ②土氣,285,,已校,
5929,老早,,lou5 zou2,,副詞。很早：我～就來嘞,285,,已校,
5930,老祖,,lou5 zou2,,先人，祖先：～都係噉做落來嘅喇，我地跟住來做喇,285,,已校,
5931,老表,,lou5 biu2,,表兄弟，表姐妹（背稱，不論姑表、姨表）：我共佢係～丨佢係我～,285,,已校,
5932,老表鬼鬼,,lou5 biu2 gwai2 gwai2,,老表親（含親密意）：我地～，使乜咁客氣啊,285,,已校,
5933,老少平安,,lou5 siu3 ping4 on1',,民間菜肴，指魚肉蒸豆腐，老幼吃皆宜,285,,已校,
5934,老水,,lou5 seoi2,,機警，老練。多用於年輕人：佢好～㗎,285,,已校,
5935,老舉,,lou5 geoi2,,舊時指妓女,285,,已校,
5936,老舉寨,,lou5 geoi2 zaai6*2,,舊時指妓院,285,,已校,
5937,老舉寮,,lou5 geoi2 liu4*2,,舊時指窰子，比“老舉寨”更低等的妓院,285,,已校,
5938,老舉湯圓,,lou5 geoi2 tong1' jyun4*2,,嫖客，有柔性，任“老舉”揉搓之義,285,,已校,
5939,老襟,,lou5 kam1,,連襟，姐妹的丈夫之間的稱呼（背稱）,285,,已校,
5940,老板,,lou5 baan2,,東家，店主,285,,已校,
5941,老番,,lou5 faan1,,洋人，洋鬼子：～睇榜，由尾數上<歇後語。洋人看榜，從後往前看>,285,,已校,
5942,老旦,,lou5 daan3*2,,粵劇中扮老婦人的角色,285,,已校,
5943,老蚊公,,lou5 man1 gung1',,老頭子（中性詞）‖ 簡稱“老蚊”,285,,已校,
5944,老襯,,lou5 can3,,①易受騙者，笨伯，北方叫“老趕”：我呢匀做咗～丨搵～<作弄别人> ②笨：最～丨真係～<真冤得慌>,285,,已校,
5945,老奀茄,,lou5 ngan1' ke4*2,,喻小孩、少年身材矮小而計謀多者， 年齡和身材不相稱者 ‖ 奀， 俗字,286,,已校,
5946,老人老勢,,lou5 jan4 lou5 sai3,,年老， 有倚老賣老之義： 我～咯， 重去趁乜野高興啊<我都老啦， 還去湊什麼熱鬧呀>丨佢～， 都唔生性<他老都老啦， 還不懂事>,286,,已校,
5947,老人成嫩仔,,lou5 jan4 sing4 nyun6 zai2,,熟語。越活越年輕,286,,已校,
5948,老練,,lou5 lin6,,老成練達 ‖ 也説“老到”,286,,已校,
5949,老千,,lou5 cin1,,江湖騙子： 大～ ‖ 也叫“千友 cin1 jau5*2”,286,,已校,
5950,老虔婆,,lou5 kin4 po4,,駡人話。鴇母 ‖ 也叫“龜婆 gwai1' po4*2”或“皮條婆 pei4 tiu4 po4*2”,286,,已校,
5951,老倌,,lou5 gun1',,舊時對男戲子、男伶的俗稱： 大～<名角兒>,286,,已校,
5952,老朋,,lou5 pang4*2,,①老朋友： 阿張係我～來嘅 ②交情好： 我同佢好～㗎 ‖ 也説“老友 lou5 jau5”或“老友記 lou5 jau5 gei3”,286,,已校,
5953,老更,,lou5 gaang1,,①更夫 ②（清末、民國初年）警察， 巡警,286,,已校,
5954,老坑,,lou5 haang1,,老頭子， 老家伙（貶義）,286,,已校,
5955,老坑婆,,lou5 haang1 po4*2,,老婆子（貶義）,286,,已校,
5956,老坑硯,,lou5 haang1 jin6,,最好的端硯， 出在肇慶老坑,286,,已校,
5957,老丙,,lou5 bing2,,指失火： 嗰處～啊！ 丨你要小心啲， 唔係就～嘞,286,,已校,
5958,老定,,lou5 ding6,,鎮定， 沉得住氣,286,,已校,
5959,老秤,,lou5 cing3,,解放前用的一種十六兩秤 ‖ 後來的“新秤”也是十六兩， 但實際等於老秤的十三兩三錢。現在的市秤是十兩， 實際分量與新秤同,286,,已校,
5960,老成,,lou5 sing4,,經歷多， 行事持重： 佢好～嘅， 你搵佢幫手真係啱喇,286,,已校,
5961,老丈,,lou5 zoeng6*2,,舊時對老人（男性）的尊稱,286,,已校,
5962,老薑,,lou5 goeng1',,①比喻利害的人： 辣過～丨正～來㗎<真是老練的人> ②喻禁得起折磨的人： 我啊， ～禁得磨， 湊大兩個孫咯<帶大兩個孫子了>,286,,已校,
5963,老鄉,,lou5 hoeng1,,①土頭土腦： 佢好～嘅丨你打扮咁～嘅 ②土包子， 土氣的人： 呢個正～丨大～ ③同鄉： 佢同我係～丨佢係我～來㗎,286,,已校,
5964,老糠,,lou5 hong1',,最粗的糠： ～都榨出油<熟語> ‖ 也叫“大糠 daai6 hong1'”,286,,已校,
5965,老行尊,,lou5 hong4 zyun1,,老行家， 精於某行業的人,286,,已校,
5966,老懵懂,,lou5 mung2 dung2,,①老糊塗： 噉你都唔知， 真係～嘞 ②老且糊塗者： 你個～， 唔同你講咯！,286,,已校,
5967,老公,,lou5 gung1,,①丈夫（背稱） ②面稱丈夫， 是新起的叫法,286,,已校,
5968,老辣,,lou5 laat6,,老練， 早熟： 佢生得～丨個樣好～丨做起野好～<做事很老練>,286,,已校,
5969,老實,,lou5 sat6,,①誠實， 守規矩 ②價錢公道： 價錢好～， 冇得減嘅嘞,286,,已校,
5970,老實媁,,lou5 sat6 wai1,,形容衣物的顔色、式樣大方而又顯眼： 呢件衫～咯 ‖ 媁， 廣韵微韵於非切：“美也”,286,,已校,
5971,老頇頇,,lou5 ngat6 ngat6,,①人老貌： 佢老師都～咯 ②食物不嫩： 啲牛肉～唔好食嘅 ‖ 頇， 廣韵曷韵五割切：“無髮”,286,,已校,
5972,老一脱,,lou5 jat1 tyut3,,長輩的俗稱： 佢係～人啊丨我對佢係～嘅<我是他長輩>,286,,已校,
5973,老伯,,lou5 baak3,,對男性老人的尊稱 ‖ 也叫“阿伯 aa3 baak3”,287,,已校,
5974,老䞟手,,lou5 paak3 sau2,,老伙計，老搭檔 ‖ 䞟，集韵陌韵匹陌切：“逼也。”逼，“爾雅迫也。”迫，“説文近也”,287,,已校,
5975,老積,,lou5 zik1,,①老成，老氣，老練。用於年輕人、小孩 ②小孩子長得比實際年齡看上去要大（褒義）：呢個細路哥好～噃,287,,已校,
5976,老雀,,lou5 zoek3*2,,①指老盜匪、老手 ②喻非常熟練、老練、不易上當受騙的人：呢隻～來㗎，唔騙得佢嘅,287,,已校,
5977,鹵,,lou5,,①肉和菜做成的帶湯水的輔料：錦～餛飩｜～麵 ②一種烹調法，用調好味的汁水把菜慢火煮熟：～肫肝｜～肉｜～鷄｜～蛋,287,,已校,
5978,鹵味,,lou5 mei6*2,,用鹵水煮熟的食品，包括鹵肉、鹵肫肝、鹵鷄等,287,,已校,
5979,鹵水,,lou5 seoi2,,做鹵味用的配好的調味汁，包括各種香料、醬油、葱薑等：～鷄｜～鵝｜～牛肉｜～紥蹄,287,,已校,
5980,路,,lou6,,①道路：馬～｜泥～｜水～｜旱～｜十字～口｜條～好塞車｜～好滑｜～牌 ②路綫：問～｜蕩失～｜你熟～唔熟？ ③路程：有幾遠～啊？｜單程～｜～費 ④地區，方面：佢係廣東南～嘅 ⑤途徑，門路：～數｜米～｜頭～出路,287,,已校,
5981,路軌,,lou6 gwai2,,鐵軌：鋪～,287,,已校,
5982,路數,,lou6 sou3,,門路，機會：好～｜有啲～噃<有好處可得哪>,287,,已校,
5983,潞,,lou6,,①用碗量水或米：煲藥時～三碗水入去｜～三碗米來煮飯｜呢兩隻碗係～過水嘅喇，一樣大嘅 ②將容器（鍋、杯等）内的水全部倒入另一容器：將呢煲水～過去喇｜啲茶太熱，～下佢喇，～凍至飲喇 ‖ 同音字,287,,已校,
5984,露骨,,lou6 gwat1,,①説話不含蓄 ②狡猾：佢好～嘅，唔靠得住嘅,287,,已校,
5985,租,,zou1',,①租錢：屋～｜鋪～｜交～｜起～｜收～ ②租入，租出：～間屋住｜我間屋～畀佢住,287,,已校,
5986,慒窒,,zou1' zat1,,心中有事，不得安寧：我個心好～，唔去睇戲咯｜一晚都好～ ‖ 慒，集韵豪韵臧曹切：“慮也”,287,,已校,
5987,糟騭,,zou1' zat1,,①不愛惜，糟蹋（東西）：唔好～米糧 ②摧殘，損害，折磨，侮辱（人）：～得佢好緊要｜講話唔好隨便～人,287,,已校,
5988,早禾,,zou2 wo4*2,,春季稻子：～怕北風，晚禾怕雷公<民諺> ‖ 也叫“早造禾 zou2 zou6 wo4”,287,,已校,
5989,早芋,,zou2 wu6*2,,春種夏收的芋頭，味道較好吃，比如早熟的白芽芋,287,,已校,
5990,早㪗,,zou2 tau2,,①客套話。早點休息，有“晚安”之意，晚上臨别時説 ②反話。歇着去，一邊兒去：～喇你<歇着去吧>,287,,已校,
5991,早造米,,zou2 zou6 mai5,,春季稻子出的米，較好吃，不好煮 ‖ 也叫“早禾米 zou2 wo4*2 mai5”,287,,已校,
5992,早晨,,zou2 san4,,客套話。早安，早上見面打招呼用 ‖ 英語 morning 的意譯,287,,已校,
5993,早晨流流,,zou2 san4 lau4 lau4,,大清早的，大早晨的。表示重視：～就唔好吵交喇！,287,,已校,
5994,祖先位,,zou2 sin1 wai6*2,,神樓右邊供奉祖先牌位的地方,287,,已校,
5995,祖先燈,,zou2 sin1 dang1,,在祖先位前點的油燈,287,,已校,
5996,組,,zou2,,①在衣服開衩處用綫打的結子：打～ ②組織：改～丨五十人～成一個旅遊團 ③由不多的人員組織成的單位：學習小～丨～長丨采買～丨清查～ ④量詞。用於事物的集體：兩～人馬丨將啲禮物分成四～,288,,已校,
5997,棗泥,,zou2 nai4*2,,紅棗去皮、核，搗成泥狀，做餡用：～月餅丨～酥 ‖ 也叫“棗茸 zou2 jung4”,288,,已校,
5998,竈,,zou3,,用磚、土坯、金屬等製成的生火做飯用的設備：～基丨～窟丨～眼丨打～<砌鍋臺>,288,,已校,
5999,竈基,,zou3 gei1,,廚房中砌的磚臺，放風爐用 ‖ 也叫“風爐基 fung1 lou4*2 gei1”,288,,已校,
6000,竈頭,,zou3 tau4,,竈上，北方叫“鍋臺”：隻貓踎喺～,288,,已校,
6001,竈君,,zou3 gwan1',,竈王爺：～上天，有一句講一句<有什麼説什麼。歇後語> ‖ 也叫“竈神 zou3 san4”,288,,已校,
6002,竈君奶奶,,zou3 gwan1' naai4 naai2,,竈王爺的妻子：～噉面<黑臉，指對人的態度不好>,288,,已校,
6003,竈眼,,zou3 ngaan5,,竈（磚砌的）上的火眼,288,,已校,
6004,竈窟,,zou3 fat1,,竈膛：好似～貓噉，口黑面黑,288,,已校,
6005,造,,zou6,,①製作，做：～船丨～紙丨～名册丨～反 ②捏造，假編：～謠生事丨～是非 ③農作物（稻、果、菜等）的收成或收成的次數：早～丨晚～禾丨一年兩～丨正～<正在收成期的>丨過～<過了收成期的>丨禾蟲～<禾蟲上市的時期>,288,,已校,
6006,做,,zou6,,①製作，幹：～鞋丨～衫丨～野丨～錯晒丨定～嘅丨～得好丨～好咯丨～酒丨～工夫丨～得快丨～得成 ②辦（事）：睇你識～唔識～丨你識～嘅喇<你看着辦吧> ③從事某種工作或活動：～生意丨～工人丨～官丨～乞兒丨～老師 ④舉行家庭的慶祝活動：～酒<設宴>丨～生日丨～滿月丨～大壽丨～冬丨～七丨～禡 ⑤充當，擔任：～主席丨～阿哥嘅丨边個～阿頭？丨～班長 ⑥演出，放映：～戲丨～電影丨～緊边套啊<正演哪部呢> ⑦用隱蔽的方法打人：～低佢<打死他>丨～佢手<幹掉他> ⑧用做：呢隻布～衫最好丨呢啲木頭唔～得枱椅㗎 ⑨結成（關係）：～朋友丨～親家,288,,已校,
6007,做禡,,zou6 ngaa4,,舊時商家農曆每月初二、十六祀神、拜土地，請伙計吃一頓豬肉 ‖ 禡，訓讀字,288,,已校,
6008,做磨心,,zou6 mo6 sam1',,做兩邊不討好的人：你噉樣做，都係將我來～嘅啫<你這樣幹，只是使我兩頭不討好罷了>,288,,已校,
6009,做二架梁,,zou6 ji6 gaa3 loeng4*2,,多管閑事，參與不干己事的紛爭：佢地爭交，你唔好～喇,288,,已校,
6010,做唔來,,zou6 m4 lai4,,（因能力不足）不會做：呢啲野我～㗎,288,,已校,
6011,做主,,zou6 zyu2,,當頭兒，領頭兒：你來～喇，我地跟住你就係喇,288,,已校,
6012,做埋,,zou6 maai4,,做完，做好：～呢啲至好去啊<幹完這些再走吧>丨我日頭～啲工夫，夜晚就唔使做咯<我白天把活計做完，晚上就不用做了>,288,,已校,
6013,做低,,zou6 dai1',,①幹掉，打死：～佢 ②打倒在地，痛打,288,,已校,
6014,做來湊,,zou6 lai4 cau3,,走着瞧，邊幹邊決定下一步,288,,已校,
6015,做世界,,zou6 sai3 gaai3,,①收拾（人），打（人）：做你世界 ②搶東西，土匪去打家劫舍 ③出來做事，謀生：如果奸奸狡狡～就唔得喇,288,,已校,
6016,做龜公,,zou6 gwai1 gung1',,當王八，妻子有外遇,289,,已校,
6017,做鬼做馬,,zou6 gwai2 zou6 maa5,,①做不成（否定語氣）：做乜野啊，～咩！ ②做不三不四的事：唔好～吖！,289,,已校,
6018,做忌,,zou6 gei6,,紀念先人忌日，把酒肴祭品供於祖先位前，富家則更隆重,289,,已校,
6019,做臺腳,,zou6 toi4 goek3,,受僱於人，爲人幫忙。源於戲班做戲，做一次戲叫“做一次臺腳”：幫佢做下臺腳,289,,已校,
6020,做𪃏,,zou6 mui4*2,,當囮子，充當引誘别人上當者（如賭攤上、賣假貨的都有這類人），北京説“當托兒” ‖ 𪃏，集韵灰韵謨杯切：“誘取禽者”,289,,已校,
6021,做醜,,zou6 cau2,,充當反對者，唱白臉：一個做好，一個～<一個唱紅臉，一個唱白臉> ‖ 也説“做醜人 zou6 cau2 jan4”,289,,已校,
6022,做手,,zou6 sau2,,戲曲表演的做功演技之一：某老倌～好好噃！,289,,已校,
6023,做手信,,zou6 sau2 seon3*2,,做探親用的禮物：整啲包來～喇<做些包子來作爲探親的禮物吧>,289,,已校,
6024,做手腳,,zou6 sau2 goek3,,暗地裏做些小動作：呢件事梗係畀佢做咗手腳,289,,已校,
6025,做到氣咳,,zou6 dou3 hei3 kat1,,忙得喘不過氣來,289,,已校,
6026,做到人尾,,zou6 dou3 jan4 mei5,,淪爲最底層的人：做我地呢份工，就係～嘞,289,,已校,
6027,做數,,zou6 sou3,,做賬，整理賬目,289,,已校,
6028,做好做醜,,zou6 hou2 zou6 cau2,,又做好人，又做歹人。即“又唱紅臉，又唱白臉”，喻居中調停爭執，請雙方都讓步：我地～就算喇,289,,已校,
6029,做寮口,,zou6 liu4 hau2,,舊時指開妓院：佢舊時係～嘅,289,,已校,
6030,做驢仔,,zou6 leoi4 zai2,,賣苦力，替人服役，做牛馬：我都係做人驢仔嘅啫｜我成日都同佢～,289,,已校,
6031,做廚,,zou6 ceoi4*2,,當廚子（臨時性的）：某某結婚，請人～｜～即係做火頭啫！,289,,已校,
6032,做膽,,zou6 daam2,,①當頭兒，做主：佢肯出來～咩？｜边個做佢嘅膽？ ②塞物入中空的器具：個花樽易打爛，塞啲紙入去～,289,,已校,
6033,做針黹,,zou6 zam1' zi2,,做針綫活兒，做女紅：佢個女好識～嘅,289,,已校,
6034,做人,,zou6 jan4,,爲人：佢都唔會～｜～要抵得諗至得<做人不斤斤計較才行>,289,,已校,
6035,做綫,,zou6 sin3*2,,做眼綫，偵察：佢想知道嗰個人嘅底細，全靠你～,289,,已校,
6036,做餅師傅,,zou6 beng2 si1' fu6*2,,茶居裏的專門做餅食的師傅,289,,已校,
6037,做正行,,zou6 zing3 hong4,,幹正當行業，有正當職業,289,,已校,
6038,做槍,,zou6 coeng1',,考試時替人答卷，槍替：請人～｜我同佢～嘅啫<我只不過做他的槍手>,289,,已校,
6039,做莊,,zou6 zong1,,賭博術語。打牌（麻將牌、天九牌）時做莊家。引申爲掌管,289,,已校,
6040,做莊口,,zou6 zong1' hau2,,舊時指做出口生意。舊時廣州西關有大莊口,289,,已校,
6041,做光面工夫,,zou6 gwong1' min6*2 gung1' fu1',,做表面工夫；表面好看，内裏不實在：睇佢表面好落力，其實好懶，佢都係～嘅啫,289,,已校,
6042,做冬,,zou6 dung1,,過冬至節，很隆重，殺鷄宰鴨，請客吃飯，所謂“冬至大過年” ‖ 也説“過冬 gwo3 dung1”,289,,已校,
6043,做東,,zou6 dung1,,做東道主，請人吃飯：今日我～,290,,已校,
6044,做工夫,,zou6 gung1' fu1',,①幹活兒：～就有得食丨好落力～丨佢～好老手嘅 ②做事情，幹工作；用功：晚上多睇下書，做啲工夫至得丨好～咯噃<快溫書吧>,290,,已校,
6045,做乜,,zou6 mat1,,①爲什麼：～你唔去啊？丨～你今日發咁大脾氣呢？ ②做什麼：你去佢處～呢？丨你喺呢處倚[kʻei˨˧]住～呢<你在這兒站着幹什麼>？ ‖ 也説“做乜野 zou6 mat1 je5”,290,,已校,
6046,做乜家伙,,zou6 mat1 gaa1' fo2,,做什麼：你喺處～<你在這兒幹什麼呢>？ ‖ 也説“乜家伙”,290,,已校,
6047,做七,,zou6 cat1,,舊俗，人死後七天，家人請和尚來念經超度死者亡魂，有錢人家則逢七天的倍數都做七，直到七七四十九天爲止,290,,已校,
6048,做百囉,,zou6 baak3 lo1,,做百天，慶賀小兒出生百日,290,,已校,
6049,做得,,zou6 dak1,,①行，可以：聽日你要早啲來。——～ ②能做，幹得了：佢唔～嘅丨等我睇過～唔喇<等我看看幹得了幹不了吧>,290,,已校,
6050,做得來,,zou6 dak1 lai4,,會做，有能力做：我估佢～嘅丨樣樣都唔～,290,,已校,
6051,做熟肉,,zou6 suk6 juk6,,指被人欺負得極慘：我做咗阿林個熟肉咯<我被阿林欺負苦了>丨佢𢬿[kʻai˧]<把>我來～,290,,已校,
6052,操,,cou1,,體操：上～丨～衣丨早～丨課間～,290,,已校,
6053,粗,,cou1',,①（事、物）不精細，粗糙：～米丨～茶淡飯丨～糙丨木紋好～丨工夫做得～丨～碗～碟丨～衣麻布 ②疏忽，不周密：～心大意丨做野～手大腳<幹活兒馬馬虎虎>丨～使大用 ③條狀物横斷面較大：～紗丨～針大綫丨條竹好～丨～鐵枝 ④顆粒大：～沙丨啲麵粉好～丨～砂糖 ⑤（長條形）兩長邊的距離不十分近：呢個字筆畫寫得好～丨～眉大眼 ⑥聲音大而低：～聲大氣 ⑦不斯文，無教養：～人丨～魯丨～口,290,,已校,
6054,粗野,,cou1' je5,,商界用語。指貴重值錢之物：撈～<賺一大筆錢>,290,,已校,
6055,粗□,,cou1' haai4,,粗糙，不平滑：隻手好～嘅丨個面生得～丨枱面好～,290,,已校,
6056,粗使,,cou1' sai2,,①大手大腳，浪費錢財：呢個人好～丨唔好咁～喇丨～大用 ②平日用的：呢啲碗碟係～嘅，唔怕打爛,290,,已校,
6057,粗手大腳,,cou1' sau2 daai6 goek3,,①幹活兒粗、馬虎，做事不細心 ②手腳長得粗大：佢生得～ ③亂花錢，大手大腳揮霍,290,,已校,
6058,粗口,,cou1' hau2,,①髒話：講～<説話帶髒字> ②説話不乾凈：乜你咁～㗎<你説話怎麼這樣不乾不凈的>？ ‖ 也叫“爛口 laan6 hau2”,290,,已校,
6059,粗口爛舌,,cou1' hau2 laan6 sit6,,愛説粗話，説話滿口髒字,290,,已校,
6060,粗飲大食,,cou1' jam2 daai6 sik6,,吃得多，不挑揀,290,,已校,
6061,粗鹽,,cou1' jim4,,大粒的生鹽，北京叫“大鹽”,290,,已校,
6062,粗身大勢,,cou1' san1' daai6 sai3,,指身體有孕顯得笨：我都～咯，做得乜野吖！,290,,已校,
6063,粗食,,cou1' sik6,,①大量地吃，食量大：佢好～㗎丨啲鴨好～嘅 ②不擇飲食：細路哥～粗肥啫嗎<小孩子不挑食才長得胖哪>,291,,已校,
6064,粗着,,cou1' zoek3,,平時穿的，幹粗活等時穿的：呢啲係～嘅衣服丨呢件衫唔着得嘞，𢬿<拿>來做～喇,291,,已校,
6065,操,,cou1',,①操練，訓練：步～<隊列訓練>丨～場丨～下佢<幫他練一練> ②泛指幹活兒：尋晚～到半夜至瞓<昨晚幹到半夜才睡> ③品行：～行,291,,已校,
6066,嘈,,cou4,,喧嘩：～～吵吵丨～雜丨～亂丨墟咁～丨～耳丨唔好～丨～鬧丨嗷～,291,,已校,
6067,嘈耳,,cou4 ji5,,吵耳朵：咪嘈人耳<别吵人家耳朵>,291,,已校,
6068,嘈吵,,cou4 caau2,,①吵鬧，喧嘩：唔好咁～喇丨大聲～ ②吵架，口角：兩公婆有乜好～啊,291,,已校,
6069,嘈嘈閉閉,,cou4 cou4 bai3 bai3,,嘈雜貌，吵吵鬧鬧：個班學生上堂都～嘅,291,,已校,
6070,喧喧巴閉,,cou4 hyun1' baa1' bai3,,鬧哄哄：做乜野攪到～啊丨行開，唔好喺處～ ‖ 也説“喧巴嘈閉”,291,,已校,
6071,喧喧天,,cou4 hyun1' tin1',,形容吵得不得了，鬧翻天,291,,已校,
6072,嘈生晒,,cou4 saang1' saai3,,亂吵吵，吵成一片,291,,已校,
6073,槽,,cou4,,①長條形盛飼料的器具：馬～ ②泄水管或泄水溝槽（舊式屋頂及屋邊上的）：水～｜整一條～ ③將豬、鷄等動物圈起來，喂以好飼料，使其特别肥大：～鷄丨～鴨丨～豬丨～豬花<育肥小豬>,291,,已校,
6074,槽鷄,,cou4 gai1,,以精飼料喂鷄使肥大：槽肥隻鷄丨隻鷄槽過嘅嘞！你睇幾肥,291,,已校,
6075,槽筒,,cou4 tung4*2,,流水管道，從曬臺等引到地面：～有啲係瓦嘅，有啲係鐵嘅,291,,已校,
6076,槽肉豬,,cou4 juk6 zyu1,,將半大的豬圈起來，飼以好料，育成肥豬,291,,已校,
6077,取耳,,cou2 ji5,,舊時剃頭師傅替人挖耳垢 ‖ 取，讀書音 ceoi2，cou2 是口語變讀,291,,已校,
6078,草,,cou2,,①草本植物：一條～丨～木丨割～丨青～丨野～丨鹹水～ ②做飼料或燃料用的稻麥之類的莖和葉：禾～丨～鞋丨～帽丨～袋丨～繩 ③潦草，粗，不清楚，不精細：～稿丨寫字好潦～ ④一種漢字書寫形體：～寫丨～書丨～字 ⑤舊指山野、民間：～頭王丨～醫,291,,已校,
6079,草花頭,,cou2 faa1' tau4*2,,漢字偏旁，草字頭 ‖ 也叫“卄字頭 jaa6 zi6 tau4*2”,291,,已校,NA：釋義中“卄”原書形似“艹”。
6080,草果,,cou2 gwo2,,一種中藥材，學名“豆蔻”，味酸，也可做調料,291,,已校,
6081,草菇,,cou2 gu1,,生在稻草上的一種蘑菇，味美好吃：～滑肉湯,291,,已校,
6082,草菇㝝,,cou2 gu1 lam4*1,,未長成呈球形的嫩草菇 ‖ 也叫“菇㝝”,291,,已校,
6083,草笄,,cou2 gai1,,舊時在發賣的貨物上插的草標，作爲標志,291,,已校,
6084,草龜,,cou2 gwai1,,一種龜，可作爲補品，與土茯苓同炖食,291,,已校,
6085,草披,,cou2 pei1,,草地 ‖ 也叫“草披地 cou2 pei1 dei6*2”,291,,已校,
6086,草皮,,cou2 pei4,,帶草的碗狀泥塊。清明掃墓時，掘一塊草泥壓住墳頭上的紙錢：打～,291,,已校,
6087,草頭王,,cou2 tau4 wong4,,土匪頭，一方惡霸,291,,已校,
6088,草筋灰,,cou2 gan1 fui1',,稻草搗爛和在石灰裏，用於抹牆，相當於北方的“麻刀灰”,292,,已校,
6089,草蜢,,cou2 maang2,,蚱蜢 ‖ 簡稱“蜢”,292,,已校,
6090,草羊,,cou2 joeng4*2,,山羊,292,,已校,
6091,草龍,,cou2 lung4*2,,一種小蟲，專門喂雀用,292,,已校,
6092,儲,,cou5,,儲存，攢積，收集：～錢買屋丨～郵票丨～埋<攢起來>丨～～埋埋丨～幾桶水備用丨～私己<攢私房錢> ‖ 讀書音 cyu5，這裏是口語音,292,,已校,
6093,儲錢,,cou5 cin4*2,,存錢，攢錢：～買屋丨你～做乜野啊？,292,,已校,
6094,醋,,cou3,,酸味調味品之一：白～丨甜～丨黑～丨呷～丨～味,292,,已校,
6095,醋味,,cou3 mei6,,指人的醋勁兒，嫉妒：乜咁大～呀,292,,已校,
6096,醋埕,,cou3 cing4,,①裝醋的罎子 ②喻愛吃醋、嫉妒心重的女人 ‖ ②也叫“醋缸 cou3 gong1”,292,,已校,
6097,醋種,,cou3 zung2,,釀製醋用的引子,292,,已校,
6098,燥,,cou3,,乾燥，燥熱：而家秋～，食多啲潤野<現在是秋天乾燥天氣，要多吃些濕潤的食物>丨我覺得好～<唇焦，口乾>丨～熱丨西洋菜煲湯潤～嘅,292,,已校,
6099,燥熱,,cou3 jit6,,①（人體）上火，大便秘結，喉疼：我呢兩日好～ ②（食物）性熱：狗肉～，有利禦寒,292,,已校,
6100,躁暴,,cou3 bou6,,性急：佢個人好～嘅,292,,已校,
6101,搔,,sou1',,①用刀刮竹、木使滑，或削刮竹、木成任何形狀：～滑佢丨～尖佢丨～細條竹針 ②招惹，答理：唔～佢丨～返佢<又理他了>丨佢唔～我，我～佢丨冇人～<無人理睬>,292,,已校,
6102,酥,,sou1',,（質地）鬆，脆。多用於食品：～皮丨～脆丨～鯽魚丨～角,292,,已校,
6103,酥,,sou1',,一種餅食，特點是鬆脆：合桃～丨～餅丨皮蛋～丨光～餅,292,,已校,
6104,酥皮,,sou1' pei4*2,,水麵和油麵合起製作的點心皮：～鷄蛋撻丨～麵包丨～炸粉果丨千層～,292,,已校,
6105,繅繭,,sou1' gaan2,,繅蠶絲,292,,已校,
6106,臊,,sou1,,嬰兒，臊蝦仔的簡稱：生～<坐月子>丨嗰家生～啊，唔好入去丨生～房<産房>丨三朝洗～,292,,已校,
6107,臊,,sou1',,①腥膻，乳臭：啲羊肉好～丨～妹丨～蝦仔丨～仔<男嬰>丨～女<女嬰> ②生（小孩）：～喇？丨～咗未啊？ ——～咗咯,292,,已校,
6108,臊蝦仔,,sou1' haa1 zai2,,嬰兒 ‖ 也叫“阿蝦 aa3 haa1”,292,,已校,
6109,臊鼠,,sou1' syu2,,一種會跳的鼠，有臊臭氣，白天是盲的，夜間出來活動：盲眼貓兒有～拉<熟語> ‖ 也叫“盲精 maang4 zoeng1”,292,,已校,
6110,臊妹,,sou1' mui6*1,,嬰兒的俗稱，不分男女,292,,已校,
6111,臊毛,,sou1' mou4*1,,稱嬰兒胎髮：剃～<滿月時剃頭>,292,,已校,
6112,臊馠馠,,sou1' ham1' ham1',,形容羊肉膻氣：啲羊肉～唔好食嘅 ‖ 馠，廣韵覃韵火含切：“小香”,292,,已校,
6113,臊肊,,sou1' jik1,,（吸了涼氣打的）冷嗝，呃：打～ ‖ 肊，廣韵職韵於力切：“氣滿”,292,,已校,
6114,蘇鑼,,sou1' lo4*2,,粵劇演出時用的小鑼,292,,已校,
6115,蘇梅醬,,sou1' mui4 zoeng3,,用梅子製的一種酸甜醬：食燒鵝梗要～嘅嘞,292,,已校,
6116,蘇州過後冇艇搭,,sou1' zau1' gwo3 hau6 mou5 teng5 daap3,,熟語。喻失掉時機，錯過機會：我地啱啱食完你就來，真係～喇 ‖ 也説“蘇州過後”,293,,已校,
6117,蘇裱鋪,,sou1' biu2 pou3,,裝裱字畫的鋪子,293,,已校,
6118,蘇薑,,sou1' goeng1,,白糖腌製的甜薑，五柳料之一，做五柳魚用,293,,已校,
6119,騷擾晒,,sou1' jiu5*2 saai3,,客套話。太打攪了,293,,已校,
6120,鬚,,sou1,,像鬍鬚之物：榕樹～｜倒鈎～<魚鈎上的倒刺>｜倒扣～<捕蝦籠、中式鎖中的倒刺>,293,,已校,
6121,鬚,,sou1',,鬍子：生～｜二撇～｜仁丹～｜八字～,293,,已校,
6122,鬚刨,,sou1' paau4*2,,刮鬍刀,293,,已校,
6123,鬚口,,sou1' hau2,,衣服裁好未縫的毛邊,293,,已校,
6124,鬚樴,,sou1' dak6,,鬍子茬兒：佢生～嘞｜佢成日搣[mit˥]<揪>～ ‖ 樴，廣韵德韵徒得切：“杙也”,293,,已校,
6125,數,,sou2,,①清點數目：你～下有幾多隻鷄｜～錢 ②數説（罪責）：等我～下佢｜～碟底,293,,已校,
6126,數碟底,,sou2 dip6 dai2,,喻揭露别人的陰私 ‖ 也説“數碟腳 sou2 dip6 goek3”,293,,已校,
6127,數白欖,,sou2 baak6 laam2,,説順口溜：你真係～咁數,293,,已校,
6128,素馨,,sou3 hing1,,廣州的一種有名的香花，昔日郊區有地名素馨斜，盛産此花，故名,293,,已校,
6129,素月,,sou3 jyut6*2,,素月餅的簡稱，餡中没有肉類,293,,已校,
6130,掃,,sou3,,①以帚、刷等除去灰塵：～屋｜～地｜～牀｜～街｜～枱｜～椅｜～塵｜大～除 ②塗刷：～灰水<刷石灰水>,293,,已校,
6131,掃,,sou3*2,,①刷帚，掃帚：竹～｜椰衣～｜葵骨～｜棕～<刷石灰用> ②撣子：鷄毛～ ③刷子：擦衫～,293,,已校,
6132,掃把,,sou3 baa2,,掃地用具：椰衣～｜竹～｜用～拍佢,293,,已校,
6133,掃把星,,sou3 baa2 sing1,,①彗星 ②駡人話。倒霉鬼，帶來惡運的人,293,,已校,
6134,掃尾,,sou3 mei5,,善後：你執埋佢嘞，～嘞<你把它全收拾好吧，善後好了>,293,,已校,
6135,掃地,,sou3 dei6*2,,指清掃工人：嗰個～來嘅<那是個清掃工>,293,,已校,
6136,掃興,,sou3 hing3,,興致全消：好～｜掃晒我興<把我的興致全打消了>,293,,已校,
6137,塑膠,,sou3 gaau1',,塑料：～鞋｜～籃,293,,已校,
6138,數,,sou3,,①數目：點下～｜講～<講價>｜齊頭～<整數>｜夠晒～<齊了> ②賬，賬目：計～｜埋～<結賬>｜賒～｜睇～<結賬>｜出公～<報銷>｜街～<外賬>｜賴～｜冇～<清賬了>｜收～｜～簿｜做～<做賬>｜放～<放債>｜補～<彌補>｜入我嘅～<算在我賬上>｜嗌～<堂倌報賬>｜～還～，路還路<熟語。人情是人情，賬目要算清>,293,,已校,
6139,數尾,,sou3 mei5,,尾數，數目零頭：我嗰日幫你買咗對鞋，而家畀返～你｜找清～<付清全部賬目>,293,,已校,
6140,數口,,sou3 hau2,,①計算，算度：佢好夠～嘅<會算計> ②價錢，條件：講掂～未啊<講好條件了嗎>？｜佢做野要講～嘅<他幹活兒要講價錢的>,293,,已校,
6141,數簿,,sou3 bou2*2,,賬本,293,,已校,
6142,高,,gou1,,高（程度減弱）：咁～<才這麼高，不太高>｜咁～～<才這麼一點高，矮>,293,,已校,
6143,膏,,gou1,,黏稠的膏狀物：雪花～｜藥～｜牙～｜唇～｜鞋～<皮鞋油>｜蝦～<塊狀的粗蝦醬>,293,,已校,
6144,糕,,gou1,,米粉或麵粉做的一種點心：鬆～｜蘿蔔～｜芋頭～｜馬拉～｜碗仔～｜白糖～｜馬蹄～｜鷄蛋～,294,,已校,
6145,糕粉,,gou1 fan2,,製糕點用的熟糯米粉,294,,已校,
6146,糕煎,,gou1 zin1,,麵做的一種油炸食品：大良～最有名,294,,已校,
6147,糕盤,,gou1 pun4,,蒸糕用的金屬大盤子,294,,已校,
6148,高,,gou1',,①自下而上距離大：～佬｜～樓大廈｜～坡｜間屋咁～嘅<這房子這麼高哪> ②高度：張枱有幾～啊？——有二尺五～ ③在一般程度之上：～級｜～等學校｜～溫｜～水平 ④比⋯高：佢～我兩級｜我學問～過佢 ⑤敬辭。稱别人的事物：～見｜～足,294,,已校,
6149,高下手,,gou1' haa5 sau2,,高抬貴手：你～，佢唔係就過去囉<他不就過去了嗎> ‖ 也説“抬下手 toi4 haa5 sau2”,294,,已校,
6150,高買,,gou1' maai5,,專門偷大商店的盜賊，三隻手,294,,已校,
6151,高大衰,,gou1' daai6 seoi1',,傻大個兒 ‖ 也説“大䊆衰 daai6 gau6 seoi1'”,294,,已校,
6152,高麗巾,,gou1' lai6 gan1,,舊時指粗土布做的擦汗巾，洗身、洗臉都可用,294,,已校,
6153,高尾渡,,gou1' mei5 dou6*2,,一種用小火輪拖行的、内河航行載客木船，船尾高聳，故名,294,,已校,
6154,高竇,,gou1' dau3,,看不起人，擺架子：佢好～嘅｜乜你咁～㗎，見到人都唔睬嘅,294,,已校,
6155,高竇貓,,gou1' dau3 maau1,,比喻傲慢、自大的人,294,,已校,
6156,高樓,,gou1' lau4,,早年間對茶樓的俗稱：上～飲茶喇,294,,已校,
6157,高身,,gou1' san1',,邊沿高的：瓦煲係～嘅，瓦鐺[tsʻaŋ˥]係扁身嘅,294,,已校,
6158,高踭鞋,,gou1' zaang1 haai4,,高跟鞋,294,,已校,
6159,高興,,gou1' hing3,,①熱鬧：佢結婚時有咁多人來，都幾～噃 ②快活：今日佢好～啊,294,,已校,
6160,高粱粟,,gou1' loeng4 suk1,,高粱米,294,,已校,
6161,高莊屐,,gou1' zong1' kek6,,舊時防水用的厚跟木屐，賣豬肉的多穿它,294,,已校,
6162,高戙戙,,gou1' dung6 dung6,,形容人個子高 ‖ 戙，廣韵送韵徒弄切：“船纜所繫”,294,,已校,
6163,高岋岋,,gou1' ngap6 ngap6,,形容高，高得晃晃悠悠地 ‖ 岋，集韵合韵鄂合切：“動貌，漢書天動地岋”,294,,已校,
6164,高壓煲,,gou1' aat3 bou1,,高壓鍋，壓力鍋,294,,已校,
6165,高設,,gou1' cit3,,舊時指（房屋）高大：佢起間屋好～㗎！,294,,已校,
6166,高腳,,gou1' goek3,,有高腿的：～瓷碟｜～碗｜～酒杯｜～花籃｜～椅｜～凳,294,,已校,
6167,高腳鷯哥,,gou1' goek3 liu1 go1,,指個子高的人,294,,已校,
6168,高腳七,,gou1' goek3 cat1,,高個子，來源於童話故事中的人物,294,,已校,
6169,膏,,gou1',,①熟脂肪或像脂肪的東西：豬～｜蟹～<蟹黄> ②多膏狀物的：～藥｜～蟹,294,,已校,
6170,膏蟹,,gou1' haai5,,極富蟹黄的螃蟹，即未産卵的雌蟹,294,,已校,
6171,告,,gou3,,①控訴，告狀：去法院～佢｜投～｜～狀 ②陳訴，解説：報～｜廣～｜～白｜～示 ③爲了某事而請求：～假 ④表明：～老｜～辭,294,,已校,
6172,告假,,gou3 gaa3,,請假：凡學生唔係有緊要事，就唔准～,294,,已校,
6173,告⋯忤逆,,gou3⋯ng5 jik6,,告子女不孝,294,,已校,
6174,告地狀,,gou3 dei6 zong6,,叫花子的一種乞討方式，在地上寫出自己的遭遇和苦况，以博得路人的同情和施捨,295,,已校,
6175,告老,,gou3 lou5,,退休：今年我都～咯丨佢已經～咯,295,,已校,
6176,告訴,,gou3 sou3,,投訴，告狀：你敢打我，我去～你阿爸、阿媽 ‖ 也説“投告 tau4 gou3”,295,,已校,
6177,告枕頭狀,,gou3 zam2 tau4 zong6*2,,告枕邊狀，妻子向丈夫説别人不好,295,,已校,
6178,告狀,,gou3 zong6*2,,到法院去投訴,295,,已校,
6179,告發,,gou3 faat3,,揭發别人陰私,295,,已校,
6180,告白,,gou3 baak6,,廣告：賣～<登廣告>,295,,已校,
6181,摮,,ngou1',,夠，伸長手去取：唔～得到丨～唔到丨～遠啲丨～得到丨～佢落夾 ‖ 廣韵豪韵五勞切：“擊貌。”古次濁平聲今應讀陽平，此處變讀陰平,295,,已校,
6182,𢳆,,ngou4,,①晃動，用力搖動：～下個樽丨～唔㤢<晃不動>丨～實佢丨～鬆佢丨～匀佢<把他搖醒> ②纏磨：佢成日喺度～我 ‖ 集韵號韵魚到切：“動也。”古去聲，今口語變讀平聲,295,,已校,
6183,𢳆簽,,ngou4 cim1,,搖神簽，在神前求簽,295,,已校,
6184,𢳆鈴鈴,,ngou4 ling4*1 ling4*1,,搖鈴,295,,已校,
6185,𢳆骨子,,ngou4 gwat1 zi2,,搖色子 ‖ 也説“𢳆色仔”,295,,已校,
6186,𢳆力落,,ngou4 lik6*1 lok6*1,,逗小兒玩法。手持一物，雙臂搖動，然後令小兒猜該物在哪一隻手中,295,,已校,
6187,𢳆色仔,,ngou4 sik1 zai2,,搖色子，擲色子 ‖ 也説“擲色仔 zaak6 sik1 zai2”,295,,已校,
6188,𢳆色寳,,ngou4 sik1 bou2,,賭博的一種，用一個色子來擲,295,,已校,
6189,𢳆□□,,ngou4 kek1 kap1,,①賣糖、馬蹄糕等的小攤販騙小孩的一種賭博，用小盒盛三個色子，搖之再打開，小孩先從 1 至 6 中指定一個數字，如果猜中則得獎 ②用三個色子玩的一種賭博,295,,已校,
6190,蒿味,,hou1' mei6,,①動物的腥膻氣：啲豬肉有～丨狗肉有啲～ ②嬰兒的乳臭氣味：臊蝦仔有～㗎 ‖ 也説“臊味 sou1' mei6”,295,,已校,
6191,薅草,,hou1' cou2,,割草：用鐮刀～,295,,已校,
6192,毫,,hou4,,錢幣單位。毛，角：～銀丨四～六<四角六分>丨～半<一角五> ‖ 也叫“毫子”,295,,已校,
6193,毫子,,hou4 zi2,,錢幣單位。毛，角：三～一斤魚丨毫半子<一角五>丨毫幾子<一角多錢>丨毫零子<一角多錢>丨半～丨毫一子<一角一分>,295,,已校,
6194,毫銀,,hou4 ngan4*2,,舊時指一角面值的銀幣,295,,已校,
6195,豪氣,,hou4 hei3,,財大氣粗：乜你咁～㗎，做咗大老板噉<像當上大老板似的>,295,,已校,
6196,蠔,,hou4,,牡蠣：鮮～丨～豉丨～油丨～殼丨炸生～,295,,已校,
6197,蠔豉,,hou4 si6*2,,乾牡蠣肉，舊時視爲素菜，吃素者也不忌食,295,,已校,
6198,蠔油,,hou4 jau4,,一種調味料，鮮牡蠣肉煮汁加調味料製成：～牛肉丨～生菜,295,,已校,
6199,蠔塘,,hou4 tong4,,人工養牡蠣的水塘 ‖ 也叫“蠔田 hou4 tin4”,295,,已校,
6200,好,,hou2,,①優點多的，使人滿意的（與“壞”相對）：～人丨～野丨～命 ②用在動詞前，表示使人滿意的性質在哪方面：～食丨～聽丨～睇丨沙發椅～坐過木椅 ③很，挺：呢啲餅～好食<這些點心很好吃>丨呢隻花布～靚噃<這種花布挺漂亮的啊>丨我～中意睇大戲丨～耐丨～多 ④友愛，和睦，相愛：～朋友丨佢同隔籬鄰舍都幾～㗎丨佢兩個家下好～喎<他們二人現在挺要好哪> ⑤（身體）健康，（疾病）痊愈：你幾～吖嗎？丨佢嘅病～咗未啊？丨～唔～啲啊<好些了嗎>？ ⑥用於動詞之後，表示完成、妥善：做～未啊？丨着～衫至出去噃丨閂～個紗窗喎丨執～啲書<把書本收拾好> ⑦客套話。表示祝願：～行啊<您走好> ⑧表示贊許、同意或結束：～喇、～喇，就噉喇<好吧，就這樣吧>丨～喇，唔使再講嘞 ⑨該，可以：～去食飯嘞<該去吃飯了>丨～瞓覺喇<該睡覺了>丨咁夜嘞，～收檔咯噃<這麼晚了，該收攤兒啦> ⑩容易，便於：啲碗要綁實至～拎丨冇耳茶杯唔～用嘅丨呢枝筆唔～寫嘅,295,,已校,
6201,好家伙,,hou2 gaa1' fo2,,贊嘆詞。也可用於反義,296,,已校,
6202,好話,,hou2 waa6,,客套話。①表示感謝：你個仔讀書大有進步喇嗎。—— ～咯，冇乜聰明嘅 ②好説，表示謙虛：～～<好説好説，哪裏哪裏>,296,,已校,
6203,好話唔好聽,,hou2 waa6 m4 hou2 teng1',,熟語。説句不好聽的,296,,已校,
6204,好話嘞,,hou2 waa6 laak3,,對了，没錯兒（加强肯定語氣）,296,,已校,
6205,好野,,hou2 je5,,①好東西，好：呢件係～來嘅丨真～<真棒>丨你～<你真可以> ②喝采聲。好哇,296,,已校,
6206,好咗,,hou2 zo2,,婉辭。男女關係不正常，暗含已發生性關係：佢兩個～,296,,已校,
6207,好過,,hou2 gwo3,,好：不如去睇戲～<倒不如去看戲好>,296,,已校,
6208,好知,,hou2 zi1',,誰料到（有責問口氣）：你話好睇，～你又唔去！丨你話得佢咁好，而家你有事，～佢又唔來？,296,,已校,
6209,好似,,hou2 ci5,,副詞。①似乎，好像：～唔喺度<似乎不在這兒>丨～係佢<好像是他> ②很相像：佢生得～佢阿媽丨～雪咁白,296,,已校,
6210,好市,,hou2 si5,,買賣好，暢銷：今年五月節，粽～啊丨呢間茶樓～噃丨今日西洋菜好～,296,,已校,
6211,好事後來,,hou2 si5 hau6 loi4,,好事最後才來（不是馬上就來） ‖ 也説“好物沉歸底”,296,,已校,
6212,好衣好着,,hou2 ji1' hou2 zoek3,,衣冠楚楚，穿戴整齊,296,,已校,
6213,好衣食,,hou2 ji1' sik6,,樂善好施，好幫助人；辦事負責認真（含有積德、有福之義）：佢真係好人，～㗎！,296,,已校,
6214,好耳,,hou2 ji5,,耳朵好，聽覺靈敏：乜你咁～㗎，咁遠都聽得到,296,,已校,
6215,好意頭,,hou2 ji3 tau4,,吉利，好兆頭：過年要講～嘅話丨攞個～<取個吉利>丨今日出街，撞到個～,296,,已校,
6216,好…唔…,,hou2…m4…,,慣用語。①該…不…（該做的不做，偏這樣做，含有做錯義）：好做唔做<做錯事>丨好話唔話<説錯話>丨好講唔講<講錯話>丨好行唔行 ②加重語氣：好衰唔衰<真倒霉>丨好死唔死<真該死>,296,,已校,
6217,好唔掂,,hou2 m4 dim6,,很不好過；遇到困難，很不順利：呢輪～<這一程很不順>,296,,已校,
6218,好楷,,hou2 gaai1',,舊時誇贊毛筆字寫得好：～啊！,296,,已校,
6219,好世界,,hou2 sai3 gaai3,,生活過得好，有錢：今日佢好～喇<他現在過得非常好啦>丨你又～喇 ‖ 也説“大把世界 daai6 baa2 sai3 gaai3”,296,,已校,
6220,好鬼,,hou2 gwai2,,副詞。非常，很。“鬼”加强語氣，比“好”更强烈：～熱丨～靚｜～闊｜～肉酸｜～冷,296,,已校,
6221,好鼻,,hou2 bei6,,嗅覺靈敏：乜你咁～｜唔～,297,,已校,
6222,好眉好貌,,hou2 mei4 hou2 maau6,,外表好看：佢生得～啫，冇乜本事㗎！,297,,已校,
6223,好眉好貌生沙蝨,,hou2 mei4 hou2 maau6 saang1' saa1' sat1,,熟語。喻外表好看，其實無用。來源於甘薯的一種病，病薯外表無異狀，内有黄斑，味苦不能吃,297,,已校,
6224,好地地,,hou2 dei6 dei6,,好端端，無端地：点解佢～又喊起來啊？,297,,已校,
6225,好死,,hou2 sei2,,好事，只用於反問語氣：有咁～咩<哪兒有這等好事呀>,297,,已校,
6226,好幾,,hou2 gei2,,幾個，若干。表示數量多：我有～個阿姨｜佢去咗～日嘞｜我唔食～年荔枝嘅嘞！,297,,已校,
6227,好氣,,hou2 hei3,,耐心的談話，多用於不滿口氣：唔好同佢講喇，乜你咁～㗎｜冇你咁～<不跟你費話>,297,,已校,
6228,好氣色,,hou2 hei3 sik1,,①健康，容光煥發 ②運氣好，有大錢賺：佢呢排～嘞<他近來發了>,297,,已校,
6229,好耐,,hou2 noi6,,長時間，很久：～以前｜呢對新鞋着得～㗎,297,,已校,
6230,好在,,hou2 zoi6,,還好，幸虧：頭先佢來找你晦氣，～你唔喺度<幸虧你不在這兒>,297,,已校,
6231,好彩,,hou2 coi2,,①幸虧，虧得：～你來幫忙，唔係就攪唔掂嘞 ②幸運：你真係～，又中咗獎,297,,已校,
6232,好手勢,,hou2 sau2 sai3,,手藝高，手藝巧：張枱鬥得～<這桌子做得好手藝>｜件衫做得～噃 ‖ 也説“好手工 hou2 sau2 gung1'”,297,,已校,
6233,好醜,,hou2 cau2,,好歹：唔知～<不知好歹>,297,,已校,
6234,好手尾,,hou2 sau2 mei5,,做事有始有終，不留尾巴：佢做野～㗎,297,,已校,
6235,好手腳,,hou2 sau2 goek3,,手腳乾凈，不偷不摸；靠得住 ‖ 也説“手腳乾凈 sau2 goek3 gon1' zeng6”,297,,已校,
6236,好好睇睇,,hou2 hou2 tai2 tai2,,得很像樣兒，很體面：佢結婚時攪得～,297,,已校,
6237,好好地,,hou2 hou2 dei6*2,,副詞。盡力地，盡情地，耐心地：嗱，坐喺度～食吖<坐在這兒好好地吃吧>,297,,已校,
6238,好好聲,,hou2 hou2 seng1',,語氣溫和，好聲好氣：你～講喇，唔使急 ‖ 也説“好聲好氣 hou2 seng1' hou2 hei3”,297,,已校,
6239,好招牌,,hou2 ziu1' paai4,,有名，名聲好：佢又～嘞，人人都搵住佢,297,,已校,
6240,好少何,,hou2 siu2 ho4*2,,很少，少有：～見到你｜～咁齊人<人那麼齊很少有>,297,,已校,
6241,好膽,,hou2 daam2,,有膽量，膽子大 ‖ 也説“好膽識 hou2 daam2 sik1”、“夠膽 gau3 daam2”或“大膽 daai6 daam2”,297,,已校,
6242,好心,,hou2 sam1',,①心腸好：～唔得好報 ②心好（意義虛化）：～你就等埋我喇<你就等我得啦>,297,,已校,
6243,好心事,,hou2 sam1' si6,,①會體貼人，知道别人内心事：唔好怕佢醜樣，佢好～㗎 ②很細心，對人無微不至：佢阿媽對人～㗎,297,,已校,
6244,好心機,,hou2 sam1' gei1',,很有耐性，很專心：佢做野～㗎,297,,已校,
6245,好飲得,,hou2 jam2 dak1,,酒量大：某某人～嘅噃<某人的酒量大着哪>,297,,已校,
6246,好返,,hou2 faan1',,好轉，多指病情：佢而家～晒嘞<他現在完全好了>｜你得～真萬幸<落你能好轉真是幸運啦>,297,,已校,
6247,好㜺,,hou2 zaan6*2,,很好，很妙。多用於食品、食物：呢件野～<這件東西真妙>丨呢味餸～<這個菜真好吃> ‖ 㜺，廣韵翰韵徂贊切：“一曰美好貌”,298,,已校,
6248,好眼,,hou2 ngaan5,,①視力好：佢好～喎，咁遠都望見你 ②眼力好，看透事物,298,,已校,
6249,好眼界,,hou2 ngaan5 gaai3,,視力好，看得準：佢好～，一槍就打中丨佢套圈好～，一套就中丨隻鷄有三斤半重，畀佢估中，真係～ ‖ 也説“好眼力 hou2 ngaan5 lik6”,298,,已校,
6250,好閑,,hou2 haan4,,没什麼，没關係：冇乜野，～啫<没什麼，不要緊>,298,,已校,
6251,好晏,,hou2 aan3,,很遲，只用在上午：我今早～至起身,298,,已校,
6252,好瞓,,hou2 fan3,,睡很熟：好起身嘞，重咁～啊<該起牀了，還睡得這麼熟哪>,298,,已校,
6253,好欿,,hou2 han6,,渴望，非常想（做某事）：～去游水丨我～睇大戲丨～食雪糕 ‖ 欿，廣韵感韵胡感切：“欲得。”本應讀 ham6，今口語變讀 han6,298,,已校,
6254,好人有限,,hou2 jan4 jau5 haan6,,①不是什麼好人：佢都係～嘅<他不是什麼好人> ②病人：茶瓜送飯，～<熟語。説人有病，因病人才想吃茶瓜>,298,,已校,
6255,好辯駁,,hou2 bin6 bok3,,能説會道,298,,已校,
6256,好天,,hou2 tin1,,晴天：今日係～丨昨日唔～<昨日是陰天>丨今日～嘞<今日天晴了>,298,,已校,
6257,好更夜,,hou2 gaang1' je6,,舊時説地方太平，治安好，無盜賊：我嗰處好～喎,298,,已校,
6258,好行,,hou2 haang4,,客套話。慢走，好走 ‖ 也説“好聲行 hou2 seng1' haang4”,298,,已校,
6259,好命婆,,hou2 meng6 po4,,父母、丈夫、兒女俱全的婦人，北京叫“全合人兒”,298,,已校,
6260,好命水,,hou2 meng6 seoi2,,好命運：佢好～喎 ‖ 也説“好命”,298,,已校,
6261,好聲,,hou2 seng1,,小心，當心：個天好黑，～行喎<走路要當心哪>丨而家扒手咁多，你去街～啲噃丨～行<慢走，客套話>,298,,已校,
6262,好頸,,hou2 geng2,,脾氣好：佢好～嘅<他脾氣很好>,298,,已校,
6263,好清,,hou2 cing1',,（病）痊愈：你嘅病～未啊？ ——～咯,298,,已校,
6264,好景,,hou2 ging2,,①生活好，日子好過：呢趟過節～噃，又熱鬧，又有粽食 ②生意興隆；運氣好，賺大錢：今年做布匹生意～噃丨呢間鋪頭～咯丨某某人今年～噃，賺到好多錢,298,,已校,
6265,好傾,,hou2 king1',,能聊，健談：佢好～㗎<他很健談>,298,,已校,
6266,好唱口,,hou2 coeng3 hau2,,①得意而話多：佢個女好～嘅丨你又好～喇，中咗馬標 ②説風涼話，賣乖：唔使咁～嘅<用不着賣乖了>,298,,已校,
6267,好相與,,hou2 soeng1' jyu5,,人緣好，平易近人，好脾氣：某人～噃,298,,已校,
6268,好相就,,hou2 soeng1' zau6,,好説話兒，樂於助人：有边個～嘅，讓個位畀呢個阿婆喇,298,,已校,
6269,好傷,,hou2 soeng1',,①夠嗆：～嘅噃<這可夠嗆的> ②後果不佳，影響很大：你唔好同佢嘈嘞，～嘅,298,,已校,
6270,好樣,,hou2 joeng6*2,,①（人）好看，容貌好：佢個女生得幾～ ②（衣服器物）式樣好，漂亮：你件衫咁～嘅,298,,已校,
6271,好用神,,hou2 jung6 san4,,①事業順利；生意興隆，賺錢多：你呢牌～喇嗎？丨喂，～唔～啊？ ②全神貫注：寫蠅頭小楷～噃丨修錶～噃,298,,已校,
6272,好物沉歸底,,hou2 mat6 cam4 gwai1' dai2,,熟語。好的東西在底下，比喻好的事情在最後才來 ‖ 也説“好事後來”,298,,已校,
6273,好日子,,hou2 jat6 zi2,,吉利日子；吉期，婚期：幾時係佢嘅～啊？丨佢等～至做喎<他等個吉利日子才做哪>,299,,已校,
6274,好得滯,,hou2 dak1 zai6,,太好了，好到極點,299,,已校,
6275,好力,,hou2 lik6,,力氣大：佢有我咁～噃<他的力氣和我一樣大>丨我冇咁～，唔托得起,299,,已校,
6276,好色水,,hou2 sik1 seoi2,,①衣着打扮光鮮：佢做新婦時，真係～㗎 ②色彩調和，好看：呢件毛衫～啊,299,,已校,
6277,好腳頭,,hou2 goek3 tau4,,能帶來好運：佢個新婦好～噃<他的兒媳婦很能帶來好運氣>,299,,已校,
6278,好福厚,,hou2 fuk1 hau5,,相貌敦厚，有福相：佢生得～,299,,已校,
6279,好,,hou3,,副詞。愛好，喜好：～食懶做丨～賭丨～吹<愛吸鴉片>丨～飲～食<喜大吃大喝>,299,,已校,
6280,好使,,hou3 sai2,,指能花錢，揮霍成性 ‖ 也説“好使錢 hou3 sai2 cin4*2”,299,,已校,
6281,好飲好食,,hou3 jam2 hou3 sik6,,愛吃喝，喜大吃大喝：呢個係～嘅人，冇乜出息嘅,299,,已校,
6282,好面光,,hou3 min6 gwong1',,愛惜臉面，愛面子上好看：佢好～嘅<他很愛面子的>,299,,已校,
6283,好傾好講,,hou3 king1' hou3 gong2,,喜歡説話，愛説道,299,,已校,
6284,好食懶飛,,hou3 sik6 laan5 fei1',,以鳥喻人，好吃懶做,299,,已校,
6285,犒勞,,hou3 lou4,,戲語。請客的代用語：我今日～下你 ‖ 勞，廣韵號韵郎到切：“勞慰”,299,,已校,
6286,犒功,,hou3 gung1',,蓋新房子房屋上梁時，主人請泥水匠吃飯,299,,已校,
6287,號,,hou6,,①名字以外另起的别號 ②舊時指商店：銀～丨商～丨大寳～丨分～ ③標志，信號：記～丨問～丨加減～ ④排定的次第：掛～丨編～丨～碼 ⑤表示等級：大～丨中～丨細～丨五～電池 ⑥表示次序：門牌五～丨今日係四月四～丨佢係十～運動員,299,,已校,
6288,號㡁,,hou6 kwaa2,,舊時軍隊的制服 ‖ 㡁，廣韵馬韵苦瓦切：“㡁，衿袍也。”集韵：“小衫曰㡁”,299,,已校,
6289,號筒,,hou6 tung4,,舊時指喇叭、軍號：吹～,299,,已校,
6290,號角,,hou6 gok3,,大螺角，大海螺殼做的響器：吹～,299,,已校,
6291,表,,biu1,,測量某種量的器具：水～｜電～,300,,已校,
6292,錶,,biu1,,計時的器具，一般比較小：手～｜砣～<懷錶>｜夜光～｜～帶｜～鏈｜～殼｜電子～｜自動～｜日曆～,300,,已校,
6293,錶袋,,biu1 doi6*2,,舊時男式西裝褲上縫的盛放掛錶的小兜,300,,已校,
6294,錶蓋,,biu1 goi3,,錶蒙子,300,,已校,
6295,錶墜,,biu1 zeoi6*2,,懷錶鏈子的另一端上繫的小飾物,300,,已校,
6296,錶面,,biu1 min6*2,,錶盤,300,,已校,
6297,錶鏈,,biu1 lin6*2,,①錶内的發條：隻錶斷咗～，唔行嘞 ②繫錶的鏈子：佢嘅砣錶嘅～係金嘅,300,,已校,
6298,錶菂,,biu1 dik1,,手錶上弦處的小鈕,300,,已校,
6299,錶肉,,biu1 juk6*2,,錶瓤，除錶殼外的部分,300,,已校,
6300,勡參,,biu1' sam1,,綁票兒，綁架人質，勒索贖金 ‖ 勡，集韵笑韵毗召切：“劫也。”古音爲全濁去聲，今變讀陰平。也説“拉參 laai1' sam1”,300,,已校,
6301,標,,biu1,,①彩票，類似賭博：山～｜鋪～｜馬～ ②標志，記號：商～｜路～｜袖～ ③給競賽優勝者的獎品：錦～｜奪～ ④承包工程或買賣貨物時，競爭者所標明的價格：招～｜投～｜中～,300,,已校,
6302,標,,biu1',,用文字或其他事物表明：明碼～價｜～明號碼｜你～錯咗咯,300,,已校,
6303,標會,,biu1' wui6*2,,（參加錢會組織的會員）使用會錢：今匀我要標呢份會咯，呢牌錢緊<這回我要使會錢了，近來手頭缺錢用> ‖ 也説“執會 zap1 wui6*2”,300,,已校,
6304,標色,,biu1' sik1,,“秋色”内容之一，以驚險著稱，如刀尖上站人等 ‖ 參看“秋色 cau1 sik1”,300,,已校,
6305,䅺,,biu1',,①突出，冒出：～青｜～好多汁｜嚇到～尿｜～屎 ②躥：喇喇聲～出去｜佢忽然～出來 ‖ 集韵宵韵卑遙切：“稻田秀出者”,300,,已校,
6306,䅺芽,,biu1' ngaa4,,（植物）出芽,300,,已校,
6307,䅺頭,,biu1' tau4,,出人頭地，超趕過前人：佢都係～嘅人｜佢行得好快，䅺過人頭<走在人前頭>,300,,已校,
6308,䅺高,,biu1' gou1',,長高，長個兒,300,,已校,
6309,䅺青,,biu1' cing1,,出類拔萃，出衆，出色：佢好～噃,300,,已校,
6310,表,,biu2,,①外面，外表：～面 ②把思想感情顯示出來：～明態度｜發～ ③用表格形式排列事項的文件：統計～｜畫個～就清楚嘞 ④表親：～姐｜～叔,300,,已校,
6311,表錯情,,biu2 co3 cing4,,誤會别人的意思：我叫你噉樣做，誰知你又～,300,,已校,
6312,表少,,biu2 siu3,,①面稱丈夫的表弟 ②舊時男性的泛稱,300,,已校,
6313,裱,,biu2,,裝裱，裱糊：～起幅畫<把這畫兒裱好>,300,,已校,
6314,裱畫鋪,,biu2 waa6*2 pou3*2,,裝裱及修理舊字畫的鋪子,300,,已校,
6315,剽牙,,biu6 ngaa4,,個别的牙齒向外突出 ‖ 剽，集韵笑韵毗召切：“刺也”,300,,已校,
6316,摽,,biu6,,①以身體撞擊、拱開（門、牆）：你冇手推，～開道門喇丨隻豬～爛豬樚嘞丨～爛牆丨～跌 ②硬擠：咪～人來<别拱進來> ‖ 集韵小韵婢小切：“説文撃也”,301,,已校,
6317,飄蓬,,piu1' pung4,,危險，多用於做事情：～嘅野唔好做啊丨呢件野好～，唔做得㗎,301,,已校,
6318,飄色,,piu1' sik1,,“秋色”内容之一，是民間組織的傳統文娛形式，以小孩扮演戲曲中的各種人物，沿街巡行，配以八音鑼鼓，很是熱鬧 ‖ 參看“秋色 cau1 sik1”,301,,已校,
6319,嫖,,piu4,,玩妓女：～老舉<嫖妓>,301,,已校,
6320,嫖舍,,piu4 se3,,嫖妓女,301,,已校,
6321,嫖友,,piu4 jau5*2,,嫖客,301,,已校,
6322,票,,piu3,,作爲憑證的紙片（寫的或印的），票據：買～丨戲～丨車～丨船～丨支～丨月～丨發～丨匯～丨郵～丨選～丨當～,301,,已校,
6323,票尾,,piu3 mei5,,廢票，用過的車票等,301,,已校,
6324,苗,,miu4,,①少數民族之一：～族丨～人 ②初生的植物：禾～丨麥～丨樹～丨豆～,301,,已校,
6325,描紅,,miu4 hung4,,描紅模子，小學生學寫毛筆字時先做此練習 ‖ 也説“摹紅 mou4 hung4”,301,,已校,
6326,瞄,,miu4,,①偷看：～下佢 ②視力集中看：～準,301,,已校,
6327,藐,,miu2,,撇（嘴）：～起個嘴<輕蔑貌>丨嘴～～ ‖ 讀書音爲陽上調，這裏是口語音,301,,已校,
6328,藐嘴藐舌,,miu2 zeoi2 miu2 sit6,,撇着嘴，蔑視别人 ‖ 也説“藐唇藐舌 miu2 seon4 miu2 sit6”,301,,已校,
6329,妙品,,miu6 ban2,,①精巧，手藝高：呢味菜整得好～ ②（人）聰明伶俐，圓滑靈活，會應付各種各樣的情况和環境,301,,已校,
6330,妙想天開,,miu6 soeng2 tin1 hoi1',,異想天開,301,,已校,
6331,廟,,miu6,,供神佛或歷史上有名人物的處所：孔～丨～堂丨～祝,301,,已校,
6332,廟,,miu6*2,,供神佛或歷史上有名人物的處所：土地～丨觀音～,301,,已校,
6333,廟祝,,miu6 zuk1,,管理寺廟者，俗稱“廟祝公”，向政府投標獲得管理權後才可任職,301,,已校,
6334,刁屎,,diu1' si2,,駡人話。自高自大，傲慢：爛～<臭了不起>丨咪咁～喇<别那麼自大吧>,301,,已校,NA：按原書用字，用例中“爛”疑似應爲“讕”。
6335,刁喬扭擰,,diu1' kiu4 nau2 ning6,,左右刁難，彆扭,301,,已校,
6336,刁蠻,,diu1' maan4,,蠻横，不講道理,301,,已校,
6337,刁炆,,diu1' man1,,使性子，生悶氣，閉口不言：個細路好～嘅 ‖ 炆，集韵文韵無分切：“熅也”,301,,已校,
6338,丢,,diu1',,①放置，收起：將啲衫～埋佢<把衣服收起來>丨～起佢丨～低<放下>丨冇地方～ ②失掉：～架丨～面<失去臉面> ③拋，扔：～眼色丨～眼角丨～荒丨～開,301,,已校,
6339,丢架,,diu1' gaa3*2,,出醜；丢人，丢臉：唔識書，好～嘅喇<不會功課挺丢人的哪> ‖ 也説“丢面 diu1' min6*2”,301,,已校,
6340,丢疏,,diu1' so1',,①（關係）疏遠：佢近日同我～咗咯 ②（技藝、學問）生疏，荒疏：好耐唔寫野<很久不寫東西>～咗咯,301,,已校,
6341,丢書包,,diu1' syu1' baau1,,賣弄自己的學問 ‖ 舊時説“曬書櫃 saai3 syu1' gwai6”,301,,已校,
6342,丢眼色,,diu1' ngaan5 sik1,,使眼色，暗示║ 也説“使眼色 sai3 ngaan5 sik1”或“打眼色 daa2 ngaan5 sik1”,301,,已校,
6343,丢眼角,,diu1' ngaan5 gok3,,眉目傳情：嗰個女子同佢～｜同沙煲～<喻落魄，困苦>,302,,已校,
6344,丢荒,,diu1' fong1',,指田地失耕：啲田～晒<這地全荒了>,302,,已校,
6345,䄪䄪揈,,diu4 diu2 fing6,,①懸於半空貌 ②事情未完成：呢件事我冇辦法咯，～咯 ③無着落，無歸宿：當時啲知青有好多人都～咯 ‖ 䄪，廣韵篠韵都了切：“禾穗垂貌。”揈，集韵耕韵呼宏切：“揮也。”口語音略有變讀,302,,已校,
6346,屌,,diu2,,駡人話。肏：～那媽 ‖ 《字彙》：“丁了切，貂上聲，男子陰名。”一般寫作“丢”,302,,已校,
6347,屌那媽,,diu2 naa3 maa1,,駡人話。他媽的,302,,已校,
6348,吊（沙）煲,,diu3（saa1'）bou1,,斷頓兒，無米下鍋。指失業，没有生活來源：唔～都有符喇,302,,已校,
6349,吊絲丹,,diu3 si1' daan1',,甜竹筍中的最好品種：沙河～,302,,已校,
6350,吊皮,,diu3 pei4*2,,將毛皮配上布面縫成皮衣：佢好會～㗎 ‖ 也説“吊面 tiu3 min6”,302,,已校,
6351,吊尾,,diu3 mei5,,盯梢，尾隨，跟蹤：小心人～噃｜畀人吊住尾咯｜你吊住佢尾，睇佢去边度,302,,已校,
6352,吊味,,diu3 mei6,,調味，提味，增加鮮味：煲豬肉落啲海味吊下味｜煲湯畀啲味粉吊下味,302,,已校,
6353,吊起來賣,,diu3 hei2 lai4 maai6,,抬高價格：野少就～<東西少就提價賣>,302,,已校,
6354,吊起臽,,diu3 hei2 ham2,,窮得無米可舂。臽即“舂臽”，就是舂米的石臼 ‖ 臽，廣韵感韵苦感切：“小穽名也”,302,,已校,
6355,吊渠,,diu3 keoi4,,舊時平房用的泄雨水裝置，多以粗竹剖成兩半，横吊在屋檐下以承接雨水 ‖ 也説“吊槽 tiu3 cou4”,302,,已校,
6356,吊籃,,diu3 laam4*2,,盛食物的籃子，吊起來防鼠,302,,已校,
6357,吊癮,,diu3 jan5,,吊胃口，吃東西或看戲等不過癮，不滿足,302,,已校,
6358,吊門橘,,diu3 mun4 gat1,,比喻乾瘦的人。原指吊在門前的橘，爲求吉利，長久不取下，日久則乾縮,302,,已校,
6359,吊釘,,diu3 deng1,,難辦，刁難：佢個野好～嘅，同佢做好難嘅,302,,已校,
6360,吊頸,,diu3 geng2,,上吊自殺：～鬼,302,,已校,
6361,吊頸鬼,,diu3 geng2 gwai2,,①吊死鬼，指吊死者 ②槐樹蟲，光身無毛，北京叫“吊死鬼”,302,,已校,
6362,吊帳,,diu3 zoeng3,,圓頂蚊帳 ‖ 也叫“傘帳 saan3 zoeng3”,302,,已校,
6363,吊鐘,,diu3 zung1,,小舌頭，學名“懸雍垂”,302,,已校,
6364,吊骨,,diu3 gwat1,,衣服接縫處做得不平整，起皺而吊起：你睇，你件衫～嘅 ‖ 也説“吊腳”,302,,已校,
6365,吊腳,,diu3 goek3,,①三缺一，如打麻將等：因爲～，打唔成咯 ②衣服做得不平整，邊角吊起而皺縮 ③家具、建築物接合處不平整、不順眼：～椅｜～枱,302,,已校,
6366,釣魚,,diu3 jyu4*2,,①用釣鈎捕魚 ②賭博的一種，用色子做賭具,302,,已校,
6367,釣魚郎,,diu3 jyu4 long4*2,,鷺鷥的俗稱,302,,已校,
6368,窵腳,,diu3 goek3,,偏遠，不順路：我住嗰度好～㗎！｜佢上班嗰處好～嘅 ‖ 窵，廣韵嘯韵多嘯切：“窵窅，深也。”也説“墮角 do6 gok3”,302,,已校,
6369,掉,,diu6,,①扔，拋棄：～咗棄｜唔好隨處～ ②搖動，擺動：手～～<空手>,303,,已校,
6370,掉臂,,diu6 bei3,,走路時擺動手臂的幅度比正常情况大：你行路唔好～啊,303,,已校,
6371,掉頭,,diu6 tau4,,舊俗，人臨死時，將他的頭向門口，腳向屋裏。斷氣後，改爲頭向裏，足向外,303,,已校,
6372,掉手掉腳,,diu6 sau2 diu6 goek3,,手腳擺來擺去，無所事事貌,303,,已校,
6373,掉腳,,diu6 goek3,,因發育不全，或因小兒麻痹後遺症，走路時腳一甩一甩地,303,,已校,
6374,掉腳鷹,,diu6 goek3 jing1,,雙足能活動的風箏,303,,已校,
6375,調,,diu6,,①分派，調動（工作等）：～佢去上海工作｜借～佢來我單位 ②指語音上的聲調：高平～｜變～,303,,已校,
6376,調,,diu6*2,,①音樂的旋律：佢唱歌都冇～嘅 ②樂曲以什麼音做 do，就叫做什麼調：呢支歌係 A ～ ③音樂上高低長短配合的成組的音：呢個～幾好聽嘅,303,,已校,
6377,調轉,,diu6 zyun3,,①轉過來：～身｜～頭<回轉頭>｜～來<倒過來>｜～來講<反過來説> ②互換，轉換位置：～係我，就唔係噉樣話嘞｜我件衫同你件～着好唔好？,303,,已校,
6378,調轉便,,diu6 zyun3 bin6,,翻過來：你件衫着反轉咗，～喇<你衣服穿反了，翻過來吧>,303,,已校,
6379,挑,,tiu1',,①用針等撥、剔、刺：用牙簽～牙｜～啲泥出來｜用針～出條刺喇 ②挑選，挑揀：將啲好嘅～出來｜～剔 ③挑，擔：～瓜賣菜｜用條竹～起佢 ④縫紉法的一種，繚：～邊｜～骨｜～紐耳 ⑤挑撥，挑動：～戰｜～撥｜～是非,303,,已校,
6380,挑花,,tiu1' faa1,,在十字布上綉花，針腳都是十字形,303,,已校,
6381,挑紐耳,,tiu1' nau2 ji5*2,,繚紐襻，做中式布紐用,303,,已校,
6382,挑欖核,,tiu1' laam2 wat6*2,,兩人用綫繩挑着玩的一種遊戲，將繩結成一個圈，一人用手指撑開，一人用手指挑出花樣，互相輪換,303,,已校,
6383,挑骨,,tiu1' gwat1,,縫合中式衣褲的接縫處 ‖ 也説“鈎骨 ngau1' gwat1”,303,,已校,
6384,挑腳,,tiu1' goek3,,繚衣服的底邊：做絲綢就要～喇,303,,已校,
6385,雕,,tiu1',,雕刻：～印｜～花｜～字｜用鏨刀～ ‖ 讀書音 diu1'，這裏是口語音,303,,已校,
6386,條,,tiu4,,①量詞。A）用於長形之物：一～棍｜兩～魚｜買～膠喉｜開～支票 B）用於抽象事物：想～計仔<計策>｜恁～竅[kʻiu˧꜔꜒]<想個法子>｜䏱住～氣<憋着一肚子氣> C）用於人：呢～友仔｜凈係我一～友喺處<就是我一個人在這兒>｜嗰～友都唔知去咗边處 ②分項目的：～例｜～款 ③細長的形狀：～紋｜切成一～～,303,,已校,
6387,條,,tiu4*2,,①細長的樹枝：柳～｜藤～ ②條子：紙～｜金～｜布～｜雪～<冰棍兒> ③細長的形狀：柳～布<條紋布>,303,,已校,
6388,條氣唔順,,tiu4 hei3 m4 seon6,,這口氣兒不順，心中氣不平,303,,已校,
6389,條梘,,tiu4 gaan2,,舊時的長條肥皂，中間無凹痕。現在的則有條痕，可分爲兩塊，叫“孖梘”,303,,已校,
6390,條凳,,tiu4 dang3,,長條板凳，架牀板用,303,,已校,
6391,調絲煙,,tiu4 si1' jin1,,一種細煙絲，吸水煙袋用，比皮絲煙粗些,303,,已校,
6392,跳,,tiu3,,①躍起：～～貢｜～高｜～遠｜～過坑渠 ②一起一伏地動：心～得好緊要丨眼～ ③越過應該經過的一處而到别一處：～級丨～班丨～槽,303,,已校,
6393,跳大海,,tiu3 daai6 hoi2,,小兒遊戲，北京叫“跳房子”。在地上畫方格子，以瓦片投入，然後輪流一足跳而蹴之，使瓦片升入上一格 ‖ 也説“跳大屋 tiu3 daai6 uk1”,304,,已校,
6394,跳皮,,tiu3 pei4,,（小兒）調皮，淘氣,304,,已校,
6395,跳飛機,,tiu3 fei1' gei1,,小兒遊戲之一，類似“跳大海”。在地上畫一飛機形，然後單腳跳入，將瓦片逐格踢出，先者爲勝,304,,已校,
6396,跳臺,,tiu3 toi4,,①游泳池旁的跳水臺 ②（收音機等失靈）串臺：架收音機成日～嘅,304,,已校,
6397,跳樓,,tiu3 lau4*2,,大減價，大甩賣：而家啲牛仔衫好平，～嘞丨～貨<削價貨>,304,,已校,
6398,跳槽,,tiu3 cou4,,①不安職守，另謀其他工作 ②舊時指妾侍不安於室，另嫁,304,,已校,
6399,跳跳貢,,tiu3 tiu3 gung3,,跳來跳去，活潑貌 ‖ 也説“跳跳𨀨 tiu3 tiu3 zaat3”,304,,已校,
6400,跳板,,tiu3 baan2,,①碼頭上的通向船上的板，或卡車上搭的下貨用的板 ②跳水用的板 ③比喻被人利用的人：因住佢將你來做～,304,,已校,
6401,跳橡筋,,tiu3 zoeng6 gan1',,小兒遊戲，跳皮筋兒,304,,已校,
6402,跳𨀨,,tiu3 zaat3,,活潑，矯健：個武生好～嘅丨我個仔好～丨隻貓好～㗎，跳得好高㗎丨尋晚佢瞓得好～<睡不安寧> ‖ 𨀨，廣韵末韵姊末切：“蹙𨀨，行貌”,304,,已校,
6403,糶,,tiu3,,賣出（糧食）：～米丨～穀,304,,已校,
6404,尿,,niu6,,小便：屙～丨～缸丨～桶,304,,已校,
6405,尿脬,,niu6 paau1,,膀胱：豬～,304,,已校,
6406,尿片,,niu6 pin3*2,,（小兒）尿布 ‖ 也叫“屎片 si2 pin3*2”,304,,已校,
6407,尿埕,,niu6 cing4,,盛尿的罎子，舊時的店鋪多用，口上反置一頂破笠帽，帽尖向下，小便時不致濺出,304,,已校,
6408,尿虹,,niu6 hung6,,尿在衣物上乾後留下的痕跡 ‖ 也叫“尿印 niu6 jan3”。虹，集韵送韵胡貢切：“虹洞相連也”,304,,已校,
6409,尿䍇,,niu6 taap3,,盛尿的大口瓦罐 ‖ 䍇，集韵盍韵託盍切：“説文瓨也。”集韵考正：“案説文…下平缶也”,304,,已校,
6410,尿急,,niu6 gap1,,急於小便，憋着尿,304,,已校,
6411,尿急急,,niu6 gap1 gap1,,要小便的感覺：我有啲～,304,,已校,
6412,尿積,,niu6 zik1,,尿碱，尿盆裏的尿垢,304,,已校,
6413,鷯哥,,liu1 go1,,鳥名。八哥兒，黑色，能學人説話,304,,已校,
6414,𧽽,,liu1',,溜走，逃：～路丨～～逛丨～之䞘之丨～人丨～走咗 ‖ 《玉篇》卷十：“連條切，腳長行貌。”古次濁平聲，本應讀陽平，今口語讀陰平,304,,已校,
6415,𧽽之䞘,,liu1' zi1' gat6,,溜走，走人：我都冇心機等咯，～咯 ‖ 䞘，廣韵迄韵其迄切：“行貌”,304,,已校,
6416,𧽽之䞘之,,liu1' zi1' gat1 zi1',,溜走，潜逃：佢～走咗咯,304,,已校,
6417,𧽽路,,liu1' lou6,,逃走，走人,304,,已校,
6418,𧽽𧽽逛逛,,liu1' liu1' kwaang3 kwaang3,,游手好閑貌，無所事事貌 ‖ 也説“𧽽𧽽逛”,304,,已校,
6419,𧽽人,,liu1' jan4,,走開，走人,304,,已校,
6420,镽,,liu1',,細長：～長丨個女生得～細丨～～瘦瘦｜條竹咁～｜～身嘅米好食 ‖ 集韵蕭韵憐蕭切：“埤蒼細長也。”古次濁平聲，今口語讀陰平,304,,已校,
6421,镽細,,liu1' sei3,,（人）小巧，窈窕：個女生得好～,305,,已校,
6422,镽瘦,,liu1' sau3,,（人）瘦長：佢生得好～嘅,305,,已校,
6423,敹口,,liu1' hau2,,①講究飲食，很挑剔：佢食野好～嘅 ②適口：呢味餸都幾～嘅喎 ③（數量、尺寸等）勉强夠數：差一寸都唔夠裁，真～咯｜條繩差一啲夠打個綟[lit˧]<結>，真係～咯,305,,已校,
6424,敹喬,,liu1' kiu1',,凡事挑剔，難侍候：佢個仔好～㗎 ‖ 癩，廣韵蕭韵落蕭切：“揀擇。”二字讀書音陽平，口語變讀陰平,305,,已校,
6425,撩,,liu4,,譏笑，挑逗：～女仔｜～是門非｜～撥｜～惹｜唔好～人｜個衰仔至好～先生嘅<這壞小子最愛嘲笑老師的>,305,,已校,
6426,撩,,liu4*2,,①剔，挖，挑：用條竹～下個雀竇｜搵枝竹～開嗰塊爛布｜用手指～來～去 ②胡亂寫、畫：好似～符噉<寫字太亂> ③提起（話題）：呢件事冇人提嘅喇，你而家又～起講,305,,已校,
6427,撩牙,,liu4*2 ngaa4,,剔牙 ‖ 也説“撩牙罅 liu4*2 ngaa4 laa3”或“挑牙 tiu1' ngaa4”,305,,已校,
6428,撩是門非,,liu4 si6 dau3 fei1',,挑撥是非,305,,已校,
6429,撩耳仔,,liu4*2 ji5 zai2,,挖耳垢，掏耳朵,305,,已校,
6430,撩交,,liu4 gaau1,,挑起打架，惹起口角,305,,已校,
6431,撩刁,,liu4 diu1',,①淘氣，好動，調皮；不聽話，使人煩。多説小孩：個細路好～嘅｜細蚊仔，莫～；買隻船仔你去搖<兒歌> ②刁鑽古怪,305,,已校,
6432,撩刁竹,,liu4 diu1' zuk1,,一種治蛇咬傷的竹子：身有～，不怕共蛇轆；身有半邊蓮，不怕共蛇眠<民諺>,305,,已校,
6433,撩雀寳,,liu4*2 zoek3*2 dau3,,掏鳥窩,305,,已校,
6434,撩促織,,liu4*2 zuk1 zit2,,挑逗蟋蟀 ‖ “促織”讀音是口語中的變讀,305,,已校,
6435,潦草,,liu4*2 cou2,,（字迹）不清楚：寫字～唔睇得真,305,,已校,
6436,寮,,liu4*2,,①簡陋的小棚子：茅～｜茶～｜～仔｜竹～｜蛋家～｜講古～｜老舉～｜鴨～<看鴨人住的小棚子> ②舊式小作坊：番薯～<做甘薯乾的小作坊>｜欖～<加工欖豉的小棚子>｜糖～<土法榨糖作坊>,305,,已校,
6437,寮口,,liu4 hau2,,舊時指妓院行業：佢係做～嘅 ‖ 也叫“寨口 zaai6 hau3”,305,,已校,
6438,寮口婆,,liu4 hau2 po4,,舊時指龜婆，妓院女老板,305,,已校,
6439,寮口嫂,,liu4 hau2 sou2,,舊時指妓院老板請來的女幫手，是來自青樓的年輕能幹女人,305,,已校,
6440,了,,liu5,,做完，結束：～咗呢件事,305,,已校,
6441,了不得,,liu5 bat1 dak1,,①非常：佢兩個仔好到～｜壞到～ ②了不起：呢個人好～㗎,305,,已校,
6442,料,,liu6,,①料想：～唔到｜預～｜不出所～ ②料理：～理｜照～,305,,已校,
6443,料,,liu6*2,,①材料，配料（食物）：衣～｜資～｜呢碗粥都冇～嘅！ ②人材：我估你幫得下手，誰知唔做得～ ③引申爲學識、才幹：你唔好睇衰人地，人地有～嘅噃｜有～嘅人唔要,305,,已校,
6444,料兆,,liu6 siu6,,材料，配料：煲粥冇乜～嘅咋<煮粥可没什麼好料呀>！｜有～｜食完都冇乜～嘅<吃完感覺没味道，不滿足>,305,,已校,
6445,料半,,liu6 bun3,,水酒的俗稱，最低度的酒,305,,已校,
6446,朝,,ziu1,,早晨：今～丨聽～<明天早上>,306,,已校,
6447,蕉,,ziu1,,蕉類果實：香～丨大～丨粉～丨龍牙～丨佛手～丨糯米～,306,,已校,
6448,蕉蕾,,ziu1 leoi4,,未長成的蕉的果實：手指好似～噉,306,,已校,
6449,蕉柑,,ziu1 gam1,,柑的一種，又名“桶柑”，由椪柑和甜橙雜交而成，是潮州柑的一大類（另一類爲椪柑）,306,,已校,
6450,招,,ziu1',,①招惹，引來（不好的事物）：～災惹禍丨～是非丨～口舌丨～人仇口 ②用廣告或通知的方式使人來：～考丨～領丨～兵買馬丨～股丨～租丨～聘 ③承認罪行：～認丨～口供丨不打自～,306,,已校,
6451,招架,,ziu1' gaa3,,應付：我都～唔來嘞，工夫咁重<活兒這樣多>,306,,已校,
6452,招紙,,ziu1' zi2,,（商品上貼的）商標紙,306,,已校,
6453,招呼,,ziu1' fu1',,①向别人致意：見到人都唔～嘅 ②招待：幫我～下客人喇,306,,已校,
6454,招牌,,ziu1' paai4,,①店鋪的名匾、牌匾，作爲商店的標誌：呢塊紅～嘅字係乜人寫嘅？丨呢間鋪頭換咗～噃 ②代表本店的、有本店特色的牌子：呢味係佢地嘅～菜丨～鷄丨賣～<開張之始，賣些價廉物美之貨以招徠顧客> ③比喻某種名義或稱號：佢用某經理嘅～呃<騙>咗好多人 ④喻名聲：佢個～唔好,306,,已校,
6455,招口舌,,ziu1' hau2 sit6,,招惹是非：唔好咁多嘴，～噃,306,,已校,
6456,招搖,,ziu1' jiu4,,①愛出風頭：咪咁～喇丨呢個野好～㗎<這家伙很愛出風頭> ②故意張大聲勢，引人注意：～撞騙,306,,已校,
6457,招人仇口,,ziu1' jan4 sau4 hau2,,招惹仇恨，與人結仇,306,,已校,
6458,招郎入舍,,ziu1' long4 jap6 se3,,招女婿入贅,306,,已校,
6459,招接,,ziu1' zip3,,①接待：～人客丨你去佛山玩，有冇人～你啊？ ②收留，接受：佢送個細路來我處喎，我唔～佢,306,,已校,
6460,招積,,ziu1' zik1,,刁鑽：～仔丨喂，唔好咁～噃<喂，别那麼刁鑽哪>丨乜你咁～喎？,306,,已校,
6461,朝頭,,ziu1' tau4*2,,早晨：你～去好過晚夜去啊,306,,已校,
6462,朝頭早,,ziu1' tau4 zou2,,早上 ‖ 也説“朝早”,306,,已校,
6463,朝頭晚夜,,ziu1' tau4 maan5 je6*2,,一早一晚：我～都會去下佢處嘅,306,,已校,
6464,朝晚,,ziu1' maan5,,一早一晚：～都要淋花嘅<一早一晚都得澆花>,306,,已校,
6465,朝食晚洗,,ziu1' sik6 maan5 sai2,,形容人懶，早上用過的碗到晚上才洗,306,,已校,
6466,照,,ziu3,,①映照：～鏡丨屙涿［tok˥］<泡>尿～下你自己先 ②略曬，照射：將對鞋擰出去～一～喇丨用電筒～下 ③依照：～你講嘅去做咯丨～理丨～計丨～樣丨～舊 ④順着，迎着：～住鼻哥去丨一盆冷水～頭淋 ⑤執照，憑證：牌～丨護～ ⑥照料：～顧丨～管丨～應 ⑦比照：對～丨查～ ⑧知曉，明白：大家心～喇,306,,已校,
6467,照依,,ziu3 ji1',,依照：～你講嘅做喇,306,,已校,
6468,照住鼻哥去,,ziu3 zyu6 bei6 go1 heoi3,,向正前方去，順着自己鼻子指的方向去,306,,已校,
6469,照計,,ziu3 gai3,,按説，照理説：～係噉樣做至啱㗎<按理説如此做才對呀>,306,,已校,
6470,照寳,,ziu3 bou2,,①證件、牌照之類：嗱，呢個～來<這就是證件> ②後臺，靠山。指人：呢個係佢嘅～來㗎,306,,已校,
6471,照辦煮碗,,ziu3 baan6*2 zyu2 wun2,,熟語。如法炮製，照樣再來一次,306,,已校,
6472,照身櫃,,ziu3 san1' gwai6,,有穿衣鏡的大衣櫃,307,,已校,
6473,照身鏡,,ziu3 san1' geng3,,大長鏡子，穿衣鏡,307,,已校,
6474,照津,,ziu3 zeon1',,俗指照樣大吃（含有滿足之義）：～一輪<吃一頓>｜～到飽｜～一餐 ‖ 津，同音字,307,,已校,
6475,照田鷄,,ziu3 tin4 gai1,,指在地攤上請算命先生看相,307,,已校,
6476,照樣,,ziu3 joeng6*2,,按照樣子：呢張枱你都唔係～做嘅｜～炮製,307,,已校,
6477,照壁,,ziu3 bek3,,舊式房屋正對大廳的影壁（中間隔一天井），壁上有的畫花，設神位,307,,已校,
6478,照直,,ziu3 zik6,,①一直（不轉彎）：～去就到咯 ②直截了當：你～講喇，唔使怕,307,,已校,
6479,醮壇,,ziu3 taan4,,道士做法事設的壇：打醮就要有～嘞,307,,已校,
6480,醮棚,,ziu3 paang4,,打醮時搭的棚子,307,,已校,
6481,噍,,ziu6,,①嚼：食野唔～｜～爛啲｜牛～牡丹，唔知花共草<歇後語> ②大吃：～一餐 ‖ 廣韵笑韵才笑切：“嚼也”,307,,已校,
6482,噍飯汁,,ziu6 faan6 zap1,,形容人吃飯慢：佢喺處～啊,307,,已校,
6483,鍬,,ciu1,,鍬，掘土或鏟土的工具,307,,已校,
6484,潮氣,,ciu4 hei3,,（女人）風騷俏媚：～婆｜～鬼,307,,已校,
6485,潮州柑,,ciu4 zau1' gam1,,柑中最好的品種之一,307,,已校,
6486,潮州粥,,ciu4 zau1' zuk1,,俗指比較稠的粥,307,,已校,
6487,潮田,,ciu4 tin4,,有河水相通的水田,307,,已校,
6488,消夜,,siu1' je6*2,,①夜晚吃東西：整啲乜野來～呀？ ②夜餐吃的東西：食～,307,,已校,
6489,消滯,,siu1' zai6,,消食：鷄内金係～嘅｜～茶,307,,已校,
6490,消氣,,siu1' hei3,,遷怒以出氣：你將我來～咩｜矴爛野來～啫嗎<摔破東西來出氣罷了>,307,,已校,
6491,消公道,,siu1‘ gung1’ dou6*2,,①逢喜慶事，將公用的餘款來聚餐 ②新婦婚後三天回娘家之後（或以後回娘家），請家人姊妹吃飯,307,,已校,
6492,消熱,,siu1‘ jit6,,（身體）退燒，退熱：食啲藥來～｜～茶,307,,已校,
6493,燒,,siu1’,,①燃燒：～紙｜～燶咗<燒焦了>｜～柴 ②烤製肉食：～肉｜～豬｜～鵝 ③吸：～大煙<抽鴉片煙> ④燃放：～炮仗｜～煙花｜～槍 ⑤燒製（磚、瓦等）：～瓦｜～磚｜～炭 ⑥比正常體溫高的體溫：發～｜退～,307,,已校,
6494,燒哥,,siu1' go1,,燒酒的俗稱：飲杯～喇,307,,已校,
6495,燒過河衣,,siu1' gwo3 hoi4 ji1',,舊俗，爲死者做七時，家人將其生前的衣服燒掉以送之上路,307,,已校,
6496,燒紙紥,,siu1' zi2 zaat1,,舊俗，爲死者做七時，晚上燒紙糊的樓、庫、車、小人、金銀橋等,307,,已校,
6497,燒衣,,siu1' ji1',,舊俗農曆七月十四買彩紙（叫“衣紙”）燒給死者，另外也燒紙錢,307,,已校,
6498,燒豬肉,,siu1' zyu1' juk6,,烤豬肉 ‖ 也説“燒肉”,307,,已校,
6499,燒賣,,siu1' maai6*2,,①一種有餡的麵食：蟹肉瑤柱～｜豬肉～ ②不帶麵皮的肉類蒸製的小吃：乾蒸牛肉～｜排骨～｜豬肝～,307,,已校,
6500,燒壞瓦,,siu1' waai6 ngaa5,,燒壞的瓦不平整，不能摞在一起。比喻不合群的人：嗰個～來嘅，唔撈得埋嘅<跟人合不到一塊兒> ‖ 歇後語，下句是“唔入沓 m4 jap6 daap6”,308,,已校,
6501,燒味,,siu1' mei6*2,,燒烤食品的總稱：斬啲～食喇<買點兒燒烤東西吃吧>,308,,已校,
6502,燒酒,,siu1' zau2,,白酒,308,,已校,
6503,燒青,,siu1' ceng1,,銅胎珐琅製的工藝品,308,,已校,
6504,燒青下爬,,siu1' ceng1 haa6 paa4,,形容剃過鬍鬚的下巴，光滑而顯青色,308,,已校,
6505,燒腸,,siu1' coeng4*2,,肉食的一種，生豬腸實以肉烤製而成,308,,已校,
6506,燒骨,,siu1' gwat1,,燒豬肉中的骨頭：～煲粥最好食,308,,已校,
6507,燒袱,,siu1' fuk6*2,,舊俗，家祭時（逢祖先的生辰或忌日）給死者燒紙包袱，裏面裝滿各種紙衣服、手帕之類 ‖ 也説“燒籠 siu1' lung5”,308,,已校,
6508,瀟湘,,siu1' soeng1',,（女人）身材窈窕：身材～｜抵冷貪～<爲求身材好看而忍寒少穿衣>,308,,已校,
6509,小家種,,siu2 gaa1' zung2,,①駡人話。指人的儀態不大方 ②用錢時小氣、吝嗇 ③小心眼，氣度小,308,,已校,
6510,小姐,,siu2 ze2,,①女性的尊稱 ②嬌氣：咁～嘅,308,,已校,
6511,小糯,,siu2 no6*2,,顆粒小的糯米，黏性較大糯差些,308,,已校,
6512,小兒科,,siu2 ji4 fo1',,①喻小事，易爲之事，北京説“小菜兒一碟” ②小意思，小得失,308,,已校,
6513,小氣,,siu2 hei3,,氣量小，小心眼兒,308,,已校,
6514,小手,,siu2 sau2,,扒手 ‖ 也叫“插手 caap3 sau2”或“阿泡哥 aa3 paau1 go1”,308,,已校,
6515,小肚,,siu2 tou5,,①（人的）小腹部 ②（豬、牛的）尿泡，膀胱：豬～,308,,已校,
6516,小造,,siu2 zou6,,小年，蔬果等收成少之年：人話舊年龍眼係大造，今年定係～嘅喇,308,,已校,
6517,小心,,siu2 sam1',,當心，在意：～駛得萬年船<熟語>｜拜山時候要～火燭啊<掃墓時要當心火災呀>,308,,已校,
6518,小膁,,siu2 jim2,,（人）腹部兩側（在肋骨之下），軟肋 ‖ 膁，廣韵忝韵苦簟切：“腰左右虛肉也”,308,,已校,
6519,小人,,siu2 jan4*2,,①人格卑鄙之人：防～不防君子｜佢攪風攪雨，正～來嘅 ②迷信者指作弄人的邪鬼：犯～<冲撞了邪鬼>｜避～｜拜～<去菩薩處請求驅逐邪鬼>,308,,已校,
6520,小便,,siu2 bin6,,①（人）尿 ②排尿 ③男陰,308,,已校,
6521,小腸氣,,siu2 coeng4 hei3,,小腸疝氣,308,,已校,
6522,小押,,siu2 aat3*2,,舊時的半年當期的當鋪，半年到期不贖的當物就算死當（和當期一年的“大押”相對）,308,,已校,
6523,少,,siu2,,①數量小，不多：咁～嘅｜～過頭<太少了>｜～～地<略少一些>｜～得滯<太少了>｜～噉啲<少了一點>｜食～啲煙，身體會好啲｜喉嚨痛就講～啲野喇 ②不夠原有或應有的數目，缺少：我啲書点解～咗一本｜一滴都唔～ ③暫時，稍微：～坐,308,,已校,
6524,少塊潤,,siu2 faai3 jeon6*2,,少塊肝，指愛毫無顧忌地亂講。北京叫“二百五” ‖ 也説“少頁潤 siu2 jip6 jeon6*2”,308,,已校,
6525,少少,,siu2 siu2,,一點兒，很少：幾多至夠啊？——～喇｜你食唔辣㗎？——～喇｜爭～<欠一點兒>,308,,已校,
6526,少件得件,,siu2 gin6 dak1 gin6,,熟語。多一事不如少一事，少點兒是點兒，是少一件得一件的略稱,308,,已校,
6527,少,,siu3,,①舊時少爺的簡稱（用人面稱年輕的男主人）：三～ ②從前女子面稱丈夫的兄弟：大～<丈夫的大哥>丨四～丨表～<丈夫的表弟>,309,,已校,
6528,少奶,,siu3 naai5*1,,少奶奶,309,,已校,
6529,笑,,siu3,,①愉快地發出聲音：～到有牙冇眼丨哈哈大～丨一口吟吟 ②耻笑：唔好亂講啊，人地會～你啊,309,,已校,
6530,笑話,,siu3 waa6,,使人笑話，貽笑大方：你噉樣做，真係～人嘞！,309,,已校,
6531,笑話,,siu3 waa6*2,,使人發笑的事：講～,309,,已校,
6532,笑口噬噬,,siu3 hau2 sai6 sai6,,咧着大嘴笑,309,,已校,NA：現在（2020s）習讀siu3 hau2 sai4 sai4
6533,笑口吟吟,,siu3 hau2 jam4 jam4,,笑容滿面：婆婆一日到黑都～,309,,已校,
6534,笑笑口,,siu3 siu3*2 hau2,,笑眯眯地：佢～話<他笑眯眯地説>,309,,已校,
6535,笑面,,siu3 min6*2,,假面具，上面畫着笑臉，套在頭上跳舞用 ‖ 舊稱“笑面殼 siu3 min6 hok3”,309,,已校,
6536,笑甩朋牙,,siu3 lat1 paang4 ngaa4,,笑掉整排牙齒，牙都笑掉了,309,,已校,
6537,笑𣤩肚,,siu3 cek3 tou5,,可笑，肚子都笑痛了：呢啲野真係～ ‖ 𣤩，廣韵錫韵丑歷切：“痛也”,309,,已校,
6538,紹酒,,siu6 zau2,,紹興黄酒，料酒,309,,已校,
6539,肇菜,,siu6 coi3,,廣東大白菜 ‖ 也叫“黄芽白 wong4 ngaa4 baak6”,309,,已校,
6540,肇實,,siu6 sat6,,芡實之佳者，因産於肇慶而得名，北京叫“鷄頭米”,309,,已校,
6541,嬌嗲,,giu1' de12,,①嬌氣：個女好～嘅 ②嬌縱：佢阿媽好～佢㗎 ‖ 嗲，俗字,309,,已校,
6542,撟,,giu2,,擦拭，抹的舊稱：～下張枱丨～嘴丨～眼淚丨～鼻涕丨泥漿湴～<泥濘不堪>丨偷食要～嘴 ‖ 同音字,309,,已校,
6543,撟咗一額汗,,giu2 zo2 jat1 ngaak6 hon6,,喻幸免災難，只是嚇出了一頭汗：我都～咯,309,,已校,
6544,叫,,giu3,,①喚，招喚：～醒佢喇丨佢～你去喎丨～狗來食屎丨一～就來 ②大聲呼：你～乜野？丨～救命丨花子～街丨～天～地 ③稱呼：廣州話～太陽做“熱頭”丨～做乜野名？丨呢個点樣～法？ ④僱，請：～鬥木佬聽日來開工丨～車仔<僱人力車> ⑤使，命令：乜人～你做㗎？丨～佢快啲來 ⑥告訴某些人員（多爲服務行業）送來所需要的東西：～菜丨～鷄<召妓>,309,,已校,
6545,叫花,,giu3 faa1,,①舊時指叫妓女來陪酒 ②貓發情求偶而叫 ‖ ②也説“喊花 haam3 faa1”,309,,已校,
6546,叫起手,,giu3 hei2 sau2,,要想用的時候：如果使晒啲錢，～就冇得使嘅嘞丨打定啲豉油先<預先買下醬油>，～有得用 ‖ 也説“要起手 jiu3 hei2 sau2”,309,,已校,
6547,叫開叫埋,,giu3 hoi1' giu3 maai4,,使喚，使人做些瑣碎之事：個孫大啲都好吖，得來～丨至好搵個人喺身邊，等我～,309,,已校,
6548,藠菜,,giu6*2 coi3,,學名“薤”，根部似蒜的一種菜，可炒食，清明節掃墓時必備此菜 ‖ 藠，集韵篠韵胡了切： “草名。”古匣母字，本應讀 h 聲母，今口語讀見母 k,309,,已校,NA：現在（2020s）習讀kiu2 coi3。
6549,藠頭,,giu6*2 tau4,,藠菜的根部，形如小蒜頭，可以漬酸作爲小菜。酸藠頭是五柳料之一，做五柳魚用,309,,已校,NA：現在（2020s）習讀kiu2 tau4。
6550,撬,,giu6,,①用刀等插入縫中弄開或抬起：畀小偷～咗門｜～開門｜～石頭 ②挖（人）：～牆腳｜～佢幾個人 ③用針别上：～住塊紙｜將紙條～喺衫處,310,,已校,
6551,撬住馬腳,,giu6 zyu6 maa5 goek3,,象棋術語。彆馬腿，喻阻撓别人的計劃：畀人～,310,,已校,
6552,撬針,,giu6 zam1',,縫紉針法的一種，直縫過去不倒針,310,,已校,
6553,撬牆腳,,giu6 coeng4 goek3,,挖牆腳，喻奪人所愛（人、物、職位等）‖也説“挖牆腳 waat3 coeng4 goek3”,310,,已校,
6554,轎,,giu6*2,,轎子：坐～｜叫～<僱轎>｜花～｜青衣～｜八人大～｜抬～｜～夫｜上～｜落～,310,,已校,
6555,轎衣,,giu6*2 ji1,,青衣轎的布簾，四面可捲起放下,310,,已校,
6556,轎兜,,giu6*2 dau1,,一種無簾無頂的轎子,310,,已校,
6557,轎佬,,giu6*2 lou2,,轎夫 ‖ 也叫“抬轎佬 toi4 giu6*2 lou2”,310,,已校,
6558,轎館,,giu6*2 gun2,,舊時僱轎子的地方：去～叫頂轎,310,,已校,
6559,轎廳,,giu6*2 teng1,,舊時有錢人家放轎子的廳，在門官廳之後，大廳之前,310,,已校,
6560,轎升,,giu6*2 sing1',,小轎杠，穿在轎杠繩上的、能活動的短竹杠 ‖ 升，是忌諱性説法，因杠與“降”同音，改爲“升”,310,,已校,
6561,轎腳妹,,giu6 goek3 mui6*1,,舊時跟着新娘到男家的陪嫁丫頭 ‖ 也叫“妝嫁妹 zong1' gaa3 mui6*1”,310,,已校,
6562,喬,,kiu4,,①有藉口而索取：個仔去讀書，想問我～多啲錢｜佢個女問老豆～嫁妝 ②勒索，敲詐：你想～乜野呢？,310,,已校,
6563,喬敹,,kiu4 liu4*1,,凡事挑剔，難侍候：呢位少爺咁～都食呢隻米 ‖ 敹，廣韵蕭韵落蕭切：“揀擇”,310,,已校,
6564,僑,,kiu4,,（舉止、打扮）洋氣：佢着得好～㗎,310,,已校,
6565,橋,,kiu4,,橋樑：過～抽板<熟語>｜兩度～<兩座橋>｜～墩｜～板,310,,已校,
6566,橋,,kiu4*2,,計謀，辦法：呢件事我有乜～喇｜度[tɔk˨]～<想辦法>｜喂，噉又有乜～啊？｜出度[tou˨]<條>乜野～啊<出個什麼招兒啊>？,310,,已校,
6567,橋架,,kiu4 gaa3,,計謀，辦法：有乜～啊？｜冇晒～<全無辦法>｜佢有返幾度～喎<他有幾下子計謀的啊> ‖ 簡稱“橋 kiu4*2”,310,,已校,
6568,橋墩,,kiu4 dan1,,支架橋樑的墩子 ‖ 墩，口語由陰平變讀陰上調,310,,已校,
6569,橋段,,kiu4 dyun6,,①劇情結構：呢啲戲～幾好噃 ②辦法，本領：佢有啲～嘅噃，你唔好睇小佢,310,,已校,
6570,橋凳,,kiu4*2 dang3,,狹長的板凳，多用以架牀板,310,,已校,
6571,蹻,,kiu4*2,,（足）抬高：～起腳<坐着把一條腿放在另一條腿上> ‖ 集韵宵韵渠嬌切：“舉足行高也”,310,,已校,NA：現在（2020s）習讀kiu5。
6572,繑,,kiu5,,①纏，繞：～綫｜～起啲冷[laŋ˥]<毛綫> ②交叉，挽：～起對手｜～住佢隻手 ‖ 借俗字,310,,已校,
6573,繑絲邊,,kiu5 si1' bin1,,漢字偏旁，絞絲旁,310,,已校,
6574,繑辮角,,kiu5 bin1 gok3*2,,（清代）男子以辮子盤繞在頭頂之側 ‖ 也叫“打辮角 da2 bin1 gok3*2”,310,,已校,
6575,竅,,kiu3*2,,巧合，恰巧：有咁啱，得咁～<要多湊巧有多湊巧>,310,,已校,
6576,竅妙,,kiu3*2 miu6,,①不合常規：做得咁～｜啱食完你就來，來得咁～嘅｜企得咁～<站得不是地方> ②奧妙，巧妙：個機器好～｜有乜野～講來聽下喇,311,,已校,
6577,囂視,,hiu1' si6*2,,高傲自大，看不起别人：佢個人好～嘅,311,,已校,
6578,曉,,hiu2,,會，有能力：你～唔～？｜我～嘞｜～做｜～寫｜～講｜你～未啊？｜唔多～,311,,已校,
6579,翹,,hiu3,,①一端向上仰起：對鞋～起｜木板～起｜頭髮～起｜～鼻｜鼻～～｜口唇～～ ②踮（腳），腳跟離地：～起隻腳,311,,已校,
6580,腰,,jiu1,,動物的腎：牛～｜鷄～｜豬～｜炒～花,311,,已校,
6581,妖孽,,jiu1' jit6,,①造孽：害得我咁慘，～來㗎 ②妖冶：佢打扮得好～,311,,已校,NA：現在（2020s）“妖”習讀jiu2。
6582,腰,,jiu1',,①腰部：～骨｜～帶｜條～好長｜～圍 ②腰圍：二尺五～ ③事物的中間部分：半山～｜將條河半中～截斷佢,311,,已校,
6583,腰䧒骨䠩,,jiu1' laai4 gwat1 gui6,,形容累得腰都直不起來 ‖ 䧒，集韵咍韵郎才切：“…一曰䧒隑，長貌。”䠩，集韵廢韵逵穢切：“…一曰倦也”,311,,已校,
6584,腰帎,,jiu1' dam3,,圍在腰間的寬布帶，上有小兜，出外時用以藏錢物 ‖ 也叫“圍帎 wai4 dam3”,311,,已校,
6585,腰枕,,jiu1' zam2,,舊時用的長大的圓柱形枕頭，坐時墊在腰後,311,,已校,
6586,腰骨,,jiu1' gwat1,,脊梁骨：～痛｜～痕｜～㾓[yn˥˧]<酸痛>｜你都冇～嘅<你都坐不直>,311,,已校,
6587,腰骨痕,,jiu1' gwat1 han4,,説人腰骨發癢討打，該挨打了：你～咩？ ‖ 痕，同音字,311,,已校,
6588,腰骨硬,,jiu1' gwat1 ngaang6,,①耿介，不爲五斗米折腰，有骨氣 ②有靠山，有後臺,311,,已校,
6589,腰骨戙戙,,jiu1' gwat1 dong6 dong6,,形容坐得正：佢～坐喺度<他直直地坐在這兒>,311,,已校,
6590,搖,,jiu4,,搖擺，使物體來回地動：～頭｜～頭擺尾｜～椅｜～身～勢｜～手｜～鈴,311,,已校,
6591,搖身搖勢,,jiu4 san1' jiu4 sai3,,身子搖來搖去,311,,已校,
6592,饒讓,,jiu4 joeng6,,饒恕，退讓：你做大佬嘅，～下喇,311,,已校,
6593,要,,jiu3,,①重要：主～｜緊～ ②希望得到及保持：我想～呢間房 ③請求：佢～我陪佢去 ④表示做某事的意志：佢係～去留學 ⑤應該：今晚～早啲瞓噃 ⑥將要：就～落雨噃，唔好出街喇,311,,已校,
6594,要面,,jiu3 min6*2,,要面子：死～｜佢好～㗎,311,,已校,
6595,堆,,deoi1',,①將物品堆積起來：將啲垃圾～埋一起｜將啲書～落牀下底 ②堆積：穀米～滿倉咯｜衣服～滿櫃 ③堆積成的東西：沙～｜行李～｜禾草～ ④量詞。用於成堆之物或成群的人：一～泥｜一大～人坐喺處,312,,已校,
6596,堆離搭立,,deoi1' lei4 daap3 lap6,,物品雜亂堆積貌,312,,已校,
6597,堆堆叠叠,,deoi1' deoi1' dip6 dip6,,物品堆積貌,312,,已校,
6598,䏨皮,,deoi1' pei4,,①臉皮厚，不怕人笑話 ②小孩長得結實，粗生粗長，不嬌氣 ‖ 䏨，集韵灰韵都回切：“腫也”,312,,已校,
6599,㨃,,deoi2,,①杵，捅：～佢一下｜唔好～過來｜～下蜂窩煤喇<通一通煤眼兒> ②伸：～隻手出來 ‖ 集韵賄韵睹猥切：“排也”,312,,已校,
6600,㨃鬼,,deoi2 gwai2,,慫恿：呢件事唔係幾靚野嘅，～佢去做喇！,312,,已校,
6601,䏨,,deoi3,,（身體）浮腫：睇佢面～～噉，好似有病｜頭腫面～｜手腳有啲～｜喊到眼都～晒 ‖ 集韵灰韵都回切：“腫也”。古清音平聲本該讀陰平，口語變讀陰去,312,,已校,
6602,碓,,deoi3,,腳踏的舂米器具，木製的部分叫“碓”，與盛米的石臼配合使用，石臼叫“臽”,312,,已校,
6603,碓頭,,deoi3 tau4,,碓接觸米的部分,312,,已校,
6604,對,,deoi3,,①彼此相向，兩者相對：呢班車每日～開一次｜我兩家坐～面｜我同佢住～門 ②對待：佢～你点樣啊？｜～唔住｜我～得住佢 ③向，朝：～住我｜鏡照下自己｜我間屋～上有座山 ④一天一夜，二十四小時叫“一個對”：由呢度到嗰度，要一個～先至行得到㗎 ⑤比（比賽時用）：三～二｜十～十五 ⑥對立的，敵對的，對面的：～頭人｜～手｜～岸 ⑦使兩者配合或接觸：～[tøy˧꜔꜒]<對對子>｜～胸衫 ⑧投合，適合：～路｜～辦 ⑨二者相比看是否符合：校～｜～號入座｜～奬 ⑩正確，相合，正常：呢條數唔～㗎｜佢嘅態度唔～ ⑪量詞。雙：一～鞋｜兩～手套,312,,已校,
6605,對,,deoi3*2,,對聯：寫一副～｜作～<上下聯一起作>｜出～<出上聯>｜對～<對下聯>｜門～ ‖ 也叫“對聯 deoi3 lyun4*2”,312,,已校,
6606,對家,,deoi3 gaa1',,打麻將牌時，對面坐的人互稱：我同佢係～,312,,已校,
6607,對時,,deoi3 si4,,一晝夜：一個～就到嘞,312,,已校,
6608,對開,,deoi3 hoi1',,①（車、船）按時相對方向開行：每日～一次 ②對面，對過兒（不一定對正）：佢坐喺我地～張枱處 ③各占一半：你信唔信我嘅説話啊？ ——～喇<半信半疑>,312,,已校,
6609,對頭,,deoi3 tau4,,對，正確：噉樣做法唔～噃！,312,,已校,
6610,對頭,,deoi3 tau4*2,,冤家，不相投的人：佢嘅～今日冇來 ‖ 也説“對頭人 deoi3 tau4 jan4”,312,,已校,
6611,對勼,,deoi3 kau1',,①每樣一半混合：今晚煮飯要畀啲豆啊，要～啊 ②把兩種東西混合 ‖ 勼，廣韵尤韵居求切：“説文聚也。”本應讀 gau1'，因忌諱此音，變讀爲 kau1',312,,已校,
6612,對路,,deoi3 lou6,,①正確，相合：佢講得都幾～嘅｜佢兩個傾得好～ ②（東西）質佳：我今日買啲菜都幾～噃,313,,已校,
6613,對歲,,deoi3 seoi3,,①（小孩）滿一周歲：個仔今日～｜做～ ②婚後滿一年：今日係佢結婚～,313,,已校,
6614,對辦,,deoi3 baan6*2,,①合規矩，合乎道理：佢做呢件事～唔～㗎？ ②相合，合意：你話要呢種款式嘅，嗱，呢件～喇啩？｜～嘅我至要啊 ‖ “辦”是貨樣，“對辦”本義是貨物與樣品相符合,313,,已校,
6615,對眼,,deoi3 ngaan5,,①對，正確：佢做事都幾～嘅 ②物與價相值，不貴：今日食啲野都幾～噃,313,,已校,
6616,對年,,deoi3 nin4,,（死後）一周年：某某人今日做～｜佢死咗～嘞,313,,已校,
6617,對拳拳,,deoi3 kyun4 kyun4,,划拳用語。雙方都出拳頭，代表零,313,,已校,
6618,對稱,,deoi3 cing3,,兩者相般配：佢兩個都係咁高大，幾～喇,313,,已校,
6619,對上,,deoi3 soeng5,,①上面，朝上的方向：屋村～有座山｜小學～係間廟 ②時間在前的：～嗰個禮拜日<（某特定時間的）上個禮拜天>,313,,已校,
6620,對胸衫,,deoi3 hung1' saam1,,對襟上衣,313,,已校,
6621,對落,,deoi3 lok6,,下面，朝下的方向：我間屋～就係大海嘞,313,,已校,
6622,隊,,deoi6,,①行列：列～｜～伍｜大～人馬｜～長 ②量詞：一～人馬開過來,313,,已校,
6623,隊,,deoi6*2,,①行列：排～｜插～｜櫼～<加塞兒> ②具有某種性質的集體：軍～｜消防～｜球～｜艦～,313,,已校,
6624,推,,teoi1',,①用力使物體移動：～車｜～磨｜唔好～跌佢 ②使事情開展：～廣｜～銷 ③讓給别人：～讓｜～辭 ④推委，推托：～三～四｜佢將呢件事～畀我喎！ ⑤推舉，推選：大家都～你做班主席 ⑥根據已知的事實斷定其他：～算日期｜～想 ⑦推遲：出發日期～後三日,313,,已校,
6625,推牌九,,teoi1' paai4 gau2,,賭博的一種，用天九牌作爲賭具。與“打天九”用的牌一樣，玩法不同,313,,已校,
6626,推人落井,,teoi1' jan4 lok6 zeng2,,喻陷害别人,313,,已校,
6627,推剪,,teoi1' zin2,,推子，理髮工具之一,313,,已校,
6628,推搪,,teoi1' tong6*2,,推委：唔好再～咯，應該係你做嘅,313,,已校,
6629,退㷫,,teoi3 hing3,,退燒，退熱，使發燒病人減退熱度 ‖ 也説“退燒 teoi3 siu1' ”或“退熱 teoi3 jit6 ”,313,,已校,
6630,女,,neoi5,,①女性，女的：男～不分｜～仔｜～人｜～學生｜～兵｜～裝 ②女人：婢～｜～大十八變,313,,已校,
6631,女,,neoi5*2,,①女兒：我有三個～｜乖～｜契～<乾女兒>｜侄～｜外甥～ ②女孩子：陳～｜靚～｜笭[lɛŋ˥]～<輕浮搗蛋的女孩，貶義>｜肥～｜𥌮[lɛk˥]～<聰明丫頭>｜衰～,313,,已校,
6632,女仔之家,,neoi5 zai2 zi1' gaa1',,女孩子家，女兒家（略帶貶義）,313,,已校,
6633,女婿,,neoi5 sai3*2,,女兒之夫，北方叫“姑爺”,313,,已校,NA：現在（2020s）習讀neoi5 sai3。
6634,女人,,neoi5 jan4*2,,①女性 ②舊時背稱妻子,313,,已校,
6635,女人之家,,neoi5 jan4*2 zi1' gaa1',,女人家，婦人家（有輕視之意）,314,,已校,
6636,女人士,,neoi5 jan4*2 si6*2,,①男人説話輕聲細氣，或行爲舉止如女人 ②指帶女人氣的男人：佢正～吖,314,,已校,
6637,女人狗肉,,neoi5 jan4*2 gau2 juk6,,番石榴，戲謔之稱，因女人嗜之，如同男人之嗜狗肉,314,,已校,
6638,女伶,,neoi5 ling4,,舊時指曲藝團中的女藝人,314,,已校,
6639,女伶大舅,,neoi5 ling4 daai6 kau5,,①專門捧女伶者 ②爲女伶介紹唱堂會而收取佣金者,314,,已校,
6640,女裝車,,neoi5 zong1' ce1',,女用自行車,314,,已校,
6641,錑,,leoi1',,①鑽：唔好～埋來丨你將個頭～埋牆喇丨隻貓～咗上牀丨～入被竇 ②硬混進去：人地睇緊野，佢夾硬～埋去 ③鍥而不捨，專心致志，埋頭：佢乜野都唔理，～落去寫文章丨佢成日都～落個工夫罧[lɐm˨]處，边有時間去玩？ ‖ 集韵灰韵盧回切：“鑽也”,314,,已校,
6642,𨀤,,leoi1',,①頭朝下跌倒，裁倒，趴下：～低<暈倒>丨～落井丨～落河丨～地<打滾>丨佢～咗落地下丨～咗喺處<倒下，趴下了> ②失足而坐下：一～～喺處 ‖集韵隊韵盧對切：“足跌。”古去聲，今口語變讀陰平,314,,已校,
6643,雷公,,leoi4 gung1,,俗指雷神：～劈你啊,314,,已校,
6644,雷公轟,,leoi4 gung1 gwang1',,“小押”（一種小當鋪）中剝削最利害的，窮人當東西，半年不贖就斷當：你幫襯～就該衰咯,314,,已校,
6645,雷公鑿,,leoi4 gung1 zok6*2,,一種長而尖的苦瓜,314,,已校,
6646,蕾,,leoi4,,量詞。用於蕉樹果實，指從樹上垂下的一大串：斬咗一～蕉,314,,已校,
6647,擂,,leoi4,,擊，打：～佢一拳丨佢惡到拳頭～上面<他兇得用拳頭打上臉來>丨～鼓,314,,已校,
6648,擂臺,,leoi4 toi4,,舊時比武的場所：擺～<挑戰>丨打～<應戰>,314,,已校,
6649,𦢏䏨,,leoi4 deoi1',,①外表臃腫、不整齊：着衫着得咁～ ②性格粗魯，莽撞：佢好～嘅 ‖ 𦢏，廣韵賄韵落猥切：“𦢏𦞙，腫貌。”古次濁上聲，今變讀陽平。䏨，集韵灰韵都回切：“腫也”,314,,已校,
6650,攂,,leoi4,,①研磨，用特製的木棒在沙盆中研碎某些食物（米、豆類、花生、甘薯等）：～槌丨～爛啲脂麻 ②用頭頂住而轉動：細路哥用頭～人 ③糾纏：唔好～住我丨死～住佢 ‖ 集韵灰韵盧回切：“研物也。”俗寫作“擂”,314,,已校,
6651,攂槌,,leoi4 ceoi4,,①攂漿棍的别稱 ②大而笨重的木棍：條～噉<像個大棒槌似的>,314,,已校,
6652,攂漿棍,,leoi4 zoeng1' gwan3,,在沙盆中研碎米、豆等用的木棍，多用食之無害的番石榴木製成 ‖ 也叫“攂槌”,314,,已校,
6653,驢,,leoi4,,（不單用）哺乳動物，比馬小，耳朵長，多用做力畜：賴～<奸賴，矯情>,314,,已校,
6654,驢仔,,leoi4 zai2,,喻勞苦受累者：我都係做～嘅啫<我也是受苦人罷了>丨捱～<受苦>,314,,已校,
6655,驢皮,,leoi4 pei4,,身體皮實，也指小孩頑皮,314,,已校,
6656,驢傹,,leoi4 gong6,,①倔强：佢脾氣好～ ②莽撞：佢講話好～嘅 ‖ 傹，集韵漾韵其亮切：“强也。”古宕攝三等，讀如一等韵,314,,已校,
6657,呂宋煙,,leoi5 sung3 jin1,,雪茄煙,314,,已校,
6658,呂宋芒,,leoi5 sung3 mong1,,優質芒果，産於菲律賓,314,,已校,
6659,𠴊𠴊聲,,leoi5 leoi5 seng1',,①嘴裏嘟嘟噥噥表示不服氣：叫你去買野都～｜講佢兩句都～ ②對長輩出言不遜 ‖ 𠴊，俗字,315,,已校,
6660,旅館,,leoi5 gun3,,供旅客住宿的地方，現多稱旅店或酒店,315,,已校,
6661,裏,,leoi5,,裏面，内部：～便｜～頭｜～面,315,,已校,
6662,裏底,,leoi5 dai2,,裏頭，裏邊：你搵佢，去～搵喇<你找他，到裏邊去找吧>,315,,已校,
6663,裏帔,,leoi5 pei1,,中式大襟衫的底襟 ‖ 也叫“細帔 sai3 pei3”或“底襟 dai2 kam1”,315,,已校,
6664,裏頭,,leoi5 tau4,,裏邊兒：佢喺花園～住嘅｜我喺城～住嘅 ‖ 也説“裏便 leoi5 bin6”,315,,已校,
6665,鋁鑊,,leoi5 wok6,,鋁質炒菜鍋,315,,已校,
6666,累,,leoi6,,害，連累：呢件事～得我好慘｜重～埋我添<也把我給連累上了>｜～己～人,315,,已校,
6667,累世,,leoi6 sai3,,①長期倒霉 ②拖累，纍贅：呢個細路真正～,315,,已校,
6668,累悴,,leoi6 seoi6,,①没有精神，憔悴 ②衣冠不整，不修邊幅：睇佢個樣，幾～,315,,已校,
6669,累人累物,,leoi6 jan4 leoi6 mat6,,害苦了别人：佢真係～,315,,已校,
6670,纍贅,,leoi6 zeoi3,,拖累，麻煩：有細路哥好～㗎｜帶咁多行李上落好～嘅,315,,已校,NA：現在（2020s）習讀leoi6 zeoi6。
6671,追,,zeoi1',,①追趕，趕上：～佢返來｜唔好～佢咯 ②追逼，追索：～到佢趴喺處｜畀人～到瘦｜～爛賬<索久欠之賬> ③追求，求愛：男仔～女仔 ④追究：～問下佢｜～根問底 ⑤事後補辦：～加｜～認,315,,已校,
6672,追瘦,,zeoi1' sau3,,①務必追及：～佢 ②務必使人踐諾：你講咗又唔做，追到你瘦至得 ‖ 也説“追咳 zeoi1' kat1”,315,,已校,
6673,追月,,zeoi1' jyut6*2,,舊俗，中秋節次晚（八月十六）也拜月，備月餅果品等，略次於八月十五夜,315,,已校,
6674,疽,,zeoi1',,毒瘡，比瘡利害，能致命,315,,已校,
6675,蛆,,zeoi1',,糞中的白色肉蟲 ‖ 口語也叫“屎蟲 si2 cung4”或“屎坑蟲 si2 haang1' cung4”,315,,已校,
6676,錐,,zeoi1',,錐子 ‖ 此爲讀書音，口語音 jeoi1，作爲動詞時讀 jeoi1',315,,已校,
6677,嘴,,zeoi2,,①口的通稱：～翹翹｜～藐藐<撇嘴，看不起人> ②形狀或作用似嘴之物：沙煲～｜茶壺～｜煙～ ③某些物體尖的部分：遮～<傘的尖端>｜箭～<箭頭兒> ④指説話：～多多｜～刁刁<説話不饒人>｜～甜,315,,已校,
6678,嘴嗻嗻,,zeoi2 zoe1' zoe1',,多嘴多舌，話多貌 ‖ 嗻，本音讀 ze1'，這裏是變讀音,315,,已校,
6679,嘴歛歛,,zeoi2 lim4*2 lim4*2,,形容未吃夠，没有吃得滿足：食得～,315,,已校,
6680,嘴尖尖,,zeoi2 zim1' zim1',,形容人挑吃挑喝，專吃好東西,315,,已校,
6681,嘴埝埝,,zeoi2 nip6 nip6,,嘴凹入，癟嘴 ‖ 埝，集韵帖韵諾葉切：“一曰陷也”,315,,已校,
6682,嘴滑,,zeoi2 waat6,,善於言辭，很會説話：佢把嘴好滑嘅,315,,已校,
6683,嘴屈,,zeoi2 gwat6,,不善言辭：佢嘴好屈，唔識講野嘅<不會説話的>,315,,已校,
6684,最,,zeoi3,,副詞。表示某種屬性超過所有同類的人或事物：～差｜～衰佢｜～好｜～怕你唔去得,315,,已校,
6685,最多唔係,,zeoi3 do1' m4 hai6,,副詞。大不了，充其量還不是：～畀佢打一餐,315,,已校,
6686,醉,,zeoi3,,①喝酒過量而神志不清：飲～酒｜飲到爛～｜～酒佬｜～酒鬼｜～貓 ②用酒浸製的：～蝦｜～蟹,315,,已校,
6687,醉貓,,zeoi3 maau1,,①戲指好喝酒者 ②醉漢,316,,已校,
6688,醉酒佬,,zeoi1' zau2 lou5,,醉漢，醉鬼,316,,已校,
6689,醉酒擰,,zeoi3 zau2 ning6*2,,不倒翁，泥製玩具 ‖ 也叫“醉酒公仔”,316,,已校,
6690,醉酒公仔,,zeoi3 zau2 gung1 zai2,,不倒翁，玩具,316,,已校,
6691,醉翁椅,,zeoi3 jung1 ji2,,舊時的一種寬大的椅子，可坐可躺,316,,已校,
6692,贅氣,,zeoi3 hei3,,話多，饒舌：乜你咁～㗎，講來講去都係噉嘅野,316,,已校,
6693,聚寳盆,,zeoi6 bou2 pun4,,迷信者燒化紙元寳的小盆，平時放在神案底下 ‖ 也叫“元寳盆 jyun4 bou2 pun4 ”,316,,已校,
6694,聚集,,zeoi6 zaap6,,①聚會：搵笪地方來～下<找塊地方聚一聚> ②集會（基督教徒多用）：今日喺教堂～,316,,已校,
6695,聚腳,,zeoi6 goek3,,路綫很順，易找：大家經常去佢處，佢處好～吖嗎！,316,,已校,
6696,墜火,,zeoi6 fo2,,敗火，去火；消炎：我喉嚨痛，食幾個白欖來～ ‖ 也説“降火 gong3 fo2”,316,,已校,
6697,墜火粥,,zeoi6 fo2 zuk1,,用皮蛋、蠔豉煮的粥，可以去火,316,,已校,
6698,墜手墜腳,,zeoi6 sau2 zeoi6 goek3,,被重物拖累：出門唔使帶咁多行李，～,316,,已校,
6699,吹,,ceoi1',,①合攏嘴唇用力出氣：～熄呢盞火水燈 丨 ～火丨～火筒 ②吹氣演奏：～笛丨～口琴 ③被風吹：～波丨～乾 ④吸（鴉片煙）：～煙 ⑤吹牛：佢都係靠～嘅，冇乜本事嘅丨～大花筒 ⑥激怒，使生氣：～到佢脹丨我畀佢～到爆 ⑦（事情、交情）不成功，破裂：呢件事～咗咯丨佢兩個～咗,316,,已校,
6700,吹打,,ceoi1' daa2,,嗩呐的俗稱：～佬丨～手,316,,已校,
6701,吹波,,ceoi1' bo1,,理髮時吹風，吹成波浪紋：佢飛親髮都要～<他每次理髮都要吹個波浪形>,316,,已校,
6702,吹唔脹,,ceoi1' m4 zoeng3,,奈何不了，無可奈何：真係吹佢唔脹,316,,已校,
6703,吹大花筒,,ceoi1' daai6 faa1' tung4,,講得天花亂墜而無實際東西,316,,已校,
6704,吹爆,,ceoi1' baau3,,氣死了：我畀佢吹到火爆,316,,已校,
6705,吹牛觱,,ceoi1' ngau4 be1,,説大話，胡扯，撒謊 ‖ 觱，訓讀字,316,,已校,
6706,吹鬚睩眼,,ceoi1' sou1' luk1 ngaan5,,吹鬍子瞪眼，盛怒貌,316,,已校,
6707,吹番梘𦢊,,ceoi1' faan1' gaan2 pok1,,吹肥皂泡 ‖ 也叫“吹乒乓”,316,,已校,
6708,吹乒乓,,ceoi1' bing1 bam1,,①吹肥皂泡 ②吹一種小兒玩的玻璃玩具，底部會發出噗噗噔噔的聲音，北方叫“吹噗噗噔兒” ③喻人生無常，會有突然的危險：好似～噉樣,316,,已校,
6709,吹脹,,ceoi1' zoeng3,,氣壞了：畀佢～我丨你吹得脹我<你奈得我何>？丨等我～下佢喇,316,,已校,
6710,吹秧觱,,ceoi1' joeng1 be1,,收割早稻時，兒童吹禾莖做的哨子，以慶祝豐收 ‖ 觱，訓讀字,316,,已校,
6711,催,,ceoi1',,①催促：～到瘦<催得利害>丨～到拫[hɐŋ˨˩]<催得很緊> ②使事物産生的變化加快：～生丨～奶丨～眠,316,,已校,
6712,催個稟,,ceoi1' go3 ban2,,舊時指告狀，遞上一張狀子,316,,已校,
6713,催妝,,ceoi1' zong1',,男方去女方家迎娶，鼓樂隊在女家門外吹打多次，催新娘上轎,316,,已校,
6714,趨時,,ceoi1' si4,,時髦的舊稱，早於“時興”,317,,已校,
6715,除,,ceoi4,,①去掉：大掃～｜爲民～害｜鏟～ ②脱，摘：～衫｜～褲｜～眼鏡｜～帽｜～鞋｜～咗條裙 ③不計算在内：～外｜～咗呢個重有三個｜～皮<去掉包裝> ④算術上的除法：二～十等於五,317,,已校,
6716,除褲隔渣,,ceoi4 fu3 gaak3 zaa1',,形容吝嗇鬼，用褲子來過濾出水中的東西,317,,已校,
6717,除大赤腳,,ceoi4 daai6 cek3 goek3,,光着大腳丫子，不穿鞋襪,317,,已校,
6718,除笨有精,,ceoi4 ban6 jau5 zeng',,吃小虧占大便宜,317,,已校,
6719,除䩩,,ceoi4 jyun2,,秤東西時除掉皮重，去掉盛物之器：除咗䩩有一斤重 ‖ 䩩，廣韵阮韵於阮切：“量物之䩩也”,317,,已校,
6720,除拆,,ceoi4 caak3,,①除掉：～埋剩咁多<除掉損耗，剩下這麼點兒>｜～凈賺咗三百文<去掉雜用掙了三百元> ②雜項費用：運呢批貨返來，～大啊<意思指凈賺的錢有限> ③損耗，消耗：買啲剝皮牛<橡皮魚>食，～好多嘅,317,,已校,
6721,捶心抌肺,,ceoi4 sam1' dam2 fai3,,捶打自己的胸部，表示悲痛 ‖ 抌，廣韵感韵都感切：“刺也，擊也”,317,,已校,
6722,捶胸䂿腳,,ceoi4 hung1' dam6 goek3,,捶胸頓足，悲痛、絶望貌 ‖ 䂿，集韵感韵徒感切：“再舂”,317,,已校,
6723,隨,,ceoi4,,①任，由：～你喇<由你吧>｜～意｜～便 ②滿街，到處：～街食野｜細路仔～地屙尿 ③順從，順着：入鄉～俗｜入水～灣 ④不拘任何：～時都可以來,317,,已校,
6724,隨街,,ceoi4 gaai1,,滿街，到處：唔好～食野｜生果～有得賣<水果到處有賣的>,317,,已校,
6725,廚房,,ceoi4 fong4*2,,做飯的屋子：間屋都冇～嘅,317,,已校,
6726,廚房佬,,ceoi4 fong4*2 lou2,,廚子，廚師的舊稱,317,,已校,
6727,錘,,ceoi4,,①錘子：大鐵～｜大～｜～仔 ②量詞。錘，也指拳頭：打你一～｜一～抌[tɐm꜔꜒]過去,317,,已校,
6728,錘,,ceoi4*2,,錘子,317,,已校,
6729,錘頭,,ceoi4 tau4,,戲指拳頭：佢～好大㗎 ‖ 也説“拳頭 kyun4 tau4”,317,,已校,
6730,𪡷,,ceoi4,,氣味，難聞的氣味：好大一陣臭～｜漮～<霉味>｜胺[at˧]～<尿臊氣>｜油䭞～<油變質的氣味> ‖ 俗字,317,,已校,
6731,娶,,ceoi2,,把女子迎接過來成婚：～老婆｜～填房｜阿哥～阿嫂｜～新婦<娶兒媳婦> ‖ 口語音多讀 cou2,317,,已校,
6732,脆,,ceoi3,,易破碎、折斷：酥～｜鬆～｜～麻花｜～皮鷄｜炸到～｜卜卜～,317,,已校,
6733,脆皮,,ceoi3 pei4*2,,皮脆，皮兒薄：～炸子鷄｜～燒鵝｜～乳豬｜～煎𩛍,317,,已校,
6734,脆皮蔗,,ceoi3 pei4 ze3,,一種皮薄肉脆的甘蔗 ‖ 也叫“白蔗 baak6 ze3”或“青皮蔗 ceng1' pei4 ze3”,317,,已校,
6735,脆輯輯,,ceoi3 cap1 cap1,,形容脆 ‖ 也説“輯輯脆”,317,,已校,
6736,脆卜卜,,ceoi3 bok1 bok1,,形容脆裂的聲音,317,,已校,
6737,趣致,,ceoi3 zi3,,有趣，逗人喜歡：個細路哥好～噃｜呢齣戲好～｜呢本小説好～嘅,317,,已校,
6738,趣怪,,ceoi3 gwaai3,,活潑有趣，討人喜歡，用於小孩：個細路肥胐胐 [tyt˥] 好～,317,,已校,
6739,趣趣地,,ceoi3 ceoi3*2 dei6*2,,副詞。①些微，很少：～畀啲糖佢喇 ②小意思：呢啲不成乜野，～啲啫<這些算不了什麼，只是小意思而已>,317,,已校,
6740,衰,,seoi1',,①倒霉，倒運：撈<混>到～丨講～佢丨鬧～佢<駡他一頓>丨畀佢睇～咗<被他看扁了>丨畀佢影～咗<和他相形見絀>丨～起上來有頭有路<一倒霉就處處倒霉> ②差，次，壞：～野丨～神丨～到貼地丨～公<壞家伙>,318,,已校,
6741,衰野,,seoi1' je5,,①破玩具，破東西，次貨，壞東西 ②壞事；缺德事：我幾時幾日做過啲噉嘅～啊！,318,,已校,
6742,衰過偷貓,,seoi1' gwo3 tau1' maau1,,駡人話。偷貓是最差勁的事，行爲比偷貓更次 ‖ 也説“衰過偷狗 seoi1' gwo3 tau1' gau2”,318,,已校,
6743,衰牌,,seoi1' paai4*2,,不體面，差勁。源於賭博用語：個野好～嘅,318,,已校,
6744,衰仔,,seoi1' zai2,,渾小子，小壞蛋,318,,已校,
6745,衰鬼,,seoi1' gwai2,,駡人話（女性多用）。壞東西，討厭鬼：～野<鬼東西>,318,,已校,
6746,衰鬼豆,,seoi1' gwai2 dau6,,討厭鬼，壞家伙,318,,已校,
6747,衰到唔使欿,,seoi1' dou3 m4 sai2 han6,,壞透了，次透了 ‖ 欿，廣韵感韵胡感切：“欲得。”古 m 尾韵，今變爲 n 尾韵,318,,已校,
6748,衰到貼地,,seoi1' dou3 tip3 dei6*2,,壞到家了,318,,已校,
6749,衰衰累累,,seoi1' seoi1' leoi6 leoi6,,衣着寒酸貌：睇你～咁丢架,318,,已校,
6750,衰神,,seoi1' san4,,駡人話。壞蛋，壞家伙 ‖ 也説“衰人 seoi1' jan4”,318,,已校,
6751,衰樣,,seoi1' joeng6*2,,壞樣子：眼睇個～<看你這德行>,318,,已校,
6752,衰霎,,seoi1' saap3,,①時運不佳，潦倒：佢家下好～嘞，撈低咯<混不下去了>！ ②缺德：呢種事好～嘅，唔好做啊,318,,已校,
6753,垂,,seoi4,,①防範，注意：你要～住佢來，佢可能係扒手喎 ②垂涎而視：你睇佢隻眼，～住人地個荷包 ③憎恨而視：嗰個人～住佢啊，唔知想做乜,318,,已校,
6754,誰不知,,seoi4 bat1 zi1',,不料，哪知：～畀佢走咗丨我重估你唔來，～又來咗<我原以爲你不來，哪知道又來了>,318,,已校,
6755,水,,seoi2,,①兩個氫原子和一個氧原子組成的化合物，是無色無臭的液體 ②某些像水的液體：眼～丨流鼻～丨口～丨菜～丨粥～ ③量詞。A）水路運貨一次叫一水：佢啲船三日一～<他的船三天來回一次>丨啲貨～～唔同 B）衣物洗一次叫一水 ④（人）水平低，無本事；（物）質劣：佢好～嘅咋丨噉嘅～野重要人地五百文<這種次貨還要人家五百元> ⑤錢，鈔票：磅～<拿錢來>丨過～<交錢，付款>丨回～<退錢>丨補～<津貼，補助費>丨抽～<抽頭兒，賭博用語>丨撲～<奔錢，弄錢> ⑥用於某些詞（名詞、形容詞、動詞等）之後，本身意義虛化：色～<顔色>丨心～<心思，心情>丨媁～<好看>丨反～<反叛>丨醒～<醒悟>,318,,已校,
6756,水瓜,,seoi2 gwaa1,,無棱絲瓜，大而脆，條痕不深，質較絲瓜爲次，瓜絡可以做擦洗的用具：～打狗，唔見一橛<歇後語>,318,,已校,
6757,水□□,,seoi2 de4 de4,,滴水貌：畀雨淋到～～,318,,已校,
6758,水車館,,seoi2 ce1 gun2,,从前民間的消防組織,318,,已校,
6759,水蛇腰,,seoi2 se4 jiu1,,形容女人的腰：西關婆媽水磨脚踭～,318,,已校,
6760,水靴,,seoi2 hoe1,,高筒雨鞋 ‖ 也叫“雨靴 jyu5 hoe1”,318,,已校,
6761,水磨磚,,seoi2 mo4*2 zyun1,,一種經細緻加工過的磚,319,,已校,
6762,水磨工夫,,seoi2 mo4*2 gung1' fu1',,需要耐心細緻、經久才可完成的活兒,319,,已校,
6763,水過鴨背,,seoi2 gwo3 aap3 bui3,,喻善忘，如水過鴨子的背，不留痕跡：我睇過嘞，好似～噉,319,,已校,
6764,水㽻,,seoi2 zi1,,手指縫中長的小水泡，可發展爲疥瘡：生～,319,,已校,
6765,水螆,,seoi2 zi1,,一種喂魚用的小蟲，市上也賣曬乾的 ‖ 螆，俗字,319,,已校,
6766,水柿,,seoi2 ci2,,柿子的一種，黄色，很脆，較硬，得用石灰水浸過才能吃 ‖ 也叫“牛心柿 ngau4 sam1' ci2”,319,,已校,
6767,水廁,,seoi2 ci3,,抽水馬桶,319,,已校,
6768,水烏月黑,,seoi2 wu1' jyut6 hak1,,形容夜裏很黑，看不見路：廿七八，～，點行啊<怎麼走路啊>？,319,,已校,
6769,水魚,,seoi2 jyu4*2,,鱉，北方叫“王八”：生炒～絲丨炖～,319,,已校,
6770,水牌,,seoi2 paai4*2,,①商店臨時記事的小牌子，可以擦掉字跡再用 ②舊時也指茶樓酒館的菜牌 ‖ ①也叫“粉牌 fan2 paai4*2”。②叫“菜牌 coi3 paai4*2”,319,,已校,
6771,水鞋,,seoi2 haai4,,雨鞋,319,,已校,
6772,水蟹,,seoi2 haai5,,①一種螃蟹，肉少，不好吃 ②辦事馬馬虎虎，靠不住：呢個人好～嘅 ③指便宜貨，便宜之事：撈到～噃丨都會有啲～喎<也有點兒希望，有些好處>,319,,已校,
6773,水渧渧,,seoi2 dai3 dai3,,水淋淋：件衫濕到～ ‖ 渧，集韵霽韵丁計切：“泣貌。一曰滴水”,319,,已校,
6774,水鷄,,seoi2 gai1,,①俗稱用粗竹筒製作的水煙筒 ②舊時指船上妓女,319,,已校,
6775,水鬼人情,,seoi2 gwai2 jan4 cing4,,白做的人情，不值得做的人情：我就唔做呢啲～,319,,已校,
6776,水皮,,seoi2 pei4,,①没學問，没本事：佢好～㗎！ ②品質劣，差勁：呢兩年嘅身子好～<這兩年身子骨兒很不好>,319,,已校,
6777,水黴,,seoi2 mei4*1,,①水面上的塵土 ②污水面上的一層薄垢,319,,已校,
6778,水尾,,seoi2 mei5,,撈便宜的機會已過：家下～嘞，你至來<你才來>丨撈到～嘞<賺不到錢了>,319,,已校,
6779,水尾野,,seoi2 mei5 je5,,最次的貨，賣剩的貨：呢啲～边個要啊,319,,已校,
6780,水氣,,seoi2 hei3,,①潮濕氣：唔好坐地下，有～升上來啊 ②中醫術語。指體内的寒濕之氣：腳腫係有～，食啲去濕野就好嘞 ‖ 也説“濕氣 sap1 hei3”,319,,已校,
6781,水枱,,seoi2 toi4*2,,廚房中的操作案子,319,,已校,
6782,水泡,,seoi2 paau1,,①皮膚上起的水疱，水痘：起～ ②水面上的泡：雨䂿落來就起～喇 ‖ 也叫“水𦢊 seoi2 pok1”,319,,已校,
6783,水餃,,seoi2 gaau2,,一種小吃，以肉類爲餡，煮熟連湯吃：鮮蝦～丨蟹肉～丨～麵,319,,已校,
6784,水鉸剪,,seoi2 gaau3 zin2,,在水塘面滑行的長肢蟲，形似剪刀，故名,319,,已校,
6785,水浮石,,seoi2 fau4 sek6,,砌盆景用的石頭，用它製作假山,319,,已校,
6786,水斗,,seoi2 dau2,,①農村用的戽水器具 ②水平低，質劣 ‖ ①也叫“戽斗 fu3 dau2”,319,,已校,
6787,水豆腐,,seoi2 dau6 fu6,,比普通豆腐嫩的豆腐，加麻油、醬，可做菜肴,319,,已校,
6788,水竇,,seoi2 dau6,,田中的水道，有木閘或石閘之處 ‖ 也叫“竇”,319,,已校,
6789,水頭,,seoi2 tau4,,指錢鈔：而家有一噃，去食野喇丨冇晒～喇丨～緊<錢緊>丨～鬆<有錢花>丨～唔足<錢少>丨夠～<有錢>,320,,已校,
6790,水流柴,,seoi2 lau4 caai4*2,,木柴中最賤者。借喻身世漂泊無定、無依靠的人：佢個老婆係～來啫,320,,已校,
6791,水手裝,,seoi2 sau2 zong1,,海軍裝,320,,已校,
6792,水勼油,,seoi2 kau1' jau4,,水和油放在一起，喻兩人合不來，不相好：好就糖黐豆，唔好就～ ‖ 勼，廣韵尤韵居求切：“説文聚也。”古見母字，今應讀 g 聲母，但因忌諱 gau1 音而變讀 k 聲母,320,,已校,
6793,水喉,,seoi2 hau4,,水龍頭：打開個～放水喇 ‖ 也叫“水喉掣 seoi2 hau6 zai3”,320,,已校,
6794,水喉水,,seoi2 hau4 seoi2,,自來水的俗稱 ‖ 也叫“自來水 zi6 loi4 seoi2”,320,,已校,
6795,水喉鐵,,seoi2 hau4 tit3,,鐵水管,320,,已校,
6796,水煲,,seoi2 bou1,,燒開水用的金屬器具，有嘴，有提梁,320,,已校,
6797,水步,,seoi2 bou6,,小河邊的上下貨物時用的小碼頭，多在店鋪的後門外：埋～<靠碼頭>,320,,已校,
6798,水浮蓮,,seoi2 pou4 lin4*2,,一種野生的水生植物 ‖ 别名“水鬼燈 seoi2 gwai2 dang1”。浮讀[pʻou˨˩]是口語音,320,,已校,
6799,水泡,,seoi2 pou5,,救生圈的舊稱,320,,已校,
6800,水老鼠,,seoi2 lou5 syu2,,在船上作案的小偷,320,,已校,
6801,水槽,,seoi2 cou4,,舊式房屋側面，由上而下設置的圓筒形或方柱形的泄水管道，鐵製或陶製,320,,已校,
6802,水草,,seoi2 cou2,,①水中的藻類 ②市場上綑物（肉、菜等）用的草 ‖ ②也叫“鹹水草 haam4 seoi2 cou2”,320,,已校,
6803,水退,,seoi2 teoi3,,退潮 ‖ 也説“水落”,320,,已校,
6804,水律,,seoi2 leot6,,常見的一種無毒蛇，大而肉多，可食用,320,,已校,
6805,水欖,,seoi2 laam2,,中草藥，治喉嚨發炎，北京叫“胖大海” ‖ 也叫“大海欖 daai6 hoi2 laam2”,320,,已校,
6806,水泵,,seoi2 bam1,,抽水機 ‖ 泵，俗字，英文 pump 的音譯,320,,已校,
6807,水氹,,seoi2 tam5,,①水坑，小水窪 ②比喻危險、惡果：呢個～來嘅，唔好蹅落去 ‖ 氹，俗字,320,,已校,
6808,水浸,,seoi2 zam3,,①遭水災，鬧水災：我地鄉下今年～啊 ②水淹（小範圍的）：落大雨，～街丨～鼻哥唔知𣤩 [tsʻɛk˧] <疼>,320,,已校,
6809,水粉,,seoi2 fan2,,①舊時搽臉用的一種粉 ②沙河粉之較濕者，做湯粉用它。與炒着吃的“炒粉”不同，後者較乾爽,320,,已校,
6810,水緊,,seoi2 gan2,,①水流急：家下龍舟水<農曆五月間的洪水>來，水好緊啊 ②黑話。風聲緊，壞事 ③缺錢，手頭緊：我呢排～嘞<我這陣子缺錢花>,320,,已校,
6811,水垽,,seoi2 ngan6,,容器内水底的沉澱物 ‖ 垽，廣韵焮韵吾靳切：“爾雅曰澱謂之垽”,320,,已校,
6812,水印,,seoi2 jan3,,①證件上的凹凸印痕 ②紙幣上的暗花紋,320,,已校,
6813,水乾,,seoi2 gon1',,潮水退盡：因爲～唔得到<因退潮船到不了>,320,,已校,
6814,水麵,,seoi2 min6,,①舊時指帶湯吃的麵條，即湯麵：鷄絲～ ②用水和好的麵團（與“油麵”相對） ‖ ①現在叫“湯麵 tong1' min6”,320,,已校,
6815,水田,,seoi2 tin4,,種水稻的田（與“旱田”相對） ‖ 也叫“禾田 wo4 tin4”,320,,已校,
6816,水煙帶,,seoi2 jin1 daai3*2,,一種吸煙用具，即水煙袋：捧住個～食水煙 ‖ 帶，袋的變讀,321,,已校,
6817,水煙筒,,seoi2 jin1 tung4*2,,用粗大的竹筒做的吸煙用具：食～ ‖ 也叫“水鷄”。俗稱“大碌竹 daai6 luk1 zuk1”,321,,已校,
6818,水漩,,seoi2 zyun6,,水的旋渦 ‖ 漩，廣韵線韵辭戀切：“回泉”,321,,已校,
6819,水㼞,,seoi2 paang3*1,,①水桶：挽住個～ ②燒水用的大金屬鍋：銅～｜銻～ ‖ 㼞，集韵映韵普孟切：“罌屬”。②也叫“水鐺 seoi2 caang1”,321,,已校,
6820,水坑,,seoi2 haang1,,大的排水明溝,321,,已校,
6821,水横枝,,seoi2 waang4 zi1,,栀子，山栀，原名“水黄栀”，爲野生植物，經過修剪移栽盆中，可做盆景,321,,已校,
6822,水頂,,seoi2 deng2,,潮漲到頂點之日：後日係～｜過咗～就水退嘞｜到～咁滯<潮水差不多漲到頂點>,321,,已校,
6823,水靜河飛,,seoi2 zing6 ho4 fei1',,形容冷冷清清 ‖ 原應是“水盡鵝飛”，口語音發生音變,321,,已校,
6824,水牀,,seoi2 cong4,,浮在水面玩的充氣筏,321,,已校,
6825,水缸,,seoi2 gong1',,盛水的大缸 ‖ 農村也叫“水甕 seoi2 ung3”,321,,已校,
6826,水汪,,seoi2 wong1',,（人）不可靠，不成器，不負責任：呢個人好～嘅，唔好信佢,321,,已校,
6827,水汪汪,,seoi2 wong1' wong1',,①不落實，不牢靠：佢做野～嘅 ②質量不佳，水平低：啲粥煮到～，冇料嘅｜～，蛋花湯<喻事業失敗>,321,,已校,
6828,水涌,,seoi2 cung1',,河的分支，小河溝，水網地區的交通綫，可行駛小船 ‖ 涌，俗借字，本字爲“潼”，廣韵鍾韵尺容切：“河潼”,321,,已校,
6829,水虹,,seoi2 hung6,,衣物被水打濕，乾後留下的痕跡 ‖ 虹，集韵送韵胡貢切：“虹洞相連也”,321,,已校,
6830,水蕹,,seoi2 ung3,,水中種的蕹菜（與“旱蕹”有别）,321,,已校,
6831,水鴨,,seoi2 aap3,,一種野鴨，比家鴨略小，會飛，以蜆爲食，食之滋陰，又名“蜆鴨”,321,,已校,
6832,水𤞠,,seoi2 caat3,,一種水獸，生活在水邊，捕食魚類 ‖ 𤞠，集韵鎋韵初轄切：“水獸名”,321,,已校,NA：應該即爲“水獺”。
6833,水曱甴,,seoi2 gaat6 zaat6,,一種水蟲，黑色，形如蜣螂，可以煮食 ‖ 也叫“龍蝨”。曱甴，俗字,321,,已校,NA：“曱甴”在原書其他詞條或作“甴曱”。
6834,水筆,,seoi2 bat1,,①自來水筆，墨水筆的簡稱 ②早期的消防滅火工具，槍形噴水器,321,,已校,
6835,水㵶,,seoi2 zit1,,①能噴射水的竹筒玩具 ②老式滅火用具 ‖ 㵶，廣韵屑韵子結切：“水灑”,321,,已校,
6836,水結布,,seoi2 git3 bou3,,舊時一種像綢的粗布,321,,已校,
6837,水客,,seoi2 haak3,,①來往國内外、省内外，替人帶錢物以賺取酬金爲生者 ②在河道上販運貨物、做買賣的流動商人 ‖ 也叫“走水客 zau2 seoi2 haak3”,321,,已校,
6838,水積,,seoi2 zik1,,水銹，水垢，附在水壺裏的白色固體,321,,已校,
6839,水色,,seoi2 sik1,,①風聲，形勢：我睇～唔對頭，快啲走嘞 ②“秋色”内容之一,321,,已校,
6840,水腳,,seoi2 goek3,,①運貨的費用，舊時委托“巡城馬”（職業帶貨人）運帶貨物時付給他的報酬 ②人坐船或渡船的費用：電船要幾多～呢？｜搭渡要十文～噃,321,,已校,
6841,水落,,seoi3 lok6,,退潮 ‖ 也説“水退”,322,,已校,
6842,水殼,,seoi3 hok3,,舀水的用具，椰殼或鐵、鋁、塑料等製成的殼形用具,322,,已校,
6843,穗,,seoi6*2,,①禾本科植物的果實聚生在莖的頂端：禾～｜穀～｜麥～ ②量詞。用於穗類：剪兩～穀｜三～禾｜一～麥,322,,已校,
6844,碎,,seoi3,,①破碎的，不完整的：～玻璃｜～木板｜～布 ②零（錢）：～紙｜～銀｜～錢,322,,已校,
6845,碎,,seoi3*2,,碎片，碎屑，碎粒：布～｜紙～｜頭髮～｜皮～｜木～｜麵包～｜玻璃～｜餅～｜缸瓦～<陶瓷碎片>,322,,已校,
6846,碎紙,,seoi3 zi2,,零票，低面值紙幣：畀～來買票喇｜找返啲～畀我 ‖ 也説“散紙 saan2 zi2”,322,,已校,
6847,碎碎𦠿𦠿,,seoi3 seoi3 sap1 sap1,,①（東西）又碎又細：啲餅乾～嘅，唔好要咯 ②小的，零碎的：佢都冇乜大意見，都係～嘅啫<只不過是一些小的意見> ‖ 也説“碎𦠿𦠿”。𦠿，集韵盍韵盍切：“䏠𦠿，肉雜也”,322,,已校,
6848,碎腩,,seoi3 naam5,,質量最次的牛腩，筋絡最多 ‖ 最好的叫“桁腩”，次之叫“白腩”,322,,已校,
6849,碎糝糝,,seoi3 sam2 sam2,,（事物）瑣碎，紛亂,322,,已校,
6850,碎淫淫,,seoi3 jam4 jam4,,（東西）細碎：啲肉切到～,322,,已校,
6851,碎銀,,seoi3 ngan4*2,,①指小塊銀子 ②（民國時代）半角，一角銀幣 ‖ 也説“散銀 saan2 ngan4*2”,322,,已校,
6852,碎錢,,seoi3 cin4*2,,①舊時的制錢，方孔，十枚才換一枚銅元 ②民國時期的低面值紙幣及銀幣、銅元等,322,,已校,
6853,歲口,,seoi3 hau2,,（牲畜）年齡：隻馬三～啫<這馬只不過三歲>,322,,已校,
6854,嗉窩,,seoi3 wo1,,禽類的嗉囊：鷄～｜鴨～｜鳥～ ‖ 也叫“嗉”,322,,已校,
6855,繐,,seoi3*2,,繐子：單車大梁處有條～｜幡上面有～,322,,已校,
6856,睡椅,,seoi6 ji2,,躺椅的舊稱 ‖ 現稱“馬閘 maa5 zaap6”，俗稱“懶佬椅 laan5 lou2 ji2”,322,,已校,
6857,睡鋪,,seoi6 pou1,,①牀鋪：呢張係我嘅～ ②鋪蓋（被蓋、席、枕頭等）：帶個～來至得，我處只有牀板噃｜打開個～來瞓,322,,已校,
6858,睡房,,seoi6 fong4*2,,卧室 ‖ 也叫“瞓房 fan3 fong4*2”,322,,已校,
6859,居,,geoi1,,①住所，住的地方：民～｜魯迅故～ ②茶樓：茶～ ③用做飯館的名稱：陶陶～｜福來～,322,,已校,
6860,居,,geoi1',,①住：～家過日要慳儉啲至好｜呢樣野～家旅行都有用｜分～｜～民 ②在（某種位置）：～首｜呢幅畫～中掛 ③當，任：以名作家自～｜～功自傲 ④積蓄，存：奇貨可～｜屯積～奇,322,,已校,
6861,舉薦,,geoi2 zin3,,推薦：倘若你有熟識靠得住嘅，請～個來我喇 ‖ 也説“薦”,322,,已校,
6862,句,,geoi3,,①句子：造～｜詞～ ②量詞。用於語言：等我講兩～｜講多幾～喇｜佢講野冇～真<他説話没有一句是真的>｜喊得一～～<哭得很凄慘>,322,,已校,
6863,拘,,keoi1',,拘禮，客氣：唔使～，隨便坐喇｜來到我處，唔使～嘞<到我這兒别見外>｜咪～<别客氣> ‖ 古見母字今應讀 g 聲母，變讀如溪母 k,322,,已校,
6864,拘禮,,keoi1' lai2,,過於守禮，特别見外：佢好～嘅，好多禮數㗎！,323,,已校,
6865,拘執,,keoi1' zap1,,拘束，拘謹：隨便起筷喇，唔好咁～啊,323,,已校,
6866,渠,,keoi4,,流水的溝，如房子周圍的污水、雨水溝，馬路邊上的流水溝：開一條～｜暗～｜明～｜坑～,323,,已校,
6867,佢,,keoi5,,他，她，它 ‖ 俗字，本字“渠”。集韵寫作“𠍲”，魚韵求於切：“吳人呼彼稱，通作渠。”古濁平字，今應讀陽平，口語變讀陽上,323,,已校,
6868,佢地,,keoi5 dei6,,他們，她們，它們,323,,已校,
6869,墟,,heoi1,,集市：趁～｜三個女人一條～<熟語>｜三六九～｜～日｜花～｜散～｜～地,323,,已校,
6870,虚底,,heoi1' dai2,,身體虛弱，底子虛：佢係～來嘅，唔受得大補嘅野,323,,已校,
6871,虛浮,,heoi1' fau4,,身體虛，身體不好,323,,已校,
6872,墟巴嘈閉,,heoi1' baa1' cou3 bai3,,喧鬧、嘈雜得很,323,,已校,
6873,墟期,,heoi1' kei4,,集日：呢條墟幾時～啊？｜逢三六九係～,323,,已校,
6874,墟咁嘈,,heoi1' gam3 cou3,,喧鬧如集市,323,,已校,
6875,墟煔,,heoi1' ham6,,①人多而嘈雜，氣氛熱鬧：攪得我呢處墟咁煔｜嗰處好～ ②張揚，排場大：結婚咪咁～喇，簡簡單單就得嘞｜嗰單野攪得好～<那件事弄得紛紛揚揚> ‖ 煔，廣韵談韵胡甘切：“火上行貌”,323,,已校,
6876,墟日,,heoi1' jat6,,集日，趕集的日子：今日係～噃，好去趁墟嘞,323,,已校,
6877,去,,heoi3,,①除掉，消除：～火｜～濕｜～熱 ②由所在地到别的地方：～边度<到哪兒去>？｜～咗第二處<出門了>｜～街 ③用在另一動詞前表示要做某事：你自己～做喇｜由佢～想辦法喇 ④用在動詞結構與動詞（或動詞結構）之間，表示前者是方法，後者是目的：佢擔住一擔水～淋菜 ⑤用在動詞後，表示動作離開説話人所在地：擰～喇<拿去吧>｜喇喇聲走咗～<立即跑去了>｜將呢啲書搬～你處 ⑥用在動詞（或動詞結構）之後，與“來”相對：落～｜一巴打落～｜埋～｜行埋～｜過～睇喇｜走過～｜上～｜擰上～喇,323,,已校,
6878,去咗見周公,,heoi3 zo2 gin3 zau1 gung1',,熟語。睡着了,323,,已校,
6879,去歸,,heoi3 gwai1',,①回家 ②（婦女）回娘家,323,,已校,
6880,去碇,,heoi3 deng6*2,,出去，出門：佢～嘞 ‖ 碇，俗借字,323,,已校,
6881,去濕,,heoi3 sap1,,中醫術語。去除濕氣：馬齒莧係～嘅｜～茶｜～粥,323,,已校,
6882,錐,,jeoi1,,錐子：鐵～｜補鞋～｜個～好利｜個～好鈍 ‖ 讀書音 zeoi1，口語因忌諱此音而變讀,324,,已校,
6883,錐,,jeoi1',,用細而尖的東西捅、杵、刺：用筷子～開條魚｜～爛啲肉｜用手指～佢｜～鞋｜～耳,324,,已校,
6884,錐耳,,jeoi1' ji5,,在耳朵上鑽小孔，戴耳環用：臨嫁至～,324,,已校,
6885,錐鞋,,jeoi1' haai4,,縫補鞋,324,,已校,
6886,𪏮,,jeoi5,,植物分泌的黏液 ‖ 廣韵語韵人渚切：“𪏮，黏也。”本應讀 yu 韵，這裏是變讀音,324,,已校,
6887,頕,,daam1',,仰起頭：～高頭｜～天望地 ‖ 集韵覃韵都含切：“緩頰也。一曰舉首”,325,,已校,
6888,頕天望地,,daam1' tin1' mong6 dei6,,形容人心不在焉，東張西望：讀書時冇心機<不用心>，～噉,325,,已校,
6889,擔,,daam1',,①用肩挑：～泥｜～穀｜～水｜～屎｜～擔[tam˧]<挑擔子>  ②搬動：～張枱來｜～凳來呢處坐  ③張開，舉起：～遮<打傘>｜～大旗  ④口銜物，多用於動物：貓～老鼠｜老虎～豬｜隻狗～咗肉去｜雀仔～竇<鳥兒叼草做巢>｜貓～竇<母貓叼走小貓，怕人看>,325,,已校,
6890,擔茶,,daam1' caa4,,①過禮的俗稱  ②結婚三天後，女家的親屬擔餅食送給男家,325,,已校,
6891,擔鵝酒,,daam1' ngo4 zau2,,辦喜慶事，親友送鵝送酒,325,,已校,
6892,擔戴,,daam1' daai3,,①負責，承當：有我兩個當頭，天大事情自有～  ②責任：呢件事好大～<責任重大>,325,,已校,
6893,擔大旗,,daam1' daai6 kei4,,扛大旗，指當頭，做主,325,,已校,
6894,擔鷄,,daam1' gai1,,發瘧疾，發冷，北京叫“發瘧子” ‖ 也説“整貓 zing2 maau1”、“打擺子 daa2 baai2 zi2”或“發冷 faat3 lang5”,325,,已校,
6895,擔保信,,daam1' bou2 seon3,,掛號信的俗稱 ‖ 也叫“掛號信 gwaa3 hou6 seon3”,325,,已校,
6896,擔旛,,daam1' faan1,,出殯時孝子打旛：～買水<孝子照例要做的事>,325,,已校,
6897,擔山柴,,daam1' saan1' caai4,,從山上挑下來的木柴，是上好的柴,325,,已校,
6898,擔餅,,daam1' beng2,,定婚、受聘的俗稱 ‖ 男女方都可用,325,,已校,
6899,擔承,,daam1' sing4,,擔當，承擔,325,,已校,
6900,擔認,,daam1' jing6,,①承擔；承認，認賬：呢件事边個～啊？  ②做頭，負責：呢次開大會由你來～喇,325,,已校,
6901,擔當,,daam1' dong1',,承擔（責任）：黑狗偷食，白狗～<熟語>,325,,已校,
6902,擔綱,,daam1' gong1',,挑大梁，當主力：叫佢來～喇,325,,已校,
6903,膽,,daam2,,①動物的膽囊：蛇～｜人～｜豬～  ②某些膽形的東西：燈～｜暖壺～  ③膽量：～大｜～細｜～粗｜～生毛｜沙～｜好夠～  ④某些青菜的嫩心：芥菜～｜白菜～,325,,已校,
6904,膽粗,,daam2 cou1',,有膽量,325,,已校,
6905,膽生毛,,daam2 saang1' mou4,,很有膽量，大膽：你家下～啊！,325,,已校,
6906,膽生石,,daam2 saang1' sek6,,膽結石症：～好難醫㗎,325,,已校,
6907,膽正命平,,daam2 zing3 meng6 peng4,,爲正義不怕死,325,,已校,
6908,擔,,daam3,,①擔子：擔[tam˥˧]～<挑擔子>｜～挑｜～竿  ②量詞：一～米｜兩～穀,325,,已校,
6909,擔挑,,daam3 tiu1,,扁擔 ‖ 也叫“擔竿 daam3 gon1”,325,,已校,
6910,擔潤,,daam3 jeon6*2,,扁擔 ‖ 擔竿的“竿”與“乾”同音，迷信者忌諱，部分人改“竿”爲“潤”,325,,已校,
6911,倓定,,daam6 ding6,,①態度斯文，恬靜：佢好斯文～嘅 ②心中鎮定，不慌不忙 ‖ 倓，廣韵闞韵徒濫切：“安也，靜也，恬也”,326,,已校,
6912,淡,,daam6,,不旺：生意～｜～月｜平～｜冷～｜清茶～飯,326,,已校,
6913,淡市,,daam6 si5,,生意不好，買賣不興旺,326,,已校,
6914,淡月,,daam6 jyut6,,生意不旺的時期,326,,已校,
6915,啖,,daam6,,量詞。口：食一～飯｜咬日～｜飲～茶｜惜[sɛk˧]佢一～<吻他一下>,326,,已校,
6916,貪,,taam1',,貪圖：～媁識食｜～口爽｜～得意｜～高興｜～飲～食｜～便宜｜～錢｜～靚｜～心,326,,已校,
6917,貪媁識食,,taam1' wai1' sik1 sik3,,講享受，講究吃穿：佢個仔真係～嘅人啊,326,,已校,NA：原書“食”注音或應爲sik6。
6918,貪頭,,taam1' tau4,,貪圖之物：你噉樣做，有乜～啊！,326,,已校,
6919,貪口爽,,taam1' hau2 song2,,隨口説着玩，順口答應而不去做,326,,已校,
6920,貪瀟湘,,taam1' siu1' soeng1',,貪圖身材窈窕：抵冷～<忍着寒冷要漂亮，意謂衣服穿得少>,326,,已校,
6921,貪靚,,taam1' leng3,,愛美：佢真係～，成日打扮,326,,已校,
6922,貪得意,,taam1' dak1 ji3,,圖好玩、有趣：佢～買咗好多公仔,326,,已校,
6923,痰罐,,taam4 gun3,,痰盂 ‖ 也叫“痰筒 taam4 tung4*2”,326,,已校,
6924,痰上頸,,taam4 soeng5 geng2,,一種症狀，痰涌上來,326,,已校,
6925,痰塞肺眼,,taam4 sak1 fai3 ngaan5,,形容人糊塗，一竅不通,326,,已校,
6926,燂,,taam4,,熟食再加熱：啲飯凍咗，～下再食喇｜～一把火 ‖ 廣韵覃韵徒含切：“火爇”,326,,已校,
6927,淡,,taam5,,①不鹹：～水魚｜味道～啲｜啲菜煮得好～｜口～<嘴中没味> ②味道不濃：啲龍眼～茂茂，唔好食嘅,326,,已校,
6928,淡過蔗尾,,taam5 gwo3 ze3 mei5,,喻人情淡薄：佢噉樣做～嘞,326,,已校,
6929,淡茂茂,,taam5 mau6 mau6,,味不夠濃：啲梨～，唔甜嘅｜啲菜～，唔好食嘅,326,,已校,
6930,淡口,,taam5 hau2,,微鹹適口，鹹中帶鮮味的：～鹹魚,326,,已校,
6931,淡水,,taam5 seoi2,,不鹹的水，多指河水：～蝦｜～魚｜～珠<淡水養殖的珍珠>,326,,已校,
6932,淡汗,,taam5 hon6,,虛汗，没有鹹味：出～ ‖ 也叫“虛汗 heoi1' hon6”,326,,已校,
6933,淡瀎瀎,,taam5 mit6 mit6,,味淡，味道不濃：啲菜～嘅，点食啊？ ‖ 瀎，集韵屑韵莫結切：“一曰瀎㳚，水貌”,326,,已校,
6934,探,,taam3,,①探望，拜訪：～朋友｜～親戚｜過幾日去～你喇｜～監｜～病 ②試圖發現（隱藏的事物）：～射燈｜～聽｜～礦｜～熱,326,,已校,
6935,探土,,taam3 tou2,,舊時指爲葬死者挖墳坑時，先挖一點土探看是否佳穴，土乾爽的爲佳，有水者爲次,326,,已校,
6936,探熱,,taam3 jit6,,量體溫：～針<體溫計>,326,,已校,
6937,探脈,,taam3 mak6,,號脈，爲病人量脈搏 ‖ 也説“搭脈 daap3 mak6”,326,,已校,
6938,男子佬,,naam4 zi2 lou2,,男子漢,326,,已校,
6939,男仔,,naam4 zai2,,男孩子,326,,已校,
6940,男仔頭,,naam4 zai2 tau4,,男孩子、男青年的俗稱：～重玩抱仔咩<男孩子還玩抱>孩子嗎？,326,,已校,
6941,男人,,naam4 jan4*2,,①男子：～要做～嘅工夫丨女人唔做得～嘅工夫 ②丈夫：呢個係佢嘅～,327,,已校,
6942,男人婆,,naam4 jan4 po4,,指粗魯、不細緻的女人,327,,已校,
6943,男人佬耇,,naam4 jan4 lou5 gau2,,男子漢大丈夫：～都咁怕醜嘅丨～都咁冇志氣嘅 ‖ 也説“佬人佬耇 lou2 jan4 lou2 gau2”,327,,已校,
6944,男人公公,,naam4 jan4 gung1' gung1',,男子漢大丈夫：～唔好咁陰氣啊,327,,已校,
6945,男裝櫃,,naam4 zong1' gwai6,,小衣櫃,327,,已校,
6946,南華李,,naam4 waa4 lei5*2,,李子中的佳品，因産於廣東曲江縣的南華寺而得名,327,,已校,
6947,南乳,,naam4 jyu5,,紅色的醬豆腐，多用做菜肴配料,327,,已校,
6948,南乳肉,,naam4 jyu5 juk6,,五香花生仁兒 ‖ 也叫“南乳花生肉 nam4 jyu5 faa1' sang1' juk6”,327,,已校,
6949,南拳,,naam4 kyun4*2,,南方拳術的統稱，有蔡家、李家、莫家、洪家、劉家五大流派,327,,已校,
6950,南洋伯,,naam4 joeng4 baak1,,由南洋回國的華僑,327,,已校,
6951,南風窗,,naam4 fung1' coeng1,,有港澳關係者，有港澳錢幣者：佢有～丨家下搵對象都搵～,327,,已校,
6952,南北行,,naam4 baak1 hong4*2,,①商人的同業公會 ②經營國内外貿易的私人商行,327,,已校,
6953,蚺蛇,,naam4 se4,,大蟒蛇，無毒，肉可食 ‖ 蚺，集韵談韵汝甘切：“大蛇名，出嶺表。”古日母，今口語讀如泥母,327,,已校,
6954,喃無,,naam4 mo4,,念經：～噉聲<好似念經的聲音>丨～佬丨～先生,327,,已校,
6955,喃無佬,,naam4 mo4 lou2,,陰陽生，法師：～遇鬼迷<熟語>,327,,已校,
6956,腩,,naam5,,腹部鬆軟的肉：燒～<烤豬腹部的肉>丨～肉丨牛～丨魚～丨五花～丨肚～,327,,已校,
6957,腩尾,,naam5 mei5,,豬腹部靠下面的肉，質較差,327,,已校,
6958,腩頭,,naam5 tau4,,豬腹部的五花肉，質較腩尾爲好,327,,已校,
6959,揇,,naam3,,①量詞。張開大拇指尖與中指尖之間的距離，北京叫“拃”：兩～一尺丨一～五寸丨有兩～闊 ②張開大拇指與中指來量長度：～下幾長<拃一下有多長> ‖ 俗借字,327,,已校,
6960,婪劣,,laam4 lyut6,,貪心重：佢好～嘅，乜野都想要,327,,已校,
6961,藍,,laam4,,晴空的顔色：淺～丨～寳石丨～布丨～靛丨深～丨寳～,327,,已校,
6962,藍靛紙,,laam4 din6 zi2,,複寫紙 ‖ 俗稱“過底紙 gwo3 dai5 zi2”,327,,已校,
6963,藍藥水,,laam4 joek6 seoi2,,紫藥水，家常用藥,327,,已校,
6964,籃,,laam4,,籃子或籃形物，不單用：～球丨～球架丨投～丨搖～,327,,已校,
6965,籃,,laam4*2,,籃子：竹～丨藤～丨伙食～丨網～丨花～丨書～丨挽隻～去買野,327,,已校,
6966,籃耳,,laam4*2 ji5,,籃子的提梁,327,,已校,
6967,攬,,laam5*2,,抱，摟：～實啲<抱緊點兒>丨～頭～頸<摟摟抱抱>丨～住佢丨～埋一䊆[kɐu˨]<摟成一團>,327,,已校,
6968,攬頭,,laam5 tau4*2,,包攬事務的人，如辦喜慶事的承辦人：边個做～啊？,327,,已校,
6969,攬頭攬髻,,laam5*2 tau4 laam5*2 gai3,,舊時指摟頭摟脖子的樣子 ‖ 現在多説“攬頭攬頸 laam5*2 tau4 laam5*2 geng2”,328,,已校,
6970,攬身攬勢,,laam5*2 san1 laam5*2 sai3,,摟摟抱抱的樣子,328,,已校,
6971,欖,,laam5*2,,橄欖：～角｜～豉｜白～｜烏～｜～仁｜～核,328,,已校,
6972,欖豉帽,,laam5*2 si3 mou6*2,,舊時男人戴的老式帽子，黑綢製成，有紅尖頂，形如欖角,328,,已校,
6973,欖仁,,laam5*2 jan4,,黑橄欖核中的仁：～椰茸軟糖,328,,已校,
6974,欖核釘,,laam5*2 wat6 deng1',,取出欖仁的烏欖核，因斬爲兩半，各帶有尖端，故名。多用做燃料,328,,已校,
6975,欖核閘,,laam5*2 wat6 zaap6,,能拉開、合攏的鐵柵門，拉開時有欖核形花樣,328,,已校,
6976,欖角,,laam5*2 gok3*2,,烏欖去核，切成兩段，曬乾而成，可做小菜或菜肴的配料 ‖ 也叫“欖豉 laam5*2 si3”,328,,已校,
6977,𨅏,,laam3,,①邁，跨：～過去｜～門檻｜～過水氹｜咁闊点～得過去啊 ②隔，用於時間：～一日｜～光黑 ‖ 集韵覃韵盧含切：“急行。”音義相近，可借用,328,,已校,
6978,𨅏光黑,,laam3 gwong1' hak1,,天將黑未黑之時,328,,已校,
6979,𨅏日,,laam3 jat6,,隔一天：佢～返屋企<他隔一天回家>,328,,已校,
6980,纜,,laam6,,①船纜：拉～｜解～｜斬～｜大～ ②繋，帶，掛：～頸巾｜～圍裙｜～領帶｜～頸鏈,328,,已校,
6981,斬,,zaam2,,①砍，割：～斷｜～件｜～料｜～柴｜～草<割草>｜～頭截尾 ②敲詐，宰：～客,328,,已校,
6982,斬鷄頭換鷄腳,,zaam2 gai1 tau4 wun6 gai1 goek3,,熟語。①偷龍轉鳳 ②顛倒是非,328,,已校,
6983,斬頭,,zaam2 tau4*2,,砍頭,328,,已校,
6984,斬頭截尾,,zaam2 tau4 zit6 mei5,,掐頭去尾,328,,已校,
6985,斬料,,zaam2 liu6*2,,買燒烤肉食：我費事煮嘞，走去～啫,328,,已校,
6986,斬纜,,zaam2 laam6,,①斬斷拖渡船的火輪船的纜繩，與渡船分離。原因有二，一是風浪太大，一是遇匪搶劫時，拋去大纜，自己開走 ②喻與情人割斷感情，一刀兩斷,328,,已校,
6987,斬件,,zaam2 gin6,,斬切成塊狀：將叉燒來～｜燒鴨要～賣,328,,已校,NA：現在（2020s）“件”一般變調讀gin6*2。
6988,蹔眉蹔眼,,zaam2 mei4 zaam2 ngaan5,,擠眉弄眼 ‖ 也説“蹔眉攝眼 zaam2 mei4 sip3 ngaan5”,328,,已校,
6989,蹔眼,,zaam2 ngaan5,,眨眼：～就睇唔見佢｜蹔下眼就唔見人｜～公仔｜蹔下眼又一年｜睇到唔～<看得眼都不眨一下>,328,,已校,
6990,蹔眼公仔,,zaam2 ngaan5 gung1 zai2,,會開合眼的洋娃娃,328,,已校,
6991,篸,,zaam3,,納（鞋底）：～鞋底｜～底鞋<布底鞋> ‖ 廣韵勘韵作紺切：“以針篸物”,328,,已校,
6992,站,,zaam6,,①爲乘客上下或貨物裝卸而設的停車的地方：火車～｜汽車～｜到～就落車 ②爲某種業務而設立的機構：防疫～｜糧～｜採購供應～,328,,已校,
6993,蹔,,zaam3*2,,①眨（眼）：～眼<眨眼>｜眼～～ ②閃：～下～下<一閃一閃> ‖ 集韵闞韵昨濫切：“疾進也”,328,,已校,
6994,劖亂哥柄,,zaam6 lyun6 go1 beng3,,①唱歌時被擾亂 ②説話被打斷 ‖ 劖，集韵豏韵士減切：“斷也。”也説“岔亂歌柄 caa5 lyun6 go1' beng3”或“栅亂歌柄 zaa6 lyun6 go1' beng3”,328,,已校,
6995,鏨刀,,zaam6 dou1,,雕刻用的刀,329,,已校,
6996,參詳,,caam1' coeng4,,考慮，斟酌：做事欠～丨呢件事点做，先要～下喎丨慢慢～,329,,已校,
6997,欃,,caam4*2,,①箕，箕形物：垃圾～丨攞個～來簸米 ②手指上的箕形腡紋：你有幾多個～？ ‖ 集韵銜韵鋤銜切：“爾雅彗星爲欃槍。”按，彗星尾爲箕形,329,,已校,
6998,蠶,,caam4*2,,家蠶：我想養幾條～,329,,已校,
6999,蠶豆,,caam4 dau6*2,,可做菜吃的一種豆類，有的地方叫“胡豆”,329,,已校,
7000,蠶春,,caam4 ceon1,,蠶卵,329,,已校,
7001,蠶蠓,,caam4 mung2,,蠶蛹，味美可食 ‖ 俗稱“蠶蟲”,329,,已校,
7002,蠶種師爺,,caam4 zung2 si1' ji4,,稱做繭自縛者,329,,已校,
7003,蠶蟲,,caam4 cung4*2,,①蠶 ②蠶蛹的俗稱,329,,已校,
7004,慘,,caam2,,凄慘，不堪忍受：真係～嘞<真夠受的>丨攪到我咁～,329,,已校,
7005,㔆,,caam5,,①刺入肉中：～刺丨～親腳丨～親手 ②（語言）傷人：佢講話～心～肺㗎 ‖ 集韵感韵徂感切：“刺也”,329,,已校,
7006,杉,,caam3,,①杉木：～板丨～樹丨柳州～丨～鋪 ②竿子：電燈～丨一碌～噉<像一根竿子似的，形容呆立>,329,,已校,
7007,杉山,,caam3 saan1',,生長杉木的山地,329,,已校,
7008,杉木靈牌,,caam3 muk6 ling4 paai4*2,,杉木做的死者的牌位，喻有位而無權者。因爲杉木質較鬆軟，不宜製作神主牌：～，唔做得主<歇後語>,329,,已校,
7009,衫,,saam1,,衣服：長～丨短～丨～尾丨～褲丨着～丨除～丨晾～丨洗～丨做～丨聯～,329,,已校,
7010,衫衩,,saam1 caa3*2,,衣服旁邊開衩的地方 ‖ 衩，廣韵卦韵楚懈切：“衣衩”,329,,已校,
7011,衫架,,saam1 gaa3*2,,衣架,329,,已校,
7012,衫褲,,saam1 fu3,,衣服的總稱,329,,已校,
7013,衫襬,,saam1 baai2,,上衣的下緣 ‖ 也叫“下襬 haa6 baai2”,329,,已校,
7014,衫仔,,saam1 zai2,,舊時婦女用的乳罩，式樣如一塊毛巾，圍在胸部，有排扣,329,,已校,
7015,衫帔,,saam1 pei1,,上衣的前襟：揦起～撟眼淚<撩起衣襟拭眼淚>,329,,已校,
7016,衫尾,,saam1 mei5,,衣角：拉～,329,,已校,
7017,衫裏,,saam1 lei5,,（夾衣、棉衣等）衣服的裏子,329,,已校,
7018,衫脷,,saam1 lei6,,中裝衣服對襟處左襟上多出一條狹長的襯襟，在其上釘紐，北京叫“舌頭”,329,,已校,
7019,衫袋,,saam1 doi6*2,,上衣的衣兜，裝東西用,329,,已校,
7020,衫度,,saam1 dou6*2,,衣服的尺寸大小，據以買布做衣：度[tɔk˨]你嘅～畀過我喇<量好你衣服的尺寸給我>,329,,已校,
7021,衫裙,,saam1 kwan4,,①連衣裙 ②上衣和裙子,329,,已校,
7022,衫領,,saam1 leng5*2,,衣領,329,,已校,NA：現在（2020s）該詞一般不變調。
7023,衫腳,,saam1 goek3,,衣服下襬：揦起～,329,,已校,
7024,三扒兩撥,,saam1' paa4 loeng5 but6,,三下兩下，形容快：我～走上樓丨佢食飯～就食完嘞,329,,已校,
7025,三茶兩飯,,saam1' caa4 loeng5 faan6,,廣州人的飲食習慣，除兩頓飯之外，早、中、晚都要喝茶吃點心,329,,已校,
7026,三下五落二,,saam1' haa6 ng5 lok6 ji6,,三下五除二，形容動作迅速,330,,已校,
7027,三蛇,,saam1' se4,,指金腳帶、過樹榕、飯匙頭三種毒蛇：～酒｜～羮｜～煲鷄｜～膽,330,,已校,
7028,三個骨,,saam1' go3 gwat1,,四分之三，用於時間、長度、重量：一點～<一點三刻>｜～長衫<不長不短的旗袍> ‖ 骨，英文 quarter 的音譯,330,,已校,
7029,三枝桅,,saam1' zi1' wai4*2,,①三根桅杆的大帆船 ②喻再嫁的女人，因外國帆船有三根桅杆，“番頭”（外洋的頭）與“返頭”（再嫁）同音,330,,已校,
7030,三姑六婆,,saam1' gu1' luk6 po4,,指不務正業的婦女，也指好搬弄是非的婦女,330,,已校,
7031,三鯬魚,,saam1' lai4 jyu4*2,,鰣魚，肉少骨多，六七寸長，扁形，夏天最宜與苦瓜同煮 ‖ 鯬，廣韵脂韵力脂切：“魚名”,330,,已校,
7032,三幾,,saam1' gei2,,不定數，指三五個。個位數只有“三”才能加“幾”：～日｜～隻｜～個,330,,已校,
7033,三頭二十,,saam1' tau4 ji6 sap6,,二三十左右：剩返～買香油,330,,已校,
7034,三頭兩年,,saam1' tau4 loeng5 nin4,,兩三年：等得～都未遲,330,,已校,
7035,三九唔識七,,saam1' gau2 m4 sik1 cat1,,誰也不認識誰：我同佢都～,330,,已校,
7036,三口兩脷,,saam1' hau2 loeng5 lei6,,不守信用，失信 ‖ 脷，俗字，舌頭,330,,已校,
7037,三口六面,,saam1' hau2 luk6 min6,,三頭對案,330,,已校,
7038,三步揦埋兩步,,saam1' bou6 laa2 maai4 loeng5 bou6,,極言快速，三步併作兩步,330,,已校,
7039,三鳥,,saam1' niu5,,鷄、鴨、鵝的總稱,330,,已校,
7040,三朝,,saam1' ziu1,,指結婚後第三天：～回門,330,,已校,
7041,三朝兩日,,saam1' ziu1' loeng5 jat6,,三長兩短，指不測之事：有乜～都好難講,330,,已校,
7042,三推四搪,,saam1' teoi1' sei3 tong4*2,,一再推搪，推委,330,,已校,
7043,三歲定八十,,saam1' seoi3 ding6 baat3 sap6,,三歲看老，從小可以看出長大後是什麼樣的人,330,,已校,
7044,三薕,,saam1' lim1,,酸羊桃，羊桃的一種 ‖ 薕，集韵鹽韵離鹽切：“一曰三薕，味酸可食”,330,,已校,
7045,三板斧,,saam1' baan2 fu2,,指技術、能力不高的人,330,,已校,
7046,三分六銀,,saam1' fan1' luk6 ngan4,,舊時半角面值的銀幣。因一元銀幣爲七錢二分銀，一角銀幣爲七分二釐銀，半角則爲三分六釐銀 ‖ 也説“三分六”或“斗零 dau2 ling4*2”,330,,已校,
7047,三群兩隊,,saam1' kwan4 loeng5 deoi6,,三五成群：佢地～去街買野,330,,已校,
7048,三便過,,saam1' bin6 gwo3,,三間門面：佢間鋪頭係～嘅,330,,已校,
7049,三寸釘,,saam1' cyun3 deng1,,喻身材矮小的人,330,,已校,
7050,三星公,,saam1' sing1' gung1,,划拳用語。代表三 ‖ 也説“三點 saam1' dim2”,330,,已校,
7051,三長兩短,,saam1' coeng4 loeng5 dyun2,,指不測之事，意外之事,330,,已校,
7052,三行,,saam1' hong4*2,,指瓦匠、木匠、石匠三種行業：～仔,330,,已校,
7053,三黄鷄,,saam1' wong4 gai1,,本地名貴的肉用鷄種之一，此種鷄黄毛、黄嘴、黄腳，肉嫩味鮮,330,,已校,
7054,三夾板,,saam1' gaap3 baan2,,三合板 ‖ 也説“三合板 saam1' hap6 baan2”,331,,已校,
7055,三及第,,saam1' gap6 dai6*2,,①用豬肉、豬腰、豬肝煮的粥 ②戲稱煮飯煮得上面生、中間爛、底下焦,331,,已校,
7056,三日兩頭,,saam1' jat6 loeng5 tau4,,副詞。經常，三天兩頭地：佢～都來我處嘅 ‖ 也説“三日兩日 saam1' jat6 loeng5 jat6”,331,,已校,
7057,三畫王,,saam1' waak6 wong4*2,,指“王”字，區别口語中的黄、王時用（粵語此二字同音）,331,,已校,
7058,三隻手,,saam1' zek3 sau2,,順手牽羊者，愛到别人家拿東西的人,331,,已校,
7059,三腳鷄,,saam1' goek3 gai1,,指摩托三輪車,331,,已校,
7060,三腳貓,,saam1' goek3 maau1,,喻人，表面像個人材，實則差勁，像三腳貓走起路來就露短了,331,,已校,
7061,三腳凳,,saam1' goek3 dang3,,①喻靠不住的東西 ②指小陷阱,331,,已校,
7062,三索綫,,saam1' sok3 sin3,,毒蛇名,331,,已校,
7063,三角麥,,saam1' gok3 mak6,,蕎麥,331,,已校,
7064,三幅被,,saam1' fuk1 pei5,,老一套，老花樣：講來講去～,331,,已校,
7065,三六,,saam1' luk6*2,,指狗肉。三加六爲九，廣州話“九”與“狗”同音：整啲～食下嘞丨清炖～ ‖ 也叫“三六香肉 saam1' luk6 hoeng1' juk6”,331,,已校,
7066,監,,gaam1,,監牢，牢房：坐～丨～頭丨～犯丨放～<出獄>丨～房丨探～,331,,已校,
7067,監頭,,gaam1 tau4*2,,監牢的看守,331,,已校,
7068,監犯,,gaam1 faan6*2,,犯人,331,,已校,
7069,監墩,,gaam1 dan1,,①判處刑期長久的罪犯：老～ ②毒駡極可惡的人 ‖ 墩，本讀陰平，這裏是變讀音,331,,已校,NA：按註釋，“墩”應注音dan2。
7070,監房,,gaam1 fong4*2,,牢房：還押～ <扣押在牢房>,331,,已校,NA：現在（2020s）該詞一般不變調。
7071,監倉,,gaam1 cong1,,監牢，牢房,331,,已校,
7072,監,,gaam1',,①强迫，逼：～佢勞動丨～佢食藥丨～住佢食丨～人買点得㗎？ ②監督：～考丨～工丨～學,331,,已校,
7073,監人賴厚,,gaam1' jan4 laai5 hau6,,硬要别人愛自己或喜歡自己：人地唔喜歡你，你唔好～喇 ‖ 賴厚，口語讀音與文讀略有不同,331,,已校,
7074,減,,gaam2,,①減少，減價：貴過頭，～啲喇 <太貴了，減點兒吧>丨～實略丨再～喇丨～價 ②（把菜肴）撥入另一容器：將餸～落碗處丨～啲菜留畀佢,331,,已校,
7075,減口,,gaam2 hau2,,節食，少吃（數量上、質量上）：喂，你咁肥，重唔減啲口咩 <還不少吃點兒嗎>？,331,,已校,
7076,減頸,,gaam2 geng2,,忍氣 ‖ 參看“揸頸 zaa1' geng2”,331,,已校,
7077,減頸就命,,gaam2 geng2 zau6 meng6,,消氣（頸即脾氣），認命 ‖ 也説“揸頸就命 zaa1' geng2 zau6 ming3”,331,,已校,NA：“揸頸就命”的“命”應注音meng6。
7078,減筆字,,gaam2 bat1 zi6,,簡體字,331,,已校,
7079,監粗來,,gaam3 cou1' lai4,,胡來，硬幹：唔好～呀,331,,已校,
7080,監生,,gaam3 saang1',,活活地：畀佢～激死我丨～吞咗佢丨～打死,331,,已校,
7081,監生埋,,gaam3 saang1' mai4,,活埋：佢畀日本鬼～咗 ‖ 埋，文讀爲 maai4，這裏是口語音,331,,已校,NA：原書“埋”注音mai4疑似有誤，或應爲maai4。
7082,監硬,,gaam3 ngaang6,,硬（來），愣：～要佢走丨～來 <硬來>丨～吞落去丨～絣 [mɐŋ˧]我去<硬把我拽去> ‖ 也説“夾硬 gaap3 ngaang6”,331,,已校,
7083,監平賣,,gaam3 peng4 maai6,,忍痛賤賣：監平監賤賣嘞，賣仔莫摩頭嘞！,332,,已校,
7084,監濕,,gaam3 sap1,,帶濕：件衫～着唔好啊<衣服别濕着穿呀>,332,,已校,
7085,監熱食,,gaam3 jit6 sik6,,不顧熱就吃下去，不等涼就吃：唔好～吖，熝親你吖<看燙着你呀>,332,,已校,
7086,監黑,,gaam3 hak1,,摸黑兒，在黑暗中做事 ‖ 也説“摸黑 mo2 hak1”,332,,已校,
7087,啱,,ngaam1',,①對，正確：呢個字寫得～唔～？丨～晒<全對>丨計～晒<都算對了> ②合適：呢間屋～唔～？丨～使<適用>丨件衫唔～着丨～晒你着 ③巧，恰巧：你來得真～嘞！好耐冇見嘞，咁～啊！丨～晒，你喺度<你在這兒太巧了>丨乜咁～啊<怎麼這麼巧哇>？ ④投契，合得來，要好：我同佢好～丨乜野都～ ‖ 俗字,332,,已校,
7088,啱牙,,ngaam1' ngaa4*2,,談得投機，合得來：佢兩個傾到好～丨唔～,332,,已校,
7089,啱晒,,ngaam1' saai3,,①全對：答得～丨計得～ ②正合適：～我嘅胃口丨～你着<正合你的身> ③太好了：～，我重喺度搵緊<太好了，我正找呢>丨～，你都來咗<你也來了，太好了>,332,,已校,
7090,啱偈,,ngaam1' gai6*2,,思想感情一致，合得來：佢同阿生好～嘅,332,,已校,
7091,啱數,,ngaam1' sou3,,不多不少，正合適,332,,已校,
7092,啱竅,,ngaam1' kiu3*2,,①談得來，相投：我同佢好～丨～朋友 ②剛巧，恰好：我一出門就見到佢來，咁～嘅,332,,已校,
7093,啱啱,,ngaam1' ngaam1',,剛剛，剛好，正好：～夠鐘<正好到點>丨～返來丨～喺屋企丨～出咗去丨～好,332,,已校,
7094,啱啱綫,,ngaam1' ngaam1' sin3,,（時間、空間）正合適，剛剛好 ‖ 也説“啱啱好 ngaam1' ngaam1' hou2”,332,,已校,
7095,啱心水,,ngaam1' sam1' seoi2,,合意：你講嘅好啱我心水 ‖ 也説“合心水 hap6 sam1' seoi2”,332,,已校,
7096,啱身,,ngaam1' san1,,合身：件衫都幾～噃,332,,已校,
7097,啱先,,ngaam1' sin1,,剛才，方才：～我出去買野來,332,,已校,
7098,碞儳,,ngaam4 caam4,,①東西放不整齊，有高有矮，參差不齊 ②凹凸不平 ‖ 碞，集韵咸韵魚咸切：“⋯孔安國曰僭也，取參差不齊之意。”儳，集韵咸韵鋤咸切：“説文儳互不齊也”,332,,已校,
7099,鹹,,haam4,,①鹽味：湯好～丨啲菜唔夠～丨～豬肉丨～鷄 ②汗臭，髒：件衫着到又～又臭 ③淫穢下流，用於男性：個佬好～㗎丨～蟲淫棍,332,,已校,
7100,鹹蝦,,haam4 haa1,,蝦醬：～蒸豬肉,332,,已校,
7101,鹹蝦撑,,haam4 haa1 caang3,,舊時稱葡萄牙人 ‖ 也叫“西洋鬼 sai1' joeng4 gwai2”,332,,已校,
7102,鹹苦,,haam4 fu2,,艱辛，苦日子：捱下～丨捱透～,332,,已校,
7103,鹹菜,,haam4 coi3,,將大芥菜用鹽腌製而成 ‖ 也叫“鹹酸菜 haam4 syun1' coi3”,332,,已校,
7104,鹹脆花生,,haam4 ceoi3 faa1 sang1,,帶殼炒熟的花生，有鹹味，很脆,332,,已校,
7105,鹹水,,haam4 seoi2,,①香港的，洋的：～妹<接洋人的妓女>丨食～<走香港> ②指港幣：使～ ③指僑匯,332,,已校,
7106,鹹水話,,haam4 seoi2 waa6*2,,洋涇浜英語，半中半英的英語,332,,已校,
7107,鹹水貨,,haam4 seoi2 fo3,,指走私貨,333,,已校,
7108,鹹水歌,,haam4 seoi2 go1,,水上人民流行的一種民歌,333,,已校,
7109,鹹水草,,haam4 seoi2 cou2,,舊時市場用來綑東西（肉類、魚、菜）的水草‖也叫“水草”,333,,已校,
7110,鹹淡,,haam4 taam5,,泛指菜肴類，多指生的：買啲～,333,,已校,
7111,鹹□□,,haam4 naan1' naan3,,形容鹹（貶義）：啲菜～唔好食嘅,333,,已校,
7112,鹹乾花生,,haam4 gon1 faa1 sang1,,鹽水煮熟晾乾的帶殼花生，不脆,333,,已校,
7113,鹹煎餅,,haam4 zin1' beng2,,油炸的食品，多用做早點 ‖ 也叫“油香餅 jau4 hoeng1' beng2”,333,,已校,
7114,鹹龍,,haam4 lung4*2,,舊時指港幣 ‖ 也叫“鹹水”。最初叫“西紙 sai1' zi2”,333,,已校,
7115,鹹餸,,haam4 sung3,,總稱下飯的小菜，例如鹹魚、鹹蛋、醬豆腐、用鹽腌過的青菜等 ‖ 餸，俗字,333,,已校,
7116,鹹濕,,haam4 sap1,,淫穢，下流。用於男性：～佬｜～鬼<色鬼>,333,,已校,
7117,喊,,haam3,,①哭：呢個細路最歡喜～嘅｜～包 ②叫喊：～苦｜～冤｜～驚,333,,已校,
7118,喊四句,,haam3 sei3 geoi3*2,,指女子出嫁時或哀悼死者時，一邊啼哭，一邊念念有詞,333,,已校,
7119,喊包,,haam3 baau1,,戲稱愛哭的孩子 ‖ 也叫“喊手 haam3 sau2”,333,,已校,
7120,喊口,,haam3 hau2,,愛哭：乜個細路咁～嘅 ‖ 也説“爛喊 laan6 haam3”,333,,已校,
7121,喊口婆,,haam3 hau2 po4*2,,代人哭喪的婦女，花錢僱用的,333,,已校,
7122,喊冷,,haam3 laang1,,拍賣，叫賣（便宜貨） ‖ “冷”是“夜冷”（英文 yelling 的音譯）的簡稱,333,,已校,
7123,喊驚,,haam3 geng1,,叫魂，迷信者爲有病的小孩招魂 ‖ 也説“叫驚 giu3 geng1”,333,,已校,
7124,餡,,haam6*2,,麵食或點心中的糖、豆沙或細碎的肉菜等：包～｜肉～｜餅～｜豆沙～,333,,已校,
7125,染,,jaam5,,蘸：用毛筆～墨汁丨～水鋼筆丨～啲豉油丨～醋食 ‖ 口語音，讀書音 jim5,334,,已校,
7126,泵,,bam1,,①吸入和排出流體的機械，唧筒：水～｜油～｜氣～ ②用唧筒工作：～水｜～氣｜～油 ‖ 俗字，英文 pump 的音譯,335,,已校,
7127,耽,,dam1',,①延誤：佢病咗幾日，～咗幾日功課 ②拖拖拉拉：佢～咗一個月至將書睇完｜～時候,335,,已校,
7128,耽時候,,dam1' si4 hau6,,①拖時間：佢越講越慢，故意～ ②費工夫：綉花好～,335,,已校,
7129,耽人,,dam1' jan4,,耽誤别人：你唔好～喇,335,,已校,
7130,耽煙,,dam1' jin1',,很慢：用手做衫好～㗎,335,,已校,
7131,耽工,,dam1' gung1',,耽誤工，拖長工時：佢做野好～嘅,335,,已校,
7132,耽日子,,dam1' jat6 zi2,,捱日子：佢嘅病唔醫得好，喺度～<在那裏捱日子>,335,,已校,
7133,噡,,dam1',,好言好語哄人，使順從：佢唔聽話，～下佢喇 ‖ 集韵談韵都甘切：“噡噡，頌語”,335,,已校,
7134,噡嗲,,dam1' de2,,愛惜，遷就（對小孩）：佢好會～細路哥㗎｜佢身體唔好，～下佢喇 ‖ 嗲，俗字,335,,已校,
7135,抌,,dam2,,①扔，拋：～石頭｜唔要就～咗佢 ②（用拳頭）打，捶，砸：～骨｜～口釘｜～心口｜～佢一拳 ③放置，扔放：～低先喇<先撂下吧> ④蓋（圖章）：～圖章｜～印 ‖ 廣韵感韵都感切：“刺也，擊也”,335,,已校,
7136,抌腍,,dam2 nam4,,打得皮開肉綻：畀人～｜～佢,335,,已校,
7137,抌心口,,dam2 sam1' hau2,,①捶胸口：佢惱到～ ②勒索：佢畀人～,335,,已校,
7138,抌骨,,dam2 gwat1,,捶背、腿：同我抌下骨喇,335,,已校,
7139,髧,,dam3,,①耷拉，垂下來：～條繩落來｜～住條皮帶<耷拉着皮帶> ②垂釣，縋下：～魚｜～蟛蜞｜～田鷄｜～條繩落井<縋下井去> ‖ 廣韵感韵徒感切：“髮垂。”集韵也寫作“𠆶”。古全濁上聲今應讀陽去，今口語變讀陰去,335,,已校,
7140,髧腮,,dam3 soi1,,兩腮鬆弛下垂,335,,已校,
7141,髧䏨,,dam6 deoi1',,①形容老態龍鍾，皮膚鬆弛，四肢浮腫：佢老得好～ ②形容人凡事都趕不上别人：人人都考到你考唔到，乜你咁～啊？ ‖ 䏨，集韵灰韵都回切：“腫也”,335,,已校,
7142,䂿蹄䂿爪,,dam6 tai4 dam6 zau2,,捶胸頓足貌：個細路哥喊到～｜佢激到～ ‖ 䂿，集韵感韵徒感切：“再舂”,335,,已校,
7143,䂿地,,dam6 dei6,,跺腳，以足頓地,335,,已校,
7144,䂿䂿趯,,dam6 dam6 dek3,,噔噔地跑,335,,已校,
7145,䂿腳,,dam6 goek3,,跺腳：䂿下腳<下決心>,335,,已校,
7146,𧽼𧽼轉,,tam4 tam4 zyun2,,團團轉：～，菊花園，炒米餅，糯米團…<兒歌> ‖ 𧽼，廣韵覃韵徒含切：“䟃𧽼，走貌”,335,,已校,
7147,𧽼𧽼圈,,tam4 tam4 hyun1,,團團：將佢～圍住,335,,已校,
7148,氹,,tam5,,小坑，小池子：水～丨尿～丨屎～關刀，聞（文）唔得，舞（武）唔得<歇後語> ‖ 俗字,336,,已校,
7149,䐺,,tam3,,①好言相勸，哄：～細路哥丨～得人歡喜丨佢惱咗，快啲去～返佢丨～人上樹把梯收<熟語>丨鷄春唔係～仔物 ②以話套話：～佢嘅説話 ‖ 廣韵勘韵他紺切：“食味美”,336,,已校,
7150,䐺人歡喜,,tam3 jan4 fun1' hei2,,答應給人好處，但不兑現：佢～嘅啫<哄人罷了>,336,,已校,
7151,䐺落河,,tam3 lok6 ho4,,舊時指賣給妓院：畀人～,336,,已校,
7152,恁,,nam4*2,,考慮，想：～下先丨～縮數丨～計仔丨～掂未啊<想好了嗎>？丨我喺度～野丨～真啲喇丨～度[tɔk˨] <思忖>丨～頭丨～唔掂<想不通> ‖ 集韵侵韵尼心切：“思也”,336,,已校,
7153,恁住,,nam4*2 zyu6,,準備，惦記者：我～聽日去探下佢<我想明天去看他>,336,,已校,
7154,恁計,,nam4*2 gai3*2,,想計策，想辦法,336,,已校,
7155,恁頭,,nam4*2 tau4,,念頭，想法：有乜～啊？,336,,已校,
7156,恁掂,,nam4*2 dim6,,想通：你～未啊？丨恁唔掂,336,,已校,
7157,恁真,,nam4*2 zan1',,想清楚，仔細考慮：你～至好做丨～啲<好好想想>,336,,已校,
7158,恁落,,nam4*2 lok6,,細想一下：～又係嘅<細想想也對>,336,,已校,
7159,恁縮數,,nam4*2 suk1 sou3,,想着少花錢，打小算盤（有“吝嗇”義）,336,,已校,
7160,腍,,nam4,,①煮得爛熟、酥軟：豬肉煮得好～丨佢食得～，唔食得硬嘅丨水柿硬，紅柿～ ②不脆，軟：花生放得太耐，～咗丨啲餅乾～晒丨～皮煎𩛍 ③引申爲性柔和，隨和，不易發火。又喻軟弱：～皮光棍丨佢人太～，冇釐火氣丨～過佛 ‖ 《玉篇》卷七：“忍甚切，熟也。”廣韵寫作“䭃”，如甚切：“熟食。”古次濁上聲今應讀陽上，但口語變讀陽平,336,,已校,
7161,腍□□,,nam4 be4 be4,,①（物）鬆軟 ②（人）性格柔和，不會發脾氣,336,,已校,
7162,腍馴,,nam4 seon4,,和善，隨和,336,,已校,
7163,腍善,,nam4 sin6,,和善：～得人和<熟語>,336,,已校,
7164,腍䏘䏘,,nam4 pat6 pat6,,①（物）鬆軟貌，軟乎乎 ②（人）性和善，不會發脾氣 ‖ 䏘，《玉篇》：“普栗切，肚肥也。”《類篇》普栗切：“肉多”,336,,已校,
7165,淰,,nam6,,①筆尖上（墨水）蘸得太飽：墨水點得好～丨枝筆好～ ②（墨水）在紙上湮開：張紙太薄，墨水～開咯 ③水濕透貌：件衫濕到～，快啲換喇丨浸到～ ‖ 借用字,336,,已校,
7166,淰啲筆,,nam6 di1 bat1,,指捐錢捐多些。原義是下筆粗重一些，墨濃而多一些：～喇，捐多啲喇,336,,已校,
7167,淰瀼,,nam6 nong6,,（衣物）吸水過多貌：濕到～ ‖ 瀼，廣韵陽韵汝陽切：“露濃貌。”今口語讀音略有變異,336,,已校,
7168,䣸瞓,,nam6 fan3,,睡得太熟，以致什麼都不知道（與“醒瞓”相對），北京説“睡得太死”或“睡死了”：佢好～㗎，打佢都唔醒 ‖ 䣸，集韵勘韵奴紺切：“䬼也。”䬼，廣韵勞韵烏縣切：“饜飽”,336,,已校,
7169,㝝,,lam1,,蕾：花～丨草菇～ ‖ 集韵侵韵犂針切：“室深也。”借用字,336,,已校,
7170,㝝,,lam1',,①花朵萎謝垂下貌：啲花～咗嘞 ②半張開半收攏貌：整～啲把遮，人太逼啊<把傘收攏些，人太擠了>丨將把遮～埋<把傘收起來>丨半～門<半掩門>,336,,已校,
7171,㝝弓頭,,lam1' gung1 tau4*2,,漢字偏旁，寳蓋頭,337,,已校,
7172,惏,,lam1',,①（用毛髮等細長而軟之物）撩撥：用草～蟋蟀丨用燈心～下佢個鼻 ②輕輕搔：～下佢膈肋底<抓一下他的腋下>丨～下佢腳底板 ‖ 集韵侵韵犂針切：“惏慄，寒也。”借用字,337,,已校,
7173,惏心,,lam1' sam1',,皮膚被抓癢的感覺：撓腳板堂好～嘅,337,,已校,
7174,啉,,lam1',,用言語使人聽從：佢唔肯去睇電影，我～到佢去 ‖ 集韵覃韵盧含切：“聒也”,337,,已校,
7175,啉㗚,,lam1' leot1,,①語言煩瑣，囉唆 ②小兒咿呀有所求 ‖ 㗚，廣韵質韵力質切：“嘍㗚，言不了也”,337,,已校,
7176,淋,,lam4,,①灑，澆：～濕晒個身丨～啲水落去 ②澆灌：～花丨～菜唔好～得濕過頭噃！,337,,已校,
7177,淋瀨,,lam4 laai6,,淋漓，水滿而溢出貌：水滿到淋淋瀨瀨,337,,已校,
7178,淋淋瀋瀋,,lam4*2 lam4*2 sam2 sam2,,①瑣瑣碎碎，各色各樣：你食埋晒啲～嘅野，有乜好處呢！ ②零亂：你攪到啲野～，好唔整齊,337,,已校,NA：現在（2020s）該詞習讀lam4 lam4 sam2 sam2。
7179,淋淋𰃴<⿱冖贛>𰃴<⿱冖贛>,,lam4*2 lam4*2 kam2 kam2,,遮遮掩掩，見不得人：問起佢上來，佢都係～就算嘞,337,,已校,
7180,淋瀋,,lam4*2 sam2,,①事情，物件（有神秘意味）：你個袋裏便有啲乜野～啊？丨你兩個攪啲乜野～啊？ ②零零碎碎：買埋晒啲～野,337,,已校,NA：現在（2020s）該詞習讀lam4 sam2。
7181,淋擒,,lam4 kam4,,①喉急，狼吞虎咽：佢食飯好～嘅 ②忙不迭，快而馬虎：佢做嘢好～,337,,已校,NA：原書用例中即用“嘢”字而非“野”。
7182,臨天光瀨尿,,lam4 tin1' gwong1' laai6 niu6,,熟語。快天亮時尿了牀，比喻接近成功時出了岔子，全盤皆失,337,,已校,
7183,臨急臨忙,,lam4 gap1 lam4 mong4,,早不準備，到時手忙腳亂,337,,已校,
7184,臨帖,,lam4 tip3*2,,照着字帖習字,337,,已校,
7185,㨆𡖓,,lam5 dam2,,陸續不斷地，接二連三地：～起屋丨～咁食丨～咁着丨～咁走<亂跑> ‖ 𡖓，廣韵感韵都感切：“玉篇云多也”,337,,已校,
7186,□,,lam3,,坍塌：～臺<倒臺>丨間屋～落來<房子塌了>,337,,已校,
7187,□班,,lam3 baan1,,（學生）蹲班，留級,337,,已校,
7188,□檔,,lam3 dong3,,①垮臺，倒臺 ②倒閉，歇業,337,,已校,
7189,罧,,lam6,,①摞（起來），多用於大件的笨重的東西：將幾隻箱～起丨～高佢丨～人山<叠羅漢> ②堆，叢：工夫～<成堆的工作>丨𠢠～<比喻難辦的事、棘手的事> ③量詞。相當於“堆、垛、片”等：一～柴（屋、禾、草、磚、米包、箱、木材、石頭） ‖ 集韵侵韵犂針切：“積柴水中聚魚也。”平聲來母。又沁韵所禁切，注同。去聲生母。今廣州讀如去聲來母,337,,已校,
7190,罧人堆,,lam6 jan4 deoi1',,形容人山人海,337,,已校,
7191,罧人山,,lam6 jan4 saan1',,叠羅漢的俗稱,337,,已校,
7192,針,,zam1,,指某些細而短小的，一端有尖的東西：去醫院打～丨用織～織冷衫丨鐘錶有長～、短～丨鈎～丨包～<縫麻包的大針>,337,,已校,
7193,針口,,zam1 hau2,,打針之後，皮膚上留下的小孔,338,,已校,
7194,針嘴,,zam1 zeoi2,,注射器的針尖,338,,已校,
7195,針,,zam1',,①指某些細而短小的，一端有尖的東西：大頭～｜買一口～來聯衫 ②（蜂）蜇，（蚊子）叮：佢唔怕蚊～｜畀黄蜂～親<被黄蜂蜇傷了>｜蜜蜂～人好痛㗎,338,,已校,
7196,針黹,,zam1' zi2,,針綫活兒：佢嘅～好好㗎,338,,已校,
7197,針鼻削鐵,,zam1' bei6 soek3 tit3,,①喻在細微處找便宜，效益差 ②貪得無厭，錙銖必較,338,,已校,
7198,針眼,,zam1' ngaan5,,縫衣針的針鼻兒（穿綫的小孔）‖ 也叫“針鼻 zam1' bei6”,338,,已校,
7199,針嘜,,zam1' mak1,,自捲的紙煙的俗稱：佢揸住枝～,338,,已校,
7200,針腳,,zam1' goek3,,衣物上縫綫的痕迹：呢件衫～好密 ‖ 也叫“縫步 sin3 bou6”,338,,已校,
7201,砧板,,zam1' baan2,,切菜、肉用的板：～師傅<酒樓中管切菜、肉的廚師>,338,,已校,
7202,砧板蟻,,zam1' baan2 ngai5,,比喻貪吃者：佢係～,338,,已校,
7203,斟,,zam1',,①倒（茶水等）：～茶｜～酒｜～瀉咗<倒灑了> ②合計，商談：同你～一～｜～生意｜密～｜～妥咯｜冇得～,338,,已校,
7204,斟盤,,zam1' pun4*2,,①商量生意，談買賣 ②引申爲一般的計議事情，談判,338,,已校,
7205,枕,,zam2,,枕頭（不單用）：瓷～｜涼～｜藤～｜～頭,338,,已校,
7206,枕住,,zam2 zyu6,,副詞。不停地，一個勁兒地：～食口䏠𦠿<不停地吃零食>,338,,已校,
7207,枕頭,,zam2 tau4,,睡覺時墊在頭部的用具：～袋｜～心｜～巾,338,,已校,
7208,枕頭袋,,zam2 tau4 doi6*2,,枕頭套,338,,已校,
7209,枕頭狀,,zam2 tau4 zong6,,妻子在枕邊向丈夫告别狀：告～,338,,已校,
7210,枕,,zam3,,把枕頭放在頭底下：佢～兩個枕頭,338,,已校,
7211,浸,,zam3,,①泡：用水～一～｜三蛇～酒｜蒜頭～醋｜～濕啲布咯 ②（水）淹：水～街咯｜我鄉下畀水～ ③一種烹調法，用微火慢煮、炸熟（食物）：油～蝦仁｜油～鮮魚｜將成隻鷄用鹵水～熟,338,,已校,
7212,浸酒,,zam3 zau2,,①釀酒：佢好會～嘅 ②把果子、藥材或其他補品泡入酒中：畀啲何首烏～｜麻鷹可以～,338,,已校,
7213,□,,zam3,,層（不能用於樓）：水面浮起一～油｜鋪一～沙，又一～石仔｜𰃴<⿱冖贛>多～被<多蓋一層被>｜着多～衫,338,,已校,
7214,沉,,zam6,,沉没，淹没：船冇底，～死兩個番鬼仔<兒歌> ‖ 集韵泌韵直禁切：“没也”,338,,已校,
7215,沉豬籠,,zam6 zyu1 lung4,,舊時封建家族的族長，將觸犯族規的族人裝入豬籠投進水中淹死,338,,已校,
7216,沉底,,zam6 dai2,,没入水底：船～咯！,338,,已校,
7217,朕,,zam6,,量詞。股，陣（用於煙、氣味等）：一～煙｜好大～𡃴<好大一股味兒> ‖ 同音字,338,,已校,NA：用例中“𡃴”在原書中作詞頭時用“𪡷”。
7218,浸,,cam1',,①（以水或其他液體）加進去，混入：～啲水落去 ②（人）參加進去：人地喺處玩，佢～入來｜～唔～佢啊？｜～埋佢喇<接受他吧，加上他吧>｜～埋你玩 ‖ 集韵侵韵千尋切：“浸淫漸漬”,338,,已校,
7219,浸水,,cam1' seoi2,,對水，加水：粥太傑，要～<粥太稠，要加水>,338,,已校,
7220,沉沉䠩䠩,,cam4 cam4 gui6 gui6,,疲累之極 ‖ 䠩，集韵廢韵逵穢切：“一曰倦也”,339,,已校,
7221,沉實,,cam4 sat6,,（人）踏實，實在：呢個人好～嘅,339,,已校,
7222,尋㝝,,cam4 lam1',,專會探尋秘密：佢咁～嘅，我啲野收得咁密，佢都搵到 ‖ 㝝，集韵侵韵犂針切：“室深也”,339,,已校,
7223,尋晚,,cam4 maan5,,昨天晚上 ‖ 尋，同音字。也説“琴晚 kam4 maan5”,339,,已校,
7224,尋晚黑,,cam4 maan5 hak1,,昨天晚上 ‖ 尋，同音字。也説“琴晚黑 kam4 maan5 hak1”,339,,已校,
7225,尋趁,,cam4 can3,,①藉由頭刁難、作弄人：好嘅就唔來～我 ②找人借錢或有所求：我咁窮，佢都來～我,339,,已校,
7226,尋日,,cam4 jat6,,昨天 ‖ 也説“琴日 kam4 jat6”,339,,已校,
7227,尋日朝,,cam4 jat6 ziu1,,昨天早上 ‖ 也説“琴日朝 kam4 jat6 ziu1”,339,,已校,
7228,諃氣,,cam3 hei3,,嘮叨不止：乜你咁～嘅，成日都講唔完 ‖ 諃，集韵侵韵癡林切：“善言。”古清音平聲，今口語讀陰去聲,339,,已校,
7229,諃贅,,lam3 zeoi3,,囉唆，説話重複不已,339,,已校,
7230,參,,sam1,,①人參：身體弱，買啲～食下喇 ②肉票，土匪綁走的人質：標～<綁票兒>丨拉～<綁票兒>丨窩～丨贖～,339,,已校,
7231,心掛掛,,sam1' gwaa3 gwaa3,,老想着，心中牽掛着,339,,已校,
7232,心火盛,,sam1' fo2 sing6,,煩躁，生氣上火：乜你咁～啊！,339,,已校,
7233,心多,,sam1' do1',,①心眼兒多 ②不專心，什麼都想試一試 ③惦念（别人）,339,,已校,
7234,心多多,,sam1' do1 'do1',,三心二意，拿不定主意,339,,已校,
7235,心知肚明,,sam1' zi1' tou5 ming4,,心中明白，心照不宣：你自己做嘅事，你都～嘅喇丨鷄食放光蟲，～<歇後語>,339,,已校,
7236,心思思,,sam1' si1' si1',,心中老是想做（某事），對某事念念不忘,339,,已校,
7237,心事,,sam1' si6,,體貼，關心：佢好好～<他對人很體貼>丨唔好～<對人不關心，冷淡>丨佢對人都冇乜～<他對人不關心體貼>,339,,已校,
7238,心大心細,,sam1' daai6 sam1' sai3,,三心二意，拿不定主意：呢件事我都～ ‖ 也説“把心唔定 baa2 sam1' m4 ding6”,339,,已校,
7239,心翳,,sam1' ai3,,①食滯，胸中發悶：食豬肉太多，個心好翳 ②有心事，不痛快：我好～<心裏憋得慌>,339,,已校,
7240,心没,,sam1' mei6,,沉迷（於某事）：個心都没晒落去<全心沉迷進去> ‖ 没，集韵隊韵莫佩切：“沉溺也”,339,,已校,
7241,心地,,sam1' dei6*2,,心眼兒：好～丨佢～都幾好嘅,339,,已校,
7242,心機,,sam1' gei1',,①心思，心緒：冇～做野丨畀～讀書<努力學習>丨畀～休息<好好休息>丨畀～做人<好好做人>丨有～讀書<專心讀書> ②耐心，耐性：好～<很有耐性>丨畀啲～去做<耐心去幹>,339,,已校,
7243,心氣痛,,sam1' hei3 tung3,,心口疼，胃疼,339,,已校,
7244,心灰,,sam1' fui1',,灰心：我心都灰晒,339,,已校,
7245,心頭高,,sam1' tau4 gou1',,心氣高，志向高,339,,已校,
7246,心口,,sam1' hau2,,胸口：抌～丨～毛,339,,已校,
7247,心口針,,sam1' hau2 zam1,,胸針，别在胸前的裝飾物,339,,已校,
7248,心躁,,sam1' cou3,,心中煩躁：～就發得夢多嘅嘞丨做事咁～嘅！,340,,已校,
7249,心照,,sam1' ziu3,,心照不宣：大家～喇！,340,,已校,
7250,心水,,sam1' seoi2,,①心意，心思，意圖：呢件衫合唔合你～啊？②心緒，心情：有乜～去睇戲啊？丨叠埋～<塌下心來>,340,,已校,
7251,心水清,,sam1' seoi2 cing1',,①情緒平靜，頭腦清楚：我冇你咁～，唔想去丨佢雖然年紀大，心水好清 ②有心勁：你真係～<你真有心勁>,340,,已校,
7252,心淡,,sam1' taam5,,灰心失望：做人做到～丨心都淡晒<心都涼透了>,340,,已校,
7253,心甘,,sam1' gam1',,心中情願：即使我唔去參加，我都～咯丨～情願,340,,已校,
7254,心甜,,sam1' tim4,,心中痛快：心都甜晒<非常滿意>丨做到噉都～咯,340,,已校,
7255,心滾,,sam1' gwan2,,怒火沸騰：睇見都～咯丨激到心都滾晒,340,,已校,
7256,心肝,,sam1' gon1',,①意向，心思：你摸唔中佢～<你摸不着他的意向> ②頭腦，記性：乜你咁～嘅，呢一件事都唔記得,340,,已校,
7257,心肝命椗,,sam1' gon1' meng6 ding3,,①喻所靠以終老之子或孫 ②喻最心愛的物或人 ‖ 椗，俗字，蒂也,340,,已校,
7258,心肝椗,,sam1' gon1' ding3,,心肝兒，寳貝：仔係蜜糖埕，女係～<熟語>,340,,已校,
7259,心驚膽跳,,sam1' geng1' daam2 tiu3,,心驚膽戰,340,,已校,
7260,心䁝䁝,,sam1' jing4 jing4,,心中有些犯疑 ‖ 䁝，廣韵清韵余傾切：“惑也”,340,,已校,
7261,心涼,,sam1' loeng4,,心中痛快：我心都涼晒，睇見槍決個惡霸,340,,已校,
7262,心忙心愴,,sam1' mong4 sam1' cong3,,心神慌亂，突如其來的事不知如何應付：攪到我～,340,,已校,
7263,心懵面精,,sam1' mung2 min6 zeng1',,貌似聰明，其實很笨,340,,已校,
7264,心痛,,sam1' tung3,,愛惜，珍愛：佢～太過自己仔女,340,,已校,
7265,心鬆,,sam1' sung1',,①得意：你睇佢笑得幾～ ②放心：我辦完呢件事，都～咯,340,,已校,
7266,心實,,sam1' sat6,,憂慮，一籌莫展：睇到咁多工夫做唔完，心都實晒,340,,已校,
7267,心溺,,sam1' nik1,,憂心，揪心：咪咁～喇丨嬲到我心都溺晒丨咁慘嘅，聽見心都溺晒 ‖ 溺，廣韵錫韵奴歷切：“憂貌”,340,,已校,
7268,心息,,sam1' sik1,,灰心，死心：話來説去都係噉，我都～嘞,340,,已校,
7269,心足,,sam1' zuk1,,心中滿足：你噉都～嘅喇<你這樣也滿足了吧>,340,,已校,
7270,心㤢㤢,,sam1' juk1 juk1,,動了心，有意：佢聽到呢件事都～咯 ‖ 㤢，集韵屋韵乙六切：“心動”,340,,已校,
7271,參薯,,sam1' syu4*2,,一種薯類，長條形，皮灰白色，肉質淺黄白色，有黏液，宜和臘肉同煮食,340,,已校,
7272,深究,,sam1' gau3,,淵博：學問～,340,,已校,
7273,深睛凸額,,sam1' zing1' dat6 ngaak6,,形容人長得醜,340,,已校,
7274,糝,,sam2,,撒（粉末、顆粒之類）：菜好淡，～啲鹽落去丨～白灰丨～啲胡椒粉丨～脂麻 ‖ 集韵感韵桑感切：“説文以米和羹也。一曰粒也”,340,,已校,
7275,嬸,,sam2,,叔父之妻：二～丨三～丨阿～丨大～<對長輩婦女的尊稱>,340,,已校,
7276,嬸母,,sam2 mou5,,妯娌：佢地係兩～<她們是妯娌倆>,340,,已校,
7277,滲井,,sam3 zeng2,,滲污水用的深井 ‖ 也叫“沙井 saa1' zeng2”,340,,已校,
7278,甚至無,,sam6 zi6 mou4,,甚至，甚至於：～噉樣做，你都話我唔好,341,,已校,
7279,金,,gam1,,①黄金，金子：執到～都唔笑丨炒～<倒賣黄金>丨～戒指丨～器 ②金質的：～耳環 ③特指死人骨頭（移葬親人骨殖時）：執～<撿骸骨>丨～䍇,341,,已校,
7280,金牛,,gam1 ngau4,,喻貴重之物：重好似歡喜過執到～噉<好像比拾到金牛還高興似的>,341,,已校,
7281,金水,,gam1 seoi2,,金價：近年來～好貴,341,,已校,
7282,金山,,gam1 saan1,,舊時對美國的俗稱：～橙丨～蘋果丨～客,341,,已校,
7283,金山丁,,gam1 saan1 ding1,,舊時指易受愚弄的美洲、澳洲的富有華僑,341,,已校,
7284,金山伯,,gam1 saan1 baak3,,舊時指由舊金山回國的華僑，僑居過舊金山的華僑 ‖ 簡稱“阿伯 aa3 baak3”,341,,已校,
7285,金䍇,,gam1 taap3,,骨殖罎子，舊時移葬先人骨殖時用 ‖ 䍇，集韵盍韵託盍切：“説文瓨也。”集韵考正：“案説文⋯下平缶也”,341,,已校,
7286,柑,,gam1,,柑子：潮州～丨茶枝～丨蜜桶～丨～皮丨～核,341,,已校,
7287,今個月,,gam1' go3 jyut6,,這個月：阿炳～畀老板炒咗魷魚,341,,已校,
7288,今朝,,gam1' ziu1',,今天早上：我～一天光就起身咯 ‖ 也説“今朝早 gam1' ziu1' zou2”,341,,已校,
7289,今晚,,gam1' maan5 hak1,,今天晚上 ‖ 也説“今晚黑 gam1' maan5 hak1”,341,,已校,NA：原書詞頭注音應多出音節hak1。
7290,今匀,,gam1' wan4,,這次，此次：～輪到我去嘞啩<這回該我去了吧>,341,,已校,
7291,今年,,gam1' nin4*2,,本年 ‖ 也説“今年時 gam1' nin4*2 si4”,341,,已校,
7292,今日,,gam1' jat6,,今天 ‖ 説快時變成 gam1' mat6,341,,已校,
7293,甘,,gam1',,①（食物）甜津津的味道：味道好～ ②（看書等）津津有味：佢書睇得好～,341,,已校,
7294,甘心份氣,,gam1' sam1' fan6 hei3,,甘心情願，服氣,341,,已校,
7295,甘甘涼涼,,gam1' gam1' loeng4 loeng4,,又甜又涼：食完甘草檸檬，個口～丨嗰啲茶好飲，飲完個口～,341,,已校,
7296,甘份制,,gam1' fan6 zai3,,安分守己：我地都要甘下份制喇 ‖ 佢地都唔係～嘅人,341,,已校,
7297,金,,gam1',,①金子的顔色：～魚丨～絲雀丨～針丨～豬丨～銀紙<做燒紙用>丨～銀潤丨～環蛇 ②比喻貴重，尊貴：～字招牌丨～口玉言,341,,已校,
7298,金笸籮,,gam1' bo1 lo1,,珍貴之物，喻極受寵愛的孩子：呢個仔係佢嘅～來㗎,341,,已校,
7299,金字架,,gam1' zi6 gaa3*2,,舊式房屋兩側山牆上的屋架，呈“金”字形,341,,已校,
7300,金豬,,gam1' zyu1,,燒烤的整豬，還願時供神用的或婚嫁時用的燒豬，都叫此名，爲取吉利,341,,已校,
7301,金魚茜,,gam1' jyu4 sai1,,置於金魚缸内的水草,341,,已校,
7302,金魚黄,,gam1' jyu4 wong4*2,,一種黄顔色：佢衫係～色嘅,341,,已校,
7303,金鷄,,gam1' gai1,,舊式屋脊上的瓦公鷄，迷信者認爲是辟邪的：喺瓦脊整隻～，嗰啲擋煞嘅喇,341,,已校,
7304,金鷄瓦,,gam1' gai1 ngaa5,,牆頭上插的碎瓦片、瓷器片，用以防盜賊,341,,已校,
7305,金針,,gam1' zam1',,乾黄花菜,341,,已校,
7306,金蘭柚,,gam1' laan4 jau6*2,,用做觀賞物的一種好看而不好吃的柚子,341,,已校,
7307,金銀潤,,gam1' ngan4 jeon6*2,,一種臘味，臘豬肝包着肥肉製成,342,,已校,
7308,金筍,,gam1' seon2,,胡蘿蔔 ‖ 也叫“紅蘿蔔 hung4 lo4 baak6”,342,,已校,
7309,金錢餅,,gam1' cin4 beng2,,舊時的一種餅食，形如銅元大小,342,,已校,
7310,金橘,,gam1' gwat1,,一種小的長圓橘子，味酸,342,,已校,
7311,金腳帶,,gam1' goek3 daai3,,金環蛇的俗名，是著名的“三蛇”之一,342,,已校,
7312,感暑,,gam2 syu2,,因暑熱而生病，中暑：出去要擔遮噃，唔係就要～噃<出門要打傘哪，不然就會中暑的啊> ‖ 也説“中暑 zung3 syu2”、“焗暑 guk6 syu2”或“暑親 syu2 can1”,342,,已校,
7313,噉,,gam2,,①這樣，這麼着；那樣，那麼着：～食唔得嘅<這樣吃不行的>丨唔係～做，係要～做嘅<不是那樣做，要這樣做>丨～嘅咩<是這樣的嗎>？丨佢～話<他這樣説>丨就～喇<就這樣吧>丨～又唔係噃<那倒不是> ②那麼：～我行先嘞<那麼，我先走了>丨～就麻煩你嘞<那就麻煩你了> ‖ 俗字。也説“噉樣”,342,,已校,
7314,噉頭,,gam2 tau4*2,,放在句子最後，表示像…似的，…的樣子：好似落雨～丨阿愗～<呆子似的>丨買水～<垂頭喪氣貌>丨禾熟～<瞌睡貌>,342,,已校,
7315,噉就,,gam2 zau6,,那就：～最好喇丨你唔讀書，～点識得野呢<你不念書，那麼怎能學得東西呢>？,342,,已校,
7316,噉樣,,gam2 joeng6*2,,①這樣，這麼着；那樣，那麼着：唔准～丨就～喇丨～做唔得嘅丨唔係～做，係要～做嘅 ②那麼：～我先行嘞 ‖ 也説“噉”,342,,已校,
7317,噉樣嘅,,gam2 joeng6*2 ge3,,這樣的，那樣的：要買～書，唔要～丨～野唔好買丨～人真係乞人憎<這樣的人真是討人嫌>丨我幾時講過啲～話啊？ ‖ 也説“噉嘅”,342,,已校,
7318,錦菜,,gam2 coi3,,五柳料之一，做五柳魚用，是腌製的酸甜菜絲,342,,已校,
7319,咁,,gam3,,這麼，那麼：～衰丨～醜怪丨～快就到嘞丨佢行得～慢嘅丨～少，我唔要丨有～快，得～快<能多快，就多快>丨佢個野～水皮嘅丨呢啲有嗰啲～好 ‖ 俗字,342,,已校,
7320,咁多,,gam3 do1',,①這麼多：唔使～，要咁多[tɔ˥]<這麼點兒>就夠嘞丨唔好講～嘞<别多説了> ②多少：有～攞～<有多少拿多少>,342,,已校,
7321,咁大個仔,,gam3 daai6 go3 zai2,,長這麼大（男性）：～未試過畀人鬧<長這麼大没挨過駡>,342,,已校,
7322,咁滯,,gam3 zai6,,①好像要…的樣子：個天想落雨～<好像要下雨>丨你睇佢想打人～ ②大約，差不多：重有幾多飯啊？ ——重有兩碗～喇丨唔使急，重有成點鐘～丨你咁遲來，餸食晒～嘞<菜差不多吃光了>丨我借嘅書，睇晒～嘞,342,,已校,
7323,禁生腳,,gam3 saang1' goek3,,不許生人進來,342,,已校,
7324,㩒,,gam6,,用手往下按：～低佢個頭丨牛唔飲水唔～得牛頭低<熟語> ‖ 廣韵沁韵巨禁切：“説文云持止也，亦作㩒”,342,,已校,
7325,㩒下盅,,gam6 haa5 zung1,,俗指去茶樓飲茶：佢請我去～丨去惠如樓～喇 ‖ 也説“㩒焗盅蓋 gam6 guk6 zung1 goi3”,342,,已校,
7326,㩒鷓鴣,,gam6 ze3 gu1,,喻乘機敲竹杠，設圈套騙財：佢畀人～咯 ‖ 也説“裝鷓鴣 zong1' ze3 gu1”,342,,已校,
7327,㩒住頭,,gam6 zyu6 tau4,,低着頭，指埋頭：～去做丨～來寫文章丨～來食<一味地吃>,342,,已校,
7328,㩒掣,,gam6 zai3,,按電鈕，按動開關,343,,已校,
7329,㩒地游水,,gam6 dei6 jau4 seoi2,,喻原地踏步，没有變化,343,,已校,
7330,㩒水,,gam6 seoi2,,放在水裏略按一按：啲衫唔使用梘，撳下水就得咯,343,,已校,
7331,㩒釘,,gam6 deng1,,圖釘，摁釘,343,,已校,
7332,㩒風琴,,gam6 fung1' kam4,,彈奏風琴,343,,已校,
7333,㩒鐘,,gam6 zung1,,舊時一種桌鈴，用手按響以喚人,343,,已校,
7334,禁,,kam1',,①耐久，指物：呢對鞋好～着｜～磨｜～洗｜～使｜～用｜～睇｜～食 ②受得住，指人：佢身體唔好，唔～捱｜～得打 ‖ 廣韵侵韵居今切：“力所加也，勝也。”古見母字，今讀如溪母,343,,已校,
7335,禁處,,kam1' cyu2,,①（人）靠得住：佢個人好～嘅 ②（物件）耐用：我張枱雖然唔好樣啫，但係好～嘅,343,,已校,
7336,禁死,,kam1' sei2,,不易死：海狗魚好～㗎，劏咗好耐重生<宰完半天仍活着> ‖ 也説“禁生”,343,,已校,
7337,禁做,,kam1' zou6,,不易做完，一時做不完：呢檔野禁得你做咯,343,,已校,
7338,禁新,,kam1' san1',,不易變舊或變色：朱義盛貨係假野，但係～ ‖ 參看“朱義盛貨 zyu1' ji6 sing6*2 fo2”,343,,已校,
7339,禁生,,kam1' saang1',,不易死：呢隻鷄好～㗎，劏咗兩刀都唔死！｜隻曱甴[kat˨ tsat˨]<蟑螂>好～㗎，打佢都唔死 ‖ 也説“禁死”,343,,已校,NA：“曱甴”在原書其他詞條或作“甴曱”。
7340,禁行,,kam1' haang4,,①能走長路而不累：佢好～嘅 ②路程遠：條路咁長，禁得你行咯<夠你走的>,343,,已校,
7341,禁得睇,,kam1' dak1 tai2,,①可以看很久：咁多本書真係～ ②好看，禁看：佢個老婆真～，唔係𥈊[sap˧]眼嬌嘅人<他的老婆很禁看，不是初看不錯，細看則不然的人>,343,,已校,
7342,禁得鬧,,kam1' dak1 nau6,,要挨一頓駡：呢句你就～嘞,343,,已校,
7343,禁色,,kam1' sik1,,不易變色或褪色：蝦肉色最好，又～，又好睇,343,,已校,
7344,襟兄弟,,kam1' hing1' dai6,,連襟，姐妹們的丈夫之間互稱,343,,已校,
7345,襟章,,kam1' zoeng1,,胸章,343,,已校,
7346,唫青,,kam4 ceng1',,①緊張，毛躁：咪咁～啊，你慌冇你份咩！ ②渴望，急不可待：搵愛人搵到～｜唫晒青<太急於得到> ‖ 唫，廣韵寢韵渠飲切：“説文云口急也。”古全濁上聲今應讀陽上，口語讀如陽平,343,,已校,
7347,擒,,kam4,,攀登：～上樹｜～樓梯｜～上天棚｜～高挖低 ‖ 同音字,343,,已校,
7348,擒爬,,kam4 paa4,,（小兒）淘氣，爬上爬下：到處～,343,,已校,
7349,擒䞚,,kam4 ke6,,（小兒）調皮，喜歡爬高：個細路好～嘅 ‖ 䞚，廣韵支韵巨支切：“説文曰緣大木也。一曰行貌。”讀書音 kei4，這裏是口語音,343,,已校,
7350,擒高挖低,,kam4 gou1' waa2 dai1',,爬上爬下：個細路成日～，好似隻馬留咁<好像猴子似的> ‖ 也説“擒高擒低 kam4 gou1' kam4 dai1'”,343,,已校,NA：用例中的“馬騮”在原書其他條目多作“馬留”。
7351,蠄爬,,kam4 paa4,,癩蝦蟆的俗稱：～食月<俗指月蝕>,343,,已校,
7352,蠄蟧,,kam4 lou4*2,,一種長腿的不結網的蜘蛛，産卵塊形如白色小盒，卵子藏在内 ‖ 俗字,343,,已校,
7353,蠄蟧絲網,,kam4 lou4 si1' mong5*1,,蜘蛛網,343,,已校,
7354,蠄蟧盒,,kam4 lou4 hap6*2,,長腿蜘蛛的盛卵的小囊，常背在背上，小蜘蛛出來之後即脱落,344,,已校,
7355,蠄蟝,,kam4 keoi4*2,,蟾蜍，俗名癩蛤蟆 ‖ 俗字，本字應爲“蟾蜍”。口語變讀此音,344,,已校,
7356,扻,,kam2,,（用手掌）往下打：～佢兩巴掌｜大巴～佢 ‖ 集韵感韵苦感切：“擊也”,344,,已校,
7357,扻波,,kam2 bo1,,（排球、乒乓球比賽時）扣球 ‖ 波，英文 ball 的音譯,344,,已校,
7358,𰃴<⿱冖贛>,,kam2,,①以物遮蓋：～住被｜～蓋｜臭屎密～<家醜不外揚>｜～住啲菜｜◇佢把聲～過咗人地嘅聲 ②剿滅，連窩兒端：～賭<抓賭>｜～竇<剿匪窩> ‖ 集韵感韵古禫切：“蓋也。”古見母，今口語讀如溪母,344,,已校,
7359,𰃴<⿱冖贛>過頭瞓,,kam2 gwo3 tau4 fan3,,以被蒙着頭睡覺,344,,已校,
7360,𰃴<⿱冖贛>唔過,,kam2 m4 gwo3,,賺得少，賠得多；賺賠不相抵 ‖ 也説“蓋唔過 koi3 m4 gwo3”,344,,已校,
7361,𰃴<⿱冖贛>斗,,kam2 dau2,,商店停業，倒閉,344,,已校,
7362,𰃴<⿱冖贛>竇,,kam2 dau3,,清剿匪巢 ‖ 也叫“踢竇 tek3 dau3”,344,,已校,
7363,𰃴<⿱冖贛>冚,,kam2 ham6,,蓋嚴：～個盅飯｜～啲<蓋嚴點兒> ‖ 冚，俗字,344,,已校,
7364,𰃴<⿱冖贛>檔,,kam2 dong3,,①商店停止營業，倒閉 ②指軍警抓捕非法的營業,344,,已校,
7365,𰃴<⿱冖贛>得過,,kam2 dak1 gwo3,,賺賠相抵；有時賺，有時賠 ‖ 也説“蓋得過 koi3 dak1 gwo3”,344,,已校,
7366,妗,,kam5,,舅母：大～｜～母 ‖ 集韵沁韵巨禁切：“俗謂舅母曰妗。”古全濁去聲今應讀陽去，今口語讀陽上,344,,已校,
7367,妗婆,,kam5 po4,,父親的舅母,344,,已校,
7368,妗有,,kam5 jau5,,舅母的俗稱 ‖ 因“母”與“冇”同音，避忌而改爲“有”,344,,已校,
7369,妗母,,kam5 mou5,,舅母的通稱，口語多用,344,,已校,
7370,吟,,ngam4,,喃喃，囉嗦：～沉｜～～沉沉｜自～自語｜～～聲｜唔知佢～乜野 ‖ 口語音，讀書音 jam4,344,,已校,
7371,吟沉,,ngam4 cam4,,小聲喃喃自語，表示不滿,344,,已校,
7372,撢,,ngam4,,摸，掏：～荷包<掏錢包>｜～啲添<再掏一點>｜～穿袋｜～衫袋｜～出幾個銀仔 ‖ 口語音，廣韵侵韵餘針切：“探也。”讀書音 jam4,344,,已校,
7373,撢穿袋,,ngam4 cyun1' doi6*2,,掏破衣袋：～都撢唔到一分錢,344,,已校,
7374,含,,ham4,,放入口中，不咽下也不吐出：～住一啖水｜～白欖,344,,已校,
7375,含書識墨,,ham4 syu1' sik1 mak6,,有學問，有學識：佢～㗎，唔好睇小佢啊,344,,已校,
7376,煔煔聲,,ham4 ham4*2 seng1',,①形容火勢猛：～着火 ②興隆、旺盛貌：舊時佢～做生意，撈大錢 ‖ 煔，廣韵談韵胡甘切：“火上行貌”,344,,已校,
7377,坎,,ham2,,碰，撞：～親頭｜～崩額頭｜～頭埋牆｜～爛個碗咯 ‖ 集韵感韵苦感切：“擊也”,344,,已校,
7378,坎頭埋牆,,ham2 tau4 maai4 coeng4,,①把頭撞上牆，喻自懲：你～喇 ②喻自己作賤：边個叫你～吖！,344,,已校,
7379,坎,,ham2,,量詞。用於大炮：有好多～大炮 ‖ 廣韵感韵苦感切：“險也，陷也”,344,,已校,
7380,臽,,ham2,,臼：舂～<舂米的石臼> ‖ 廣韵感韵苦感切：“小穽名也”,345,,已校,
7381,坎壆,,ham2 bok3,,保護水田的土石築的堤壩 ‖ 坎，集韵勘韵苦紺切：“險岸。”又寫作“墈”。壆，訓讀字，堤,345,,已校,
7382,嵌,,ham3,,鑲嵌：～入去,345,,已校,
7383,嵌牀,,ham3 cong4,,①把牀安裝好：嵌好大牀未啊？ ②在大牀旁接一塊板使之加寬,345,,已校,
7384,冚,,ham6,,①嚴密：𰃴<⿱冖贛>～啲<蓋嚴些>｜門閂到好～<門關得很嚴> ②（用蓋子、器皿）扣住，蓋住：搵隻碗～住佢｜畀隻碟～住啲菜 ‖ 俗字,345,,已校,
7385,冚賭,,ham6 dou2,,破獲聚賭場所,345,,已校,
7386,冚轉,,ham6 zyun2,,反扣過來，把被蓋住的器皿反過來當蓋子：～隻碗喇,345,,已校,
7387,冚盅,,ham6 zung1,,黑釉帶蓋的陶盅，可蒸飯，做食器,345,,已校,
7388,咸,,ham6,,全部，整個：～家都去晒｜～家剷｜～隻鷄都食晒｜～家富貴<駡人話> ‖ 讀書音 haam4 ，此處是變讀音,345,,已校,
7389,咸家剷,,ham6 gaa1' caan2,,駡人話。斷子絶孫的，全家死光,345,,已校,
7390,咸野齊便,,ham6 je5 cai4 bin6,,所有東西都準備好了,345,,已校,
7391,咸𠊧□,,ham6 baang6 laang6,,統統，全部：～食晒｜～有幾多個啊？ ‖ 倗，廣韵諍韵蒲迸切：“皆也，俱也。”laang6 是附加音節,345,,已校,
7392,庵堂,,am1 tong4,,廟堂：掛單和尚冇～,345,,已校,
7393,鶴鶉,,am1 ceon1,,一種鳥，頭小，尾短，不善飛,345,,已校,
7394,媕,,am1',,勸説不已：～佢老母去睇戲｜～掂佢<勸服他> ‖ 集韵覃韵烏含切：“女有心媕媕”,345,,已校,
7395,揞,,am2,,用手掩、蓋：用手～住眼｜～實個嘴唔出聲｜～鼻｜雷公響，佢都～住個荷包 ‖ 廣韵感韵烏感切：“手覆”,345,,已校,
7396,揞背手,,am2 bui6 sau2,,暗中賄賂：揞啲背手畀佢,345,,已校,
7397,揞密鑼鼓,,am2 mat5 lo4 gu2,,悄悄地做，不使人知：佢～做嘅｜佢～娶咗新婦咯,345,,已校,NA：原書“密”注音疑似應爲mat6。
7398,揞脈,,am2 mak6,,號脈，看脈 ‖ 也説“把脈 baa2 mak6 ”,345,,已校,
7399,暗啞抵,,am3 aa2 dai2,,吃啞巴虧：折咗底都唔敢出聲，我～係喇，冇聲出喇 ‖ 也説“暗死啞抵 am3 sei2 aa2 dai2 ”。暗，廣韵覃韵烏含切：“啼泣無聲”,345,,已校,NA：釋義所引廣韵爲“喑”字頭而非“暗”。
7400,暗瘡,,am3 cong1,,粉刺，臉上長的紅色小粒，多發生在青春期 ‖ 也叫“飯蕊 faan6 jeoi5”,345,,已校,
7401,音底,,jam1' dai2,,口音，原來的鄉音：佢係增城嘅～,346,,已校,
7402,陰,,jam1',,①烏雲密布的天空：～天｜～曀 ②不光明正大：～謀｜～淤｜～濕｜～毒 ③來陰的：想～我 ④指屬於鬼的，陰間的：～司｜～司紙｜～宅 ⑤凹進的：圖章係～文嘅,346,,已校,
7403,陰司紙,,jam1' si1' zi2,,冥鈔，燒給死者的紙錢,346,,已校,
7404,陰淤,,jam1' jyu1',,①寡言，沉默，不開朗：做人做得咁～ ②做事不光明正大：做事做得咁～｜使錢使得咁～,346,,已校,
7405,陰曀,,jam1' ai3,,天氣密雲欲雨：個天好～ ‖ 曀，廣韵霽韵於計切：“陰風”,346,,已校,
7406,陰氣,,jam1' hei3,,①性格陰陰沉沉，不開朗：佢個人好～㗎，唔多聲嘅 ②（男性）缺乏男子氣：佢好～，好似女人士噉,346,,已校,
7407,陰陰地,,jam1' jam1' dei6*2,,悄悄地：佢～走咗去佢阿姨處,346,,已校,
7408,陰陰凍,,jam1' jam1' dung3,,陰冷陰冷的：今日～噃，着多件衫喇,346,,已校,
7409,陰乾,,jam1' gon1,,①人漸漸瘦下去：你唔食多啲野，會～㗎 ②家境愈來愈窮：睇住佢個家～咯,346,,已校,
7410,陰天,,jam1' tin1,,天有烏雲，欲下雨 ‖ 也説“唔好天 m4 hou2 tin1”,346,,已校,
7411,陰冷,,jam1' laang5*1,,兩座房子之間的小窄過道，不能通行的 ‖ “冷”是“冷巷”的簡稱,346,,已校,
7412,陰聲細氣,,jam1' seng1' sai3 hei3,,細聲細氣，低聲細語,346,,已校,
7413,陰功,,jam1' gung1',,造孽，活受罪：～咯<活受罪呀>｜真係冇～<真是受到惡報了>,346,,已校,
7414,陰功鬼,,jam1' gung1' gwai2,,指缺德的人,346,,已校,
7415,陰濕,,jam1' sap1,,爲人陰險，壞而不露：呢個人好～㗎,346,,已校,
7416,陰騭,,jam1' zat1,,陰德：乜佢咁冇～㗎｜你真冇～咯<你真是損陰德喲>,346,,已校,
7417,陰毒,,jam1' duk6,,（爲人）陰險而毒辣,346,,已校,
7418,冘,,jam4,,①（蛇、蟲）緣物而上：條蛇～上來嘞 ②（人）緣物爬：～住條繩上去｜～住條竹落來 ‖ 冘，廣韵侵韵餘針切：“行貌”,346,,已校,
7419,𲌛<⿱髟任>,,jam4*1,,劉海，女子前額垂下的短髮：佢長[tsœŋ˧˥]～ <她留劉海> ‖ 俗字,346,,已校,
7420,檐口,,jam4 hau2,,屋檐下 ‖ 檐，讀書音 jim4，jam4 是口語音,346,,已校,
7421,檐前仙姑,,jam4 cin4 sin1' gu1,,迷信者指屋檐下供的神，神位上寫着“檐前檐後，七公仙娘”。每年農曆七月初七拜之，平日小孩有災有病，則去拜求“檐前茶”飲之,346,,已校,
7422,檐篷,,jam4 pung4,,大門外上邊的遮雨篷，灰砌的或木製的,346,,已校,
7423,飲,,jam2,,①喝：～茶｜～酒 ②特指赴酒宴，吃酒席：請～<請客赴酒席>｜去咗～<去赴宴了>｜有得～<有飯局>,346,,已校,
7424,飲茶,,jam2 caa4,,①喝茶 ②下館子，喝茶吃點心：請你飲餐茶｜～錢<酒飯費>,346,,已校,
7425,飲家,,jam2 gaa1,,講究喝酒的人，精於喝酒的人,347,,已校,
7426,飲杯,,jam2 bui1',,①喝一杯酒：飲返杯喇<喝上一杯吧> ②碰杯（勸酒時説）：～，～<喝，喝>,347,,已校,
7427,飲飽食醉,,jam2 baau2 sik6 zeoi3,,吃飽喝醉,347,,已校,
7428,飲頭啖湯,,jam2 tau4 daam6 tong1',,試頭水兒，拔頭籌,347,,已校,
7429,飲水尾,,jam2 seoi2 mei5,,喝剩湯,347,,已校,
7430,飲水飽,,jam2 seoi2 baau2,,喝水以充飢：有情～，冇情食飯飢<熟語>丨你唔食飯，～咩？,347,,已校,
7431,飲新婦酒,,jam2 san1' pou5 zau2,,喝喜酒：幾時請我～啊？,347,,已校,
7432,飲清酒,,jam2 cing1' zau2,,喝寡酒，光喝酒無酒菜 ‖ 也説“飲寡酒 jam2 gwaa2 zau2”,347,,已校,
7433,飲勝,,jam2 sing3,,乾杯：～佢<喝乾它> ‖ 因忌諱“乾”，改爲“勝”,347,,已校,
7434,飲薑酒,,jam2 goeng1' zau2,,喝滿月酒，祝賀小孩滿月,347,,已校,
7435,飲筒,,jam2 tung4*2,,吸管兒，嘬飲液體用,347,,已校,
7436,飲得,,jam2 dak1,,很能喝酒：佢好～嘅<他酒量很大>,347,,已校,
7437,飲得杯落,,jam2 dak1 bui1' lok6,,心事放下，可以開懷暢飲：家下你～喇,347,,已校,
7438,飲藥,,jam2 joek6,,委婉説法，指吃湯藥,347,,已校,
7439,飲,,jam3,,①略濕於水：～下條手巾丨～下張紙 ②以水慢慢滲入：～下啲花丨～田,347,,已校,
7440,飲桶,,jam3 tung4,,澆菜地用的水桶，有一竹筒裝在桶下部，如長頸噴壺，使用時肩挑雙桶，同時淋澆,347,,已校,
7441,任,,jam6,,①職務，責任：上～丨責～丨重～丨委～ ②隨便，任憑：～佢揀丨～得你丨～食丨～玩丨～由丨～從佢点就点喇<任憑他怎樣就怎樣吧>,347,,已校,
7442,点,,dim2,,疑問副詞。指示方式，怎麼，怎麼樣：你想～啊？丨～攪㗎？丨攪成～啊？丨打預～啫<打算怎麼着呢>？  ‖ 借用簡體同音字,348,,已校,
7443,点話,,dim2 waa6,,怎麼説的：我唔知佢～噃<我可不知道他怎麼説的>,348,,已校,
7444,点話点好,,dim2 waa6 dim2 hou2,,①説了算：隨便你～，我冇意見 ②怎樣説都可以：～喇<怎麼説就怎麼是吧>,348,,已校,
7445,点知,,dim2 zi1',,①怎麼知道，哪裏知道：～佢唔來啊丨你～㗎 ②誰知道：～買錯咗丨～你又唔來㗎 ‖ 也説“点不知 dim2 bat1 zi1'”,348,,已校,
7446,点解,,dim2 gaai2,,①幹嗎，爲什麼：佢～唔來？丨你～唔去啫？丨我話～呢嘎<我説呢> ②如何解釋，怎麼講：呢句話～法？丨嗰個字～啊<那個字怎麼講啊>？,348,,已校,
7447,点係,,dim2 hai6,,客套話。不敢當，表示過意不去：你斟茶畀我，～啊丨你買咁多野來，～啊,348,,已校,
7448,点算,,dim2 syun3,,怎麼辦：呢件野～好呢？丨攪到唔湯唔水，～啊<弄得不三不四，怎麼辦哪>？,348,,已校,
7449,点樣,,dim2 joeng6*2,,怎樣，怎麼樣：～做丨係～整嘅呢？丨～啊？,348,,已校,
7450,点得,,dim2 dak1,,①怎麼能，怎麼行：噉～㗎<這怎麼成啊>？ ②怎麼能使：～佢改過？,348,,已校,
7451,點,,dim2,,①數，查對（數目）：～下數喇丨～真啲<點清楚>丨～名丨盤～貨物丨～齊未啊？ ②蘸（流體物品）：～豉油丨～麻油食 ③指示，點破：～極都唔明丨牛皮燈籠，～唔明<歇後語>丨咪～我<别給我胡指> ④鐘點：而家幾～？丨三～一個字<三點五分> ⑤漢字的筆畫，形如小點：一～一横 ⑥表示極少量：一～一滴丨～～滴滴都收埋 ⑦量詞。用於事項：有三～意見 ⑧一定的地點或程度的標誌：起～丨終～丨壞到極～ ⑨事物的方面或部分：缺～丨特～ ⑩用筆加上點子：～兩個點丨～豆豉 ⑪引着火：～燈丨～着個蠟燭 ⑫在許多人或事物中指定：～菜丨～戲丨～茶,348,,已校,
7452,點把鐘,,dim2 baa2 zung1,,一個多小時：再過～就到嘞,348,,已校,
7453,點主,,dim2 zyu2,,死者出殯之後家人做好神主牌，請人來寫上死者名字，放進祖先神位中,348,,已校,
7454,點豆豉,,dim2 dau6 si6,,喻在作文本上精彩句子旁點上些小點，表示寫得好，但還不及加密圈,348,,已校,
7455,點淰筆,,dim2 nam6 bat1,,將毛筆蘸飽墨汁,348,,已校,
7456,點心,,dim2 sam1,,茶樓酒館中供應的各色小吃，如包子、蝦餃等：～師傅,348,,已校,
7457,點乾豉油,,dim2 gon1' si6 jau4,,喻本錢賠光。舊時商家在吃年夜飯時，醬油碟一定用大碟，防止用乾了，用乾了則不吉利，主來年生意要折本,348,,已校,
7458,點脈,,dim2 mak6,,點穴，不同的季節點不同的部位,348,,已校,
7459,玷,,dim3,,輕觸：～一～都唔得｜～到佢<沾着他了>｜～着佢就衰<沾着他就倒霉>｜～親佢就喊<一碰他就哭>,349,,已校,
7460,玷手,,dim3 sau2,,用手碰、摸：你唔好～埋來呀｜佢唔畀我～｜矢口唔～<發誓不幹>,349,,已校,
7461,掂,,dim6,,①堅，直：横～｜打～｜～綫｜～筆甩｜～路｜～紋｜～喉吞｜横～都要咁闊 ②妥當，穩當：唔得～<不得了，不好子>｜～唔～啊<行嗎>？｜計唔～<算不過來>｜數唔～｜攪唔～<幹不好，幹不了>｜攪～晒<全都弄好了>｜收～佢｜恁～<想通> ③好，舒服，順當：呢牌好～<近來很順當>｜周身唔～<很不好過> ‖ 俗字,349,,已校,
7462,掂喉吞,,dim6 hau4 tan1',,囫圇吞下去,349,,已校,
7463,掂路,,dim6 lou6,,直路，順路,349,,已校,
7464,掂筆甩,,dim6 bat1 lat1,,①筆直：呢條路～去戲院 ②徑直：我～去到你處，冇去過第二處｜你～落去喇！｜你～同佢講喇！ ‖ 甩，俗字，附加音節,349,,已校,
7465,添,,tim1',,①增加：～福～壽｜～丁｜～啲喇｜冇得～咯｜～價 ②反而，還：畀佢聽見～｜噉樣做佢重歡喜～｜塞咗入去唔掹得出～｜弊略，打爛個花樽～｜重衰過我～<比我還倒霉> ③再：等一陣～，佢至來得｜我重要買啲～<我還要再買點兒>｜食兩個～喇<再吃兩個吧>,349,,已校,
7466,添補,,tim1' bou2,,增加：啲碗唔夠用，～啲至得,349,,已校,
7467,添飯,,tim1' faan6,,（吃完第一碗之後）盛第二碗飯：～來｜你～未啊？,349,,已校,
7468,添實價,,tim1' sat6 gaa3,,價錢已添夠，不能再增加,349,,已校,
7469,添食,,tim1' sik6,,舊時指在小飯館中吃飯，照樣再來一碗：喂，～啊,349,,已校,
7470,甜,,tim4,,①糖的味道：～酒｜～過蜜糖｜食咗糖食蔗唔～ ②喻説好話使人愛聽：口～心毒｜佢嘅嘴好～ ③鮮美：魚湯好～,349,,已校,
7471,甜椰椰,,tim4 je4 je4,,形容甜，甜得使人不舒服,349,,已校,
7472,甜頭,,tim4 tau4*2,,喻好處、利益：畀啲～佢食,349,,已校,
7473,甜醋,,tim4 cou3,,一種紅黑色的醋，是黑醋加糖而成，給産婦吃的：糯米～｜～鷄蛋豬腳薑 ‖ 也叫“添丁甜醋 tim1‘ ding’1 tim4 cou3”,349,,已校,
7474,甜淰淰,,tim4 nam6 nam6,,形容甜得好吃,349,,已校,
7475,甜竹,,tim4 zuk1,,黄豆製的一種片狀食品，做配菜用,349,,已校,
7476,舔,,tim2,,用舌頭接觸或取物：～一下口唇｜畀脷～<用舌頭舔>,349,,已校,
7477,㮇,,tim3,,用毛筆蘸墨，在硯臺上理順筆毛：將筆～一下墨再寫字｜～淰筆,349,,已校,
7478,棯仔,,nim1 zai2,,一種灌木上長的野漿果，比葡萄略大，紫紅色，酸甜多汁，密生於山上 ‖ 也叫“岡棯 gong1 nim1”,349,,已校,
7479,拈,,nim1',,用兩個手指夾取物件：個細路～起野就食,349,,已校,
7480,拈龜,,nim1' gwai1',,抓鬮兒，抽簽 ‖ 也説“執籌 zap1 cau4*2”,349,,已校,
7481,拈手拈腳,,nim1' sau2 nim1' goek3,,形容人幹活兒怕髒怕累：做野～,349,,已校,
7482,拈拈纖纖,,nim1' nim1' sim1' sim1',,形容人舉止斯文：舊時啲女仔食野～噉，食一啲嘅咋<只吃一點兒的呀>！,349,,已校,
7483,黏,,nim4,,粘貼：將作文～喺牆上面丨用漿糊～信封,350,,已校,
7484,黏,,nim4*1,,似膠水的性質，使東西附着在一起：啲飯煮到～埋一䊆䊆[kɐu˨] <塊兒>丨佢唔講野，好似～埋個口噉丨飯～,350,,已校,
7485,躡,,nim3,,踮起腳尖：～起隻腳丨佢行路～～下嘅 ‖ 廣韵葉韵尼輒切：“蹈也，履也，登也，急也。”古入聲葉韵，文讀 nip6，今口語變讀陰去 nim3,350,,已校,
7486,念,,nim6,,思念：佢唔～舊情，見到我都唔睬,350,,已校,
7487,念,,nim6,,憑着記憶而誦讀：叫佢～書，佢～唔出丨～咒丨～經丨～佛,350,,已校,
7488,念口黄,,nim6 hau2 wong4*2,,讀死書 ‖ 也説“讀口黄 tuk6 hau2 wong4*2 ”,350,,已校,
7489,薕,,lim4*2,,①大蕉剝皮後，蕉肉上附着的條狀物：食大蕉要埋條～ ②棱兒：楊桃有五條～,350,,已校,
7490,燫,,lim4*2,,火焰燎着：你行開啲，唔好畀火尾～着 ‖ 廣韵添韵勒兼切：“火不絶貌”,350,,已校,
7491,鐮鈎腳,,lim4 ngau1' goek3,,内八字腳的俗稱,350,,已校,
7492,鐮刀,,lim4 dou1',,割稻子用的刀 ‖ 也叫“禾鐮 wo4 lim4 ”,350,,已校,
7493,斂,,lim5*2,,①收起，包捲：～埋手<手揣入袖中>丨～起張被 ②以舌舔唇：佢～下口唇丨～嘴,350,,已校,
7494,斂嘴斂脷,,lim5*2 zeoi2 lim5*2 lei6,,吃東西時舌頭伸出，吃相不雅：食冇食相，食到～,350,,已校,
7495,尖,,zim1,,東西的尖端：筆～丨刀～丨針～丨鼻哥～丨塔～,350,,已校,
7496,櫼,,zim1,,楔子：打個～入去，修整好張凳仔喇丨◇人咁多，打～都打唔入,350,,已校,
7497,占米,,zim1' mai5,,籼米，不黏的大米（與糯米相對） ‖ 占，“占城”的音譯及縮簡，古國名，在今越南,350,,已校,
7498,尖,,zim1',,①末端細小尖銳：鉛筆削得好～丨～嘴椒丨～嘴皮鞋丨～皮頂丨～尾 ②（説話）尖鋭，尖刻：你嘅説話都好～利喎丨牙～嘴利,350,,已校,
7499,尖利,,zim1' lei6,,（説話）尖鋭：你啲説話都好～喎！,350,,已校,
7500,尖嘴,,zim1' zeoi2,,一端是尖的：～皮鞋丨～椒,350,,已校,
7501,尖釘,,zim1' ding1',,尖酸：你講野好～,350,,已校,
7502,尖筆甩,,zim1' bat1 lat1,,形容很尖：個鞋嘴～有乜好睇吖 ‖ 甩，附加音節,350,,已校,
7503,尖筆碌㞘,,zim1' bat1 luk1 duk1,,尖貌：個屎胐[fɐt˥]～坐唔定<屁股尖，坐不穩>丨枝筆～,350,,已校,
7504,尖㞘,,zim1' duk1,,尖底，尖屁股：個樽係～嘅<這瓶子是尖底的>,350,,已校,
7505,櫼,,zim1',,把楔子打入：張凳壞咗，～返佢就得喇丨◇人咁逼，佢都～咗入來 ‖ 集韵鹽韵將廉切：“説文楔也”,350,,已校,
7506,櫼頭倒腳,,zim1' tau4 dou3 goek3,,①兩人顛倒而睡 ②放東西時一顛一倒，頭尾相錯：煎魚要～來煎,350,,已校,
7507,櫼隊,,zim1' deoi6*2,,加塞兒，不按次序排隊：唔好～吖,350,,已校,
7508,𠠃,,cim1',,①以銳物刺：用竹仔～下佢｜～佢喉嚨 ②用語刺激、諷刺人：～佢心肝 ‖ 廣韵鹽韵七廉切：“𠠃，切割也”,351,,已校,
7509,撍,,cim4,,抽，拔：～籌<抽籤>｜～毛<拔毛> ‖ 集韵鹽韵慈鹽切：“摘也”,351,,已校,
7510,撍中指,,cim4 zung3 zi2,,一種遊戲，將手指握在一起，令對方找出中指，猜出則勝,351,,已校,NA：根據釋義，“中”注音應作zung1。
7511,僭先,,cim3 sin1',,搶先，占先：佢呢匀又～嘞,351,,已校,
7512,蟬蛻,,sim4 teoi3,,蟬的殼，是一種中藥,351,,已校,
7513,閃,,sim2,,①閃避：～一～喇｜～開｜～避｜～～縮縮 ②閃耀：～光｜～～令<閃閃發亮>,351,,已校,
7514,閃閃令,,sim2 sim2 ling3,,亮光光，閃閃發亮：佢嘅皮鞋擦到～｜頭髮～ ‖ 令，讀書音 ling6，這裏是口語音，義爲亮,351,,已校,
7515,閃閃縮縮,,sim2 sim2 suk1 suk1,,躲躲閃閃，怕人看見：佢～唔敢入去,351,,已校,
7516,閃電,,sim2 din6,,①打閃 ②比喻快速：～式結婚,351,,已校,
7517,閃緞,,sim2 dyun6*2,,一種綢緞，有閃光的花紋,351,,已校,
7518,閃爧,,sim2 leng5,,打閃：天上行雷～，要落大雨 ‖ 爧，廣韵青韵郎丁切：“火光貌。”古次濁平聲，今口語變讀陽上,351,,已校,
7519,兼,,gim1',,同時涉及或具有幾種事物：佢做語文教師～班主任｜我呢趟出差～探親｜佢又煮飯又湊仔，兩樣～住來做,351,,已校,
7520,兼且,,gim1' ce2,,並且：佢唔只醜樣，～脾氣唔好,351,,已校,
7521,兼開,,gim1' hoi1',,間隔開：～色水<各種顔色要間隔開來>｜食飯食粥要～食至得㗎,351,,已校,
7522,兼祧子,,gim1' tiu1' zi2,,舊俗，兩兄弟只有一個兒子，則可繼承兩家的産業，要娶兩個老婆，一房一個,351,,已校,
7523,兼佮,,gim1' gaap3,,而且，又…又…：佢頭痛～發燒｜快～好<又快又好> ‖ 佮，集韵合韵葛合切：“説文合也”,351,,已校,
7524,兼色,,gim1' sik1,,配色：綉花要會～｜佢～兼得好睇,351,,已校,
7525,撿,,gim2,,①拾：本書跌落地，～起佢喇 ②收拾：～齊啲野<把東西都收拾好>,351,,已校,
7526,鉗,,kim4*2,,①鉗子：老虎～｜密嘴～｜鐵～ ②鑷子：眉～ ③（指甲）刀：指甲～,351,,已校,
7527,鉗,,kim4,,①動詞。用鉗子夾物：～實佢｜～住｜～斷 ②名詞。鉗子：火～,351,,已校,
7528,魽魚,,kim5 jyu4,,一種無鱗魚，一尺多長，味美，可做中、上等菜肴：蒜子～｜燒腩炆～ ‖ 魽，俗字,351,,已校,
7529,謙,,him1',,謙虛：唔使咁～嘅,351,,已校,
7530,謙厚,,him1' hau5,,謙虛，厚道,351,,已校,
7531,險,,him2,,危險：你話～唔～呢？｜～～地｜～得滯<太危險>｜避過呢場～,351,,已校,
7532,險過剃頭,,him2 gwo3 tai3 tau4,,熟語。危險之至,351,,已校,
7533,欠,,him3,,①借人家的財物未還，或該給人家的東西未給：佢～人好多錢｜～人情 ②缺乏：～妥｜～考慮,351,,已校,
7534,㛪黏,,jim1' nim4,,（對親人）關係親昵：佢唔歡生女，女～啲 ‖ 㛪，集韵衣廉切：“女貌”,352,,已校,
7535,𠝢,,jim1',,①敲竹杠，迫使吝嗇人解囊：大家～下佢丨我畀個仔～到怕嘞！ ②使服帖，制伏：等我來～掂佢<我來把他收拾服帖> ‖ 集韵嚴韵於嚴切：“刑也”,352,,已校,
7536,閹,,jim1',,割去動物的生殖器（或精囊）：～豬丨～鷄,352,,已校,
7537,閹痘,,jim1' dau6*2,,種牛痘,352,,已校,
7538,㤿尖,,jim1' zim1',,愛挑剔：樣樣都唔合佢嘅意，真係太～ ‖ 㤿，集韵鹽韵於鹽切：“㤿憸，多意氣貌。”憸，千廉切,352,,已校,
7539,㤿尖麻米,,jim1' zim1' maa4 mai5,,又挑剔，又瑣碎，又刻薄：佢個老婆好～嘅,352,,已校,
7540,㤿尖腥悶,,jim1' zim1' seng1' mun6,,挑剔，刁鑽，難侍候,352,,已校,
7541,㤿悶,,jim1' mun6,,愛挑剔，愛刁難人,352,,已校,
7542,嫌,,jim4,,厭惡，不滿意：佢唔～我窮丨畀錢佢，佢～少唔肯要,352,,已校,
7543,嫌米貴,,jim4 mai5 gwai3,,該諧語。死了：某某人～喎,352,,已校,
7544,嫌棄,,jim4 hei3,,厭惡而不願接近：我送啲野畀你，唔好～啊丨個細路阻手阻腳，真～咯,352,,已校,
7545,嫌錢腥,,jim4 cin4 seng1',,嫌惡不義之財、非分之福,352,,已校,
7546,檐蛇,,jim4 se4*2,,壁虎，北方叫“蝎虎子”,352,,已校,
7547,鹽牙,,jim4 ngaa4,,汗漬衣服出現的白色痕迹 ‖ 也叫“鹽霜jim4 soeng1'”,352,,已校,
7548,鹽罌生蟲,,jim4 aang1 saang1' cung4,,喻人倒運、倒霉,352,,已校,
7549,鹽焗鷄,,jim4 guk6 gai1,,廣東名菜，用炒熱的大鹽粒把鷄密封烘熟,352,,已校,
7550,掩,,jim2,,①關，合：～門 ②遮蓋：～醜丨～拙,352,,已校,
7551,掩掩揚揚,,jim2 jim2 joeng4*2 joeng4*2,,燈火時明時暗，搖曳：風吹到電燈～丨你唔好行來行去，～我都睇唔到,352,,已校,
7552,𥀬,,jim2,,①痂，皮膚傷愈所結的硬皮：痘～<天花、水痘結的痂>丨結～丨甩～<痂皮脱落> ②補靪：件衫爛咗，補塊～上去喇 ‖ 集韵琰韵於琰切：“瘍痂也”,352,,已校,
7553,厴,,jim2,,蟹臍甲，螺口甲：蟹～丨食田螺要挑開個～ ‖ 集韵琰韵於琰切：“蟹腹下甲”,352,,已校,
7554,厭,,jim3,,膩味，厭煩：每日都食鷄蛋，真係食到～丨呢本書睇過兩次就睇～嘞丨做～丨去到～晒<去得都膩了>,352,,已校,
7555,厭勢,,jim3 sai3,,①厭煩，討厭：坐火車好～㗎丨做來做去都做唔好，真～咯丨佢個野真～<他這家伙真討厭> ②憐憫加厭倦的心情：話極你都唔聽，乜得你咁～啊！丨我個仔病咗咁耐都唔好，真～咯！,352,,已校,
7556,班房,,baan1 fongs4*2,,舊時中小學校的課堂，每一班學生有自己固定的教室，稱爲班房：返～咯丨我地嘅～喺樓上,353,,已校,
7557,班贊,,baan1' zaan3,,舊時指能幹：佢做野都好～嘅,353,,已校,
7558,板滯,,baan2 zai6,,頭腦死板，不靈活：佢個人好～嘅,353,,已校,
7559,板頸,,baan2 geng2,,脾氣倔强：佢個仔好～嘅,353,,已校,
7560,板障,,baan2 zoeng3,,房内的隔離板牆,353,,已校,
7561,板牀,,baan2 cong4*2,,木板搭的牀鋪,353,,已校,
7562,𢴬,,baan3,,①用棍子或棍形的東西打：用大棍～佢至得丨黄瓜～狗，唔見一橛<歇後語> ②盤根錯節，纏繞：呢棵樹根～得好遠丨呢棵花～實個花盆底 ‖ 集韵澗韵博幻切：“絆也，引擊也”,353,,已校,
7563,𢴬蟹,,baan3 haai5,,喻被擒，被綑綁起來：畀人～丨將佢來～,353,,已校,
7564,扮,,baan6,,①扮演，裝扮：佢～花旦丨～豬食老虎丨女～男裝丨～到好似個伯爺婆噉<裝扮得像個老太婆似的> ②假裝，打扮：～傻丨～靚 ‖ 古幫母去聲，本應讀陰去調，今口語讀如陽去,353,,已校,
7565,扮野,,baan6 je5,,①裝模作樣 ②出風頭,353,,已校,
7566,扮傻,,baan6 so4,,裝傻，充愣：詐癲～<裝瘋賣傻>,353,,已校,
7567,扮靚,,baan6 leng3,,打扮，修飾：佢重未出門，喺房處～喎！,353,,已校,
7568,湴,,baan6,,①爛泥：泥～丨爛～丨一身～ ②泥濘：條路好～，好難行 ‖ 廣韵鑒韵蒲鑒切：“深泥也”,353,,已校,
7569,湴氹,,baan6 tam5,,泥坑：跌咗落～<喻犯錯誤，被人連累>,353,,已校,
7570,辦,,baan6,,①辦理（事情），處理（事務）：～事丨～妥未呀？ ②開設，置辦：～洋莊<開洋行>丨～貨丨～酒<置辦酒席>,353,,已校,
7571,辦,,baan6*2,,樣品，貨樣：照～煮碗<熱語。照樣來一碗>丨茶～丨米～丨酒～丨紙～丨布～,353,,已校,
7572,䒦,,paan3,,①穀粒或花生之類不飽滿：～穀 ②穀秕子：呢手批穀唔好，好多～嘅 ‖ 廣韵梵韵孚梵切：“草浮水貌”,353,,已校,
7573,䒦蛋,,paan3 daan6*2,,未受精的蛋（孵不出小鷄的）,353,,已校,
7574,摱,,maan1',,①攀登，拉引：～上去丨～實喇<扒住了>丨～樹枝落來 ②補救，挽回：冇得～咯<没救了> ③扳：～槍丨～鷄丨～返轉頭<扳回來> ‖ 集韵元韵模元切：“引也”,353,,已校,
7575,摱車邊,,maan1' ce1 bin1,,本義是搭順路車，引申爲順帶辦事情，北京叫“捎帶腳”：喂，～得唔得啊？行不行？,353,,已校,
7576,摱鷄,,maan1' gai1,,摳扳機，射擊 ‖ 也叫“擐槍 maan1' coeng1'”,353,,已校,
7577,蠻,,maan4,,蠻不講理：～過番鬼<比洋鬼子還野蠻>丨呢個人好～嘅，唔好睬佢,353,,已校,
7578,蠻過鋹,,maan4 gwo3 caang4*2,,形容人蠻横之極,353,,已校,
7579,蠻綳綳,,maan4 baang1' baang1',,蠻横貌,354,,已校,
7580,蠻鋹,,maan4 caang4*2,,蠻横，野蠻,354,,已校,
7581,蠻横,,maan4 waang4,,不講道理,354,,已校,
7582,蠻澄鋹,,maan4 cing4 caang4,,蠻横 ‖ 《廣東通志》卷92頁6：“劉鋹、龔澄樞，古粵人之横逆者也”,354,,已校,
7583,晚,,maan5,,①夜晚，夜。指整夜一段時間：佢住咗一～就走咗丨今～丨聽～<明晚>丨～頭夜 ②遲收的，晚熟的：～禾丨～芋 ③（年）末，尾，終：年～丨一年到～,354,,已校,
7584,晚禾,,maan5 wo4,,晚造稻子，秋季收割的稻子,354,,已校,
7585,晚頭夜,,maan5 tau4 je6*2,,晚上 ‖ 也説“夜晚 je6 maan5”或“夜晚黑 je6 maan5 hak1”,354,,已校,
7586,晚頭黑,,maan5 tau4 hak1,,晚上 ‖ 也説“晚黑”,354,,已校,
7587,晚造,,maan5 zou6,,秋季收穫的，遲種遲熟的：～禾丨～米,354,,已校,
7588,萬字夾,,maan6 zi6 gaap3*2,,曲别針,354,,已校,
7589,萬大有我,,maan6 daai6 jau5 ngo5,,熟語。天塌有我頂着,354,,已校,
7590,萬壽果,,maan6 sau6 gwo2,,番木瓜的舊稱，南方著名水果之一,354,,已校,
7591,慢,,maan6,,①遲緩：佢行得好～丨～車丨～磨磨丨～手～腳 ②秤頭低，不夠分量：咁～嘅，唔夠秤丨你睇秤頭幾～！,354,,已校,
7592,慢下,,maan6 haa5,,且慢，等一下 ‖ 也説“慢陣 maan6 zan6”,354,,已校,
7593,慢磨,,maan6 mo1',,慢慢吞吞，磨蹭：佢做野好～㗎,354,,已校,
7594,慢火,,maan6 fo2,,小火，不猛烈的火：～煮熟,354,,已校,
7595,慢爪蟹,,maan6 zaau2 haai5,,將死的蟹，不新鮮的蟹,354,,已校,
7596,慢驚,,maan6 geng1,,慢驚風，小孩抽風病的一種 （與“急驚”相對）,354,,已校,
7597,慢講,,maan6 gong2,,何况，慢説：我都會做，～你，你都識字嘅,354,,已校,
7598,慢工出細貨,,maan6 gung1 ceot1 sai3 fo6,,慢工出細活兒,354,,已校,NA：“貨”注音疑似應作fo3而非fo6。
7599,番,,faan1,,外國的，外洋的，多指西洋：老～丨～鬼佬丨～客丨～茄丨～瓜丨～石榴丨～話丨～狗,354,,已校,
7600,番瓜,,faan1 gwaa1,,倭瓜，南瓜,354,,已校,
7601,番茄,,faan1 ke4*2,,洋柿子，西紅柿,354,,已校,
7602,番書仔,,faan1 syu1' zai2,,洋學生，稱讀洋書的本國學生,354,,已校,
7603,番薯,,faan1 syu4*2,,①白薯，甘薯 ②蠢鈍，不精明；行動笨拙：佢個野成碌～噉<他這家伙真像個白薯>,354,,已校,
7604,番荔枝,,faan1 lai6 zi1,,一種熱帶水果，味道甜美 ‖ 也叫“番鬼荔枝 faan1' gwai2 lai6 zi1”,354,,已校,
7605,番鬼,,faan1 gwai2,,①舊時指西洋人 ②西洋的：～荔枝丨～仔丨～菠蘿<木菠蘿> ③兇狠惡毒，刁蠻：也你咁～㗎,354,,已校,
7606,番鬼蒲桃,,faan1 gwai2 pou4 tou4*2,,南方水果，蒲桃的一種，淺粉紅色，一端尖，好看不好吃,354,,已校,
7607,番鬼佬,,faan1 gwai2 lou2,,①洋鬼子，多指西洋人 ②喻不講道理者：佢正一～來㗎！,354,,已校,
7608,番鬼啄,,faan1 gwai2 doeng1,,洋鎬，鶴嘴鋤 ‖ 也叫“番啄”。啄，訓讀字,354,,已校,
7609,番蠻,,faan1 maan4,,形容人很粗蠻，不可理喻,354,,已校,
7610,番攤,,faan1 taan1,,搖攤，是一種賭博形式：賭～｜買～｜～館,354,,已校,
7611,番梘,,faan1 gaan2,,肥皂：～泡｜～盒 ‖ 梘，俗字，本字是“碱”,355,,已校,
7612,番石榴,,faan1 sek6 lau4*2,,一種南方水果，别名“鷄屎果”，綽號“女人狗肉”，因婦女最喜歡吃,355,,已校,
7613,返,,faan1',,①回轉：～屋企<回家>｜～鄉下｜～來｜～去｜～轉頭 ②去，到；上：～工<上班，上工>｜～學<上學> ③回，恢復：找～五文畀佢｜本書畀～你嘞｜病好～嘞｜又搵～把梳咯<又找回這梳子了> ④再，又：嗰粒紐甩咗，釘～佢喇 ⑤仍然，還：去边處㪗暑<歇暑假>啊？——唔去第二處咯，喺～嶺南啫 ⑥再：衫袖長～啲先至啱<袖子再長一點兒才合適> ⑦也：同佢買～本喇<也給他買一本吧>｜佢打你，你又打～佢喇 ⑧虛化的用法：飲～杯<喝它一杯>｜有～兩度<有兩下子> ‖ 集韵元韵孚袁切：“回行也”,355,,已校,
7614,返扯,,faan1' ce2,,回家：家下好～喇<現在該回家了>,355,,已校,
7615,返歸,,faan1' gwai1',,回家：我好夜至～<我很晚才回家>,355,,已校,
7616,返炒牛肉,,faan1' caau2 ngau4 juk6,,①喻人很皮實，不怕打：呢個野正係～ ②義同“炒冷飯”，無一點新意：佢講啲古，係～啫<他講的故事只是炒冷飯罷了>,355,,已校,
7617,返頭嫁,,faan1' tau4 gaa3,,女人再嫁,355,,已校,
7618,返頭婆,,faan1' tau4 po4*2,,再醮婦，二婚婦,355,,已校,
7619,返潮,,faan1' ciu4,,梅雨時期空氣潮濕，物品回潮 ‖ 也説“發潮 faat3 ciu4”,355,,已校,NA：現在（2020s）疑似習讀faan2 ciu4。
7620,返尋味,,faan1' cam4 mei6,,回味：食過～<吃過還想吃>,355,,已校,
7621,返生,,faan1' saang1',,復活：死過～,355,,已校,
7622,返生女,,faan1' saang1' neoi5*2,,續閨女，岳家稱女兒死後女婿續娶的妻爲“返生女”,355,,已校,
7623,翻天,,faan1' tin1',,形容程度深：嘈到～｜玩到～｜攪到～｜佢有～嘅本事都有用,355,,已校,
7624,翻風,,faan1' fung1',,颳大風,355,,已校,
7625,帆布喉,,faan4 bou3 hau4,,滅火用的水龍帶 ‖ 也叫“水龍 seoi2 lung4”,355,,已校,
7626,反,,faan2,,①逆反：～胃｜～口｜～面 ②玩耍的俗稱：細路哥去嗰便～｜你做緊功課，唔好～自<你正在做功課，先别玩兒哪>,355,,已校,
7627,反嫁,,faan2 gaa3,,大姑娘想出嫁,355,,已校,
7628,反爲,,faan2 wai4,,反而：你噉樣做～唔啱,355,,已校,
7629,反斗,,faan2 dau2,,（小孩）好鬧，調皮搗蛋,355,,已校,
7630,反斗星,,faan2 dau2 sing1,,淘氣搗蛋鬼（駡小孩）,355,,已校,
7631,反口,,faan2 hau2,,否認前言：你答應咗我，家下又～,355,,已校,
7632,反口覆舌,,faan2 hau2 fuk1 sit6,,不認前賬，否認前言,355,,已校,
7633,反水,,faan2 seoi2,,反叛，背叛,355,,已校,
7634,反眼,,faan2 ngaan5,,①（人臨死時）翻白眼 ②翻臉無情：～不相識,355,,已校,
7635,反瞓,,faan2 fan3,,睡覺時好動，不老實：佢好～㗎 ‖ 也説“唔定條 m4 ding6 tiu4”,355,,已校,
7636,反人命,,faan2 jan4 meng6,,嫁出之女自殺，女家去男家打鬧，爲所欲爲,355,,已校,
7637,反面,,faan2 min6*2,,①翻臉：話畀你聽，你唔好～噃｜～無情 ②東西的背面：寫喺呢張紙嘅～喇,355,,已校,
7638,反轉,,faan2 zyun3,,翻過來，反過來：～件衫來着｜～豬肚就係屎<熟語。翻臉無情>,355,,已校,
7639,反轉便,,faan2 zyun3 bin6,,睡覺時翻身：佢瞓咗一陣就～瞓,356,,已校,
7640,反仰,,faan2 ngong5,,仰面朝天，肚皮向上：條魚～嘞，就快脆死嘞｜～瞓 ‖ 仰，文讀 joeng5，ngong5 是口語音,356,,已校,NA：用例中的“快脆”在原書作詞條時用“快趣”。
7641,反仰掉,,faan2 ngong5 zaau6,,仰面而跌：佢～跌倒,356,,已校,
7642,反仰瞓,,faan2 ngong5 fan3,,仰面睡覺 ‖ 也説“打仰瞓 daa2 ngong5 fan3”,356,,已校,
7643,反仰傾筐,,faan2 ngong5 king1 kwaang1',,①將器物翻轉過來：唔好將飯煲蓋～啊！②仰面朝天：摜到佢～<摔得他仰面朝天>,356,,已校,
7644,反骨,,faan2 gwat1,,忘恩負義，没良心：呢個野～無情,356,,已校,
7645,反骨仔,,faan2 gwat1 zai2,,指恩將仇報者,356,,已校,
7646,犯小人,,faan6 siu2 jan4*2,,舊時指冲撞了鬼神，帶來不好的事或不如意的事,356,,已校,
7647,飯蓋,,faan6 goi3,,飯鍋的蓋：死鷄撑～<熟語。理虧卻硬頂>,356,,已校,
7648,飯兜,,faan6 dau1,,吃飯用的小盆，有陶製的、搪瓷的、鋁的,356,,已校,
7649,飯後鐘,,faan6 hau6 zung1,,人家吃完才到達：乜你來得咁遲啊，～喇,356,,已校,
7650,飯煲,,faan6 bou1,,煮飯的鍋，包括沙鍋、鋁鍋：打爛～｜電～,356,,已校,
7651,飯焦,,faan6 ziu1,,鍋巴，用大鐵鍋煮飯時才有,356,,已校,
7652,飯蕊,,faan6 jeoi5,,痤瘡，臉上長的粉刺 ‖ 也叫“飯蕊瘡 faan6 jeoi5 cong1”或“暗瘡 am3 cong1”,356,,已校,
7653,飯欖,,faan6 laam2,,手捏成的飯團,356,,已校,
7654,飯黏,,faan6 nim4*1,,作爲糨子用的飯粒：攞啲～來黏住個信封,356,,已校,
7655,飯鏟頭,,faan6 caan2 tau4,,一種毒蛇，是著名的“三蛇”之一 ‖ 也叫“飯匙頭 faan6 ci4 tau4”,356,,已校,
7656,飯㼞,,faan6 paang1,,①金屬製的盛飯器皿，平底，壁是直立的，有蓋，有耳或提梁 ②指某種飯盒 ‖ 㼞，集韵映韵普孟切：“罌屬。”古去聲，今讀高平聲。可作爲訓讀字,356,,已校,
7657,飯湯,,faan6 tong1',,煮飯初開鍋時的米湯：飲啲～喇,356,,已校,
7658,飯堂,,faan6 tong4,,（學校、機關中的）食堂,356,,已校,
7659,飯公,,faan6 gung1,,飯疙瘩，飯結成的硬團：大～,356,,已校,
7660,飯格,,faan6 gaak3,,送飯用的提盒，金屬製，由多個飯盒組成，最上層有蓋,356,,已校,
7661,飯隔,,faan6 gaak3*2,,竹子或鐵絲製的架子，放在飯鍋内飯面上蒸菜用 ‖ 也叫“餸隔 sung3 gaak3*2”,356,,已校,
7662,飯腳,,faan6 goek3,,剩飯底子，碗底子：食埋啲～啊<把碗中的剩飯吃完啊>,356,,已校,
7663,飯殼,,faan6 hok3,,盛飯的勺子,356,,已校,
7664,飯鑊,,faan6 wok6,,煮飯用的大鐵鍋，弧形底，無足，有兩耳,356,,已校,
7665,單,,daan1',,①單層的：～衫 ②量詞（貶義）。相當於“個、件、塊”：呢～野｜兩～生意｜一～事故 ③眯：～起隻眼,356,,已校,
7666,單車,,daan1' ce1,,自行車，腳踏車,356,,已校,
7667,單齒鞋,,daan1' ci4 haai4,,舊時旗人貴族婦女穿的花盆底鞋,356,,已校,
7668,單料,,daan1' liu6*2,,單薄：～銅煲｜啲煲好～嘅<這些鍋很不結實的>,356,,已校,
7669,單襟,,daan1' kam1,,單排紐扣：～西裝,356,,已校,
7670,單檐眼,,daan1' jam4*2 ngaan5,,單眼皮的眼睛 ‖ jam4，口語音，文讀 jim4,356,,已校,
7671,單單彳,,daan1' daan1' cik1,,①孤獨：我家下又～咯 ②單獨：佢～一個人去街 ‖也説“打單彳 daa2 daan1' cik1”,357,,已校,
7672,單眼,,daan1' ngaan5,,只有一隻眼，獨眼：～仔睇老婆，一眼見晒<歇後語。一目瞭然>,357,,已校,
7673,單身寡仔,,daan1' san1' gwaa2 zai2,,①單身漢 ②打光棍兒：佢家下～喇,357,,已校,
7674,單邊樓,,daan1' bin1 lau4*2,,舊式樓房的一邊無别的房子挨靠，稱爲“單邊樓”,357,,已校,
7675,單丁,,daan1' ding1,,獨個兒：～一個人去丨～用一隻筷子唔食得飯嘅,357,,已校,
7676,單封,,daan1' fung1,,單幅：呢匹布係～嘅,357,,已校,
7677,單薄,,daan1' bok6,,①質量差，手工太次：呢張椅好～ ②穿衣少：你着得太～咯 ③身體虛弱：佢身子好～㗎,357,,已校,
7678,譠打,,daan1' daa2,,諷刺，指桑駡槐：將人來～丨～下佢喇 ‖ 譠，集韵山韵知山切：“譠謾，欺語。”今口語保留古知母音，讀如端母,357,,已校,
7679,但凡,,daan6 faan4,,連詞。凡是：～佢吩咐你嘅，你就要做呀,357,,已校,
7680,蛋茶,,daan6*2 caa4,,鷄蛋糖水，糖水中有整個的熟鷄蛋：桑寄生～丨蓮子～,357,,已校,
7681,蛋饊,,daan6 saan2,,饊子，一種油炸麵食：甜～<炸饊子，澆以麥芽糖漿>,357,,已校,
7682,蛋捲,,daan6 gyun2,,鷄蛋攤成薄皮，捲以肉餡製的菜肴,357,,已校,
7683,蛋糖水,,daan6*2 tong4 seoi2,,鷄蛋打匀倒入糖水中煮熟,357,,已校,
7684,蛋黄,,daan6*2 wong4*2,,禽卵中的黄色部分：～蓮蓉月餅,357,,已校,
7685,蛋筒,,daan6 tung4*2,,一種點心，即鷄蛋捲，長筒狀，很酥脆,357,,已校,
7686,蛋撻,,daan6 taat1,,一種點心，即“鷄蛋盞 ” ‖ 撻，英文 tart 的音譯,357,,已校,
7687,蛋白,,daan6*2 baak6*2,,禽卵中的透明膠狀物質,357,,已校,
7688,蜑家,,daan6 gaa1,,一種水上居民，少數民族：～佬丨～婆 ‖ 蜑，廣韵旱韵徒旱切：“南方夷”,357,,已校,
7689,彈,,daan6,,利用彈性使物件射出去：～石頭丨畀石仔～親<被小石子彈着了>,357,,已校,
7690,彈弓,,daan6 gung1,,①彈簧 ②一種小孩玩的玩具,357,,已校,
7691,彈弓椅,,daan6 gung1 ji2,,沙發椅的舊稱 ‖ 也叫“梳化椅 so1 faa2 ji2”,357,,已校,
7692,彈弓牀,,daan6 gung1 cong4,,彈簧牀，現在叫沙發牀：～瞓得好自然嘅 ‖ 也叫“梳化牀 so1 faa2 cong4”,357,,已校,
7693,攤,,taan1,,攤子：果～丨番～<賭博的一種>,357,,已校,
7694,攤,,taan1',,①平鋪：～開報紙丨將地圖～開來睇 ②把熱的食物涼一涼：茶太熱，～一～至飲丨～凍啲粥至食喇,357,,已校,
7695,攤屍,,taan1' si1',,駡人話。指人躺在牀上，北方説“挺屍”：又～喇丨～咁攤<挺屍似地挺着>,357,,已校,
7696,攤心,,taan1' sam1',,坦白地，擺開來：你～來講，有冇呢回事呢？,357,,已校,
7697,攤凍,,taan1' dung3,,使熱的食物、飲料涼一涼：粥太熱，～至食喇,357,,已校,
7698,彈,,taan4,,①彈奏：～琴丨～琵琶 ②批評，指責：佢做得好好，冇得～<無可指摘>丨～生晒<瞎批評>,357,,已校,
7699,癱,,taan2,,癱瘓：佢老豆～咗丨隻手～咗丨雙腳～咗丨佢風～咗瞓喺牀處,357,,已校,
7700,潬,,taan5,,水邊的沙（泥）地：拉佢去～邊丨蹅落～<喻失足，做錯事>丨沙～<沙灘> ‖ 廣韵早韵徒旱切：“水中沙爲潭”,357,,已校,
7701,潬田,,taan5 tin4,,近水的沙田,358,,已校,
7702,炭墼,,taan3 gei1,,炭屑壓成圓形，上下略平，取暖用 ‖ 墼，廣韵錫韵古歷切：“土墼。”文讀 gik1，口語變讀 gei1,358,,已校,
7703,儃,,taan3,,受用，享受：～返下<享受一下>丨應分畀我～<應該給我享受>丨～茶<品茶>丨～飯丨火燒電燈杉，大炭（～）<歇後語>丨～世界丨～冷氛丨～煙 ‖ 集韵翰韵他案切：“儃漫縱逸”,358,,已校,
7704,儃家,,taan3 gaa1,,會享福的人，精於享受的人,358,,已校,
7705,儃世界,,taan3 sai3 gaai3,,享清福，享受人生,358,,已校,
7706,儃記,,taan3 gei3,,舒適，豐足無憂：佢喺屋企幾咁～啊<他在家何等舒坦哪>,358,,已校,
7707,儃飽飯,,taan3 baau2 faan6,,吃飽飯（有些瀟灑意味）：你今日～又去边處玩啊？,358,,已校,
7708,儃酒,,taan3 zau2,,自斟自飲，慢慢地品味,358,,已校,
7709,難,,naan4,,①副詞。做起來費事的（跟“易”相對）：～辦丨～寫丨路好～行丨～做丨～學丨～懂 ②副詞。不容易，不大可能：～免丨～保丨～講<説不準>丨～料丨～得 ③副詞。不好：～食丨～睇丨～聽丨～受 ④形容詞。不容易（做）的：～題丨～關,358,,已校,
7710,難抵,,naan4 dai2,,難以忍受,358,,已校,
7711,難爲,,naan4 wai4*2,,①爲難，使受痛苦：唔好～佢 ②虧得，難得：～你幫我攪掂呢件事 ③虧得（貶義）：～佢做得出瞰嘅事,358,,已校,
7712,難受,,naan4 sau6,,不好受：貼錢買～<熟語>,358,,已校,
7713,㫱,,naan3,,皮膚上被叮咬或因病出現的紅腫包塊：蚊～丨狗蚤～<跳蚤咬的包>丨木蝨～丨出風～<出風疹> ‖ 集韵諫韵乃諫切：“㬄㫱，溫濕。一曰小赤”,358,,已校,
7714,𦍀,,naan3,,粗縫，用綫稀稀地繃住：～衣服丨個件衫長過頭，～起佢丨先～幾針 ‖ 廣韵翰韵奴案切：“縕也”,358,,已校,
7715,𦍀被,,naan3 pei5,,做被子（分被面、被裏的被）,358,,已校,
7716,𦍀衫,,naan3 saam1,,縫衣時，先用綫稀疏地繃好，再縫。又，打補靪時多用此法,358,,已校,
7717,欄,,laan4*1,,專門收購或批發某一種商品的店鋪：果～丨菜～丨鷄鴨～丨豬～丨牛～丨鹹魚～丨杉木～,358,,已校,
7718,欄河,,laan4 ho4,,柵欄，欄杆,358,,已校,
7719,讕,,laan4*2,,①自以爲，假裝，充：～𥌮丨～惺丨～有寳丨～㜺丨～架勢 ②僭越，不應分而做：～泰視噉坐喺度<假裝了不起似地坐在這兒>,358,,已校,
7720,讕架勢,,laan4*2 gaa3 sai3,,假裝排場，充排場,358,,已校,
7721,讕起市,,laan4*2 hei2 si5,,把自己抬得很髙,358,,已校,
7722,讕在行,,laan4*2 zoi6 hong4,,自恃内行，自以爲很内行,358,,已校,
7723,讕有野,,laan4*2 jau5 je5,,自恃有本事，自以爲有本事,358,,已校,
7724,讕有寳,,laan4*2 jau5 bou2,,自以以爲很了不起：～噉<自以爲挺不錯似的>,358,,已校,
7725,讕㜺,,laan4*2 zaan6*2,,自鳴得意，臭美：睇佢幾～ ‖ 㜺，廣韵翰韵徂贊切：“一曰美好貌”,358,,已校,
7726,讕正經,,laan4*2 zing3 ging1',,假裝正經,358,,已校,
7727,讕惺,,laan4*2 sing2,,自以爲很聰明，有本事 ‖ 惺，廣韵靜韵息井切：“惺悟，出字林”,359,,已校,
7728,讕上香,,laan4*2 soeng6 hoeng1',,舊時指自抬身價,359,,已校,
7729,讕闊佬,,laan4*2 fut3 lou2,,擺闊氣,359,,已校,
7730,讕客氣,,laan4*2 haak3 hei3,,虚僞的客氣，假客氣 ‖ 也説“躝好禮 laan4*2 hou2 lai5”,359,,已校,
7731,讕得敕,,laan4*2 dak1 cik1,,自己洋洋得意,359,,已校,
7732,讕𥌮,,laan4*2 lek1,,自認爲很能幹、很聰明 ‖ 𥌮，廣韵錫韵郎擊切：“𥌮𥌮，視明顯貌”,359,,已校,
7733,讕惡爺,,laan4*2 ok3 je4*1,,自以爲很了不起、很利害,359,,已校,
7734,讕熟落,,laan4*2 suk6 lok6,,裝着熟悉的樣子，和别人套近乎,359,,已校,
7735,躝,,laan4*1',,爬：蟻～咁慢丨～地丨～開丨～藤 ‖ 廣韵寒韵落干切：“踰也”,359,,已校,
7736,躝屍䞘路,,laan4*1' si1' gat6 lou6,,駡人話。意即快走，快滚蛋 ‖ 也單説“躝屍”,359,,已校,
7737,躝街扤地,,laan4*1' gaai1 ngat6 dei6*2,,駡人話。殘廢的叫花子在地上拖行求乞,359,,已校,
7738,懶,,laan5,,不愛動，不愛幹活兒：～到出骨丨～過蛇丨食飽蛇咁～丨～骨頭丨～佬丨～鬼丨～到出汁丨～理你,359,,已校,
7739,懶佬椅,,laan5 lou2 ji2,,躺椅的俗稱 ‖ 舊時也叫“睡椅 seoi6 ji2”，現在叫“馬閘 maa5 zaap6”,359,,已校,
7740,懶佬鞋,,laan5 lou2 haai4,,布鞋，口不深不淺，不用鞋帶，北京叫“懶漢鞋”,359,,已校,
7741,懶慢,,laan5 maan6,,（幹工作）拖拉懶散：佢做好野～,359,,已校,
7742,懶懶𥹉𥹉,,laan5 laan5 nap6 nap6,,慢騰騰地，磨磨蹭蹭 ‖ 𥹉，集韵洽韵呢洽切：“粘也”,359,,已校,
7743,懶刮,,laan5 gwat3,,懶得管，不答理有求於己的人：我都～你,359,,已校,
7744,爛,,laan6,,①腐爛變質：生果～咗，唔食得咯丨啲冬瓜就要～嘞 ②破爛，破碎：件衫～咗丨～屋丨打～隻碗咯丨～銅～鐵丨～玻璃 ③稀爛，軟爛：～飯丨～泥丨～湴丨～屎 ④嗜好，沉溺於（某種事物）：～酒丨～煙癮丨～食丨～飲<嗜酒>丨～賭丨～嫖丨～喊<愛哭> ⑤流氓氣；粗魯，污穢：～佬丨～仔～女丨～口丨粗口～舌<滿口粗話> ⑥翻臉仇視：～口～面 ⑦形容程度之甚，相當於“很、非常”：～賤丨～平<價錢很賤>丨～醉丨～熟 ⑧不值錢的，壞的：～命一條 ⑨難以收拾的，無法收回的：～賬丨收～數 ⑩因貨源太多而難賣出：白菜～市咯丨大蕉～造咯,359,,已校,
7745,爛茶渣,,laan6 caa4 zaa1',,喻無人要之物：男人四十一枝花，女人四十～<熟語>,359,,已校,
7746,爛□□,,laan6 be4 be4,,形容（食物）腐敗變質，有水滲出,359,,已校,
7747,爛□□,,laan6 doe3 doe3,,①駡人話。撒賴、放潑貌 ②破爛貌,359,,已校,
7748,爛市,,laan6 si5,,市上同樣的貨多，賣不出去：今日白菜都～咯丨～貨,359,,已校,
7749,爛衣爛勢,,laan6 ji1' laan6 sai3,,衣服破爛：你～，唔好去喇,359,,已校,
7750,爛仔,,laan6 zai2,,小流氓，二流子,359,,已校,
7751,爛鬼野,,laan6 gwai2 je5,,破玩意兒，破爛貨,359,,已校,
7752,爛籬爛笠,,laan6 lei4 laan6 lap6,,形容街道、房子破破爛爛,359,,已校,
7753,爛頭唵,,laan6 tau4 am1,,小兒吃的爛飯。哄小兒吃飯叫“食唵”，故名 ‖ 也叫“爛頭唵唵 laan6 tau4 am1 am1”,359,,已校,
7754,爛頭蟀,,laan6 tau4 zeot1,,喻處於劣勢而仍盡力去冒險的人,360,,已校,
7755,爛酒,,laan6 zau2,,好喝酒，酗酒：佢個阿哥好～嘅｜～佬,360,,已校,
7756,爛喉痧,,laan6 hau4 saa1',,猩紅熱病的俗稱,360,,已校,
7757,爛口,,laan6 hau2,,粗話：唔好講～啊 ‖ 也叫“粗口 cou1' hau2”,360,,已校,
7758,爛口爛面,,laan6 hau2 laan6 min6,,彼此有仇，鬧翻了臉：佢兩嬸母～嘅喇｜嗌交嗌到～<吵架吵得翻了臉>,360,,已校,
7759,爛佬,,laan6 lou2,,流氓無賴：好佬怕～，～怕潑婦<熟語>,360,,已校,
7760,爛造,,laan6 zou6,,①農産品生産過剩而價錢很賤：蔬菜～ ②養殖的動植物（商品）死亡率高的時候：蠶蟲～,360,,已校,
7761,爛湴,,laan6 baan6,,爛泥：～難扶<熟語>,360,,已校,
7762,爛瞓,,laan6 fan3,,貪睡，久睡不醒：佢好～㗎｜～豬<駡貪睡的人>,360,,已校,
7763,爛炖炖,,laan6 tan4 tan4,,軟爛貌：豬肉煲得～～｜衣服～ ‖ 炖，集韵魂韵徒渾切：“火盛貌”,360,,已校,
7764,爛癮,,laan6 jan5,,癮頭兒大，嗜某物成癖：爛煙癮｜爛戲癮｜佢好～睇波㗎<他最好看球啦>,360,,已校,
7765,爛賬,,laan6 zoeng3,,難收的賬，收回的賬：追～ ‖ 也叫“爛數 laan6 sou3”,360,,已校,
7766,爛溶溶,,laan6 jung4 jung4,,破爛、稀爛貌：件衫～咯｜煎魚煎到～，点食啊！,360,,已校,
7767,爛躂躂,,laan6 taat3 taat3,,形容人無賴之極，自暴自棄 ‖ 躂，廣韵曷韵他達切：“足跌。”借用字,360,,已校,
7768,㜺鬼,,zaan2 gwai2,,美妙：好～呀｜呢件事畀我做幾～呀 ‖ 鬼，加重語氣,360,,已校,
7769,㜺檔,,zaan2 dong3,,好，妙極，很美：呢味野好～｜幾～噃<很妙的啊>,360,,已校,
7770,攢,,zaan2,,積聚：～錢,360,,已校,
7771,趲,,zaan2,,①不單用。走，指活動餘地：地方太窄，冇啲走～｜屋太細，冇走～ ②催促，趕。粵劇臺詞中常用：～步近前觀仔細｜唔好“打的”嘞，把路～喇<步行的> ‖ 集韵旱韵子罕切：“逼使走也”,360,,已校,
7772,賺頭折尾,,zaan3 tau4 sit6 mei5,,先賺後賠,360,,已校,
7773,贊,,zaan3,,稱贊：大家都～佢｜有彈有～<有貶有褒>｜～到爛<誇贊得太多>,360,,已校,
7774,灒,,zaan3,,①在熱鍋中放入少量水或油、酒之類：～啲水入鑊｜～酒｜將生油～過至好食 ②（水）濺，淋：～到一身濕｜畀雨～到 ‖ 廣韵翰韵則旰切：“水濺”,360,,已校,
7775,灒火,,zaan3 fo2,,（鋼鐵）淬火,360,,已校,
7776,灒酒,,zaan3 zau2,,菜炒好未出鍋時灑上酒,360,,已校,
7777,趲,,zaan3,,顫動，跳動：～～跳｜睇佢行路好似～蝦噉<看他走路像蝦跳似的> ‖ 廣韵翰韵則旰切：“散走”,360,,已校,
7778,趲趲跳,,zaan3 zaan3 tiu3,,跳動，顫動：激到佢～,360,,已校,
7779,㜺,,zaan6*2,,好，棒，美好，妙：呢件野真～｜好～<真棒>｜噉就唔～咯｜～野 ‖ 廣韵翰韵徂贊切：“不謹也。一曰美好貌”,360,,已校,
7780,㜺野,,zaan6*2 je5,,漂亮的東西，好事情或人物：撈到～｜你睇，幾～！,360,,已校,
7781,賺,,zaan6,,①獲得利潤（跟“賠”相對）：～咗好多錢｜有～有折[sit˨] ‖ ～到笑<得利多> ②掙（錢）：你一日～到幾多錢呀？,360,,已校,
7782,賺,,zaan6*2,,副詞。白白地，徒然，徒勞地：～講嘅啫，佢都唔聽你｜～行<白走路>｜～佢笑你喇｜～佢惱你喇｜～買啫<白白買罷了>，冇用嘅｜棉花糖～食嘅啫<没什麼可吃的>,361,,已校,
7783,賺㩄氣,,zaan6*2 saai1' hei3,,白搭，白費口舌：你同佢講咁多，～啫<白費口舌罷了>,361,,已校,
7784,賺攪,,zaan6*2 gaau2,,白幹，徒勞：～嘅啫<白搭罷了，徒勞>,361,,已校,
7785,賺衰,,zaan6*2 seoi1',,落得倒霉：我嘅作品拎出來～嘅啫<這是一種謙虛説法>,361,,已校,
7786,賺得,,zaan6*2 dak1,,空有，徒然：～個好名啫，冇野撈｜～個臭名｜～歡喜｜～激氣｜～行<白跑一趟>｜～拎嘅啫<拿回來没用>,361,,已校,
7787,餐,,caan1,,飯食：西～｜中～｜～包<包子>｜黐～<蹭飯吃>｜～卡<餐車>,361,,已校,
7788,餐搵餐食,,caan1' wan2 caan1' sik6,,掙一頓吃一頓，家無隔宿之糧,361,,已校,
7789,餐,,caan1',,①頓，用於飲食：一～飯｜兩～粥｜三～番薯｜食咗一～飽嘅<吃了個夠> ②頓，用於打、駡等：打佢一～｜鬧佢一～,361,,已校,
7790,餐頭飯,,caan1' tau4*2 faan6,,家常飯：我請你食～啫，冇特别買餸啊,361,,已校,
7791,餐頭餸,,caan1' tau4 sung3,,家常吃的菜肴 ‖ 餸，俗字,361,,已校,
7792,餐樓,,caan1' lau4*2,,大輪船或花尾渡船的艙名，屬上等艙位,361,,已校,
7793,餐刀,,caan1' dou1,,吃西餐用的刀子,361,,已校,
7794,鏟,,caan2,,①一種有長柄和箕形頭的工具，多爲鐵製：鐵～｜鑊～｜煤灰～ ②用鏟或鍬撮取或清除：～草｜～煤｜～平佢｜～山<把山弄成斜坡>｜◇～村｜冚家～<全家死光。駡人話> ③强行推動或冲：佢唔肯起身，～佢起牀｜～都～佢唔㤢[iok˥]｜架車～上行人路,361,,已校,
7795,鏟地皮,,caan2 dei6 pei4,,刮地皮，指貪官搜刮百姓 ‖ 也説“刮地皮 gwaat3 dei6 pei4”,361,,已校,
7796,鏟村,,caan2 cyun1',,舊時指土匪把村子洗劫一空,361,,已校,
7797,孱頭,,caan3 tau4,,①指愚蠢的人 ②斥責人出頭多管閑事：使乜你咁～，亂加把嘴,361,,已校,
7798,山,,saan1',,①山嶺：～地｜～坳 ②墳墓：拜～<掃墓>｜掃～<同前>｜～界<墳地的界> ③偏僻：佢住嗰處好～嘅,361,,已校,
7799,山旮旯,,saan1' kaa1 laa1,,深山中偏僻處 ‖ 旮旯，俗字,361,,已校,
7800,山貨店,,saan1' fo3 dim3,,賣竹製品、麻繩、扁擔、席、蓑衣等物的鋪子,361,,已校,
7801,山兜,,saan1' dau1,,二人抬的一種上山轎子，用繩子、木板做成,361,,已校,
7802,山狗,,saan1' gau2,,指看墳地的人（貶義）,361,,已校,
7803,山吊野,,saan1' diu3 je5,,不開通的人，土包子，鄉巴佬,361,,已校,
7804,山瑞,,saan1' seoi6,,大型甲魚，是名貴野生動物,361,,已校,
7805,山墳,,saan1' fan4,,墳墓,361,,已校,
7806,山窿,,saan1' lung1,,山洞：鑽～,361,,已校,
7807,山中,,saan1' zung1,,舊時介紹買賣墳穴的中人，也代管墳地,361,,已校,
7808,閂,,saan1',,閉，關：～門｜～窗｜～掣<關閘門或開關>｜～鋪｜～冚啲<關嚴些>,361,,已校,
7809,閂鋪,,saan1' pou3,,①（每天晚上）關店門 ②店鋪停業、倒閉,361,,已校,
7810,閂門,,saan1' mun4,,①關門 ②（店鋪）停業,362,,已校,
7811,舢板,,saan1' baan2,,舊時指一種尖頭尖底的小艇：我今朝坐～來嘅 ‖ 也叫“快艇 faai3 teng5”,362,,已校,
7812,孱,,saan4,,①虛弱：身子好～ ②無能：真係～咯，也都唔識做嘅,362,,已校,
7813,𣺶,,saan4,,①動植物上的黏液：啲魚好多～丨～菜丨白鱔上沙灘，唔死一身～<歇後語> ②滑貌：滑～～丨～～滑滑 ‖ 集韵山韵棧山切：“魚龍身濡滑者”,362,,已校,
7814,𣺶□□,,saan4 gwe6 gwe6,,黏滑貌：條魚～,362,,已校,
7815,𣺶菜,,saan4 coi3,,一種有黏液的菜，學名“落葵” ‖ 也叫“藤菜 tang4 coi3”,362,,已校,
7816,散,,saan2,,①没有約束；分散，鬆開：行李～開咯，綁好佢喇丨你鞋帶～咗丨頭髮～修修丨隻蛋係～黄嘅 ②零碎的，零散的：～紙丨～銀 ③不成套的，不固定的：～手丨～工 ④副詞。零散地，不集中地：餅乾要買～裝嘅丨我啲貨係～買嘅 ⑤藥末（多是中藥）：丸～膏丹,362,,已校,
7817,散紙,,saan2 zi2,,零錢，零票兒：冇～找畀你噃 ‖ 也叫“碎紙 seoi3 zi2”,362,,已校,
7818,散賣,,saan2 maai6,,零售：我嘅貨冇～嘅噃,362,,已校,
7819,散仔,,saan2 zai2,,①舊時指土皇帝手下的無名嘍囉 ②散工,362,,已校,
7820,散修修,,saan2 sau1' sau1',,散亂，鬆散的樣子：頭髮～,362,,已校,
7821,散手,,saan2 sau2,,不不成套的武術：有兩度～<有兩下子>丨不只練得幾下～，重可以參賽打擂,362,,已校,
7822,散銀,,saan2 ngan4*2,,零錢，硬幣。舊時指碎銀子，民國時指半角、一角面值的銀幣,362,,已校,
7823,散,,saan3,,①由聚集而分離：～會丨～場丨～更丨～學丨～檔丨解～丨拆～ ②散布，散發：～傳單丨天女～花丨魚～春丨～福丨～攢盒<把過年的小食品分給小孩> ③排除：～悶丨～瘀丨～毒丨～熱,362,,已校,
7824,散擂,,saan3 leoi6,,舊時打完五更，密擊鼓表示更盡，天快亮了 ‖ 也叫“散更 saan3 gaang1'”,362,,已校,
7825,散神福,,saan3 san4 fuk1,,將祭拜過神的食品分送給親友,362,,已校,
7826,散春,,saan3 ceon1,,魚産卵：魚乸～之後，魚公喺後邊射魚矆<精液>出來,362,,已校,
7827,散檔,,saan3 dong3,,散攤子，散伙,362,,已校,
7828,傘帳,,saan3 zoeng3,,圓頂蚊帳 ‖ 也叫“吊帳 diu3 zoeng3”,362,,已校,
7829,奸太師,,gaan1' taai3 si1,,奸臣,362,,已校,
7830,奸賴,,gaan1' laai3,,耍賴，耍花招,362,,已校,
7831,奸賴貓,,gaan1' laai3 maau1,,指奸詐的人、耍賴不認賬的人,362,,已校,
7832,間,,gaan1',,量詞。①用於房屋，相當於“所、個”：兩～屋<兩所房子>丨三～房<三個房間> ②用於機構、單位等，相當於“家、所、座”：一～銀行丨一～飯店丨一～工廠丨一～學校丨一～醫院,362,,已校,
7833,梘,,gaan2,,①肥皂：番～丨香～丨藥～丨孖～丨條～丨～頭丨～片 ②碱：～水丨～水粽 ‖ 俗借字，本字爲“碱”,362,,已校,
7834,梘水,,gaan2 seoi2,,以草木灰淋水濾汁澄凈而成，可食用，亦可洗滌用,362,,已校,
7835,梘水粽,,gaan2 seoi2 zung3*2,,無味的粽子，不甜不鹹，用碱水和糯米做成 ‖ 也叫“灰粽 fui1' zung3*2”,362,,已校,
7836,梘粉,,gaan2 fan2,,肥皂粉，洗衣粉,363,,已校,
7837,揀,,gaan2,,挑揀：～好啲嘅｜千～萬～｜～擇｜～貨｜～茶｜食魚要～骨<擇刺>,363,,已校,
7838,揀手,,gaan2 sau2,,①挑選：佢賣野冇～<際他賣東西不許挑的> ②上等的：呢啲係～嘅｜～貨｜～鹹魚｜～肥鷄,363,,已校,
7839,揀飲擇食,,gaan2 jam2 zaak6 sik6,,挑吃挑喝,363,,已校,
7840,揀飲識食,,gaan2 jam2 sik1 sik6,,會挑選食物，精於飲食,363,,已校,
7841,揀剩尾,,gaan2 sing6 mei5,,挑剩的：呢啲貨係～嘅喇,363,,已校,
7842,揀擇,,gaan2 zaak6,,①挑選：任你～ ②挑剔：你咁～嘅，冇一樣睇得上眼嘅,363,,已校,
7843,𰃴<⿱冖贛>妝,,gaan2 zong1,,舊時婦女用的梳妝匣 ‖ 也叫“梳妝盒 so1' zong1' hap6*2”。𰃴<⿱冖贛>，廣韵感韵古禫切：“方言云箱類。”文讀音 gam2，口語音 gaan2,363,,已校,
7844,間,,gaan3,,①用尺比着畫綫：將呢張紙～幾個格｜～綫 ②用板或牆等將房間隔開：一間房～開兩間,363,,已校,
7845,間疏,,gaan3 so1',,花搭着，間雜着：上菜時，蒸嘅、炒嘅～～噉來喇,363,,已校,
7846,間條,,gaan3 tiu4*2,,①條紋：呢啲信紙冇～嘅 ②帶條紋的：買咗件～恤衫,363,,已校,
7847,間行,,gaan3 hong4*2,,畫有直綫的，有道道的：買習字簿要有～嘅 ‖ 也説“間條 gaan3 tiu4*2”,363,,已校,
7848,間中,,gaan3 zung1,,有時，間或：佢～來一次｜～都會有嘅 ‖ 也説“間或 gaan3 waak6”,363,,已校,
7849,間格,,gaan3 gaak3*2,,①格子：呢本簿有～嘅至好寫字 ②打格子：～間得四正啲喇<打格子要打得方正些>,363,,已校,
7850,間尺,,gaan3 cek3*2,,（學生用的）尺子,363,,已校,
7851,研,,ngaan4,,①擀：～餃子皮｜～餛飩皮｜～薄啲｜～麵 ②碾磨，軋：～碎啲花生 ‖ 口語音，文讀 jin4,363,,已校,
7852,研船,,ngaan4 syun4*2,,研物成粉末的器具，鐵製，船形，中間有一凹槽，置一圓鐵餅形、兩邊有柄的輪狀物於其中，來回軋滾以研物，中藥店多用,363,,已校,
7853,揅,,ngaan4,,用刀轉圈割破圓柱形物：～竹｜將條蔗～開兩截 ‖ 廣韵先韵五堅切：“揧破。”古山攝四等，今口語讀如二等,363,,已校,
7854,眼,,ngaan5,,①目：～斬斬<眨眼睛>｜～花 ②孔：五～橋｜針～,363,,已校,
7855,眼,,ngaan5*2,,①枚，根：一～針｜三～釘 ②口：一～塘<一口魚塘>｜一～井,363,,已校,
7856,眼火熛,,ngaan5 fo2 biu1',,氣得火往上躥 ‖ 熛，廣韵宵韵甫遙切：“飛火”,363,,已校,
7857,眼火爆,,ngaan5 fo2 baau3,,氣得火冒三丈：睇見就～｜佢嬲到～,363,,已校,
7858,眼屎,,ngaan5 si2,,眼的分泌物，北京叫“眵目糊”,363,,已校,
7859,眼界,,ngaan5 gaai3,,①目力，準頭。用於瞄準：佢好～，一槍就打中 ②見識：佢～廣，識野多｜冇～,363,,已校,
7860,眼䚕䚕,,ngaan5 lai6 lai6,,用眼角盯着人 ‖ 䚕，廣韵霽韵郎計切：“求視”,363,,已校,
7861,眼鬼轉,,ngaan5 gwai2 zyun3,,心眼兒多，眼珠一轉就改變主意,363,,已校,
7862,眼皮,,ngaan5 pei4,,眼瞼：雙～｜單～,363,,已校,
7863,眼眉,,ngaan5 mei4,,整道眉毛,363,,已校,
7864,眼眉跳,,ngaan5 mei4 tiu4,,眼皮跳動，一種生理現象 ‖ 跳，廣韵蕭韵徒聊切：“躍也”,363,,已校,
7865,眼尾,,ngaan5 mei5,,眼梢，眼角：～打𥀈<打眼角有皺紋>丨～都唔望下<連瞧都不瞧>,363,,已校,
7866,眼利,,ngaan5 lei6,,看得快，眼尖：佢眼好利㗎，一𥈊[sap˧]就見到我,364,,已校,
7867,眼袋,,ngaan5 doi6,,下眼皮鬆弛下垂形成的贅肉,364,,已校,NA：現在（2020s）一般變調爲ngaan5 doi6*2。
7868,眼蓋,,ngaan5 goi3,,整塊的眼皮,364,,已校,
7869,眼頭,,ngaan5 tau4,,大眼角：搽眼膏時由～搽落去,364,,已校,
7870,眼甌,,ngaan5 au1,,眼窩：～深,364,,已校,
7871,眼挑針,,ngaan5 tiu1' zam1,,麥粒腫，俗稱“針眼”：生～,364,,已校,
7872,眼䏨,,ngaan5 deoi3,,眼皮浮腫：喊<哭>到眼都䏨晒 ‖ 䏨，集韵灰韵都回切：“腫也。”古平聲，今口語變讀去聲,364,,已校,
7873,眼水,,ngaan5 seoi2,,眼淚的俗稱：流～ ‖ 也叫“眼淚 ngaan5 leoi6”,364,,已校,
7874,眼斬斬,,ngaan5 zaam2 zaam2,,眨眼睛的神態,364,,已校,
7875,眼甘甘,,ngaan5 gam1 gam1,,貪婪地盯着，目不轉睛地看,364,,已校,
7876,眼痑痑,,ngaan5 taan3*2 taan3*2,,①乾瞪眼的樣子 ②將死的眼神 ‖ 痑，集韵翰韵他案切：“博雅痑痑疲也”,364,,已校,
7877,眼關七,,ngaan5 gwaan1' cat1,,眼觀六路，時刻警惕着 ‖ 也説“一眼關七 jat1 ngaan5 gwaan1' cat1”,364,,已校,
7878,眼瞓,,ngaan5 fan3,,想睡，發睏：瞌～<打瞌睡>丨好～丨捱～<熬夜>,364,,已校,
7879,眼緊,,ngaan5 gan2,,①吝嗇：佢好～㗎，唔捨得畀野人地<捨不得給别人東西> ②因羡慕而妒忌 ③生氣：越睇越～,364,,已校,
7880,眼淺,,ngaan5 cin2,,①眼光不遠大；看不開，容易激動 ②眼皮子淺，易生妒意：使乜咁～啊，人地着件新衫，佢就周身唔舒服,364,,已校,
7881,眼㾓,,ngaan5 jyun1',,看了心中不舒服，心疼：睇見都～丨你咁～佢做乜喎 ‖ 㾓，廣韵先韵烏玄切：“骨節疼也”,364,,已校,
7882,眼睜睜,,ngaan5 zang1' zang1',,注視貌 ‖ 也説“眼視視 ngaan5 si6 si6”,364,,已校,
7883,眼鏡,,ngaan5 geng3*2,,戴在眼睛上矯正視力的透鏡：戴～丨～盒,364,,已校,
7884,眼定定,,ngaan5 ding6 ding6,,①眼神固定看東西的樣子 ②傻了眼，目定神呆,364,,已校,
7885,眼精精,,ngaan5 zing1 zing1,,眼神好，聰明的樣子：個細路～，𥌮[lɛk˥]仔嘞,364,,已校,
7886,眼光光,,ngaan5 gwong1' gwong1',,①無奈貌；眼巴巴地，眼睜睜地 ②睜着眼，視而不見，凝思貌,364,,已校,
7887,眼矇矇,,ngaan5 mung4*1 mung4*1,,眯着眼，睡眼惺忪,364,,已校,
7888,眼矇矇,,ngaan5 mung4 mung4,,視物朦朦朧朧，看不清,364,,已校,
7889,眼公仔,,ngaan5 gung1 zai2,,眼珠的瞳人兒 ‖ 也叫“瞳人 tung4 jan4*2”,364,,已校,
7890,眼紅,,ngaan5 hung4,,想得但得不到而妒忌，或羡慕别人的好事：我好～佢嗰件衫丨見到人地有私家車佢就～ ‖ 也説“眼熱 ngaan5 jit6”或“眼赤 ngaan5 cek3”,364,,已校,
7891,眼虹,,ngaan5 hung4,,眼圈：～都黑咗，梗係唔夠瞓<一定是缺覺> ‖ 虹，集韵送韵胡貢切：“虹洞相連也”,364,,已校,
7892,眼耷耷,,ngaan5 dap1 dap1,,眼皮下垂，無精神貌,364,,已校,
7893,眼𥌅毛,,ngaan5 jap1 mou4*1,,眼睫毛：～長長 ‖ 𥌅，集韵葉韵益涉切：“目動貌”,364,,已校,
7894,眼凸凸,,ngaan5 dat6 dat6,,眼睛鼓鼓地：激到～<氣得鼓鼓的>丨生得～,364,,已校,
7895,眼核,,ngaan5 wat6,,眼珠：～光光<眼瞘入，形容人瘦> ‖ 也説“眼珠 ngaan5 zyu1”,364,,已校,
7896,眼熱,,ngaan5 jit6,,①眼睛上火、發炎：佢～ ②眼紅，妒忌别人：佢～人地有錢,365,,已校,
7897,眼闊肚窄,,ngaan5 fut3 tou5 zaak3,,眼大肚子小，想多吃而吃不下,365,,已校,
7898,眼拙,,ngaan5 zyut3,,記性不好，見過面不認識：我好～㗎，見過都唔識你,365,,已校,
7899,眼白,,ngaan5 baak6*2,,白眼珠兒,365,,已校,
7900,眼白白,,ngaan5 baak6 baak6,,平白無故地，眼巴巴地：～畀佢數咗一餐<平白地被他數説一頓>,365,,已校,
7901,眼角高,,ngaan5 gok3 gou1',,眼睛長在腦門兒上，看不起人,365,,已校,
7902,慳,,haan1',,節省，節約：佢個人好～嘅丨過日子要～啲丨～錢丨～工丨～力丨一年～返好多錢<一年省下不少錢哪>,365,,已校,
7903,慳家,,haan1' gaa1',,（過日子）節約 ‖ 也説“慳哥 haan1' go1”,365,,已校,
7904,慳皮,,haan1' pei4*2,,節約，省錢：～啲喇<省點兒錢吧>,365,,已校,
7905,慳儉,,haan1' gim6,,節約，儉省 ‖ 也説“經濟 ging1' zai3”,365,,已校,
7906,閑,,haan4,,①悠閑，空閑：悠悠～丨～人丨得～唔得～啊？丨～心 ②非正式的，隨便的：～餐丨～話丨～裝 ③暫時空着的，不用的：～屋丨～錢丨～房 ④等閑的，不重要的：好～啫丨～事丨～書 ⑤悠閑地，不緊張地：～游丨～逛丨～坐,365,,已校,
7907,閑野,,haan4 je5,,①閑事：冇做乜野，做啲～啫<只是做點閑事而已> ②小物件，不足道的東西：我去買啲～啫,365,,已校,
7908,閑偈,,haan4 gai6*2,,閑談，閑話：傾～<閑聊天>,365,,已校,
7909,閑口,,haan4 hau2,,零食，小食品：食～,365,,已校,
7910,閑文,,haan4 man4,,①不要緊的事：我勸你咁多，你都當～丨傷風都係～嘅啫 ②不要緊，等閑：我去唔去都幾咁～,365,,已校,
7911,閑信,,haan4 seon3,,平信的俗稱 ‖ 現在也叫“平信 ping4 seon3”,365,,已校,
7912,晏,,aan3,,①晚，遲：～起身丨九點半係～過頭丨來得～丨乜咁～㗎 ②午飯：食～丨煮～未啊？ ③米飯，飯館、酒樓中多用：裝個～來<盛碗飯來>丨畀碗大～來<來一大碗飯>丨細～<小碗飯>丨起～<喝完酒盛飯吃>,365,,已校,
7913,晏覺,,aan3 gaau3,,午覺：瞓～,365,,已校,
7914,晏晝,,aan3 zau3,,①中午，下午。有人指中午十二時至下午四時這段時間 ②午飯：食～,365,,已校,
7915,晏晝心,,aan3 zau3 sam1,,正午十二點,365,,已校,
7916,晏晝蕩蕩,,aan3 zau3 dong6 dong6,,大中午的，正午時分：～都出街啊？ ‖ 也有人説“晏晝戙戙aan3 zau3 dung6 dung6”,365,,已校,
7917,關,,gwaan1,,聘書：送～<送聘書>,366,,已校,
7918,關,,gwaan1',,①關係到，與（某事）有關：唔～我事 ②關口：過～,366,,已校,
7919,關顧,,gwaan1' gu3,,關照：～下喇,366,,已校,
7920,關帝廟,,gwaan1' dai6 miu6*2,,舊時乞丐結伙群聚之地：呢啲～人馬來嘅 ‖ 也叫“關帝廳 gwaan1' dai6 teng1”,366,,已校,
7921,關斗,,gwaan1' dau2,,跟頭：打～<翻跟頭>,366,,已校,
7922,關刀,,gwaan1' dou1',,大刀：屎氹大～，聞（文）又唔聞（文）得，舞（武）又唔舞（武）得<歇後語>,366,,已校,
7923,關照,,gwaan1' ziu3,,照應，照顧,366,,已校,
7924,關人,,gwaan1' jan4,,本義爲“與人有何相干”，轉義爲“不去管它”或“我不管”：你去同我買啲野喇。——～,366,,已校,
7925,慣,,gwaan3,,慣於，習慣：～做乞兒懶做官<熟語>｜去～｜做～｜賭～｜住～｜食～飯唔～食麵,366,,已校,
7926,慣熟,,gwaan3 suk6,,熟悉：我唔～呢處嘅規例,366,,已校,
7927,摜,,gwaan3,,①摔，跌：～親跌倒｜～跤｜～坼<摔裂了> ②擲：～杯<用杯珓占卜>｜～錢 ‖ 俗借字,366,,已校,
7928,摜杯,,gwaan3 bui1',,迷信者拋杯珓於地以卜吉凶,366,,已校,
7929,摜跤,,gwaan3 gaau1',,①跌跤，跌倒 ②二人相角力,366,,已校,
7930,摜錢,,gwaan3 cin4*2,,小兒用銅錢玩的一種遊戲 ‖ 也説“抛錢 paau1' cin4*2”,366,,已校,
7931,摜直,,gwaan3 zik6,,使人摔倒，引申爲陷害人：畀佢摜到直喇｜～佢,366,,已校,
7932,灣,,waan1,,①水流彎曲的地方，多用做地名：荔枝～ ②海灣：淺水～,366,,已校,
7933,彎,,waan1',,①彎曲，不直：～～曲曲｜～路 ②彎曲的部分：轉～｜要轉個大～至得到 ③使彎曲：～腰,366,,已校,
7934,灣,,waan1',,（船）停泊：～向岸邊｜呢處～得艇｜呢處個海口好闊大，～得好多船，～船好穩陣,366,,已校,
7935,玩,,waan4*2,,①玩耍，玩弄：～水｜～泥沙｜～煮飯飯 ②作弄：～人｜～新娘<鬧洞房>,366,,已校,
7936,玩煮飯飯,,waan4*2 zyu2 faan6 faan6*2,,小孩玩的遊戲之一，假裝過日子，自己做飯吃,366,,已校,
7937,玩頭,,waan4*2 tau4,,玩的興趣：冇乜～啊,366,,已校,
7938,玩笑,,waan4*2 siu3,,兒戲或戲言：同你開個～啫<只不過和你鬧着玩兒>,366,,已校,
7939,玩完,,waan4*2 jyun4,,①完了，全部失敗 ②指人死了,366,,已校,
7940,還,,waan4,,①歸還：借書要～書｜～願｜～錢｜～清咗 ②回報，回敬：～價｜～口｜～手｜～禮｜～神 ③歸：我～我，你～你，各～各<各人歸各人，互不牽涉>｜本分～本分，人情～人情｜講～講，㤢手就唔得<空談，不會幹>,366,,已校,
7941,還神,,waan4 san4,,還願謝神 ‖ 也説“酬神 cau4 san4”,366,,已校,
7942,還得神落,,waan4 dak1 san4 lok6,,指事情順利，可以還願去了。一切如願以償，因而值得酬謝神明,367,,已校,
7943,挽手,,waan5 sau2,,（籃子等的）提梁：個籃都有～嘅,367,,已校,
7944,挽,,waan5,,①提，挎：～水<提水>丨～住個手袋<挎着個提包>丨～住個籃 ②挽回：～救丨～留,367,,已校,
7945,挽鞋,,waan5 haai4,,提鞋：～都唔要你<給我提鞋都不要>,367,,已校,
7946,挽油瓶,,waan5 jau4 peng4*2,,①婦女帶着孩子改嫁 ②隨母親到後父家的孩子 ‖ ②也叫“油瓶仔 jau4 peng4*2 zai2”,367,,已校,
7947,鯇魚,,waan5 jyu4*2,,草魚,367,,已校,
7948,奔波,,ban1' bo1',,奔忙勞碌：呢幾日我兩頭～，忙得滯<忙得很>,368,,已校,
7949,檳榔芋,,ban1' long4 wu6*2,,一種芋頭，形體較大，味香美 ‖ 也叫“香芋 hoeng1' wu6”,368,,已校,
7950,品,,ban2,,人品，品行：佢好好～<他品行很好> ‖ 也説“品性 ban2 sing3”,368,,已校,
7951,稟神,,ban2 san4,,①祈禱給神聽：佢喺處～喎│～都冇句真<没有一句真話> ②喃喃自語，囉囉唆唆：好似～噉聲,368,,已校,
7952,捹,,ban3,,把幾縷縧索（或頭髮）編成一根：～辮 ‖ 集韵恩韵蒲悶切：“手亂貌”,368,,已校,
7953,坌,,ban6,,（豬用嘴）拱，掘：隻豬將泥～上來│～地│～屎│豬～鼻<豬鼻子> ‖ 集韵慁韵蒲悶切：“塵也，一曰並也”,368,,已校,
7954,笨,,ban6,,蠢，不聰明：乜你咁～㗎│～手～腳 ‖ 也説“笨氣 ban6 hei3”,368,,已校,
7955,笨屎蟲,,ban6 si2 cung4,,蜣螂，北方叫“屎殼郎”,368,,已校,
7956,笨鈍,,ban6 deon6,,①舉止不靈活 ②（物品）又大又粗笨：條木棍又大又～,368,,已校,
7957,笨□,,ban6 cat6,,愚笨（粗話）：搵～<使人上當>│也你咁～㗎<你怎麼那麼笨哪>,368,,已校,
7958,笨拙,,ban6 zyut3,,不靈活，不聰明：呢個野好～嘅,368,,已校,
7959,笨獨,,ban6 duk6,,不合群，不愛理人：佢好～嘅，唔歡喜同人講野,368,,已校,
7960,濆,,pan4,,溢鍋：啲粥～出來咯 ‖ 集韵文韵符分切：“説文水厓也。一説汝爲濆，大水溢出，别爲小水之名”,368,,已校,
7961,頻婆,,pan4 po4*2,,南方一種樹生的莢果，莢如皂角而大，子實肉如栗子，其皮有多層，逐層剝之始見果肉 ‖ 此名來自梵語。又叫“鳳眼果 fung6 ngaan5 gwo2”,368,,已校,
7962,頻婆面,,pan4 po6*1' min6,,喻厚臉皮，不知羞恥：你個～皮都唔知醜│佢呢份人正一～,368,,已校,
7963,頻蹸,,pan4 lan4,,匆忙，急忙：使乜咁～啊 ‖ 蹸，集韵真韵離真切：“蹸蹸，行貌”,368,,已校,
7964,頻密,,pan4 mat6,,頻繁,368,,已校,
7965,頻撲,,pan4 pok3,,奔波忙碌,368,,已校,
7966,噴,,pan3,,體、氣體、粉末等受壓力而射出：～水│～氣│～飯│香～～│～鼻香,368,,已校,
7967,炆,,man1',,紅燒：冬菇～鷄│～豬肉│～鴨要～腍啲 ‖ 集韵文韵無分切：“熅也”,368,,已校,
7968,文,,man4*1,,錢的單位。元：一～│百五～│百零～<一百元多一點>│千幾～<一千多元>│～零<一元多點>│～一<一元一角>,368,,已校,
7969,文胸,,man4 hung1',,乳罩,368,,已校,
7970,蚊,,man4*1,,蚊子：好多～│～帳│～香│花～｜毒～｜避～油,368,,已校,
7971,蚊孳,,man4*1 zi1,,一種小黑點似的蚊子,369,,已校,
7972,蚊髀共牛髀,,man4*1 bei2 gung6 ngau4 bei2,,喻不能相比，小巫見大巫：你比起我，真係～,369,,已校,
7973,蚊口,,man4*1 hau2,,蚊子叮過後，皮膚上起的紅點,369,,已校,
7974,蚊㫱,,man4*1 naan3,,蚊子叮過後，皮膚上起的紅色小包 ‖ 㫱，集韵諫韵乃諫切：“㬄㫱，溫濕。一曰小赤”,369,,已校,
7975,蚊煙香,,man4*1 jin1' hoeng1,,舊時端午節點的香，很粗很長，用以驅蟲蟻,369,,已校,
7976,蚊帳,,man4*1 zoeng3,,掛在牀上的防蚊的紗帳：掛起～,369,,已校,
7977,蚊帳檐,,man4*1 zoeng3 jam4*2,,在牀前的一面從蚊帳上面垂下的短布帷,369,,已校,
7978,蚊香,,man4*1 hoeng1,,熏蚊子用的香,369,,已校,
7979,聞,,man4,,（鼻）嗅：你～一～呢朵花香唔香,369,,已校,
7980,聞得,,man4 dak1,,聽説：～佢去咗北京,369,,已校,
7981,抆,,man5*2,,擦拭：～屎<擦屁股>｜～屎紙<手紙> ‖ 廣韵吻韵武粉切：“拭也”,369,,已校,
7982,忞事,,man5*2 si6,,小心眼兒，愛鬧彆扭，好賭氣：個細路仔好～嘅，話佢又唔得 ‖ 忞，集韵軫韵美隕切：“説文彊也”,369,,已校,
7983,忞頸,,man5*2 geng2,,賭氣，鬥氣：你畀佢食，佢又～唔食,369,,已校,
7984,抿,,man5*2,,抹（石灰等）：～灰｜～磚口<用灰將磚縫抹平>｜幅牆裂咗條罅，搵水泥～返佢喇,369,,已校,
7985,抿頭髮,,man5 tau4 faat3,,用刷子蘸水或油刷頭髮，使其平滑,369,,已校,
7986,抿香爐,,man5 hoeng1' lou4,,把香爐中的香灰抹平,369,,已校,
7987,脗嘴,,man5*2 zeoi2,,生氣閉嘴貌：佢脗起條嘴唔出聲 ‖ 脗，廣韵軫韵武盡切：“脗合”,369,,已校,
7988,脗嘴脗舌,,man5*2 zeoi2 man5*2 sit6,,不言不語，生氣貌：咪咁～喇,369,,已校,
7989,舋,,man3,,①（時間、空間的）邊緣，盡頭：唔好徛得咁～<别站得太靠邊>｜佢來得咁～，差一啲就趕唔到火車<他來得很遲，差一點趕不上火車>｜ ～過頭 ②緊（没有富餘）：錢帶得好～，差一啲就唔夠用 ③極限：𥌮[lɛk˥]到～<精明到家了，聰明極了> ‖ 集韵問韵文運切：“罅圻也。”圻，集韵微韵渠希切：“一曰限也”,369,,已校,
7990,舋尾,,man3 mei5*1,,①盡頭，邊緣：我排隊排最～｜啲野放得咁～ ②（時間上）靠後：你到得最～,369,,已校,
7991,舋杪,,man3 miu5*2,,①（時間）緊，幾乎趕不上：啱開飯你就來到，乜咁～啊 ②（空間）太靠邊，幾乎要跌下：啲野丢得咁～<這些東西放得太靠邊>｜徛得咁～,369,,已校,
7992,舋舋莫莫,,man3 man3 mok6*2 mok6*2,,僅僅夠：呢幅布裁兩件衫都係～,369,,已校,
7993,舋□,,man3 san3,,①時間迫近：佢到得好～，就要開車嘞 ②靠邊欲墜：個杯放得咁～,369,,已校,
7994,問,,man6,,①請人解答不明白或不知道的道理和事情：～道理｜～底細｜～明白｜～路｜～真<問清楚>｜～價錢 ②爲表示關切而詢問：～候｜～安 ③管，干預：不聞不～｜唔過～呢件事 ④向（某人）要東西：～佢借本書｜佢～我攞錢 ⑤向（鬼神）詢問吉凶：～杯｜～仙｜～眚 ⑥自省：～心唔過｜～得心過<問心無愧>,369,,已校,
7995,問杯,,man6 bui1',,用杯珓占卜吉凶 ‖ 也説“摜杯 gwaan3 bui1'”,369,,已校,
7996,問心唔過,,man6 sam1' m4 gwo3,,過意不去，心中有愧：我對佢唔住，照顧唔好，我都～,370,,已校,
7997,問仙,,man6 sin1,,（迷信）下神：問仙婆～<神婆自稱能和神仙通話，詢問吉凶>,370,,已校,
7998,問眚,,man6 seng2,,一種迷信舉動，有神婆自稱能到陰間去找鬼魂來和家人相見：～婆 ‖ 眚，廣韵梗韵所景切：“過也，災也”,370,,已校,
7999,問得心過,,man6 dak1 sam1' gwo3,,問心無愧：對住神主牌講，我都～<對死者無愧，對生者更無愧了>,370,,已校,
8000,分,,fan1,,評定成績或勝負時的計量單位：你考咗幾多～啊？｜平均九十五～｜百～制｜五～制｜呢場球我地輸咗兩～,370,,已校,
8001,分,,fan1',,①使分裂，使分離：將個瓜～爲兩份｜～開呢兩種豆喇｜～裂｜～身家｜～妻｜～散｜～離 ②分配：～紅利｜～獎金｜～胙肉｜你～到幾多錢呀？ ③分支，部分：～店｜～號｜～校｜～隊｜～局｜～册 ④分辨：要～清是非｜黑白唔～ ⑤時間單位：一～鐘有六十秒 ⑥人民幣單位：十～錢等於一毫子 ⑦長度單位：一寸等於十～,370,,已校,
8002,分梳,,fan1' so1,,舊俗，夫妻任何一方死後，另一方將一把梳子折斷，丢一半入棺材中，以示二人斷絶，永遠分離,370,,已校,
8003,分書,,fan1' syu1,,舊時指休書，休妻時寫的文書,370,,已校,
8004,分妻,,fan1' cai1,,舊時指休妻：寧教人打仔，莫教人～<熟語>,370,,已校,
8005,分胙肉,,fan1' zou6 juk6*2,,祭祖時分給男性族人以燒豬肉：拜太公時就要～喇 ‖ 也説“分燒肉 fan1' siu1' juk6*2”,370,,已校,
8006,分數,,fan1' sou3,,①考卷上的記載成績的數字 ②辦法，分寸：你唔使，我有～嘅,370,,已校,
8007,分心,,fan1' sam1',,注意力不集中，精神分散：你要畀心機讀書啊，唔好咁～啊,370,,已校,
8008,分柑同味,,fan1' gam1 tung4 mei6,,即共享甜頭，有福共享,370,,已校,
8009,分單,,fan1' daan1,,兄弟分家文書，有證人及當事人簽字 ‖ 也叫“分關 fan1' gwaan1”,370,,已校,
8010,分分鐘,,fan1' fan1' zung1,,隨時，時時刻刻：～都會有危險㗎,370,,已校,
8011,分龍雨,,fan1' lung4 jyu5,,夏季突然下的陣雨，往往隔街而異，這邊下，那邊晴,370,,已校,
8012,分中,,fan1' zung3,,平均分開：將啲錢～佢喇｜將冬菇三份～佢喇｜將呢啲餅～四份,370,,已校,
8013,吩咐,,fan1' fu6,,口頭指派或命令：請你～佢快啲做,370,,已校,NA：現在（2020s）習讀fan1 fu3。
8014,墳山,,fan4 saan1,,墳地：你掛～嘅坐向点樣㗎？係坐南向北，定係坐東向西㗎？,370,,已校,
8015,粉,,fan2,,①粉末：豆～｜麵～｜胡椒～｜糯米～｜粟米～ ②特指化妝用的粉末：搽香～ ③米粉條：炒～｜湯～｜凈～｜沙河～｜通心～ ④食物纖維少而柔軟：啲芋頭好～嘅｜呢隻蓮藕至～嘞,370,,已校,
8016,粉搓公仔,,fan2 co1' gung1 zai2,,民間工藝品，用米粉塑成的小人，北京叫“江米人兒” ‖ 也叫“粉公仔”,370,,已校,
8017,粉果,,fan2 gwo2,,米粉蒸製的食品，形如大餃子，中有餡：娥姐～最有名,370,,已校,
8018,粉牌,,fan2 paai4*2,,舊時商店臨時記事的小牌子，字迹可擦去 ‖ 也叫“水牌 seoi2 paai4*2”,370,,已校,
8019,粉仔,,fan2 zai2,,較細的乾的米粉條，可煮食或炒食,371,,已校,
8020,粉綫袋,,fan2 sin3 doi6*2,,裁衣服時用的粉綫口袋，劃綫用,371,,已校,
8021,粉擦,,fan2 caat3*2,,黑板擦子,371,,已校,
8022,粉撲,,fan2 pok1,,搽粉用的布製圓形用具 ‖ 撲，集韵屋韵博木切：“拭也”,371,,已校,
8023,粉牌字,,fan2 paai4*2 zi3,,①喻不確定的話，説過可以不算 ②喻不固定、不確實的事，可以更改,371,,已校,
8024,瞓,,fan3,,①睡：～覺｜～晏覺｜～唔着｜～醒咗 ②躺：～喺處｜～低<躺下> ③睏乏欲睡：眼～｜瞌眼～<打瞌睡> ‖ 俗字，本字爲“睏”,371,,已校,
8025,瞓乜頸,,fan3 me2 geng2,,落枕，睡得脖子不能動了 ‖ 乜，廣韵馬韵彌也切：“蕃姓。”《康熙字典》：“眼乜斜也。”也説“瞓戾頸 fan3 lai6*2 geng2”,371,,已校,
8026,瞓過籠,,fan3 gwo3*2 lung4,,睡過頭了，睡過了時間,371,,已校,
8027,瞓祠堂地,,fan3 ci4 tong4 dei6,,舊時族人犯族規，將其按在祠堂地上打屁股 ‖ 也説“嗅祠堂地 hung3 ci4 tong4 dei6”,371,,已校,
8028,瞓記,,fan3 gei3,,去睡覺的俗稱,371,,已校,
8029,瞓覺,,fan3 gaau3,,①睡眠 ②卧倒,371,,已校,
8030,瞓衫,,fan3 saam1,,睡衣的舊稱 ‖ 現在叫“睡衣 seoi6 ji1'”,371,,已校,
8031,瞓䣸,,fan3 nam6,,睡熟 ‖ 䣸，集韵勘韵奴紺切：“䬼也”,371,,已校,
8032,瞓房,,fan3 fong4*2,,卧室：边間係你嘅～呢？ ‖ 也叫“睡房 seoi6 fong4*2”,371,,已校,
8033,瞓得,,fan3 dak1,,①可以睡：而家瞓唔～<現在可以睡嗎>？｜張牀～唔～？——～ ②能睡，好睡：佢好～㗎，瞓到家下都未醒喎！,371,,已校,
8034,瞓得入覺,,fan3 dak1 jap6 gaau3,,能睡着，睡得着覺：考完試就～咯,371,,已校,
8035,瞓着眼,,fan3 zoek6 ngaan5,,睡着了 ‖ 也説“瞓着”,371,,已校,
8036,份,,fan6,,①量詞。用於搭配成組的東西或報刊、文件等：一～西餐｜送兩～禮｜訂幾多～報紙啊？ ②種類，用於人，指人的品格：佢～人幾好｜呢～人唔易做 ③職位，工作：佢嗰～好肥嘅｜佢嗰～好好撈嘅 ④服氣；自認，承認：唔～氣｜～老｜唔～輸<不認輸>｜～下低威,371,,已校,
8037,份下低威,,fan6 haa5 dai1' wai1',,忍氣，服輸，讓步：你都要～至得㗎 ‖ 也説“份下低頭 fan6 haa5 dai1' tau4”,371,,已校,
8038,份自,,fan6 zi6,,格外，分外,371,,已校,
8039,份輸,,fan6 syu1',,認輸，服輸：佢唔～,371,,已校,
8040,份氣,,fan6 hei3,,服氣：真係唔～,371,,已校,
8041,份外,,fan6 ngoi6,,格外：今日佢～高興 ‖ 也説“格外 gaak3 ngoi6”,371,,已校,
8042,份老,,fan6 lou5,,自認老，服老：唔～唔得略，真係老略！,371,,已校,
8043,份心,,fan6 sam1',,服氣：唔～,371,,已校,
8044,墩,,dan1,,突出的圓形部分，用於身體某些多肉處：面珠～<臉蛋兒>｜屎胐～<屁股蛋兒>,371,,已校,
8045,墩,,dan2,,①結實的基礎，墩子：橋～｜花～<放花盆的>｜柱～｜門～ ②量詞。用於建築物：一～洋樓<一座洋樓>｜一～屋<一片密集的房子> ③大力投放，放置：將包米～喺呢處｜～埋部書｜～好枝筆 ④引申義，指人：債～<欠債多的人>｜監～<長期坐監的人>丨風舊～<生事的人>丨炮～<窩囊者，無用之人>丨香爐～<獨生子> ‖ 變讀，本音 dam1,371,,已校,
8046,扽,,dan3,,①顛簸：路唔平，坐車～得好交關 ②振動，抖動：～下嗰張氈丨～直條繩 ③磕打，使器物中的灰塵及其他東西掉出來：～下對鞋丨將煙灰～出來丨～沙丨～木蝨<磕臭蟲> ④失足坐下：我～倒丨整～人<使人跌倒>,372,,已校,
8047,扽蝦籠,,dan3 haa1 lung4*2,,喻掏光兜裏的東西或錢：畀人～咯,372,,已校,
8048,扽荷包,,dan3 ho4 baau1,,指將身上的錢都用光了：荷包扽乾凈晒咯,372,,已校,
8049,扽底,,dan3 dai2,,（器物）掉底，破底：我隻桶～咯 ‖ 也説“扽㞘 dan3 duk1”,372,,已校,
8050,扽氣,,dan3 hei3,,出氣，發泄怨氣：攞我來～,372,,已校,
8051,扽臀扽㞘,,dan3 tyun4 dan3 duk1,,跳動時屁股顫動貌,372,,已校,
8052,炖,,dan6,,隔水蒸熟：～豬肉丨～鷄丨～蛋丨～水魚 ‖ 集韵混韵杜本切：“火盛貌”,372,,已校,
8053,炖脰,,dan6 dau6,,保養滋補身體：睇你咁肥，梗係好～嘅喇丨阿陳咁好～嘞，都唔見肥嘅？ ‖ 也説“炖身 dan6 san1'”,372,,已校,
8054,炖冬菇,,dan6 dung1' gu1,,①坐冷板凳，受冷落：畀人～ ②被人作弄,372,,已校,
8055,炖盅,,dan6 zung1,,隔水炖食物用的瓷盅，有蓋,372,,已校,
8056,吞,,tan1',,不嚼而咽：～落肚丨～唔落丨成個～,372,,已校,
8057,吞咗火藥,,tan1' zo2 fo2 joek6,,喻脾氣暴烈,372,,已校,
8058,吞錯喉,,tan1' co3 hau4,,吃嗆了，食物誤入氣管 ‖ 也説“噈喉 zuk6 hau4”,372,,已校,
8059,吞口水養命,,tan1' hau2 seoi2 joeng5 meng6,,咽唾液以活命，指人窮極,372,,已校,
8060,忳,,tan4,,①心中驚怕：個心震～～丨心～～ ②肢體發抖：手～腳震丨手～～ ‖ 集韵魂韵徒渾切：“憂也，亂也”,372,,已校,
8061,忳忳震,,tan4 tan4 zan3,,哆哆嗦嗦，發抖：嚇到～丨冷到～,372,,已校,
8062,沌,,tan4,,用水冲洗：～乾凈佢 ‖ 集韵魂韵徒渾切：“小流貌”,372,,已校,
8063,炖,,tan4,,慢火煮：～啖粥畀我食喇 ‖ 集韵魂韵徒渾切：“火盛貌”,372,,已校,
8064,遯,,tan4,,來回走動，逛：周身都唔得閑，～來～去丨兩頭～ ‖ 集韵魂韵徒渾切：“逃也”,372,,已校,
8065,遯遯撲撲,,tan4 tan4 pok3 pok3,,跑跑顛顛，奔忙貌,372,,已校,
8066,褪,,tan3,,①退：～後丨將佢～到門口丨打倒～<退後，退縮> ②挪，移：～過啲<挪過去一點>丨～個位出來<騰出一個座位來>丨～開張牀<把這牀移開>丨～出～入 ③（時間）順延：～一日至去,372,,已校,
8067,褪卡,,tan3 kaa1,,火車倒車,372,,已校,
8068,褪車,,tan3 ce1,,汽車倒車,372,,已校,
8069,褪舦,,tan3 taai5,,退縮，後退 ‖ 舦，集韵泰韵他蓋切：“舟行”,372,,已校,
8070,褪腸頭,,tan3 coeng4 tau4,,脱肛病 ‖ 也説“褪肛 tan3 gong1'”,372,,已校,
8071,褪筒,,tan3 tung4,,①衣服霉爛：着衫着到～ ②脱皮：老鼠尾會～,372,,已校,
8072,渜,,nan1,,稀屎：屙～丨屙煙～<吸鴉片者拉稀>丨屙蛋～<吃蛋多者拉稀如蛋色>丨鷄～<稀的鷄屎> ‖ 集韵魂韵奴昆切：“濡湯也”,372,,已校,
8073,涊,,nan2,,污，濁：睇～眼丨打～件衫丨整～對鞋丨碰～身 ‖ 集韵混韵弩本切：“淟涊，濁也”,373,,已校,
8074,撚,,nan2,,①玩弄，擺弄：～雀｜～花<養花玩>｜～公仔｜～女人 ②作弄，算計：～人｜唔好～佢喇｜畀佢～到化<被他作弄透了>,373,,已校,
8075,撚化,,nan2 faa3,,作弄，算計：～人丨～下佢,373,,已校,
8076,撚野,,nan2 je5,,擺架子，裝樣子,373,,已校,
8077,撚菜,,nan2 coi3,,烹調菜肴，擺弄菜：佢好識～嘅,373,,已校,
8078,撚妹,,nan2 mui6*1,,舊時指將買來的女孩子養大，賣給有錢人爲妾 ‖ 也説“撚豬花 nan2 zyu1 faa1”,373,,已校,
8079,撚手,,nan2 sau2,,拿手：佢煮菜好～嘅,373,,已校,
8080,肫,,zan1 gon1,,禽類的胃和肝的總稱：鷄～ ‖ 俗叫“扶翅 fu4 ci3”,373,,已校,
8081,真,,zan1,,指遺像：寫～<給死者畫像，或照着相片畫>｜畫～,373,,已校,
8082,真,,zan1',,①確實：佢～聰明｜～係好野 ②真實的：～心｜～事 ③清楚：睇～未啊？丨睇得～丨睇唔～｜唔記得～嘞 ④對，正確：多謝佢就～<謝他才對呢>｜你抵打就～<你才該打呢>,373,,已校,
8083,真家伙,,zan1' gaa1' fo2,,真東西：上次講冷空氣來，都係假嘅，呢次～來嚙,373,,已校,
8084,真個,,zan1' go3,,真的，實在：～係噉嘅<真是這樣的>,373,,已校,
8085,趁,,zan2,,小兒學步貌：～上～落<跑來跑去>丨～～下｜兩頭～<來回走> ‖ 集韵軫韵止忍切：“走謂之趁”,373,,已校,
8086,圳,,zan3,,將河水引入田裏的通道，明溝暗溝都可 ‖ 俗字，本字爲“甽”，集韵稕韵朱閏切：“溝也”,373,,已校,
8087,震,,zan3,,①地震，震動：間屋～壞咗 ②顫抖：佢嚇到手～ ③心驚，害怕：聽日考試，我唔～,373,,已校,
8088,震忳忳,,zan3 tan4 tan4,,發抖貌：冷到我～丨睇佢嚇到～個樣,373,,已校,
8089,鎮頭,,zan3 tau4,,集鎮：舊時佛山係大～嘞,373,,已校,
8090,陣,,zan6,,①作戰隊伍的行列或組合方式：擺～｜～地 ②一段時間：等一～至去｜呢～｜嗰～時<那陣子> ③架（牀板）：～好張牀喇 ④樓房的鋼筋水泥構架或閣樓的木架：樓～｜閣～,373,,已校,
8091,陣冷陣熱,,zan6 laang5 zan6 jit6,,忽冷忽熱,373,,已校,
8092,陣仗,,zan6 zoeng6,,勢頭，陣勢：佢人細，未見過大～丨咪咁大～<喇别那麼大陣勢吧>,373,,已校,
8093,親,,can1',,①血統最接近的：～兄弟丨佢係我～阿叔 ②關係近（與“疏”相對）：佢同你～唔～㗎？丨～近 ③親自：呢件衫係我～手做嘅丨～身去到 ④放在動詞、形容詞之後，表示前者的結果，相當於“着了”：撞～個頭丨跌～手丨畀狗咬～丨佢冷～<他着急了>丨佢熱～，病咗 ⑤一…（就）： 㤢～就痛<一動就疼>｜食～就嘔<一吃就吐> ⑥每次，每逢：去～街都撞到佢,373,,已校,
8094,親手,,can1' sau2,,親自動手：係佢～打你嘅咩？,373,,已校,
8095,親口,,can1' hau2,,親自（説）：呢句話係佢～講嘅,373,,已校,
8096,親眼,,can1' ngaan5,,親自目睹：我～見到佢,373,,已校,
8097,親力親爲,,can1' lik6 can1' wai4,,親自動手,374,,已校,
8098,親戚鬼鬼,,can1' cik1 gwai2 gwai2,,親戚之間，强調親密：大家～，就唔使講咁多喇,374,,已校,
8099,陳二叔,,can4*2 ji6 suk1,,陳姓人的通稱（背稱，面稱“二叔”）,374,,已校,
8100,陳皮梅,,can4 pei4 mui4*2,,一種著名涼果，以陳皮炮製的梅子,374,,已校,
8101,陳皮咁舊,,can4 pei4 gam3 gau6,,陳皮是越舊越好，喻陳舊的事物,374,,已校,
8102,陳村種,,can4 cyun1' zung2,,指敗家子,374,,已校,
8103,塵塳塳,,can4 pung1' pung1',,①塵土飛揚貌 ②塵土封住 ‖ 塳，集韵東韵蒲蒙切：“塵也”,374,,已校,
8104,塵拂,,can4 fat1,,馬尾做的拂塵,374,,已校,
8105,趁花市,,can3 faa1' si5,,農曆年三十晚去花市買花，是廣州過春節的重要活動之一,374,,已校,
8106,趁地腍,,can3 dei6 nam4,,駡人話。趁地皮軟，好埋人，即快去死吧：快啲～喇,374,,已校,
8107,趁手,,can3 sau2,,趁便,374,,已校,
8108,趁高興,,can3 gou1' hing3,,湊熱鬧：佢今晚請客，我都去趁下高興喇｜佢請假去咗，你又請假，～啊？,374,,已校,
8109,趁墟,,can3 heoi1,,趕集,374,,已校,
8110,趁墟打市,,can3 heoi1 daa2 si5,,趕集,374,,已校,
8111,趁興,,can3 hing3,,趁熱鬧，湊趣：佢平日唔唱歌嘅，家下～啫,374,,已校,
8112,趁風使𢃇,,can3 fung1' sai2 lei5,,熟語。見風使舵,374,,已校,
8113,親家老爺,,can3 gaa1' lou5 je4,,親家公，男親家互稱,374,,已校,
8114,親家,,can3 gaa1',,有兒女婚姻關係的雙方互稱,374,,已校,
8115,親家奶奶,,can3 gaa1' naai5*2 naai5*4,,親家母，女親家互稱,374,,已校,NA：原書注音有誤，應作can3 gaa1 naai5*4 naai5*2。
8116,親家郎,,can3 gaa1' long4*2,,舊時僱用的抬儀仗的人，無論喜事、喪事,374,,已校,
8117,襯廚,,can3 cyu4,,靠近廚房的雜物間,374,,已校,
8118,襯裏,,can3 lei5,,衣物等的内層，外層是“面”,374,,已校,
8119,申,,san1',,折合：一碼係幾尺啊？——你～一～就知喇,374,,已校,
8120,伸,,san1',,①伸展，舒展：～手｜～懶腰 ②躺：喺牀上～一～喇,374,,已校,
8121,伸腰躲懶,,san1' jiu1' do2 laan5,,偷懶，懶洋洋貌,374,,已校,
8122,伸直腳,,san1' zik6 goek3,,喻死亡,374,,已校,
8123,身家,,san1' gaa1',,家當，家産：佢有十萬銀～｜執條襪帶累～熟語。撿了便宜敗了家,374,,已校,
8124,身架,,san1' gaa3,,骨架：佢生得～高大,374,,已校,
8125,身子,,san1' zi2,,身體：佢～幾好嘅｜才多～弱<太用力則體弱>,374,,已校,
8126,身水身汗,,san1' seoi2 san1' hon6,,汗流浹背：做野做到～<幹活兒幹得滿身大汗>,374,,已校,
8127,身跟,,san1' gan1',,身邊，身旁：你～重有乜人啊？,374,,已校,
8128,身㷫,,san1' hing3,,身子熱，發燒：個細路～嘞，怕係冷親喎 ‖ 也説“發熱 faat3 jit6”或“身熱 san1' jit6”,374,,已校,
8129,身光頸靚,,san1' gwong1' geng2 leng3,,打扮得光鮮,374,,已校,
8130,辛苦,,san1' fu2,,①苦，累，費勁：行得好～｜好～先至搵到你 ②難受，痛苦：我今日又屙又嘔好～｜佢咳得幾～啊,374,,已校,
8131,紳衿父老,,san1' kam1' fu6 lou5,,鄉間有威望的、能調停紛爭的人,374,,已校,
8132,新,,san1',,①没有用過的（與“舊”相對）：着～衫丨～鞋 ②剛出現的：～出子薑丨～藕丨～出物丨～聞 ③才，剛：呢件衫係～買嘅 ④結婚的或結婚不久的：～婦丨～郎哥丨～嫁娘 ⑤初從事某種行業的：～手丨～仔,375,,已校,
8133,新嫁娘,,san1' gaa3 noeng4*2,,剛結婚的女人,375,,已校,
8134,新姑爺,,san1' gu1' je2,,新郎的尊稱（面稱）,375,,已校,
8135,新奶奶,,san1' naai5*4 naai5*2,,新郎的母親,375,,已校,
8136,新仔,,san1' zai2,,新手，初參加某行業者,375,,已校,
8137,新包紙利市,,san1' baau1' zi2 lai6 si6,,新婦三朝回娘家之後，分給小輩的紅包,375,,已校,
8138,新婦,,san1' pou5,,①兒媳婦：佢有兩房～ ②新娘 ‖ 婦，文讀 fu5，pou5是口語音,375,,已校,
8139,新婦茶,,san1' pou5 caa4,,新婦過門後，奉給親友的茶：飲～,375,,已校,
8140,新婦仔,,san1' pou5 zai2,,童養媳,375,,已校,
8141,新婦酒,,san1' pou5 zau2,,喜酒，婚宴：擺～丨飲～,375,,已校,
8142,新老爺,,san1' lou5 je2,,新郎的父親,375,,已校,
8143,新聞紙,,san1' man4 zi2,,報紙的舊稱,375,,已校,
8144,新年頭,,san1' nin4 tau4*2,,指農曆年年頭,375,,已校,
8145,新年流流,,san1' nin4 lau4 lau4,,大新年的，大過年的。言外之意是不要忘記現在是過年，多指正月十五以前,375,,已校,
8146,新鮮熱辣,,san1' sin1' jit6 laat6,,①又新鮮，又熱乎，多形容食物 ②形容其他新鮮事物,375,,已校,
8147,新燈,,san1' dang1,,家中生了男孩，次年元宵節掛一盞花燈在祖先位前，此燈叫新燈：開～,375,,已校,
8148,新娘,,san1' noeng4*2,,結婚時的女人,375,,已校,
8149,新樣,,san1' joeng6*2,,特别新奇（貶義）：乜你做人做得咁～啊！丨着衫着到咁～丨你講得好～,375,,已校,
8150,新郎哥,,san1' long4 go1,,結婚的男人，新郎官 ‖ 也叫“新郎 san1' long4*2”,375,,已校,
8151,新發家,,san1' faat3 gaa1',,暴發户 ‖ 也説“新發財 san1' faat3 coi4”,375,,已校,
8152,新出,,san1' ceot1,,①新上市的瓜菜果品：食～ ②新上市的：呢啲係～嘅三月紅噃！丨呢造禾蟲係～嘅噃！買啲來食喇丨～物,375,,已校,
8153,新出匪類,,san1' ceot1 fei2 leoi6*2,,駡不像樣、不順眼的年輕人,375,,已校,
8154,新□□,,san1' kwaak1 kwaak1,,新簇簇，形容很新 ‖ 也説“新確確 san1' kok1 kok1”,375,,已校,
8155,新簇簇,,san1' cuk1 cuk1,,很新，簇新,375,,已校,
8156,神化,,san4 faa3,,神妙，神秘：啲茅山唔知幾～ <那些法術不知道多麼神妙>,375,,已校,
8157,神主牌,,san4 zyu2 paai4*2,,靈牌，牌位,375,,已校,
8158,神位,,san4 wai6*2,,堂屋神樓中供神的位置,375,,已校,
8159,神枱,,san4 toi4,,一般人家供神用的桌子，置放香爐、觀音像等：～貓屎，神憎鬼厭 <歇後語>,375,,已校,
8160,神樓,,san4 lau4*2,,正廳的正面牆上設置的供神的小閣樓,375,,已校,
8161,神高神大,,san4 gou1' san4 daai6,,個子高大（貶義）：你估我怕你～啊？,375,,已校,
8162,神心,,san4 sam1',,虔誠，誠心,375,,已校,
8163,神龕,,san4 ham1,,牆上凹進去供神之處，或貼紅紙或貼神像,375,,已校,
8164,神棍,,san4 gwan3,,巫師，藉神騙錢者,376,,已校,
8165,神經,,san4 ging1',,①在中樞神經系統與器官之間傳遞興奮的組織 ②精神不太正常：你都～嘅,376,,已校,
8166,神興,,san4 hing1',,慣於：佢～噉樣做法｜我～每日去公園行下,376,,已校,
8167,神福,,san4 fuk1,,供過神的豬肉：散～｜送～｜派啲～畀人食喇,376,,已校,
8168,晨褸,,san4 lau1,,起牀後暫穿的長衣,376,,已校,
8169,晨早,,san4 zou2,,清早，早晨 ‖ 也説“朝早 ziu1' zou2”或“朝頭早 ziu1' tau4 zou2”,376,,已校,
8170,脤,,san5,,①由於未成熟前受到水淹或霜凍，薯類硬化，煮不爛：啲芋頭～咗，唔好食嘅 ②傻，不明事理：你都～嘅 ‖ ①也説“生水”。廣韵軫韵時忍切：“祭餘肉。”《康熙字典》：“又生肉曰脤”,376,,已校,
8171,脤瓜瓜,,san3 gwaa1' gwaa1',,傻里傻氣,376,,已校,
8172,腎,,san5*2,,禽類的胃，北京叫“肫”：鷄～｜鴨～｜鵝～,376,,已校,
8173,呻,,san3,,①怨，嘆：～氣｜～笨 ②嚷，喊：～冇錢｜～窮 ‖ 文讀陰平，此處變讀陰去,376,,已校,
8174,呻笨,,san3 ban6,,自嘆愚笨，上了人家的當,376,,已校,
8175,呻聲呻氣,,san3 seng1' san3 hei3,,叫苦，唉聲嘆氣：叫佢做啲野就～,376,,已校,
8176,腎,,san6,,腎臟，腰子：～病｜～虧｜～炎 ‖ 讀書音，又音 san2,376,,已校,
8177,斤兩,,gan1' loeng5*2,,本事，分量：佢都有啲～嘅<做事負責、踏實>｜冇～<辦事不牢靠>,376,,已校,
8178,根底,,gan1' dai2,,①根據：冇～嘅説話 ②底細：我知道佢～｜佢嘅～都好清楚嘅 ③家底，家業：佢都冇乜～｜佢都唔夠～,376,,已校,
8179,筋韌,,gan1' ngan6,,有韌性：啲麵好～，都幾惡搋啊<這麵很有勁，挺難揉啊>,376,,已校,
8180,筋麵,,gan1' min6,,有筋的麵粉，適宜做麵條和餃子皮（與“發麵”相對）,376,,已校,
8181,筋膙,,gan1' goeng2,,①來頭，來由：佢之所以做成功，有啲～嘅噃 ②指見不得人的事：講起佢個人，佢有啲～嘅噃 ③菜類的筋梗：呢啲菜～大，好重秤嘅<很占分量> ‖ 膙，廣韵養韵居兩切：“筋頭”,376,,已校,
8182,跟下眼,,gan1' haa5 ngaan5,,盯着點兒，注意某個目標,376,,已校,
8183,跟尾,,gan1' mei5,,跟在後頭：你行先，我～,376,,已校,
8184,跟尾狗,,gan1' mei5 gau2,,①比喻老是跟着别人走的人 ②哈巴狗,376,,已校,
8185,跟手,,gan1' sau2,,接着，跟着：翻咗一陣風，～就落雨,376,,已校,
8186,跟手尾,,gan1' sau2 mei5,,掃尾，替人家“擦屁股”,376,,已校,
8187,跟佬,,gan1' lou2,,舊時指妓女從良 ‖ 也叫“跟人 gan1' jan4”,376,,已校,
8188,跟尋,,gan1' cam4,,追尋，調查（來歷、根底）：～下佢,376,,已校,
8189,緊,,gan2,,①緊張（與“鬆”相對）：綳得好～｜追到我好～｜揸～時間 ②牢固，固定，不鬆動：揸～枝筆｜綁～褲頭帶 ③脾氣急，事情急迫：佢個脾性好～｜任務好～｜～事｜趕～去 ④助詞。表示正在進行（多在動詞後）：佢食～飯，你就來到｜佢做～野｜讀～書唔好講野｜我來～咯｜我啱啱寫～野 ⑤經濟不寬裕：手頭好～｜我家下好～手,376,,已校,
8190,緊事,,gan2 si6,,緊急的事：我有～，即刻要去,377,,已校,
8191,緊捋捋,,gan2 lyut3 lyut3,,綳得很緊：冷衫織到～<毛衣織得又小又緊>丨對鞋～，箍住晒隻腳<把腳全箍緊了>,377,,已校,
8192,緊要,,gan2 jiu3,,①利害：熱得好～丨病得好～ ②要緊，重要：呢件事好～，我馬上要去,377,,已校,
8193,緊身,,gan2 san1,,緊身衣：佢着～出去行街,377,,已校,
8194,緊綳綳,,gan2 mang1' mang1',,①緊巴巴的：件衫～ ②手頭没錢：手頭～ ‖ 文讀 bang1'，mang1' 是口語音,377,,已校,
8195,近,,gan6,,①空間或時間距離短：～視丨～視眼丨～來丨最～丨左～丨～日丨～况丨附～ ②接近：～身丨～身妹丨～官得力，～廚得食 ③親密：～親丨親～丨遠親不如～鄰,377,,已校,
8196,近住,,gan6 zyu6,,靠近，在⋯附近：我屋企～碼頭,377,,已校,
8197,近身,,gan6 san1,,舊時大户人家僱用爲女主人梳頭的婦女 ‖ 也叫“梳頭嫲 so1' tau4 maa4*2”,377,,已校,
8198,近身妹,,gan6 san1' mui6*1,,貼身丫頭 ‖ 也叫“裙腳妹 kwan4 goek3 mui6*1”,377,,已校,
8199,勤力,,kan4 lik6,,①用功，下功夫：佢好～讀書嘅 ②勤勞，不偷懶：你要～做野至得㗎,377,,已校,
8200,近,,kan5,,距離短：學校離屋企好～丨行～啲丨行～路丨嗰頭～<那邊兒近> ‖ 口語音，文讀 gan6,377,,已校,
8201,近路,,kan5 lou6,,距離較短的路：行～去就快啲,377,,已校,
8202,奀,,ngan1',,①瘦弱短小：生得好～丨～～細細丨～～瘦瘦丨老～茄丨～仔丨～妹丨～～實實 ②質差：好～咩丨唔～㗎 ③賺頭少，收入少：打工仔入息好～丨賺得好～丨人工好～咋，唔慳都唔得<工錢少得可惜，不省着花都不行> ‖ 俗字,377,,已校,
8203,奀䂑䂑,,ngan1' zi1' zi1',,矮小瘦弱貌 ‖ 䂑，集韵支韵將支切：“𥏠䂑短也”,377,,已校,
8204,奀細,,ngan1' sai3,,瘦小：佢個仔生得咁～嘅,377,,已校,
8205,奀皮,,ngan1' pei4,,（小孩）頑皮，調皮,377,,已校,
8206,奀挑𧊅相,,ngan1' tiu1' gwaai2 soeng3,,形容人生得瘦小，其貌不揚,377,,已校,
8207,奀嫋鬼命,,ngan1' niu1' gwai2 meng6,,駡人話。又高又瘦,377,,已校,
8208,奀嫋嫋,,ngan1' niu1' niu1',,身材又高又瘦貌,377,,已校,
8209,奀切切,,ngan1' cit1 cit1,,形容人生得矮小瘦弱,377,,已校,
8210,仁,,ngan4,,菜類、瓜果的種子：菜～丨荷蘭豆～丨豆～<荷蘭豆粒>丨瓜～ ‖ 變讀音，本讀 jan4,377,,已校,
8211,仁包,,ngan4 baau1,,食品名。腐皮捲餡（砂糖、炒花生仁、脂麻、橄欖仁等）包成拇指大的小包，炸熟。過年時以之待客，取吉利，因“仁包”和“銀包”同音,377,,已校,
8212,銀,,ngan4,,①銀子：金～器皿丨～盾丨～鋪丨～水<銀子的成色>丨～鈪 ②泛指錢幣：萬幾～<一萬多塊錢>丨～紙丨～包 ③銀白色的：～蝦丨～魚丨～芋丨～灰色,377,,已校,
8213,銀,,ngan4*2,,①銀子：打～師傅丨～戒指丨白～ ②銀幣，錢幣：佢有好多～丨花紅～丨～仔丨香港～丨省城～丨碎～<半角一角的銀幣>│銅～<假銀元>,377,,已校,
8214,銀紙,,ngan4 zi2,,紙幣，鈔票：～縮水<鈔票貶值>,378,,已校,
8215,銀仔,,ngan4*2 zai2,,①硬幣，鋼鏰兒 ②舊時指小洋,378,,已校,
8216,銀鷄,,ngan4 gai1,,警笛：吹～捉賊,378,,已校,
8217,銀包,,ngan4 baau1,,小錢包 ‖ 舊時也叫“荷包 ho4 baau1”,378,,已校,
8218,銀頭現,,ngan4 tau4 jin6,,拿得出現銀來交易，付錢爽快：呢間鋪頭銀頭好現嘅噃 ‖ 也説“銀頭旺 ngan4 tau4 wong6”或“水頭旺 seoi2 tau4 wong6”,378,,已校,
8219,銀水稀,,ngan4 seoi2 hei1',,手頭緊，缺錢用：而家大家都～嘞，冇錢買咁多野喇,378,,已校,
8220,銀針菜,,ngan4 zam1' coi3,,去掉頭尾的綠豆芽菜，北京叫“掐菜” ‖ 也叫“銀芽 ngan4 ngaa4”,378,,已校,
8221,銀錢,,ngan4 cin4*2,,本義是大洋，現在指“元”：呢對鞋值十個～,378,,已校,
8222,銀色,,ngan4 sik1,,銀子的成色：人人話佢～極好 ‖ 也叫“銀水 ngan4 seoi2”,378,,已校,
8223,銀腳帶,,ngan4 goek3 daai3,,銀環蛇的俗稱，有劇毒,378,,已校,
8224,扤,,ngan3,,①顫動，抖動：～～腳<坐着時腿上下抖動> ②踮（腳）：～高腳就望到喇│行路～腳<走路有點跛> ‖ 廣韵没韵五忽切：“搖動。”古入聲，此處變讀陰去,378,,已校,
8225,扤高腳,,ngan3 gou1' goek3,,踮起腳，足跟離地：～睇,378,,已校,
8226,扤身扤勢,,ngan3 san1' ngan3 sai3,,腳顫動不已（貶義）：坐喺處～做乜野？,378,,已校,
8227,扤扤腳,,ngan3 ngan3 goek3,,形容人坐着顫動着腳，逍遙自在貌，引申爲生活富裕，安然享福：佢都可以～喇 ‖ 也説“腳扤扤”,378,,已校,
8228,垽,,ngan6,,液體中的沉澱物：茶～│酒～│水～ ‖ 廣韵焮韵吾靳切：“爾雅曰澱謂之垽”,378,,已校,
8229,韌,,ngan6,,柔軟而結實，不易折斷：啲牛肉好～，煲極都唔腍<怎麼煮都不爛> ‖ 口語音，讀書音 jan6,378,,已校,
8230,韌皮,,ngan6 pei4,,皮厚，不怕打。多用於小孩,378,,已校,
8231,痕,,han4*2,,痕迹，印迹：起咗一條～│畀人打到滿身都係～,378,,已校,
8232,痕,,han4,,發癢：手～│～～地│撓～│身～│個頭好～，要洗頭嘞 ‖ 同音字,378,,已校,
8233,痕芋頭,,han4 wu6 tau4*2,,一種有毒的芋頭，吃了口、舌會麻痹,378,,已校,
8234,恨錯,,han6 co3,,悔恨：你重唔趁早學野，將來～就遲喇,378,,已校,
8235,欿,,han6,,很想得到，渴望：我好～荔枝│佢～生仔│～錢│～酒│～睇戲│好～去游水 ‖ 廣韵感韵胡感切：“欲得。”古感韵，今變讀 an,378,,已校,
8236,欿唔返,,han6 m4 faan1',,不會再來，盼也盼不回來：禾蟲過造～<熟語>,378,,已校,
8237,欿得望,,han6 dak1 mong6*2,,巴不得，巴望；恨不得：人講今日會落大雨，我～噉樣│今晚上有鷄食喎，我～係噉喇！,378,,已校,
8238,因,,jan1',,①因爲：～乜原故佢唔去呢？丨年年都有～游水沉死嘅 ②算，估計：～下時間丨你～下需要幾多錢丨～下啲位夠唔夠坐 ③原因：～由丨事出有～,379,,已校,
8239,因加得減,,jan1' gaa1 dak1 gaam2,,弄巧成拙,379,,已校,
8240,因住,,jan1' zyu6,,①小心，當心：路好滑，～跌倒丨～𠜱損手啊丨～遲到啊<小心别遲到> ②可着，掐着：水好少，～來用丨～錢使<可着錢用，别超支>,379,,已校,
8241,因住來,,jan1' zyu6 lai4,,警告語。小心些，當心：佢個野好黑心嘅，你～啊,379,,已校,
8242,因由,,jan1' jau4,,原因：唔知有乜野～呢，佢咁憎我,379,,已校,
8243,人馬,,jan4 maa5,,一班人手：佢個班～好使得嘅,379,,已校,
8244,人話,,jan4 waa6,,人家説，據説：～南園幾好喎！,379,,已校,
8245,人蛇,,jan4 se4,,（水路）偷渡者,379,,已校,
8246,人事,,jan4 si6*2,,①人的能力：盡晒～咯<充分盡了力> ②人品，人緣兒：佢好好～㗎<人緣很好>丨你真係好～<你真好> ③人情關係：佢有～冇啊？,379,,已校,
8247,人仔細細,,jan4 zai2 sai3 sai3,,人小，年齡小：～就出來搵食<這麼小就出來謀生>,379,,已校,
8248,人齊物衆,,jan4 cai4 mat6 zung3,,人到齊了：～喇，好行嘞<該走了>丨～喇，好開會喇<該開會了>,379,,已校,
8249,人細鬼大,,jan4 sai3 gwai2 daai6,,人小卻心眼兒多,379,,已校,
8250,人尾,,jan4 mei5,,最不好的，最下層的：做我地呢份工，就係做到～喇,379,,已校,
8251,人地,,jan4 dei6,,人家，别人,379,,已校,
8252,人頭涌涌,,jan4 tau4 jung2 jung2,,人多擁擠貌：會場～，好難搵到佢㗎,379,,已校,
8253,人面子,,jan4 min6 zi2,,一種果子，核似人面，故名。果肉可做菜或配料，也可漬爲涼果：甘草～ ‖ 口語也叫“仁楝 jan4 lin6*2”,379,,已校,
8254,人面熟,,jan4 min6*2 suk6,,認識人多，熟人多：你～，幫下手喇,379,,已校,
8255,人行過路綫,,jan4 haang4 gwo3 lou6 sin3,,馬路上的人行横道綫,379,,已校,
8256,人命錘,,jan4 meng6 ceoi4,,指不怕天、不怕地、不怕病的人，本義爲“錘都打不死的人”：我係～，食乜野都唔怕,379,,已校,
8257,人情,,jan4 cing4,,①待人接物的道理：～薄過紙丨～世故丨佢好會做～ ②贈送禮物：～緊過債丨佢有冇～呀？,379,,已校,
8258,人行物衆,,jan4 hong4 mat6 zung3,,大庭廣衆：唔好嘈喇，當着～，睇边個有道理喇,379,,已校,
8259,人工,,jan4 gung1',,工資，工錢：你一個月有幾多～呢？丨添啲～喇丨～兼打賞就係咁多嘅喇<工資加上獎金就是這麼多了>,379,,已校,
8260,人結人緣,,jan4 git3 jan4 jyun4,,熟語。人各有相好的，不管何等人物都有自己的人緣兒,379,,已校,
8261,人客,,jan4 haak3,,客人：今日有～來啊,379,,已校,
8262,人腳,,jan4 goek3,,勞動力，人手：～唔夠使啊丨佢地～多，唔使我去,379,,已校,
8263,忍,,jan2,,憋着，忍住：～屎丨～尿丨～氣丨～手丨～口<少説話>丨～頸,380,,已校,
8264,忍手,,jan2 sau2,,忍着，不去做某事：忍下手喇，唔好打佢喇,380,,已校,
8265,忍頸,,jan2 geng2,,忍氣吞聲 ‖ 也説“揸頸 zaa2 geng2”或“減頸 gaam2 geng2”,380,,已校,
8266,引,,jan5,,①吸引：呢幅畫好～人睇丨～到你返轉頭 ②引誘，逗引：～佢去玩丨～蛇入屋丨唔好畀佢～壞 ③火藥引綫：點着條～丨唔好整濕條～丨啲炮仗冇～嘅 ④（中藥）引子：藥～,380,,已校,
8267,癮,,jan5,,①嗜好：鴉片煙～丨酒～丨茶～ ②興趣，愛好：睇小説睇上咗～丨打麻雀<麻將牌>我冇～丨～頭丨爛～<癮頭極大>,380,,已校,
8268,印,,jan3,,①圖章：抌個～<蓋個章>丨～泥丨～油丨雕個～丨～色 ②描（字帖）：～字格丨～過便<字透過紙背> ③印刷：～書丨～出來未呀？ ④（餅）模子：打餅就要用餅～嘞,380,,已校,
8269,印字格,,jan3 zi6 gaak3*2,,（小學生）描字帖習字，把字格（字帖）放在習字紙下面印着描字,380,,已校,
8270,印水紙,,jan3 seoi2 zi2,,吸墨紙：呢張～好污糟，唔用得咯,380,,已校,
8271,印水船,,jan3 seoi2 syun4,,船形吸墨水用具，墨水筆字寫完後，用它吸去多餘的墨迹,380,,已校,
8272,均之,,gwan1' zi1',,副詞。反正，横豎：～都係噉｜～我都冇事做，就陪你去喇｜～一樣,381,,已校,
8273,均私,,gwan1' si1',,①自己的器物不許别人用：唔好𢭃佢啲野，佢好～㗎 ②好講究，挑揀：佢食野好～嘅,381,,已校,
8274,均真,,gwan1' zan1',,認真，公私分明，公道：佢個人好～嘅,381,,已校,
8275,莙薘菜,,gwan1' daat6 coi3,,①一年或二年生草本植物，嫩時可做蔬菜，農村多用來喂豬 ‖ 俗稱“𣸛菜 soek3 coi3”或“豬乸菜 zyu1' naa2 coi3”。莙，廣韵文韵舉云切：“牛藻菜也”,381,,已校,
8276,滾,,gwan2,,①沸：水～咯｜～水<開水>｜～下<正在沸騰> ②速煮，煮沸：～啲菜湯來飲喇｜～下佢<把它煮開>｜豬肚瘦肉～冬瓜 ③熱，燙：～㷫｜佢隻手～～㷫㷫<他的手熱得發燙>,381,,已校,
8277,滾瀉,,gwan2 se2,,（液體）沸得溢出：～湯嘞 ‖ 瀉，廣韵馬韵悉姐切：“瀉水”,381,,已校,
8278,滾㗾熱辣,,gwan2 hoe1' jit6 laat6,,①形容食物滾熱：呢碗湯～，唔飲得自 ②曬得很熱：馬路曬到～，唔好出街喇 ③人身體燒得很利害：佢發熱，個身～，怕係感冒啊 ‖ 㗾，集韵戈韵呼𦚢切：“吐氣也”,381,,已校,
8279,滾攪,,gwan2 gaau2,,客套話。打擾，打攪：～晒<太打擾了> ‖ 也説“掎攪 gei1' gaau2”,381,,已校,
8280,滾水熝腳,,gwan2 seoi2 luk6 goek3,,火急火燎地，形容走得快，不停留：想叫佢坐下，佢好似～噉,381,,已校,
8281,滾㷫,,gwan2 hing3,,發熱，發燙：今日天氣咁～嘅｜張牀咁～嘅｜佢個身好～,381,,已校,
8282,滾紅滾綠,,gwan2 hung4 gwan2 luk6,,矇騙,381,,已校,
8283,滾熱辣,,gwan2 jit6 laat6,,①熱騰騰的，形容食物剛出鍋（或爐） ②剛産生的，新鮮的（事物）：呢件野真係新鮮～喇,381,,已校,
8284,滾得埋,,gwan2 dak1 maai4,,合得來，打成一片，指人與人關係好 ‖ 也説“打得埋 daa2 dak1 maai4”,381,,已校,
8285,滾得熟,,gwan2 dak1 suk6,,與人相熟，打成一片：佢好容易同人～嘅,381,,已校,
8286,𧥺,,gwan3,,誆騙：～錢｜耳仔生得軟，有時畀人～到｜～騙｜～友｜～人<誆人家> ‖ 廣韵稕韵九峻切：“欺言”,381,,已校,
8287,𧥺友,,gwan3 jau5*2,,不務正業、游手好閑、靠行騙爲生者,381,,已校,
8288,𧥺騙,,gwan3 pin3,,哄騙，偽言騙取,381,,已校,
8289,惃頭惃腦,,kwan1' tau4 kwan1' nou5,,舊時指笨頭笨腦 ‖ 惃，廣韵魂韵古渾切：“亂也。”古見母，今讀如溪母,381,,已校,
8290,裙,,kwan4,,裙子：衫～｜底～<襯裙>｜西裝～｜水桶～｜百褶～｜牛仔～,381,,已校,
8291,裙腳仔,,kwan4 goek3 zai2,,在深閨長大的、嬌生慣養的男孩子 ‖ 有人也説“裙帶仔 kwan4 daai3 zai2”,381,,已校,
8292,裙脚妺,,kwan4 goek3 mui6*1,,貼身丫頭 ‖ 也叫“近身妹 gan6 san1 mui6*1”,382,,已校,
8293,群,,kwan4,,①聚在一起的人或物：人～丨成～結隊 ②量詞。用於成群的人、動物：一～人丨一大～鷄 ③結交：唔好～埋啲壞人<别與壞人爲伍>,382,,已校,
8294,緄條,,kwan2 tiu4*2,,衣服沿邊用的布條 ‖ 緄，廣韵混韵古本切：“帶也。”古見母字，今口語讀如溪母,382,,已校,
8295,緄邊,,kwan4 bin1,,沿邊，在衣服上包邊,382,,已校,
8296,昏,,wan1',,①眩暈，頭腦不清楚：頭～眼花丨～頭轉向丨～～忳忳 ②失去知覺：～迷 ‖ 讀書音 fan1'，wan1' 是變讀,382,,已校,
8297,昏頭轉向,,wan1' tau4 zyun3 hoeng3,,頭腦昏亂，迷失方向,382,,已校,
8298,昏昏忳忳,,wan1' wan1' dan6 dan6,,頭有一些暈,382,,已校,
8299,溫吞,,wan1' tan1',,微溫，不冷不熱,382,,已校,
8300,熅,,wan1',,煙熏或用其他氣味來熏：～蚊丨用臭丸～下個籠丨煙～到我頭都痛丨搵啲花來～下啲茶葉 ‖ 集韵文韵於云切：“説文鬱煙也”,382,,已校,
8301,熅香,,wan1' hoeng1,,農曆五月初五時，用來熏蟲蟻的艾草捲的長條,382,,已校,
8302,瘟,,wan1',,（男子）被女色迷住：～老婆丨～老舉丨～到佢心都愴[tsʻɔŋ˧]丨～頭～腦,382,,已校,
8303,瘟頭瘟腦,,wan1' tau4 wan1' nou5,,癡迷得頭腦發昏,382,,已校,
8304,瘟咁,,wan1' gam3,,一個勁兒地，得了病似地：～瞓丨～講丨～做丨～走丨～食,382,,已校,
8305,瘟君,,wan1' gwan1',,戲指被女色迷住的男子,382,,已校,
8306,匀,,wan4,,①均匀，匀和：分得好～丨攪～啲 ②遍：搵～全學校都搵唔到佢丨唱～晒啲歌<把歌兒唱遍了>丨佢食～咁多間酒樓丨睇～咁多電影都唔過癮 ③量詞。次：食過一～,382,,已校,
8307,匀旬,,wan4 ceon4,,均匀，匀和，匀稱：分野分得都幾～嘅丨傻得咁～嘅丨衰得咁～㗎<真是次透了>,382,,已校,
8308,雲耳,,wan4 ji5,,雲南出産的木耳，也是木耳的通稱,382,,已校,
8309,雲石,,wan4 sek6,,有雲紋的石頭，大理石：～枱<大理石面的桌子>,382,,已校,
8310,魂頭,,wan4 tau4,,魂兒，靈魂：睇佢好似失咗～丨你冇～嘅喇？噉樣做野！,382,,已校,
8311,魂精,,wan4 zeng1',,太陽穴,382,,已校,
8312,魂魄,,wan4 paak3,,俗指三魂七魄：～唔齊<喪魂失魄>,382,,已校,
8313,暈,,wan4,,頭腦發昏，覺得天旋地轉，要跌倒：～浪丨～陀陀丨頭～丨～車丨頭～眼花丨～倒,382,,已校,
8314,暈車浪,,wan4 ce1' long6,,暈車，乘車時頭暈欲嘔吐 ‖ 也説“暈車”,382,,已校,
8315,暈陀陀,,wan4 to4 to4,,（因病、酒醉、迷惑等）暈乎乎，頭昏昏然：飲到～丨做到～<幹活兒累暈了>丨瞓到～丨畀佢𧥺[kuɐn˧]<騙>到我～,382,,已校,
8316,暈機浪,,wan4 gei1' long6,,暈飛機：你有冇試過～啊？,382,,已校,
8317,暈船浪,,wan4 syun4 long6,,暈船，乘船時頭暈想嘔吐 ‖ 也説“暈浪”,382,,已校,
8318,暈浪,,wan4 long6,,①暈船 ②入迷，神魂顛倒：見到靚女會～,382,,已校,
8319,餛飩,,wan4 tan4*1,,一種麵食：炸～丨～麵丨鮮蝦～丨錦鹵～ ‖ 俗寫作“雲吞”,382,,已校,
8320,餛飩麵,,wan4 tan4*1 min6,,一種小吃，麵條上加幾個餛飩：蝦仁～,383,,已校,
8321,搵,,wan2,,①尋找；掙，賺（錢）：～人｜～唔到｜～返咯<找回來了>｜～兩餐<謀生>｜～野做<找事做>｜～路數<找門路>｜～外快｜～錢 ②將，把：細路哥～個頭擂人｜佢飲醉酒就～人來鬧 ③查：～字典 ‖ 俗借字,383,,已校,NA：原書凡例中注音誤作wam2。
8322,搵大鄉里,,wan2 daai6 hoeng1' lei5,,使人上當，占人便宜,383,,已校,
8323,搵米路,,wan2 mai5 lou6,,謀生，找活路,383,,已校,
8324,搵來,,wan2 lai4,,自找：～做<没事找事兒>｜～激<自己找氣生>｜～衰<找倒霉>｜～賤｜～行<白白多走路> ‖ 也説“攞來 lo2 lai4”,383,,已校,
8325,搵世界,,wan2 sai3 gaai3,,找生活,383,,已校,
8326,搵頭路,,wan2 tau4 lou6,,找職業：你搵到頭路唔曾呢？,383,,已校,
8327,搵老襯,,wan2 lou5 can3,,把人當傻瓜，想占人家便宜,383,,已校,
8328,搵朝唔得晚,,wan2 ziu1 m4 dak1 maan5,,有上頓兒没下頓兒，窮得没飯吃,383,,已校,
8329,搵笨,,wan2 ban6,,拿别人當笨蛋，好占人便宜,383,,已校,
8330,搵青,,wan2 ceng1,,（女子）找男子：佢成日掛住～，心花花！,383,,已校,
8331,搵丁,,wan2 ding1,,把人當傻瓜，想占人便宜 ‖ 也説“搵阿丁 wan2 aa3 ding1”,383,,已校,
8332,搵食,,wan2 sik6,,掙飯吃，找飯碗 ‖ 也説“搵飯食 wan2 faan6 sik6”,383,,已校,
8333,搵着數,,wan2 zoek6 sou3,,找便宜：你想搵我着數啊？｜因住佢搵你着數啊，借錢冇得還㗎！,383,,已校,
8334,穩陣,,wan2 zan6,,①牢靠，堅固：呢間屋好～｜個海口好闊大，灣船好～嘅 ②（人）穩當，可靠：佢辦事幾～嘅,383,,已校,
8335,榲,,wan3,,關，拘禁：將個賊仔～住喺房｜個細路咁百厭，～埋佢｜～佢黑房<把他禁閉> ‖ 集韵問韵紆問切：“柱也。”暫借字,383,,已校,
8336,榲黑房,,wan3 hak1 fong4*2,,關入黑屋子：榲佢黑房｜畀人～<被關禁閉>,383,,已校,
8337,混,,wan6,,敷衍，糊弄：佢～你嘅咋<他不過是糊弄你的>,383,,已校,
8338,混鬧,,wan6 naau6,,胡鬧：咪喺處～<别在這兒胡鬧>,383,,已校,
8339,混沌,,wan6 deon6,,糊塗，混賬：呢個人好～,383,,已校,
8340,混橘,,wan6 gat1,,敷衍，糊弄。過春節拜年時互相送橘，以求吉利，常將橘子運來運去，運和混同音，故云：你來～啊？｜攞我來～<耍我>,383,,已校,
8341,運,,wan6,,①搬運：～貨 ②繞（路走）：我～咗一個大框｜呢處塞車，我地～路行喇｜去市場～咗一輪｜～近路去 ③介詞。從：～呢條路去就到嘞 ④命運，運氣：唔夠～<運氣不好>｜真係～滯｜行衰～,383,,已校,
8342,運滯,,wan6 zai6,,運氣壞：真係～咯,383,,已校,
8343,運徑,,wan6 gaang3,,①繞遠路，繞大彎子：去佢屋企運咗個大徑 ②（説話）兜圈子：同佢唔好直講，要～來講,383,,已校,
8344,運腳,,wan6 goek3,,運貨的費用 ‖ 也叫“貨腳 fo3 goek3”,383,,已校,
8345,敦款,,deon1' fun2,,①擺排場，顯氣派 ②擺架子，舉止造作,384,,已校,
8346,忳,,deon6,,蠢，笨：佢好～嘅，教佢都唔會嘅丨蠢～ ‖ 集韵混韵杜本切：“愚也”,384,,已校,
8347,鈍,,deon6（或 dyun3）,,刀刃很厚，不鋒利：把柴刀好～，鏟下佢喇,384,,已校,
8348,㖮,,leon1',,①啃，用舌、牙將骨頭上的肉慢慢弄下來：～骨丨～乾凈 ②吮，嘬：啲魚骨重有啲肉㗎，～一～至畀鷄食喇 ‖ 俗字,384,,已校,
8349,㖮豬頭骨,,leon1' zyu1' tau4 gwat1,,喻没有油水可撈,384,,已校,
8350,論諄,,leon1' zeon1',,多微言以責人，囉唆：佢講話好～㗎 ‖ 論，本讀陽平或陽去，這裏變讀陰平,384,,已校,
8351,輪,,leon4,,①按次序等待：～流丨幾時～到我啊？ ②量詞。一段時間：食咗一～至返去丨前嗰～<前陣兒>丨呢～<這陣兒>,384,,已校,
8352,輪籌,,leon4 cau4*2,,排號兒，排隊等着拿號兒,384,,已校,
8353,論盡,,leon6 zeon6,,①（動作、説話、思維）笨，不利索：行路咁～㗎丨你講得咁～㗎<看你笨嘴拙舌的> ②麻煩，糟糕：呢匀真係～咯<這回可糟了> ‖ 同音字,384,,已校,
8354,樽,,zeon1,,瓶子：玻璃～丨酒～丨花～丨藥～丨汽水～丨荷蘭水～丨牛奶～,384,,已校,
8355,樽,,zeon1',,量詞。用於瓶狀物：一～水丨兩～酒,384,,已校,
8356,樽窒,,zeon1 zat1,,瓶塞子 ‖ 窒，廣韵質韵陟栗切：“窒，塞也”,384,,已校,
8357,噂,,zeon1',,吃（貶義）：亂咁～丨～到飽丨照～ ‖ 俗字,384,,已校,
8358,進伙,,zeon3 fo2,,遷入新屋住之前舉行的儀式,384,,已校,
8359,進竇,,zeon3 dau6*2,,死亡（貶義）。竇，是田間通向河流的水道，用木製成，形似四方棺材：進咗竇咯丨快去～喇,384,,已校,
8360,進深,,zeon3 sam1',,舊式房屋内部格局的單位，一天井一廳數房叫一進深，等於北方的一套院，是縱的概念,384,,已校,
8361,盡符盡法,,zeon6 fu4 zeon6 faat3,,用盡辦法,384,,已校,
8362,盡地,,zeon6 dei6*2,,盡量：～一煲<孤注一擲>,384,,已校,
8363,盡心盡肺,,zeon6 sam1' zeon6 fai3,,全心全意,384,,已校,
8364,春,,ceon1,,蛋、卵的俗稱：生～鷄乸丨鷄～丨鴨～丨鵝～丨魚～丨蝦～丨魚散～<魚排卵>丨鵝～形<橢圓形>丨水蛇～,384,,已校,
8365,春孳,,ceon1 zi1,,母鷄腹内未成形的小蛋,384,,已校,
8366,春袋,,ceon1 doi6*2,,雄性動物的睾丸：大～,384,,已校,NA：現在（2020s）習讀不變調。
8367,春不老,,ceon1' bat1 lou5,,潮州芥菜切條曬半乾，加鹽製成,384,,已校,
8368,巡,,ceon4,,游逛：出～丨～街丨～花市,385,,已校,
8369,巡行,,ceon4 haang4,,游行 ‖ 也説“游行 jau4 haang4”或“巡游 ceon4 jau4”,385,,已校,
8370,巡城馬,,ceon4 seng4 maa5,,舊時替人帶貨物、運貨物的人（職業性的）,385,,已校,
8371,巡警,,ceon4 ging2,,舊時對警察的統稱,385,,已校,
8372,蠢鈍,,ceon2 deon6,,愚蠢：聰明一世，～一時<熟語>,385,,已校,NA：該詞頭與單列而意爲“愚蠢”的“忳”存在用字矛盾。
8373,詢,,seon1',,教訓，責備（多爲上對下）：～佢一輪丨畀人～咗一餐,385,,已校,
8374,馴,,seon4,,動物通人性，馴服：隻馬養得好～,385,,已校,
8375,馴品,,seon4 ban2,,（人）性格柔順、善良,385,,已校,
8376,筍,,seon2,,①竹筍，竹子的嫩芽：竹～丨～乾丨～肉<去殼的筍> ②形似筍的蔬菜：茭～<茭白>丨金～<胡蘿蔔>,385,,已校,
8377,榫,,seon2,,竹、木製器物上利用凹凸方式相接處凸出的部分（與“榫眼”相對）,385,,已校,
8378,榫口,,seon2 hau2,,木器、竹器上的接榫處：呢張椅嘅～唔好嘅,385,,已校,
8379,信皮,,seon3 pei4,,信封的舊稱 ‖ 現稱“信封 seon3 fung1”,385,,已校,
8380,信鏡,,seon3 geng3,,叫人自己照照鏡子，相信自己原來不行：話你唔會做就唔會做喇，你都要信下個鏡吖丨唔～,385,,已校,
8381,信肉,,seon3 juk6*2,,信瓤兒，裝入信封中的寫好的信,385,,已校,
8382,順野,,seon6*2 je5,,①無意中得到之物，易得到手的東西（物品、地位等）：呢個～來喎丨你今日撈咗～嘞 ②好東西，易出手的貨物：呢啲～來嘅，梗係多人買喇丨有乜～啊<有什麼甜頭啊>？,385,,已校,
8383,順頭順路,,seon6 tau4 seon6 lou6,,①順利：做生意做得～ ②一直，順着：你去買車票，嗱，～噉去喇,385,,已校,
8384,順口,,seon6 hau2,,①隨口：～講嘅啫<隨口説的罷了> ②説話順溜（與“拗口”相對）：讀得好～ ‖ ②也説“順溜 seon6 lau3”,385,,已校,
8385,順攤,,seon6 taan1,,進行順利。從番攤術語轉來，原義爲開寳時先是 1，後是 2，順序而來,385,,已校,
8386,順風車,,seon6 fung1' ce1',,順路車：嗰日啱啱有～搭丨搭～來嘅,385,,已校,
8387,順風使𢃇,,seon6 fung1' sai2 lei5,,看風使舵，順着趨勢行事,385,,已校,
8388,順風旗,,seon6 fung1' kei4,,喻隨風倒、隨大溜的人,385,,已校,
8389,順風順水,,seon6 fung1' seon6 seoi2,,送人乘船遠行的祝詞,385,,已校,
8390,潤,,jeon6,,①使滋潤，去火，除燥熱：～喉丨～肺丨～腸丨～燥 ②滋潤：煲啲羅漢果飲喇，好～㗎 ③生活好，吃得好 ④給甜頭：～下佢,386,,已校,
8391,潤,,jeon6*2,,避諱字。“肝、罕、乾”的代用字（在某些詞中）。①代替“肝”：豬～丨牛～丨鵝～ ②代替“竿”：擔～<扁擔> ③代替“乾”：蘿蔔～丨豆腐～丨豆～,386,,已校,
8392,乾,,gon1,,①晾乾的食物：豆腐～｜番薯～｜菜～｜蝦～｜牛肉～｜荔枝～ ②駡瘦小的人：死仔～｜死佬～,387,,已校,
8393,乾,,gon1',,①無水分或少水分的：～柴｜～果 ②退潮：水～<潮水退盡> ③使乾涸：年尾就～塘捉魚嘞 ④不用水的：～洗｜～炒牛肉｜～哽 ⑤空：荷包～<無錢> ⑥徒有形式地，無内容地：～咳｜～笑｜～詏<無理强辯> ⑦不勞而獲的：呢筆錢畀佢～撈咗,387,,已校,
8394,乾禮,,gon1' lai5,,用錢代替禮品送的禮：送～,387,,已校,
8395,乾炒,,gon1' caau2,,用油炒，不灑水：～牛河<牛肉炒河粉>｜～叉燒河｜～牛肉,387,,已校,
8396,乾手凈腳,,gon1' sau2 zeng6 goek3,,①做事乾凈利落 ②没有纍贅：佢家下～咯，啲仔女出晒身咯,387,,已校,
8397,乾腰,,gon1' jiu1,,舊時指專帶已斷奶小孩的女用人（與“濕腰”相對） ‖ 也叫“姑嫲 gu1 maa4*2”,387,,已校,
8398,乾綳,,gon1' mang1',,乾着急，徒然替人着急：你叫佢帶多啲衫都～啫，佢唔聽你嘅 ‖ 也説“乾緊 gon1' gan2”,387,,已校,
8399,乾繃繃,,gon1' mang1' mang1',,乾巴巴的,387,,已校,
8400,乾朾朾,,gon1' zang1' zang1',,①乾燥的樣子：牛肉蒸得～｜田曬到～ ②（人長得）乾瘦：睇佢～噉 ‖ 朾，廣韵耕韵中莖切：“伐木聲也”,387,,已校,
8401,乾哽,,gon1' kang2,,乾噎，吃東西時不喝稀的：～落去,387,,已校,
8402,乾凈,,gon1' zeng6,,①清潔（與“污濁”相對）：衣服洗得好～｜間房打掃～咯 ②比喻一點也不剩：食～｜賣～｜將垃圾掃～佢 ③利落，不拖泥帶水：落筆好～｜做野乾手凈腳<幹活兒乾凈利索> ④不偷不摸，靠得住：佢手腳好～嘅，靠得住嘅,387,,已校,
8403,乾塘,,gon1' tong4,,把魚塘中的水車乾：年尾就要～捉魚咯,387,,已校,
8404,乾漮,,gon1' hong2,,（應該有油的東西）没有油水：啲菜咁～，瀨啲豉油喇｜條魚煎到咁～，唔好食｜呢啲月餅好～ ‖ 濂，廣韵唐韵苦岡切：“説文云水虛也。”古清音平聲，今變讀陰上調,387,,已校,
8405,乾工,,gon1' gung1,,不幹工作而領取的薪金,387,,已校,
8406,乾濕樓,,gon1' sap1 lau4,,風雨衣,387,,已校,
8407,乾涸,,gon1' kok3,,①缺少水分：天氣～｜魚塘～｜江瑤柱～晒 ②液體蒸發而枯竭：樽油～晒咯｜汽油～咗,387,,已校,
8408,稈𥢎,,gon2 zyun6,,稻草垛 ‖ 𥢎，集韵混韵徂本切：“禾穳也”,387,,已校,
8409,趕扯,,gon2 ce2,,驅走，拘走：揈趕佢扯,387,,已校,
8410,趕過頭,,gon2 gwo3 tau4,,（走路）超過（某人），超車：行行下，佢趕過我頭｜冇耐就趕過佢頭<不大一會就超過他了>,387,,已校,
8411,趕唔撤,,gon2 m4 cit3,,趕不上，趕不及 ‖ 也説“唔趕得撤 m4 gon2 dak1 cit3”,387,,已校,
8412,趕豬郎,,gon2 zyu1 long4*2,,趕配種的公豬並以此爲生的人：舊陣時做～嘅人要冇人冇物嘅至得<無親人的才幹這行賤業>,387,,已校,
8413,趕鷄棒,,gon2 gai1 paang5,,比喻拆散情侶者或不知趣而趕散别人者,388,,已校,
8414,趕狗棒,,gon2 gau2 paang5,,哭喪棒，舊時出殯時孝子所執,388,,已校,
8415,趕緊,,gon2 gan2,,趕快：～做喇，唔係就趕唔撤嘞,388,,已校,
8416,趕風趕水,,gon2 fung1' gon2 seoi2,,緊趕慢趕：佢～噉去到你處做乜野呀？,388,,已校,
8417,趕急,,gon2 gap1,,趕快：你～寫起呢封信喇,388,,已校,
8418,看,,hon1',,①看守；守護，守衛：～住佢，唔好畀佢走咗｜～門口｜～屋 ②放牧（家畜、家禽）：～牛｜～羊｜～鴨,388,,已校,
8419,看護,,hon1' wu5,,護士,388,,已校,
8420,看牛,,hon1' ngau4,,放牛，牧牛：～仔,388,,已校,
8421,看更,,hon1' gaang1,,守夜，在夜間守衛 ‖ 也説“睇更 tai2 gaang1”或“睇夜 tai2 je6*2”,388,,已校,
8422,寒暑表,,hon4 syu2 biu1,,溫度計,388,,已校,
8423,寒底,,hon4 dai2,,①裝作身體嬌弱，過於重視自己身體：咪咁～喇，食啲都唔怕嘅 ②中醫術語。身體底子寒：我係～來嘅，唔怕食熱氣野 ③畏縮怕事，恐怕：我唔要你嘅，使乜咁～呢！,388,,已校,
8424,寒鷄,,hon4 gai1,,戲言。怕冷：乜你咁～㗎，着咁多衫嘅,388,,已校,
8425,寒背,,hon4 bui3,,①背微駝 ②水蛇腰,388,,已校,
8426,寒塵,,hon4 can4,,指衣衫藍縷，難以見人,388,,已校,
8427,寒𣸛,,hon4 soek3,,（食物）性涼：龍牙蕉食多，好～㗎,388,,已校,
8428,寒毒,,hon4 duk6,,（人性）惡毒：佢個人好～嘅，唔好理佢,388,,已校,
8429,旱,,hon5,,①久未降水或降水太少：～天｜～災｜啲禾～死咗 ②與水無關的，少水的：～煙｜～冰場 ③非水田的，陸地上的：～地｜～田｜～芹菜｜～禾｜～蕹 ④指陸地交通：～路,388,,已校,
8430,旱天,,hon5 tin1',,乾旱天氣，特指雨水少的季節（跟“雨水天”相對）,388,,已校,
8431,汗毛,,hon6 mou4,,身體上長出的細毛,388,,已校,
8432,汗衫,,hon6 saam1,,貼身穿的綫織内衣 ‖ 也叫“底衫 dai2 saam1”,388,,已校,
8433,汗斑,,hon6 baan1,,①白衣服上因汗漬形成的黑點 ②皮膚上的白斑，多在胸前：生～,388,,已校,
8434,汗宿,,hon6 suk1,,汗餿味：成身臭～，快去冲涼喇,388,,已校,
8435,安,,on1',,①使安定，穩住：～住佢嘅心 ②安裝：～電燈 ③捏造：唔好亂咁～｜阿婆髻，～嘅<瞎説的。歇後語> ④起（名字）：幫佢個仔～個名｜～花名<起綽號>,388,,已校,
8436,安人,,on1' jan4*2,,舊時面稱夫之母,388,,已校,
8437,安樂,,on1' lok6,,①愉快：我覺得好唔～｜我時時都咁～ ②舒適，安閑：家頭細務咁多，攪到我冇時～,388,,已校,
8438,按,,on3,,舊時的一種當鋪，當期爲兩年。一般當鋪的當期爲三年,388,,已校,
8439,案板,,on3 baan2,,做麵食用的長方形木板,388,,已校,
8440,案兄弟,,on3 hing1' dai6*2,,舊時男子結婚前後，拉一班同輩男性來幫襯湊熱鬧，這班人稱爲案兄弟 ‖ 也説“拜案 baai3 on3*2”,388,,已校,
8441,边,,bin1,,疑問代詞。①哪一（個、條、隻、位…）：～位啊？丨你要～條啊？ ②哪裏，哪兒：喺～啊<在哪兒呀>？丨去～？ ‖ 同音簡化字,389,,已校,
8442,边個,,bin1 go3,,①誰，哪位：～話？丨～來咗啊？ ②“哪一個”的簡略：呢兩個書包，～係你嘅啊？ ‖ ①也説“乜人 mat1 jan4”,389,,已校,
8443,边啲,,bin1 di1,,哪些：呢處咁多蘋果，你要～呢？,389,,已校,
8444,边處,,bin1 syu3,,①哪裏：去～？ ②哪裏，表示不同意：～係噉嘅呢<哪裏是這樣的呢>？ ‖ 也説“边度 bin1 dou6”,389,,已校,
8445,边樣,,bin1 joeng6,,哪種：你話～蛋好食呢？,389,,已校,
8446,辮,,bin1,,辮子：梳～丨～尾<辮子的梢>丨孖～ ‖ 古並母上聲，本應讀 bin6，口語讀高平變音,389,,已校,
8447,辮排,,bin1 paai4*1,,舊時編辮子用的假髮，假辮子,389,,已校,
8448,辮髻,,bin1 gai3,,舊時年輕婦女梳的髻,389,,已校,
8449,邊,,bin1,,畫在或鑲在邊緣上的條狀裝飾：金～丨花～丨緄～丨挑～,389,,已校,
8450,邊,,bin1',,①邊緣：田～丨村～丨海～ ②邊界，邊境：～疆丨～區丨～防 ③界限：一眼望唔到～ ④靠近物體的地方：身～丨屋～丨件衫就喺你旁～ ⑤和“一”組成“一邊”，兩個或數個同時用在動詞前，表示動作同時進行：一～行，一～講丨一～做，一～食，一～唱 ⑥方面：你係佢嗰～嘅定係我呢～㗎？ ‖ ⑤、⑥義又讀陽去調，可寫作“便”,389,,已校,
8451,邊爐鍋,,bin1' lou4 wo1,,吃火鍋兒用的鍋 ‖ 邊，同音字,389,,已校,
8452,鯿魚,,bin1' jyu4*2,,形如魴魚的一種食用魚 ‖ 鯿，集韵仙韵卑連切：“魚名，似魴而大”,389,,已校,
8453,扁魚,,bin2 jyu4*2,,鰱魚，常見的食用魚,389,,已校,
8454,扁煲,,bin2 bou1,,扁形的沙鍋 ‖ 也叫“瓦鐺 ngaa5 caang1”,389,,已校,
8455,扁嘴,,bin2 zeoi2,,①撇着嘴 ②鴨子的别稱,389,,已校,
8456,扁□□,,bin2 cit6 cit6,,物扁貌（多含貶義）,389,,已校,
8457,變戲法,,bin3 hei3 faat3,,魔術的俗稱 ‖ 也叫“耍把戲 saa2 baa2 hei3”或“敕法 cik1 faat3”,389,,已校,
8458,便,,bin6,,①爲方便而預先做：出去旅游要帶～啲藥啊 ②方便，現成：佢的資金得咁～？丨好～丨唔～ ③邊，頭。表處所：左手～丨右手～丨出～丨入～丨埋～丨開～丨裏～丨外～丨前～丨後～丨上～丨下～丨下底～<底下，下邊>,389,,已校,
8459,偏門,,pin1' mun4*2,,非正當行業，如煙、賭、妓院等：撈～,389,,已校,
8460,便宜,,pin4 ji4,,不應得的利益：貪～丨你想擺～咩<你想找便宜嗎>？,389,,已校,
8461,片,,pin3,,①不全的，零星的：～面丨～段 ②指電影片、電視片等：～頭丨～約 ③用刀横割成薄片：將肉～薄佢丨～皮鴨 ④量詞。用於成片之物：一～樹葉丨兩～肉丨◇一～好心,389,,已校,
8462,片,,pin3*2,,①平且薄之物：明信～丨畫～丨相～丨唱～丨魚～丨尿～ ②指電影片、電視片等：影～丨拍～丨走～<跑片子>,390,,已校,
8463,片糖,,pin3 tong4,,甘蔗製的片狀紅糖,390,,已校,
8464,棉胎,,min4 toi1,,打好的棉花胎，做棉被用：～咁厚 ‖ 也叫“被胎 pei5 toi1”,390,,已校,
8465,棉豆,,min4 dau6*2,,扁豆的一種，形似荷蘭豆而厚大，也連莢食用 ‖ 也叫“秋豆 cau1' dau6*2”,390,,已校,
8466,棉緊身,,min4 gan2 san1,,穿在外衣裏頭的無領小棉襖,390,,已校,
8467,棉衲,,min4 naap6,,棉襖，舊式棉衣,390,,已校,
8468,綿,,min4,,粥煮得水米相融合：粥好～丨煲啲～粥來食喇,390,,已校,
8469,面,,min6,,①臉：洗～丨～具丨～皮丨～色丨～容丨黑口黑～丨成～泥<臉泥>丨蓮子茸口～<滿臉笑容> ②部位，方面：八～玲瓏丨～前丨表～丨全～丨片～丨多～手 ③物體的表面，有時特指某些物體的上部的一層：水～丨地～丨路～丨牆～丨海～ ④方位詞後綴：上～丨下～丨前～丨後～丨東～丨外～ ⑤量詞。用於扁平的物件：一～旗丨兩～鏡,390,,已校,
8470,面,,min6*2,,①表面的：～衫丨～褲丨～貨 ②物體的表面：水～丨封～丨枱～丨鏡～丨瓦～<房頂上>丨◇鋪～丨◇櫃～ ③面子，臉：丢～丨畀～<賞臉>丨大花～丨二花～ ④東西露在外面的那一層，紡織品的正面：被～丨鞋～丨布～丨絨～ ⑤部位，方面：正～丨反～,390,,已校,
8471,面貨,,min6*2 fo3,,擺在櫃面上的貨，好貨 ‖ 也叫“貨面”,390,,已校,
8472,面珠,,min6 zyu1,,臉蛋兒：痛下～<親親臉蛋兒> ‖ 也叫“面珠墩 min6 zyu1 dan1”,390,,已校,
8473,面坯,,min6 pui1,,臉形：佢係長～,390,,已校,
8474,面口,,min6 hau2,,①面貌：佢生得～圓圓丨～好熟丨～好生暴<面貌很陌生> ②臉色：你～幾好噃丨～爉爉令<紅光滿面>,390,,已校,
8475,面毛,,min6 mou4,,臉上個别的黑毛，與汗毛不同,390,,已校,
8476,面毛,,min6 mou4*1,,臉上的細汗毛,390,,已校,
8477,面善,,min6 sin6,,面熟，眼熟：我覺得佢好～噉,390,,已校,
8478,面青面黄,,min6 ceng1' min6 wong4,,臉色青黄，面有菜色：捱到～<熬苦日子，面有飢色>,390,,已校,
8479,面懵,,min6 mung2,,難爲情，尷尬：唔怕～<臉皮厚>,390,,已校,
8480,面懵心精,,min6 mung2 sam1' zeng1',,似傻非傻；表面上笨，其實精明,390,,已校,
8481,面紅面綠,,min6 hung4 min6 luk6,,①形容氣極，臉色變化：激到～ ②羞愧的臉色，面紅耳赤,390,,已校,
8482,麵,,min6,,麵條：餛飩～丨水餃～丨湯～丨炒～丨今晚食～喇,390,,已校,
8483,麵碼,,min6 maa5,,吃麵時加的配料，如肉、菜等,390,,已校,
8484,麵豉,,min6 si6*2,,豆瓣醬：古勞～最靚 ‖ 古勞，地名，在鶴山縣,390,,已校,
8485,麵粉,,min6 fan2,,小麥粉，北方叫“白麵”,390,,已校,
8486,麵粉公仔,,min6 fan2 gung1 zai2,,手捏麵人兒，是一種民間藝術 ‖ 也叫“粉公仔”,390,,已校,
8487,麵筋,,min6 gan1',,指用水泡着的生麵筋，北方叫“水麵筋”,391,,已校,
8488,麵棍,,min6 gwan3,,擀麵杖 ‖ 也叫“打麵棍 daa2 min6 gwan3”,391,,已校,
8489,麵餅,,min6 beng2,,團成餅的乾麵條，是半成品，用開水略煮即可食,391,,已校,
8490,癲,,din1',,瘋，精神病：發～丨～佬丨～婆丨～狗丨佢～咗,391,,已校,
8491,癲䛍,,din1' fai3,,瘋癲，精神不正常 ‖ 䛍，廣韵未韵方味切：“言急。”集韵：“多言也”,391,,已校,
8492,癲狂院,,din1' kwong4 jyun6*2,,精神病院的舊稱,391,,已校,
8493,癲咄,,din1' dat1,,胡説八道：佢好～㗎 ‖ 咄，廣韵没韵當没切：“呵也”,391,,已校,
8494,墊,,din3,,①用東西支、鋪或襯，使加厚：～被丨～褥丨～實佢 ②暫時替人付錢：～錢丨～本錢,391,,已校,
8495,墊,,din3*2,,墊子：椅～丨鞋～丨拜～,391,,已校,
8496,跈,,din6*2,,①翻滾：打得佢～～下丨個細路哥～地 ②掙扎：我捉咗隻老鼠，畀佢～甩咗丨佢拉住我，留我食飯，畀我～甩咗<被我掙脱了> ‖ 廣韵銑韵徒典切：“蹈也”,391,,已校,
8497,跈地,,din6*2 dei6*2,,躺在地上折騰，用腳亂蹬，屁股亂顛,391,,已校,
8498,電油,,din6 jau4,,汽油的舊稱,391,,已校,
8499,電心,,din6 sam1',,乾電池,391,,已校,
8500,電單車,,din6 daan1' ce1,,摩托車的俗稱 ‖ 也叫“摩托車 mo1 tok3 ce1”,391,,已校,
8501,電船,,din6 syun4,,小汽船，燃用汽油的小型快艇,391,,已校,
8502,電鋃鐘,,din6 laang1 zung1,,電鈴 ‖ 也説“電鐘”。鋃，廣韵唐韵魯當切：“鋃鐺，鎖頭，一曰鐘聲”,391,,已校,
8503,電燈膽,,din6 dang1 daam2,,①電燈泡：四十火～<四十瓦的燈泡> ②歇後語，下句是“唔通氣”。指妨礙人家的好事、不知趣、不解人意者,391,,已校,
8504,電燈杉,,din6 dang1 caam3,,電綫杆子,391,,已校,
8505,電筒,,din6 tung4*2,,手電筒,391,,已校,
8506,電鐘,,din6 zung1,,①電時鐘 ②電鈴 ‖ 義項②也叫“電鋃鐘”,391,,已校,
8507,天,,tin1,,①天氣：今日好～<今天是晴天>丨陰～丨～時暑熱丨～時淰[nɐm˨]天氣潮濕 ②季節：春～丨冷～<冬天>丨熱～<夏天>丨旱～<旱季>丨雨水～<梅雨季節>丨二八～<冬春之交或夏秋之交>,391,,已校,
8508,天時,,tin1 si4,,天氣：～冷丨～暑熱,391,,已校,
8509,天口,,tin1 hau2,,天氣：～曀熱<天氣悶熱>丨今日～涼嘞,391,,已校,
8510,天,,tin1',,①天空：個～好黑，唔見路丨滿～烏雲丨～光嘞，好起身嘞 ②位置在頂部的，凌空架設的：～棚丨～窗丨～橋丨～花板 ③天生的，天然的：～性丨～才 ④指神明，造物主：～收你丨拜～地丨～唔開眼 ⑤表示到了頂點，形容程度之深：～咁大事都唔怕丨攪到我～咁大個頭<碰到棘手的事>丨～咁逼人<人太擠了>,391,,已校,
8511,天階,,tin1' gaai1,,天井 ‖ 也叫“天井 tin1' zeng2”,391,,已校,
8512,天臺,,tin1' toi4*2,,屋頂上的曬臺 ‖ 也叫“天棚”或“曬棚 saai3 paang4*2”,391,,已校,
8513,天收,,tin1' sau1',,駡人話。天殺：我唔收你～你,391,,已校,
8514,天九,,tin1' gau2,,天九牌，一種賭具,391,,已校,
8515,天棚,,tin1' paang4*2,,屋頂上的曬臺 ‖ 也叫“曬棚 saai3 paang4*2”或“天臺”,392,,已校,
8516,天虹,,tin1' gong3,,虹：出～ ‖ 也叫“龍拱 lung4 gung2”,392,,已校,
8517,天光,,tin1' gwong1',,天亮：～咯，好起身咯,392,,已校,
8518,天光早,,tin1' gwong1' zou2,,大清早：佢一～就走咗,392,,已校,
8519,天光墟,,tin1' gwong1' heoi1',,舊時半夜至天亮前的集市，多進行見不得人的交易：過去中山七路爛馬路就有～,392,,已校,
8520,天曚光,,tin1' mung1' gwong1',,黎明，天剛亮：～佢就起牀,392,,已校,
8521,天腳底,,tin1' goek3 dai2,,天邊：你走到～都搵到你丨我一腳踢你到～啊！,392,,已校,
8522,田螺,,tin4 lo4*2,,河溝、田裏産的螺螄,392,,已校,
8523,田螺摩,,tin4 lo4 mo1,,蝸牛 ‖ 也叫“田螺蟲 tin4 lo4 cung4”,392,,已校,
8524,田𣗺,,tin4 fu1,,做肥料用的榨過油的餅狀渣，如豆餅、花生餅、茶籽餅等 ‖ 𣗺，集韵模韵空胡切：“𣗺餅”,392,,已校,
8525,田鷄,,tin4 gai1,,青蛙，多指可供食用的蛙,392,,已校,
8526,田鷄油,,tin4 gai1 jau4,,蛤蟆油，産於東北的“哈什螞”的脂肪，是一種滋補品,392,,已校,
8527,田鷄局,,tin4 gai1 guk6*2,,大家湊錢吃東西。田鷄又名“蛤乸”，蛤與佮（合伙）同音 ‖ 也説“田鷄東 tin4 gai1 dung1”,392,,已校,
8528,田基,,tin4 gei1',,田間小路,392,,已校,
8529,𢆡,,nin1,,①乳房 ②（人的）乳汁：飲～ ‖ 俗字,392,,已校,
8530,年卅晚,,nin4 saa1' maan5,,農曆除夕 ‖ 也説“年晚”,392,,已校,
8531,年紀嫩,,nin4 gei2 nyun6,,年少，年輕,392,,已校,
8532,年宵野,,nin4 siu1' je5,,過年時用的一切物品，吃的用的包括在内 ‖ 也叫“年晚貨 nin4 maan5 fo3”,392,,已校,
8533,年晚,,nin4 maan5,,農曆除夕：～煎𩛍，人有我有<歇後語>,392,,已校,
8534,年生,,nin4 saang1',,庚帖，上有生辰八字：合～<看雙方生辰八字有無冲犯>丨定～,392,,已校,
8535,撚,,nin2,,①掐，扭，擰：～住佢條頸丨～乾手巾丨～死佢丨～鬚 ②碾，蹂：～碎啲泥,392,,已校,
8536,連氣,,lin4 hei3,,連續，一連：佢～做咗三日丨～幾日<一連幾天>,392,,已校,
8537,蓮子口面,,lin4 zi2 hau2 min6,,長圓臉，比瓜子臉略飽滿,392,,已校,
8538,蓮子茸口面,,lin4 zi2 jung4 hau2 min6,,指笑臉：成個～<一副笑臉>,392,,已校,
8539,蓮米,,lin4 mai5,,蓮子的别稱 ‖ 也叫“蓮子 lin4 zi2”,392,,已校,
8540,蓮藕,,lin4 ngau5,,藕：～煲湯幾好噃！,392,,已校,
8541,蓮茸,,lin4 jung4,,蓮子泥，把蓮子煮熟砑碎加糖：～月餅丨～包丨紅～丨白～,392,,已校,
8542,連消帶打,,lin4 siu1' daai3 daa2,,武術行話。即不但化解對方的攻勢，而且可以反擊對方。可引申用於其他方面,392,,已校,
8543,連𧟘褲,,lin4 nong6 fu3,,連襠褲，比喻同伙：佢兩個着～<他倆是同伙>,392,,已校,
8544,鏈,,lin4*2,,①鏈子：鎖～丨頸～丨手～ ②鐘、錶的發條：錶～丨上～,392,,已校,
8545,鏈𰃴<⿱冖贛>,,lin4*2 kam2,,自行車鏈套：全～丨半～,392,,已校,
8546,摙,,lin5,,搬動：～啲衫到外面曬一曬丨向櫃桶～啲書出來丨～啲柴落車 ‖ 廣韵獮韵力展切：“擔運物也”,393,,已校,
8547,㼑,,lin6*2,,量詞。塊，片。多用於薄、硬片狀物：一～餅乾丨一～瓦丨一～玻璃丨一～板丨一～鐵丨一～階磚丨一～枱面 ‖ 集韵霰韵郎甸切：“瓜中實”,393,,已校,
8548,練,,lin6,,①訓練，反復學習：～習丨～兵丨～功夫丨～武 ②學習，效法：～壞丨～精<學聰明>丨～仙 ③經驗多，純熟：老～丨熟～,393,,已校,
8549,練仙,,lin6 sin1,,學神仙：成日乜都唔食，你～啊？,393,,已校,
8550,氈,,zin1,,①毛毯（能鋪能蓋的）：毛～丨金山～丨一張～丨紅～ ②用氈做的：～帽丨鞋～丨地～<地毯> ‖ 也叫“毛氈 mou4 zin1”,393,,已校,
8551,皽,,zin1',,揭，剝，撕：～開皮丨～你個皮 ‖ 廣韵獮韵知演切：“皮寬也。”古清音上聲，今口語變讀陰平,393,,已校,
8552,皽皮紙,,zin1' pei4 zi2,,舊時的一種草紙，用時逐層揭開,393,,已校,
8553,煎,,zin1',,用油煎或炸：～魚丨～肉丨乾～丨～烹丨～蛋丨～餅丨～𩛍,393,,已校,
8554,煎餃,,zin1' gaau2,,油煎餃子，北京叫“鍋貼兒”,393,,已校,
8555,煎牛,,zin1' ngau4*2,,炸炒嫩牛肉,393,,已校,
8556,煎𩛍,,zin1' deoi1,,糯米粉做的油炸食品，多在過年期間食用 ‖ 也叫“油𩛍 jau4 deoi1”。𩛍，廣韵灰韵都回切：“餅也”,393,,已校,
8557,剪布,,zin2 bou3,,①剪裁布料 ②買布：我去～做件衫,393,,已校,
8558,煎,,zin3,,①久熬：～藥丨蜜～ ②熬油使沸：啲油係～過嘅 ‖ 集韵線韵子賤切：“熬也”,393,,已校,
8559,煎水,,zin3 seoi2,,用以煮水（少量水）：滾湯時用蝦頭蝦尾來～，都有啲味喇嗎,393,,已校,
8560,箭嘴,,zin3 zeoi2,,①箭頭，箭的尖端 ②指示方向用的箭頭符號,393,,已校,
8561,薦,,zin3,,①墊：擺張氈來～牀 ②推薦，舉薦：～個靠得住嘅人畀我喇 ‖ ②也説“舉薦 geoi2 zin3”,393,,已校,
8562,薦,,zin3*2,,墊兒，托兒：焗盅～<蓋碗兒底下的托兒>丨鞋～丨椅～,393,,已校,
8563,薦瞓衫,,zin3 fan3 saam1,,睡衣（多是普通内衣）的舊稱,393,,已校,
8564,薦人館,,zin3 jan4 gun2,,舊時的職業介紹所,393,,已校,
8565,薦褥,,zin3 juk6*2,,褥子,393,,已校,
8566,賤骨頭,,zin6 gwat1 tau4,,駡人話。説人輕賤,393,,已校,
8567,賤格,,zin6 gaak3,,駡人話。賤骨頭，下流,393,,已校,
8568,纏,,zin6,,裹，纏繞：～腳丨～腳婆丨～緊丨～頭巾 ‖ 廣韵線韵持碾切：“纏繞物也”,393,,已校,
8569,纏腳,,zin6 goek3,,指舊時女人裹腳：～婆丨～帶 ‖ 也説“紥腳 zaat3 goek3”,393,,已校,
8570,纏腳帶,,zin6 goek3 daai3*2,,①纏足布帶，裹腳條子 ②喻又冗長又不通的文章：～，又長又臭 ‖ 也説“紥腳帶 zaat3 goek3 daai3*2”,393,,已校,
8571,千祈,,cin1' kei4,,千萬。鄭重叮嚀、告誡：你～唔好去啊丨～要小心啊,393,,已校,
8572,前穿㞘漏,,cin4 cyun1' duk1 lau6,,形容衣服破爛,394,,已校,
8573,錢板,,cin4 baan2,,商家放銀幣的木板，像洗衣的搓板,394,,已校,
8574,錢罌,,cin4 aang1,,錢罐兒，撲滿,394,,已校,
8575,錢莊,,cin4 zong1,,舊時私人開的銀行 ‖ 也叫“銀鋪 ngan4 pou3*2”,394,,已校,
8576,纏,,cin4,,糾纏：～住｜～繞｜～綿,394,,已校,
8577,纏身纏勢,,cin4 san1' cin4 sai3,,糾纏不休,394,,已校,
8578,纏藤花,,cin4 tang4 faa1,,攀牆花類的總稱,394,,已校,
8579,淺身,,cin2 san1',,淺幫，邊很淺：～嘅疏篱<淺邊的盛菜竹器>,394,,已校,
8580,淺窄,,cin2 zaak3,,（地方）窄小局促：地方～<房間太局促了>,394,,已校,
8581,仙,,sin1,,銅元的舊稱：兩個～ ‖ 英文 cent 的音譯。也叫“銅仙 tung4 sin1”,394,,已校,
8582,先,,sin1',,①用在時間詞之前，表示時間在前的，相當於“頭、前”：～個月｜～兩日｜～幾年｜～個禮拜｜～個牌<前一陣子> ②比…領先：我～過你 ③（做某事）在先：你行～喇｜我食～噃<我可先吃啦> ④先（做某事）再説：係噉～喇<先這麼着吧>｜攞來頂下檔～<拿來湊合着用再説> ⑤“先至”的省略，先…才：等一陣～食<等一會再吃>｜你件衫長返啲～啱<你的衣服再長些才合適>｜而家～六點，唔使咁急<現在才六點，不用那麼着急>,394,,已校,
8583,先至,,sin1' zi3,,才。本義是“先”如何，然後“才”如何。口語習慣省去“至”：你要溫習埋啲功課～去<你要把功課溫習完才能去>｜好辛苦～搵到你,394,,已校,
8584,先時,,sin1' si4,,以前，先頭：乜你～唔話過我知啊<爲何你早先没告知我呀>？,394,,已校,
8585,先使未來錢,,sin1' sai2 mei6 loi4 cin4,,超支，寅吃卯糧,394,,已校,
8586,先該,,sin1' goi1',,早應該。追述已發生的事：早知噉樣，～你去 ‖ 也説“該先”,394,,已校,
8587,先頭,,sin1' tau4*2,,起初，早先，先前：～我唔係早話畀你知囉！,394,,已校,
8588,先好耐,,sin1' hou2 noi6,,很久以前,394,,已校,
8589,先生,,sin1' saang1,,①對老師的尊稱：王～②對一般男人的尊稱 ③中醫醫生：睇脈～ ④女人背稱自己或别人的丈夫：佢係我嘅～｜你嘅～去咗边處啊？,394,,已校,
8590,先不先,,sin1' bat1 sin1',,①首先：你～噉樣做喇 ②擅自搶先：人地都未食，你～就食咗一件,394,,已校,
8591,先一牌,,sin1' jat1 paai4,,早些天，前些時候：～我去過北京,394,,已校,
8592,搧,,sin1',,①用藤條等打人：用鷄毛掃～下佢 ②用手打人：～佢兩巴 ‖ 集韵仙韵尸連切：“批也”,394,,已校,
8593,䙴,,sin1',,用秤稱物時秤尾抬高，分量很足（與“慢”相對）：佢稱得好～ ‖ 集韵仙韵相然切：“升高也”,394,,已校,
8594,鮮蠔,,sin1' hou4,,新鮮的生牡蠣，有别於蠔豉 ‖ 也叫“生蠔 saang1' hou4”,394,,已校,
8595,鮮甜,,sin1' tim4,,味道鮮美：夾生食醉蝦好～,394,,已校,
8596,硟,,sin3,,①舊時土布染好後再以石滾之使平滑：～布 ②滑跌：路好滑，～一跤｜～倒 ③路滑：呢度唔好行，好～㗎 ‖ 集韵線韵尺戰切：“説文以石扞繒也。”玉篇：“思煎切，以石矸繒也”,394,,已校,
8597,硟□□,,sin3 soe4 soe2,,（小孩）坐滑梯,394,,已校,
8598,硟人,,sin3  jan4,,以入情入理之言誘人，使人失足,395,,已校,
8599,硟腳,,sin3  goek3,,腳下打滑：呢度唔好行，好～㗎,395,,已校,
8600,綫,,sin3,,①縫綴衣物用的東西：針～丨棉～丨絲～丨麻～ ②量詞。用於植物的穗子：一～禾丨兩～穀 ③綫織的：～仔襪丨～衫 ④像綫的細長的東西：～香 ⑤綫索：眼～,395,,已校,
8601,綫口,,sin3  hau2,,（衣服上的）縫頭,395,,已校,
8602,綫報,,sin3  bou3,,情報,395,,已校,
8603,綫步,,sin3  bou6,,縫衣服留下的針腳：～好疏丨～密 ‖ 也叫“針腳 zam1'  goek3”,395,,已校,
8604,綫鉗,,sin3  kim4*2,,鑷子,395,,已校,
8605,綫絡,,sin3  lok6*2,,綫網兜兒，綫網袋,395,,已校,
8606,綫轆,,sin3  luk1,,綫軸，繞綫用的小木軲轆,395,,已校,
8607,鏾鷄,,sin3  gai1,,去掉精囊的公鷄 ‖ 也説“閹鷄 jim1'  gai1”,395,,已校,
8608,鏾生,,sin3  saang1,,公鷄未閹割徹底者：～都幾好食㗎，好過生鷄丨～都會啼嘅,395,,已校,
8609,善棍,,sin6  gwan3,,舊時指靠辦善堂吃飯發財的人,395,,已校,
8610,善良仁翁,,sin6  zoeng2  jan4  jung1,,捐錢辦善事的人,395,,已校,
8611,善堂,,sin6  tong4*2,,舊時專辦所謂善事的機構，向窮苦人施捨棺材、棉衣、粥等,395,,已校,
8612,堅野,,gin1'  je5,,好貨，優質貨：～來㗎<貨色很好的>,395,,已校,
8613,堅炭,,gin1'  taan3,,耐燒的好炭：近日好貴～呀,395,,已校,
8614,見,,gin3,,①看見，看到：今日都唔～你來上課嘅丨你有冇～到佢啊？ ②見面，會面：你想唔想～佢？ ③覺得，感到：你～點啊<你覺得如何>？丨你边處～痛啊？丨佢～好辛苦喎，搭車罷喇 ④眼看着，顯現出：佢嘅病～好喎！丨病又～重咯丨～少丨～功 ⑤接觸，遇到：呢啲藥怕～光丨～水就溶 ⑥對於事物的看法：主～丨成～ ⑦助詞。用在動詞前面表示被動：～怪丨～笑,395,,已校,
8615,見鬼,,gin3  gwai2,,①倒霉：越窮越～ ②喻碰到兇險：唔見過鬼唔怕黑丨兩公婆～，唔係你就係我<歇後語>,395,,已校,
8616,見䠩,,gin3  gui6,,覺得疲倦：今日好～,395,,已校,
8617,見步行步,,gin3  bou6  haang4  bou6,,走一步是一步,395,,已校,
8618,見肚飽,,gin3  tou5  baau2,,差不多飽了，不是太飽：你～唔～㗎，食咁多嘅！丨我都～咯，唔想食！,395,,已校,
8619,見飯,,gin3  faan6,,出飯，等量的米煮的飯較多：呢隻米～<這種米出飯>,395,,已校,
8620,見工,,gin3  gung1,,面試，參加工作，找工作：今日去～丨呢份工你去見下喇,395,,已校,
8621,見功,,gin3  gung1',,見效：我食呢劑藥好～嘅丨食豬紅，屙黑屎，當堂～<歇後語> ‖ 也説“見功效 gin3  gung1'  haau6”,395,,已校,
8622,見得,,gin3  dak1,,①可以見：我見唔～佢呢？ ②看待：佢～我好好<他待我很好> ③覺得：我～好唔好意思丨我～唔舒服,395,,已校,
8623,件,,gin6,,量詞。①塊：兩～鷄肉丨切成四～丨將牛肉切～丨菠蘿～丨魚～丨一盒餅乾有成五十～ ②樁，項：有幾～事同你商量 ③用於上衣及行李等：一～衫丨兩～褸丨三～行李,395,,已校,
8624,件,,gin6*2,,①可以一一計算的事物：零～丨案～丨事～ ②文件：密～丨急～ ③信件：快～,395,,已校,
8625,件頭,,gin6 tau4*2,,件兒：幾～啊？——六～丨電冰箱就大～嘞,396,,已校,
8626,搴,,kin2,,掀，揭：～開被丨～開鑊蓋丨～開書來睇 ‖ 廣韵獮韵九輦切：“取也。”古見母，今讀如溪母,396,,已校,
8627,牽瘕,,hin1' haa1,,哮喘病 ‖ 也叫“扯瘕 ce2 haa1 ”或“絣瘕 mang1' haa1 ”,396,,已校,
8628,牽氣,,hin1' hei3,,臨死時喘氣 ‖ 也説“扯氣 ce2 hei3 ”,396,,已校,
8629,蜆,,hin2,,淡水小蛤蜊：一個～，一個肉 <熟語。一個蘿蔔一個坑>,396,,已校,
8630,蜆芥,,hin2 gaai3*2,,生蜆肉製的醬，有臭味。有人嗜之,396,,已校,
8631,蜆塘,,hin2 tong4,,養蜆的水塘，多在河邊，與河相通,396,,已校,
8632,蜆鴨,,hin2 aap3,,一種小野鴨，會飛，以蜆爲食，可馴養 ‖ 也叫“水鴨 seoi2 aap3 ”,396,,已校,
8633,蜆殼字,,hin2 hok3 zi6,,一對反義字，如“内外、上下、左右、大小”等,396,,已校,
8634,顯眼,,hin2 ngaan5,,明顯，引人注目：呢件衫好～喎,396,,已校,
8635,顯見,,hin2 gin3,,明顯：～係假嘅,396,,已校,
8636,𩝡,,hin3,,做菜時放入的澱粉汁：打～丨白～丨糖醋～丨果汁～丨金黄～ ‖ 廣韵獮韵去演切：“黏也。”古音上聲，今變讀陰去調,396,,已校,
8637,獻世,,hin3 sai3,,①敗家：將啲祖傳嘅野來賣畀人，唔怕～咩 ②現世，現眼：佢做出噉樣嘅事，真係～喇,396,,已校,
8638,獻醜,,hin3 cau2,,客套話。表示自謙：～不如藏拙 <熟語>,396,,已校,
8639,煙,,jin1,,①煙草及其製品：～葉丨～仔丨～頭丨～灰丨～屎丨～絲丨旱～丨水～袋 ②鴉片煙：～泥 <大煙土>丨～槍丨～燈丨～館丨～缸,396,,已校,
8640,煙荷,,jin1 ho4*2,,鴉片煙泡,396,,已校,
8641,煙屎,,jin1 si2,,①吸水煙噴出來的濕灰 ②吸鴉片煙剩的渣,396,,已校,
8642,煙屎喉,,jin1 si2 hau4,,①説話語調陰陽怪氣 ②嗓子沙啞,396,,已校,
8643,煙仔,,jin1 zai2,,香煙，煙捲兒,396,,已校,
8644,煙精,,jin1 zing1',,大煙鬼，愛抽鴉片煙的人 ‖ 也説“煙鏟 jin1 caan2 ”或“煙杠 jin1 gong3 ”,396,,已校,
8645,煙格,,jin1 gaak3*2,,鴉片煙館 ‖ 也叫“煙館 jin1 gun2 ”,396,,已校,
8646,煙,,jin1',,①煙氣：～霧丨～火丨～幕丨無～煤丨～消雲散丨～通 ②煙多熏得慌：房間好～嘅，快打開窗門喇 ③熏製的：～肉丨～香鷄,396,,已校,
8647,煙花,,jin1' faa1,,節日放的煙火：今晚燒～喎！,396,,已校,
8648,煙樨餅,,jin1' sai1' beng2,,以煙樨樹葉的汁和以米粉做的餅，舊俗於農曆四月初八浴佛節時食之,396,,已校,
8649,煙樓,,jin1' lau4*2,,舊式廚房屋頂上出煙的通道，上面蓋瓦遮雨，四周通風,396,,已校,
8650,煙塵,,jin1' can4,,灰塵，塵土：唔好掃咯，好大～丨～滾滾,396,,已校,
8651,煙通,,jin1' tung1,,煙囪,396,,已校,
8652,蔫,,jin1',,①萎謝：～韌 <失去水分而變軟> ②魚、肉腐敗變臭：～臭｜～豬頭遇着盲鼻菩薩<熟語> ‖ 廣韵元韵渴言切：“蔫，菸也。”菸，集韵衣虛切：“一曰𣨙也。”𣨙，廣韵支韵於爲切：“枯死。”蔫，又見廣韵仙韵於乾切：“物不鮮也”,396,,已校,
8653,蔫臭,,jin1' cau3,,腐臭，食物久置變味（多是魚、肉類）,397,,已校,
8654,蔫瘟爛臭,,jin1' wan1' laan6 cau3,,腐臭不堪：啲鷄蛋～，唔食得咯,397,,已校,
8655,蔫韌,,jin1' ngan6,,食物該脆而不脆,397,,已校,
8656,蔫䵑,,jin1' ngan6,,形容二人之間的纏綿親昵狀 ‖ 䵑，集韵震韵而振切：“粘也”,397,,已校,
8657,蔫軟,,jin1' jyun5,,①柔軟：枝竹又長又嫋，好～嘅 ②姿勢裊娜：個女仔行路幾～啊 ③親密狀：兩個人幾～,397,,已校,
8658,蔫崩爛臭,,jin1' bang1' laan6 cau3,,①臭哄哄的 ②（人）品行不端：佢個行爲～ ‖ 也説“蔫夾臭 jin1' gaap3 cau3”,397,,已校,
8659,弦索,,jin4 sok3,,胡琴：～手,397,,已校,
8660,演,,jin2,,①表演：～戲 ②有意顯示：～你有錢咩！｜～下手勢<顯一顯手藝>,397,,已校,
8661,演野,,jin2 je5,,賣弄，炫耀：佢～啫嗎<他只是賣弄罷了>,397,,已校,
8662,躽,,jin2,,腆胸，挺腹：～起個大肚｜～起胸 ‖ 廣韵銑韵於殄切：“身向前也”,397,,已校,
8663,躽身躽勢,,jin2 san1' jin2 sai3,,①挺胸凸肚貌：呢個人行路～ ②動作舉止矯揉造作，自我欣賞,397,,已校,
8664,躽胸突肚,,jin2 hung1' dat6 tou5,,挺胸凸肚,397,,已校,
8665,燕子話,,jin3 zi2 waa6*2,,一種隱語，用兩個音節來表示一個字,397,,已校,
8666,現把,,jin6 baa2,,舊時指現金：要～嘅喎<你要現金的呀>,397,,已校,
8667,現眼報,,jin6 ngaan5 bou3,,現世報應，現世現報,397,,已校,
8668,錛,,bun1,,錛子，一種木匠工具：鐵～,398,,已校,
8669,錛口柴,,bun1 hau2 caai4,,做木工時劈下來的碎木片 ‖ 也叫“斧口柴 fu2 hau2 caai4”,398,,已校,
8670,搬,,bun1',,①移動物體的位置，多指笨重的或較大的：～開個大櫃｜～走啲石頭｜◇～是非 ②遷移：～屋｜佢～咗去郊區住｜～埋同住<搬到一塊兒住>,398,,已校,
8671,搬嫁妝,,bun1' gaa3 zong1,,舊時結婚前三四天，女方將嫁妝送至男家,398,,已校,
8672,搬是搬非,,bun1' si6 bun1' fei1',,搬弄是非 ‖ 也説“搬是非”,398,,已校,
8673,搬搬併併,,bun1' bun1' beng3 beng3,,來回搬動東西：你喺房～做乜野啊？,398,,已校,
8674,搬屋,,bun1' uk1,,搬家，遷居,398,,已校,
8675,本地老番,,bun2 dei6 lou5 faan1,,①回國的留學生 ②指只會外國文字的中國人,398,,已校,
8676,本心,,bun2 sam1',,良心：冇～｜做人至要有～,398,,已校,
8677,本銀,,bun2 ngan4*2,,本錢,398,,已校,
8678,半世人,,bun3 sai3 jan4,,半輩子,398,,已校,
8679,半晝,,bun3 zau3,,半晌午，半天,398,,已校,
8680,半路吹,,bun3 lou6 ceoi1',,舊時指良家女嫁爲妾者，後又泛指妾,398,,已校,
8681,半條命,,bun3 tiu4 meng6,,指體弱多病者,398,,已校,
8682,半男女,,bun3 naam4 neoi5,,兩性人，陰陽人 ‖ 也叫“半陰陽 bun3 jam1' joeng4”,398,,已校,
8683,半鹹淡,,bun3 haam4 taam5,,（説話）南腔北調：佢講啲普通話都係～嘅啫 ‖ 也説“半鹹唔淡 bun3 haam4 m4 taam5”,398,,已校,
8684,半天吊,,bun3 tin1' diu3,,上下夠不着，兩頭不成事,398,,已校,
8685,半唐番,,bun3 tong4 faan1',,不中不西，不土不洋,398,,已校,
8686,半桶水,,bun3 tung2 seoi2,,半瓶醋，喻只懂得一點兒皮毛、諸事都不精通的人,398,,已校,
8687,半㝝門,,bun3 lam1 mun4*2,,①門半開半掩：我行過佢屋企，見佢～嘅 ②商店將要倒閉：嗰間鋪頭～喇 ③私娼：嗰個係～來呀｜呢家係～ ‖ 也叫“半掩門 bun3 jim2 mun4*2”,398,,已校,
8688,半岑嶔,,bun3 lam4*1 kam1,,（做事、説話）未完，才到一半：做得～就走咗｜講得～ ‖ 岑，集韵侵韵鋗犁針切：“岑嚴，山高貌。”嶔，祛音切：“山高險也”,398,,已校,
8689,盆,,pun4,,①盛物或洗物用的器具，口大底小，多爲圓形：洗衫～｜腳～｜洗身～｜花～ ②研磨用的器具：沙～ ③形狀略像盆的東西：～地｜～骨,398,,已校,
8690,盤,,pun4,,①盤點（錢、貨等）：～錢｜～貨 ②結交：你唔好～埋啲爛仔呀 ③盤（腿），坐時兩腿交叉彎曲地平放着：～蹄打坐｜～腳 ④（商店、企業）出倒：我將間鋪～咗畀佢，佢接晒我嘅盤[pʻun˨˩꜔꜒] ⑤形狀或功用似盤子的東西：算～｜字～◇地～ ‖ ④也説“頂 ding2”,398,,已校,
8691,盤,,pun4*2,,①盤子：茶～｜托～｜燒豬～ ②形狀或功用似盤子的東西：棋～｜磨～ ③指商品行情：開～｜收～,399,,已校,
8692,盤錢,,pun4 cin4*2,,舊時店家晚上結賬時數銅錢,399,,已校,
8693,拚,,pun2,,豁出去，自暴自棄，不顧後果：～圮｜～死｜～財 ‖ 集韵寫作“拌”，緩韵普伴切：“捐棄也”,399,,已校,
8694,拚圮,,pun2 pe5,,豁出一切，破罐破摔 ‖ 圮，廣韵旨韵符鄙切：“岸毀，又覆也。”讀書音 pei5，pe5 是口語音,399,,已校,
8695,拚死,,pun2 sei2,,豁出命去：～食河豚,399,,已校,
8696,拚爛,,pun2 laan6*2,,撒潑，耍賴；破罐破摔：唔同佢講得通嘅，佢好～㗎,399,,已校,
8697,判頭,,pun3 tau4*2,,包工頭,399,,已校,
8698,坌,,pun3,,全部買下，包圓兒：我～埋佢咯，冇幾多啫 ‖ 集韵慁韵普悶切：“並也”,399,,已校,
8699,坌籮尾,,pun3 lo4*1 mei5,,①包圓兒，全部買下：我～咯 ②吃東西時包圓兒：佢食野，次次都～嘅,399,,已校,
8700,捫胸,,mun1' hung1',,舊時的胸衣、乳罩,399,,已校,
8701,鞔,,mun1',,（用布、皮、紙）蒙蓋：用白布～咗對鞋｜～鼓｜～緊 ‖ 集韵桓韵謨官切：“説文履空也，一曰覆也”,399,,已校,
8702,門,,mun4,,①出入口：大～｜正～｜樓～｜前～ ②門扇：木～｜竹～｜鐵～｜玻璃～ ③器物可以開關的部分：櫃～｜火爐～｜冰箱～ ④形狀或作用像門的：閘～｜球～ ⑤指一般的家庭：雙喜臨～ ⑥一般事物的分類：五花八～ ⑦量詞。用於功課、技術等：三～課｜一～手藝,399,,已校,
8703,門樞斗,,mun4 si1' dau2,,舊式木門的門臼 ‖ 樞，讀書音 syu1'，si' 是變讀音,399,,已校,
8704,門髻,,mun4 gai3*2,,門紐 ‖ 也叫“門擰擰 mun4 ning3 ning6*2”,399,,已校,
8705,門鉸,,mun4 gaau3,,連接門扇和門框的合頁,399,,已校,
8706,門口狗,,mun4 hau2 gau2,,①看家狗 ②喻在家裏發横、出門不敢説話的人,399,,已校,
8707,門槧,,mun4 caam5,,門坎兒 ‖ 也叫“門檻 mun4 kaam5”。槧，集韵敢韵在敢切：“斷木爲槧”,399,,已校,
8708,門扇底,,mun4 sin3 dai2,,門背後 ‖ 也説“門角頭 mun4 gok3 tau4”或“門角落頭 mun4 gok3 lok6*1 tau4*2”,399,,已校,
8709,門官廳,,mun4 gun1 teng1,,舊式房子大門和中門之間的廳堂,399,,已校,
8710,門釘,,mun4 deng1,,大門上的釘形裝飾，官府或大户人家才有：摸～<吃閉門羹>,399,,已校,
8711,門枋,,mun4 fong1,,①舊式門的上門框 ②長條方木，用來横着閂門,399,,已校,
8712,門房,,mun4 fong4*2,,①傳達室 ②傳達，指人,399,,已校,
8713,門櫳子,,mun4 lung4 zi2,,舊式房屋大門裏有一道防護門，用横的圓木杠加框做成，可以拖拉開或關。此圓木杠叫門櫳子 ‖ 也叫“摥櫳横 tong3 lung4*2 waang6”。櫳，廣韵東韵盧紅切：“説文云房室之疏也”,399,,已校,
8714,門戌,,mun4 seot1,,舊式的門閂,399,,已校,
8715,滿,,mun5,,①全部充實，達到容量的極點：全場坐～晒人｜個樽裝～水 ②達到一定期限：假期～咗咯｜借圖書館嘅書～期未呀？ ③全：～身大汗｜～口應承｜～肚計 ④滿足：你～意唔～意啊？｜心～意足 ⑤驕傲：自～,399,,已校,
8716,滿洲窗,,mun5 zau1' coeng1,,舊時指有木雕窗欞的窗户，即北方的花格子窗,400,,已校,
8717,滿天神佛,,mun5 tin1' san4 fat6,,翻了天，形容程度之深：吵到～｜攪到～,400,,已校,
8718,滿盤落索,,mun5 pun4 lok6 sok3,,全部落敗，全盤皆輸：一子錯，～,400,,已校,
8719,寬厚,,fun1' hau5,,爲人厚道：佢爲人好～嘅,400,,已校,
8720,寬闊,,fun1' fut3,,①地方闊大 ②闊綽：使錢好～,400,,已校,
8721,歡喜,,fun1' hei2,,①喜歡，喜愛：你～食乜野菜呢？｜你～唔係買囉 ②高興，愉快：佢今日好～,400,,已校,
8722,歡容,,fun1' jung4,,天生的笑臉，長得喜相：你睇佢都生得好～噃,400,,已校,
8723,款頭,,fun2 tau4,,派頭，架子：佢～好大嘅噃｜乜你咁大～嘅,400,,已校,
8724,官仔,,gun1 zai2,,指有官少爺氣味，好支使别人的人：～骨骨<花花公子風度>,400,,已校,
8725,管雜箱,,gun1 zaap6 soeng1,,戲班中管道具及雜務的人,400,,已校,
8726,觀音兵,,gun1 jam1 bing1,,自願爲女子做“跟班”的男子,400,,已校,
8727,官,,gun1',,①當官兒的：做～做宦 ②舊時對少爺的尊稱：大～｜二～,400,,已校,
8728,官太,,gun1' taai3*2,,官兒的夫人,400,,已校,
8729,棺材,,gun1' coi4,,裝殮死人的木製的東西：～鋪｜～佬<抬棺材的人>｜～罩 ‖ 有人諱稱“長生板 coeng4 saang1' baan2”,400,,已校,
8730,棺材餡,,gun1' coi4 haam6*2,,駡人話。老不死的，北方説“棺材瓤子”,400,,已校,
8731,棺口柴,,gun1' hau2 caai4,,做棺材時劈下的碎木片，一般人忌諱 ‖ 也叫“棺口木 gun1' hau2 muk6”,400,,已校,
8732,管事媽,,gun2 si6 maa1,,戲指愛管閑事者,400,,已校,
8733,管太公箱,,gun2 taai3 gung1' soeng1,,舊時指祠堂中管分配胙肉、學金等的人：佢係～來㗎 ‖ 也叫“管箱”,400,,已校,
8734,館,,gun2,,①某些服務性商店的名稱：酒～｜影相～ ②私塾：開～｜教～ ③招待賓客居住的房屋：旅～｜賓～ ④保存、陳列文物或進行文體活動的場所：博物～｜圖書～｜展覽～｜體育～,400,,已校,
8735,罐,,gun3,,①罐子，多爲鐵製 ②大的方形鐵桶：火水～<煤油桶>,400,,已校,
8736,碗,,wun2,,盛飲食的器具，口大底小，一般是圓形：飯～｜湯～｜～仔｜木～,400,,已校,
8737,碗底,,wun2 dai2,,①碗内部的底 ②吃剩的碗中物，北方叫“碗底子”：有人執你～呀，快食乾凈佢 ‖ ②也説“飯腳 faan6 goek3”,400,,已校,
8738,碗㞘,,wun2 duk1,,碗外部的底,400,,已校,
8739,換,,wun6,,①給人東西同時從他那裏取得别的東西：交～｜～帖｜～位｜～場<交換場地> ②變換，更換：～衫｜～班｜～車｜～工作 ③兑換：～錢｜～銀,400,,已校,
8740,換轉,,wun6 zyun3,,調換：我要～間大啲嘅屋住,400,,已校,
8741,換帖,,wun6 tip3*2,,結拜爲兄弟：佢係我嘅～兄弟｜佢兩個係～來㗎,400,,已校,
8742,換膊,,wun6 bok3,,（扛、抬重物時）換肩：擔咁耐咯，要換下膊啊,400,,已校,
8743,短,,dyun2,,①兩端之間的距離小（和“長”相對）。A）指空間：～衫｜～褲｜～刀｜～棍｜～程 B）指時間：～期｜～命｜～工<臨時工> ②缺點：取長補～｜～處,401,,已校,
8744,短褸,,dyun2 lau1,,短外套，外衣,401,,已校,
8745,短踭,,dyun2 zaang1,,暗中打人一肘，暗算：打佢一個～,401,,已校,
8746,短命種,,dyun2 meng6 zung2,,駡人話。短命鬼,401,,已校,
8747,短切切,,dyun2 cit1 cit1,,很短貌（貶義）,401,,已校,
8748,斷,,dyun3,,①斷定，估計：～怕唔係<恐怕不然>｜～定｜公～｜判～ ②論（斤、件、個等）：～斤買｜～擔買｜～碗飲酒｜～個頭賣｜～件食肉｜～隻食鷄,401,,已校,
8749,斷打,,dyun3 daa2,,像打架一樣：買野都～噉<買東西都像打架似的>,401,,已校,
8750,斷估,,dyun3 gu2,,靠估計，瞎猜：做野～点得㗎？,401,,已校,
8751,斷斷,,dyun3 dyun3,,絶對：～唔會嘅,401,,已校,
8752,斷啃,,dyun3 kang2,,大口吃：食野好似～噉,401,,已校,
8753,斷搶,,dyun3 coeng2,,形容吃得快：食成～噉樣,401,,已校,
8754,斷,,dyun6,,斷絶，隔絶：藕～絲連｜～絶｜～送｜～水｜～電｜一刀兩～,401,,已校,
8755,團,,tyun4,,①盤（腿）：～埋雙腳｜～起腳 ②量詞。用於成團的東西：一～綫｜一～爛布｜一～紙碎 ③圓形的：～扇 ④會合在一起：～圓｜～年｜～結｜～聚 ⑤工作或活動的集體：主席～｜代表～｜旅游～ ⑥軍隊的編制單位 ⑦青少年的政治性組織：共青～,401,,已校,
8756,團年,,tyun4 nin4,,舊俗，農曆臘月謝竈之後，到大年三十晚之間，擇日安排酒宴來祭祖及家人團聚 ‖ 三十晚團年的叫“團盡年 tyun4 zeon6 nin4”,401,,已校,
8757,斷,,tyun5,,①分成兩段：整～咗枝竹｜～綫｜斬～ ②斷絶，隔絶：～水｜～奶｜～絶｜～咗聯繫｜～路 ③貨物脱銷：～市｜～檔,401,,已校,
8758,斷市,,tyun5 si5,,貨物脱銷：呢本書賣到～ ‖ 也説“斷檔 tyun5 dong3”或“絶市 zyut6 si5”,401,,已校,
8759,斷尾,,tyun5 mei5,,斷根，去根兒（指病）：呢種病醫唔到～嘅噃｜包醫～<保管徹底治好>,401,,已校,
8760,暖婆,,nyun5 po4*2,,湯婆子，銅製取暖用具,401,,已校,
8761,暖水壺,,nyun5 seoi2 wu4*2,,熱水瓶,401,,已校,
8762,暖堂飯,,nyun5 tong4 faan6,,結婚之夜，在廳堂設合卺席，新郎新娘並坐，兩邊有四個伴郎陪坐，共進晚飯,401,,已校,
8763,暖衲納,,nyun5 nap1 nap1（或 nap6 nap6）,,①溫暖，暖烘烘的 ②一家人很親密,401,,已校,
8764,暖熅熅,,nyun6 wat1 wat1,,暖融融 ‖ 熅，集韵没韵烏没切：“一曰熱貌”,402,,已校,
8765,嫩,,nyun6,,①細嫩：細蚊仔嘅肉皮～丨啲牛肉都幾～嚼 ②年輕：佢生得好～丨～仔丨年紀～,402,,已校,
8766,嫩微微,,nyun6 mei1' mei1',,（小孩）嬌嫩：睇下你～嘅,402,,已校,
8767,嫩希希,,nyun6 hei1' hei1',,①人長得年輕 ②形容菜嫩,402,,已校,
8768,嫩口,,nyun6 hau2,,①人年輕，引申爲輕浮，輕諾，不可靠 ②菜嫩 ③（牛馬等大畜牲）幼小,402,,已校,
8769,嫩蚊仔,,nyun6 man1 zai2,,嬰孩,402,,已校,
8770,嫩粒粒,,nyun6 lap1 lap1,,形容瓜菜很嫩,402,,已校,
8771,嫩雀,,nyun6 zoek3*2,,①舊時江湖用語。新手 ②喻容易上當受騙者 ‖ 也叫“新雀 san1' zoek3*2”,402,,已校,
8772,攣,,lyun1',,彎曲，捲曲：～咗丨～毛丨～弓蝦米噉<曲里拐彎的>丨～埋條腰,402,,已校,
8773,攣毛,,lyun1' mou4*1,,捲毛，指頭髮彎曲：佢個仔係～嘅,402,,已校,
8774,攣捲,,lyun1' gyun1',,①不直，彎曲：佢住個處，去搵佢條路好～嘅 ②心情不舒坦：個心好～ ‖ 捲，本讀陰上，此處變讀陰平調,402,,已校,
8775,攣弓蝦米,,lyun1' gung1 haa1' mai5,,形容彎曲：好似隻～,402,,已校,
8776,攣弓鈎鼻,,lyun1' gung1 ngau1' bei6,,鷹鈎鼻子：～走回頭<避開鷹鈎鼻子的人>,402,,已校,
8777,聯,,lyun4,,縫：～被丨～衣服丨～好件衫,402,,已校,
8778,聯群結隊,,lyun4 kwan4 git3 deoi6,,成群結隊,402,,已校,
8779,□,,lyun4,,①滾：～地丨麻通<食品名>外面～晒脂麻嘅 ②以物吸乾器中餘瀝：畀飯～下個油鑊,402,,已校,
8780,亂,,lyun6,,①無秩序，無條理：間房～七八糟丨立立～丨文章改得好～丨呢件野攪到七國咁～ ②心緒不寧：個心好～丨心煩意～ ③任意，隨便：唔好～講丨～車<胡扯>丨～咁來<胡來>丨～撞丨～咁攪,402,,已校,
8781,亂車廿四,,lyun6 ce1' jaa6 sei3,,亂吹一氣，瞎扯一通,402,,已校,
8782,亂車亂詆,,lyun6 ce1' lyun6 dai3,,胡説八道 ‖ 也説“亂𡀾亂詆 lyun6 ngap1 lyun6 dai3”。詆，集韵霽韵丁計切：“呵也”,402,,已校,
8783,亂指廿四,,lyun6 zi2 jaa6 sei3,,亂發號施令，瞎指揮,402,,已校,
8784,亂晒籠,,lyun6 saai3 lung4,,全亂套了 ‖ 也説“亂晒坑 lyun6 saai3 haang1'”,402,,已校,
8785,亂詆三千,,lyun6 dai3 saam1' cin1',,胡説，亂説,402,,已校,
8786,亂揈,,lyun6 fing6,,揮霍，亂花錢：佢使錢～嘅 ‖ 揈，集韵耕韵呼宏切：“揮也。”本應讀 fang1'，fing6 是變讀,402,,已校,
8787,亂講無爲,,lyun6 gong2 mou4 wai4,,胡説，瞎説一氣 ‖ 也説“亂𡀾無爲 lyun6 ngap1 mou4 wai4”,402,,已校,
8788,亂立立,,lyun6 lap6 lap6,,（事物）亂糟糟 ‖ 也説“立立亂”,402,,已校,
8789,專登,,zyun1 dang1,,特地，專門：我係～來搵你㗎丨～撚化<作弄>佢 ‖ 也説“特登 dak1 dang1”或“故登 gu3 dang1”,402,,已校,
8790,磚,,zyun1,,①一種建築材料，多是方形或長方形：三塊～丨～屋丨～窰丨～坯丨～頭 ②形狀像磚的東西：茶～丨冰～,402,,已校,
8791,磚頭屈,,zyun1 tau4 gwat6,,半截磚,403,,已校,
8792,磚,,zyun1',,量詞。用於厚的、有四角的東西：一～片糖丨一～腐乳丨一～豆腐,403,,已校,
8793,轉,,zyun2,,①改換方向、位置、情况、形勢等：～𢃇<轉帆>丨～移丨～變丨情况好～丨～敗爲勝丨～悲爲喜 ②把一方的物品、信件、意見等傳到另一方：～送丨～交丨～寄丨～告丨由我～畀佢喇丨～播 ‖ ①多是書面語,403,,已校,
8794,轉脷,,zyun2 lei6,,蜇舌頭，味道刺激舌頭，使舌頭扭轉，轉動：食辣椒好～嘅丨食熱湯丸就～咯,403,,已校,
8795,轉,,zyun3,,①轉變，改變：～咗色丨～運丨～行丨佢都～晒形<他全變了模樣>丨～口 ②換乘（車、船等）：～車丨～機<換乘飛機> ③改變方向，回轉：～頭<回頭>丨～身丨向左～,403,,已校,
8796,轉卦,,zyun3 gwaa3,,改變主意，變卦 ‖ 也説“變卦 bin3 gwaa3”,403,,已校,
8797,轉口,,zyun3 hau2,,改口，改變原先的説法：佢答應咗我，又轉咗口,403,,已校,
8798,轉眼,,zyun3 ngaan5,,形容極短的時間：轉下眼就快開學咯丨～就唔見咗佢,403,,已校,NA：現在（2020s）習讀zyun2 ngaan5。
8799,轉彎,,zyun3 waan1',,拐彎兒：直去唔使～就到咯丨～八角<拐彎磨角>,403,,已校,
8800,轉便,,zyun3 bin6,,翻個兒：將佢反～<把它翻個個兒>,403,,已校,
8801,轉聲,,zyun3 seng1',,聲音變了：点解你講野都轉咗聲㗎？丨轉佬聲<男孩長大變嗓音>,403,,已校,
8802,轉行,,zyun3 hong4,,轉業，改行：賣魚佬～，有晒腥（聲）氣<歇後語>,403,,已校,
8803,穿,,cyun1',,①以繩繞貫穿物體使之連貫：～珠仔 ②破，透：對鞋～咗丨襪～咗竉丨～耳來戴耳環 ③通過（孔洞、縫𨻶、空地等）：～針丨～梭丨～過呢條巷就到咯！,403,,已校,
8804,穿煲,,cyun1' bou1,,喻泄露秘密，揭露内幕,403,,已校,
8805,穿竉,,cyun1' lung1,,出現破洞：條褲～咗 ‖ 竉，廣韵董韵力董切：“孔竉。”古上聲，今口語變讀高平,403,,已校,
8806,全家樂,,cyun4 gaa1' lok6,,全家合照：影一幅～,403,,已校,
8807,全蛋麵,,cyun4 daan6*2 min6,,全用鷄蛋和麵做成的麵條,403,,已校,
8808,攢盒,,cyun4 hap6,,大的糖果餅食盒子，内分很多格，過年時捧出招待客人，北京叫“捧盒”,403,,已校,
8809,串,,cyun3,,①量詞。用於成串之物：一～炮仗<一掛爆竹>丨一～葡提子<一嘟嚕葡萄>丨一～珠 ②使成串：～起啲白蘭花喇 ③拼寫（外文字）：呢個字點～呢？丨～單詞,403,,已校,
8810,串埋,,cyun3 maai4,,串通，合伙：你兩個～來騙我丨佢地～晒來害人 ‖ 也説“串同 cyun3 tung4”,403,,已校,
8811,孫新婦,,syun1 san1' pou5,,孫媳婦,403,,已校,
8812,酸,,syun1,,①化學名詞。酸類：鹽～丨硝～ ②酸的菜肴，腌的酸菜（鄉土説法）：木瓜～丨黄瓜～丨蘿蔔～丨豬腳～丨排骨～,403,,已校,
8813,酸,,syun1',,像醋的味道：～菜丨～梅醬丨～牛奶丨～薑丨～辣椒丨～黄瓜丨～筍丨～芥菜丨～蘿蔔丨～排骨丨～木瓜丨～藠頭丨～過頭，点食呀<太酸了，怎麼吃呀>？,403,,已校,
8814,酸枝,,syun1' zi1,,紅木，一種硬木：～枱椅好矜貴㗎丨～馬閘,404,,已校,
8815,酸迷草,,syun1' mei1' cou2,,一種野草，三瓣葉，開小粉花，小孩用它來鬥草玩：打～,404,,已校,
8816,酸微微,,syun1' mei1' mei1',,微酸：啲果汁～嘅,404,,已校,
8817,酸菜,,syun1' coi3,,大芥菜腌成的酸菜 ‖ 也叫“鹹酸菜 haam4 syun1' coi3”或“鹹菜 haam4 coi3”,404,,已校,
8818,酸梅,,syun1' mui4*2,,醋泡青梅，用做菜肴的調味品：～醋丨～醬,404,,已校,
8819,酸□□,,syun1' dam1' dam1',,味酸，酸溜溜的,404,,已校,
8820,酸軟,,syun1' jyun5,,①被人胳肢的感覺：我好怕～ ②酸痛：牙好～,404,,已校,
8821,酸薑,,syun1' goeng1,,醋泡薑，是五柳料之一，做五柳魚的配料：椰子～好好食丨～藠頭,404,,已校,
8822,酸薑竹,,syun1' goeng1 zuk1,,插着酸薑的竹簽，吃完就扔掉。比喻品德行爲不好的人或無用的人,404,,已校,
8823,酸宿,,syun1' suk1,,形容汗臭，又酸又餿,404,,已校,
8824,船,,syun4,,水上的主要運輸工具：大～丨火～丨汽～丨電～丨～頭丨木～丨落～<上船>,404,,已校,
8825,船笭,,syun4 lang1,,船舷邊掛的竹編器，防碰撞用 ‖ 笭，廣韵青韵郎丁切：“笭箐，小籠”,404,,已校,
8826,損,,syun2,,①損害：～人利己 ②壞的：～友<壞朋友> ③（輕微）破傷：手～咗丨切～手<切傷了手>丨撞～咗頭殼丨刮～條脷丨挖～面<抓破了臉>,404,,已校,
8827,損手爛腳,,syun2 sau2 laan6 goek3,,頭破血流：打到～,404,,已校,
8828,吮,,syun5,,又舔又嘬：～手指丨將骨～乾凈,404,,已校,
8829,蒜子肉,,syun3 zi2 juk6,,形如蒜瓣的肉：黄花魚就係～喇,404,,已校,
8830,蒜頭,,syun3 tau4,,大蒜頭,404,,已校,
8831,蒜心,,syun3 sam1,,蒜薹，北京叫“蒜苗”,404,,已校,
8832,算死草,,syun3 sei2 cou2,,指善打小算盤、斤斤計較者,404,,已校,
8833,算數,,syun3 sou3,,作罷，拉倒：唔得就～<不行就拉倒>丨～喇<算了罷>丨唔要就～,404,,已校,
8834,算精,,syun3 zeng1',,自私，好占便宜：嗰個野好～嘅,404,,已校,
8835,算度,,syun3 dok6,,思忖，心中算計,404,,已校,
8836,鑽,,gyun1',,穿過，進入：～入牀下底丨～過去丨～枱底丨賊公開竈～入去，偷完野～返出來 ‖ 口語音，讀書音 zyun1',404,,已校,
8837,鑽鼻,,gyun1' bei6,,（氣味）鑽鼻子：～辣菜 ‖ 也説“攻鼻 gung1' bei6”,404,,已校,
8838,鑽竉,,gyun1' lung1,,鑽進洞 ‖ 竉，廣韵董韵力董切：“孔竉。”古上聲，今口語變讀高平,404,,已校,
8839,鑽法律罅,,gyun1' faat3 leot6 laa3,,鑽法律空子,404,,已校,
8840,鑽節罅,,gyun1' zit3 laa3,,婦女在端午節、中秋節後一日回娘家住（不願住夫家）,404,,已校,
8841,捲鋪蓋,,gyun2 pou1' goi3,,辭工作：我就要～咯,404,,已校,
8842,捲閘,,gyun2 zaap6,,一種金屬閘門，可捲起、放下,404,,已校,
8843,拳鷄仔,,kyun4 gai1 zai2,,半大的鷄，一斤左右,404,,已校,
8844,剈,,hyun1',,轉圈挖，剜：～一䊆[kɐu˨]瘦肉出來｜～咗啲瓜仁出來，我要整冬瓜盅｜～咗個蘋果心出來 ‖ 集韵先韵縈玄切：“説文挑取也，剜也。”古影母，今讀如曉母,405,,已校,
8845,犬字邊,,hyun2 zi6 bin1,,漢字偏旁，犬猶兒，反犬旁 ‖ 也叫“戾狗邊 lai6*2 gau2 bin1”,405,,已校,
8846,冤咗家,,jyun1' zo2 gaa1',,斷交，不來往：同佢～,405,,已校,
8847,冤戾,,jyun1' lai6*2,,誣陷，使受冤枉：乜你咁～人㗎｜你～咗我！,405,,已校,
8848,冤氣,,jyun1' hei3,,①感到心中不舒暢，不能忍受：睇見你就～｜真係～咯 ②行爲舉止使人難忍受：乜你咁～呀！,405,,已校,
8849,冤口冤面,,jyun1' hau2 jyun1' min6,,晦氣、倒霉貌,405,,已校,
8850,葾,,jyun1',,魚肉敗壞：～豬頭遇着盲鼻菩薩<熟語> ‖ 廣韵元韵於袁切：“敗也”,405,,已校,
8851,葾崩爛臭,,jyun1' bang1' laan6 cau3,,臭氣冲天,405,,已校,
8852,鴛鴦,,jyun1' joeng1',,①一種水鳥 ②不成對兒，不對稱；一樣一個：呢對鞋係～嘅，唔着得｜啲手套～嘅<這些手套都不成對兒>,405,,已校,
8853,鴛鴦門,,jyun1' joeng1' mun4,,不對稱的兩扇門,405,,已校,
8854,㾓,,jyun1',,①骨中酸痛：手～｜腳～ ②痛；累：成身～晒<全身都軟了> ‖ 廣韵先韵鳥玄切：“骨節疼也”,405,,已校,
8855,㾓㾓痹痹,,jyun1' jyun1' bei3 bei3,,酸麻的感覺：隻手～,405,,已校,
8856,㾓㾓䠩䠩,,jyun1' jyun1' gui6 gui6,,身上酸疼，發懶 ‖ 䠩，集韵廢韵逵穢切：“一曰倦也”,405,,已校,
8857,㾓痛,,jyun1' tung3,,酸疼,405,,已校,
8858,𢷻,,jyun1',,纏住不放：佢成日都～住我 ‖ 集韵仙韵余專切：“把也”,405,,已校,
8859,玄壇噉面,,jyun4 taan4 gam2 min6,,形容黑着臉，面色難看 ‖ 玄壇是黑臉的神,405,,已校,
8860,原底,,jyun4 dai2,,原來，本來：～我係噉樣講嘅，係你聽錯咗,405,,已校,
8861,原煲,,jyun4 bou1,,連沙鍋端上桌的：～滑鷄飯｜～明火老湯,405,,已校,
8862,原班頭,,jyun4 baan1' tau4*2,,科班：～出身,405,,已校,
8863,原盅,,jyun4 zung1,,用瓷盅炖成的，連盅一起端上來：～炖品,405,,已校,
8864,原汁原味,,jyun4 zap1 jyun4 mei6,,保留原始菜肴的湯,405,,已校,
8865,圓軲轆,,jyun4 gu1 luk1,,（球形物）很圓，圓滾滾的,405,,已校,
8866,圓蹄,,jyun4 tai4*2,,豬肘子，圓形無骨：紅燒～｜炖～ ‖ 也叫“豚蹄 tyun4 tai4*2”,405,,已校,
8867,圓□□,,jyun4 dam4 doe4,,（球形物）很圓，圓乎乎的 ‖ 也説“圓□□ jyun4 dam4 dam4”,405,,已校,
8868,圓融,,jyun4 jung4,,圓滑可通融：佢做人都好～嘅,405,,已校,
8869,圓轆轆,,jyun4 luk1 luk1,,（圓柱形物）很圓，易滾動：條木～嘅,405,,已校,
8870,圓肉,,jyun4 juk6,,去皮核的龍眼乾 ‖ 也叫“龍眼肉 lung4 ngaan5*2 juk6”或“桂圓肉 gwai3 jyun4 juk6”,405,,已校,
8871,䩩,,jyun2,,稱物時所用容器的總稱：除咗～有十斤重 ‖ 廣韵阮韵於阮切：“量物之䩩也”,405,,已校,
8872,軟䧒䧒,,jyun5 laai4 laai4,,（身體）軟綿綿的，無力貌：個身～ ‖ 䧒，集韵咍韵郎才切：“一曰䧒隑，長貌”,406,,已校,
8873,軟皮蛇,,jyun5 pei4 se4,,比喻表面上百依百順，實際上不負責任，受到指責又推脱抵賴之人,406,,已校,
8874,軟飪飪,,jyun5 jam4 jam4,,軟綿綿的，摸上去很軟,406,,已校,
8875,軟䪏䪏,,jyun5 nap6 nap6,,①（物）軟和 ②（性格）軟弱 ‖ 䪏，廣韵合韵奴答切：“腝貌”,406,,已校,
8876,軟笪,,jyun5 daat3,,用竹白（竹子靠内的部分，與“竹青”相對）織的席，質軟 ‖ 笪，廣韵曷韵當割切：“竹䉬”,406,,已校,
8877,軟躂躂,,jyun5 daat3 daat3（或 det6 det6）,,①軟和 ②疲軟無力,406,,已校,
8878,軟屄屄,,jyun5 pat6 pat6,,軟乎乎的 ‖ 屄，《玉篇》普粟切：“肚肥也”,406,,已校,
8879,軟腳蟹,,jyun5 goek3 haai5,,①喻没主意、没辦法、臨事張皇的人 ②喻走不快或走不遠的人,406,,已校,
8880,軟熟,,jyun5 suk6,,①（物體的性質）柔軟 ②（人的體操舞蹈動作）柔美,406,,已校,
8881,怨唱,,jyun3 coeng3,,埋怨：唔好～咯,406,,已校,
8882,趽,,baang6,,向外分，叉開（大腿）：髀～～丨～開髀坐丨横枝椏～<蠻横無理>丨～耳牛，唔聽教<歇後語> ‖ 集韵唐韵蒲光切：“足曲謂之趽。”古濁平聲，今口語變讀陽去。古宕攝變讀如梗攝二等韵,407,,已校,
8883,趽耳,,baang6 ji5,,招風耳,407,,已校,
8884,㼞,,paang1,,金屬、搪瓷的、有提梁的容器，不一定有蓋：銅～丨鐵～丨銻～丨搪瓷～丨水～丨飯～ ‖ 集韵映韵普孟切：“罌屬。”古清音去聲，今口語讀高平聲,407,,已校,
8885,抨,,paang1',,趕，打：～佢出去丨～開隻貓丨～佢扯<把他轟走> ‖ 廣韵耕韵普耕切：“揮也”,407,,已校,
8886,𣂆,,paang1',,均分，匀着：將啲餸～開佢丨～開兩份，留一份畀佢丨啲錢要～開來使，唔好一下使哂 ‖ 集韵唐韵鋪郎切：“説文量物溢也”,407,,已校,
8887,朋,,paang4,,量詞。排，用於牙齒、骨頭等：落你～牙丨瘦到成～骨<瘦成一排骨頭>,407,,已校,
8888,棚尾拉箱,,paang4 mei5 laai1' soeng1,,指偷偷溜走，有不受歡迎之義。源於舊時的戲班子,407,,已校,
8889,蟛蜞,,paang4 kei4*2,,河、塘中的一種小螃蟹，可做飼料,407,,已校,
8890,蟛蜞子,,paang4 kei4 zi2,,蟛蜞的卵，味鮮美，可食 ‖ 也叫“禮勾子 lai5 wan4 zi2”,407,,已校,
8891,繃,,maang1',,①張掛，鞔：～起幢蚊帳丨～鞋丨～帳篷丨皮～骨 ②緊拉，抻：～緊條繩丨鐵綫曲咗，～直佢喇丨緊～～丨～起塊面<板着臉> ‖ 集韵耕韵悲萌切：“説文束也。”古幫母，今口語讀如明母,407,,已校,
8892,繃繃緊,,maang1' maang1' gan2,,①拉得緊，緊巴巴的 ②經濟上不寬裕，手頭緊 ‖ 也説“緊繃繃”,407,,已校,
8893,繃角,,maang1' gok3,,二者處於對角的位罝：我住個處同你處～嘅丨～擺兩張椅丨食飯時我同佢～坐丨～裁衫,407,,已校,
8894,盲摸摸,,maang4 mo2 mo2,,①形容視力不佳：呢個人～嘅 ②不了解情况：呢件事我都係～來攪嘅啫！ ‖ 也説“盲杵杵 maang4 coe2 coe2”,407,,已校,
8895,盲妹,,maang4 mui6*1,,舊時指沿街賣唱的盲女,407,,已校,
8896,盲年,,maang4 nin4,,農曆没有立春的年份：今年雙春，出年～<民諺>,407,,已校,
8897,盲公鏡,,maang4 gung1 geng3,,黑眼鏡，太陽鏡,407,,已校,
8898,盲公竹,,maang4 gung1 zuk1,,喻引導者、指路者：你係我嘅～嘅喇,407,,已校,
8899,猛,,maang5,,①威風，有地位及勢力：好～野丨～官 ②（力量）很衝：好～水丨～風丨～力 ③猛烈，旺盛：～火丨～熱頭<烈日>,407,,已校,
8900,猛野,,maang5 je5,,①大人物 ②有地位，有勢力：佢好～㗎,407,,已校,
8901,猛人,,maang5 jan4,,大人物，有名人物,407,,已校,
8902,猛鑊,,maang5 wok6,,熱鍋：燒～至落油,408,,已校,
8903,蜢,,maang5*2,,螞蚱，蚱蜢：捉隻～來玩丨跛腳鷯哥有自來～<呆人有呆福> ‖ “草蜢 cou2 maang5*2”的簡稱,408,,已校,
8904,冷,,laang1,,毛綫：羊毛～丨～衫丨～帽丨～褲丨～襪 ‖ 也叫“毛冷 mou4 laang1”。法語 laine 的音譯,408,,已校,
8905,冷,,laang5*1,,兩座房子之間不通行的小窄巷,408,,已校,
8906,冷親,,laang5 can1',,凍着了，着涼了 ‖ 也説“凍親 dung3 can1'”,408,,已校,
8907,冷巷,,laang5 hong3*2,,房子内的過道，夾道,408,,已校,
8908,踭,,zaang1,,①肘部：手～丨一～打過去 ②足後跟：腳～ ③鞋後跟：鞋～丨高～鞋 ④豬、牛等的肘：豬～,408,,已校,
8909,爭,,zaang1',,①差，欠：～佢錢丨重～五毫子丨～隻腳<三缺一> ②爭奪：佢～住要去丨～第一丨～啖氣<爭口氣> ③向着，偏袒，袒護：你咪～住佢丨佢啊媽～住佢丨我唔～佢 ④爭執：～交丨～論,408,,已校,
8910,爭在,,zaang1' zoi6,,只在，就看：準備好晒咯，～你去唔去啫丨票都買咗咯，～你睇唔睇啫丨今日梗有雨落㗎，～大定細<今天一定下雨，就看大雨或小雨了>,408,,已校,
8911,爭交,,zaang1' gaau1,,吵架：兩個人～,408,,已校,
8912,䂻,,zaang6,,①填塞使脹：～爆咗條褲丨～滿個袋丨你將我對鞋～大咗丨着細鞋，顧住～爛對鞋丨睇戲人多，～爆棚 ②過量地吃：～爆個肚丨～到肚脹丨～飯丨佢好大～㗎，一餐食五碗飯 ③拱：～開度門 ‖ 廣韵映韵除更切：“塞也”,408,,已校,
8913,䂻沙鷄,,zaang6 saa1 gai1,,嗉子裏填滿沙子的鷄,408,,已校,
8914,䂻牙罅,,zaang6 ngaa4 laa3,,塞牙縫：都唔夠我～ ‖ 也説“黐牙罅 ci1' ngaa4 laa3”,408,,已校,
8915,鐺,,caang1,,①瓦質鍋，有高矮兩種：瓦～丨～仔飯丨沙煲罌～<統稱鍋類> ②金屬直身大鍋：銅～丨銻～<鋁鍋>丨飯～,408,,已校,
8916,撑船就墈,,caang1' syun4 zau6 ham3,,喻順理成章，應該如此：你應該去佢處呀，～吖嗎,408,,已校,
8917,撑艇,,caang1' teng5,,①以竹篙駛船 ②漢字偏旁，走之兒 ‖ ②也説“艇仔 teng5 zai2”,408,,已校,
8918,掁眼,,caang4 ngaan5,,光綫刺目：坐呢處好～丨掁到眼都花 ‖ 廣韵庚韵直庚切：“掁觸”,408,,已校,
8919,橙,,caang4*2,,橙子：甜～丨金山～,408,,已校,
8920,鋹鷄,,caang4 gai1',,①潑辣，利害：～婆 ②能幹，樣樣都招呼到。多指婦女：佢好～嘅噃,408,,已校,
8921,牚牙骹,,caang3 ngaa4 gau3,,嘴上説得硬：你話你一世唔結婚，你唔好～ ‖ 也説“牚牙牚齒 caang3 ngaa4 caang3 ci2”,408,,已校,
8922,牚,,caang3,,①支撑：死鷄～飯蓋<死要面子>丨～開 ②頂住不認賬，不承認：佢夾硬～住 ‖ 廣韵映韵他孟切：“邪柱也。”集韵耻孟切：“支柱也”,408,,已校,
8923,牚枱腳,,caang3 toi4*2 goek3,,形容夫妻同桌對食：佢兩個喺處～,408,,已校,
8924,掌口角,,caang3 hau2 gok3,,自負，看不起别人,408,,已校,
8925,瞠,,caang3,,睜，瞪（眼）：眼～～丨～開眼 ‖ 集韵映韵耻孟切：“直視貌”,408,,已校,
8926,生,,saang1,,①某些生的食物：魚～<生魚片>丨蝦～<拌活蝦> ②學習的人：學～丨畢業～丨招～ ③粵劇角色，扮演男子：～喉<小生唱腔>丨武～ ④某些指稱人的名詞後綴：先～丨醫～,409,,已校,
8927,生油,,saang1 jau4,,花生油,409,,已校,
8928,生,,saang1',,①果實未成熟：啲西瓜重係～嘅，唔食得 ②新的，生的（未煮熟）：～肉丨～花<鮮花>丨～蠔丨～料 ③具有生命力的，活的：～馬騮丨～菩薩丨佢重～吖<他還活着> ④生長，長出：阿婆～鬚丨食幾多都唔～肉丨～瘡 ⑤生育，産下：～細路哥丨～仔丨～蛋 ⑥生疏，不熟練：～字丨～手丨～手～腳 ⑦未加工的，未鍛煉過的：～鐵丨～皮丨～灰丨～綢丨～鹽 ⑧陌生：～暴人<陌生人>丨面～<臉孔陌生>丨～客 ⑨借高利貸：～借無門丨～錢告債 ⑩生硬，勉强：～安白造<瞎編胡説>,409,,已校,
8929,生借,,saang1' ze3,,以高利問别人貸款：向財主佬～錢銀丨我都係～無門,409,,已校,
8930,生果,,saang1' gwo2,,水果,409,,已校,
8931,生螆貓,,saang1' zi1 maau1,,病貓：～噉樣<像病貓似的>,409,,已校,
8932,生意,,saang1' ji3,,買賣，商業經營：斟～<談買賣>丨～好淡丨好～喇<買賣真不錯啊>丨～佬,409,,已校,
8933,生意米,,saang1' ji3 mai5,,生意經，做生意的前路,409,,已校,
8934,生意骨,,saang1' ji3 gwat1,,老生意人，精通做買賣的人,409,,已校,
8935,生豬,,saang1' zyu1,,（未閹過的）公豬,409,,已校,
8936,生魚,,saang1' jyu4*2,,學名“鱧”，北京叫“黑魚”。粵人認爲産婦及開刀後的病人食之有益,409,,已校,
8937,生米甘,,saang1' mai5 gam1',,飯煮得半生的味道：啲飯～嘅,409,,已校,
8938,生鷄,,saang1' gai1,,（未閹過的）公鷄 ‖ 也叫“鷄公 gai1 gung1”,409,,已校,
8939,生鷄特,,saang1' gai1' dak6,,①老公鷄 ②指多妾的男人,409,,已校,
8940,生鬼,,saang1' gwai2,,①機伶 ②風趣，但格調不高：佢好～嘅,409,,已校,
8941,生菜,,saang1' coi3,,常見的一種蔬菜，生吃最佳：～包丨～粥<一種素粥>,409,,已校,
8942,生外,,saang1' ngoi6*2,,生分，不熟識，生疏：我同佢好～,409,,已校,
8943,生抽,,saang1' cau1,,白醬油，味較鹹，色較淺，多在餐桌上調味用 ‖ 也叫“白油 baak6 jau4*2”,409,,已校,
8944,生勾勾,,saang1' ngau1' ngau1',,①果子未熟貌：啲蘋果～ ②活生生的，活得好好的,409,,已校,
8945,生暴,,saang1' bou6*2,,陌生：嗰個人好～，我唔識佢丨細路哥怕～丨～人,409,,已校,
8946,生臊,,saang1' sou1,,坐月子：佢～唔來上課丨個家～呀，唔好入去呀丨～房<産房>,409,,已校,
8947,生水,,saang1' seoi2,,①芋頭因受病而煮不爛，發硬：～芋頭乸丨啲遊頭～嘅，唔好食 ②未煮沸的水（與“滾水”相對） ③活水（與“死水”相對）：呢個池有～入,409,,已校,
8948,生疳,,saang1' gam1',,不愛答理人，對人冷淡：佢好～㗎,409,,已校,
8949,生墳,,saang1' fan4,,爲活人準備的墳地,409,,已校,
8950,生粉,,saang1' fan2,,澱粉的統稱，包括豆粉、甘薯粉、大薯粉等,409,,已校,
8951,生筋,,saang1' gan1,,油炸過的水面筋,409,,已校,
8952,生人霸死地,,saang1' jan4 baa3 sei2 dei6,,熟語。占着茅坑不拉屎,409,,已校,
8953,生春鷄項,,saang1' ceon1 gai1 hong6*2,,初下蛋的小母鷄：～鯉魚頭<都是佳品> ‖ 項，同音字,409,,已校,
8954,生乾精,,saang1' gon1' zing1',,①果品水分喪失，乾心兒：啲橙～嘅 ②人長得乾瘦：某某人～嘅,410,,已校,
8955,生安白造,,saang1' on1' baak6 zou6,,胡亂編造，捏造,410,,已校,
8956,生猛,,saang1' maang5,,活生生，活蹦亂跳，指動物：啲蝦好～｜～海鮮,410,,已校,
8957,生冷杠,,saang1' laang5 gong3,,飯煮好後放至涼，結成硬塊：啲飯等到～｜快來食飯喇，啲飯生晒冷杠嘞,410,,已校,
8958,生鉎,,saang1' seng3,,（鐵器）長銹：把刀～ ‖ 也説“生銹 saang1' sau3”。鉎，集韵青韵桑經切：“鐵衣。”古平聲，今變讀去聲,410,,已校,
8959,生牲,,saang1' sing3,,①懂事，有出息：個仔唔～｜真係～<真有出息> ②爭氣：生下性喇<爭點兒氣吧>,410,,已校,NA：原書詞頭與用例存在用字矛盾，一個用“牲”一個用“性”。
8960,生劏,,saang1' tong1',,活活宰殺：先將蛇～剝皮 ‖ 劏，俗字,410,,已校,
8961,生黄薑,,saang1' wong4 goeng1,,甘薯受病，内有黄斑，有辣味：啲番薯生咗黄薑噃，唔食得嘞！,410,,已校,
8962,生壅,,saang1' ong1',,活埋 ‖ 也説“生葬 saang1' zong3”,410,,已校,
8963,生綟,,saang1' lit3,,活結，解得開的結（與“死綟”相對）：打個～ ‖ 綟，集韵屑韵力結切：“綬謂之綟。”玉篇：“綟，組也”,410,,已校,
8964,生積,,saang1' zik1,,（小孩）患疳積病，肚大而身瘦：細路仔～就唔生肉咯 ‖ 也説“生疳積 saang1' gam1' zik1”,410,,已校,
8965,省城,,saang2 seng4,,省會，特指廣州市,410,,已校,
8966,省城話,,saang2 seng4 waa6*2,,舊時指廣州話：請先生教我講～喇 ‖ 現稱“廣州話 gwong2 zau1' waa6*2”,410,,已校,
8967,搡,,saang2,,①打：～你一拳｜～佢 ②不問而取：本書畀佢～咗去 ③駡，訓斥：～人一通｜畀我～咗佢幾句 ‖ 集韵蕩韵寫朗切：“搷也。”搷，亭年切：“擊也，引起也，揚也”,410,,已校,
8968,搡牛王,,saang2 ngau4 wong4,,擅取人物，强奪：我枝筆畀佢搡咗牛王,410,,已校,
8969,搡黄魚,,saang2 wong4 jyu4*2,,騙財：畀人搡咗黄魚,410,,已校,
8970,□<⿰笧刂>,,saang2,,用炊帚刷洗，用肥皂等物擦洗（器物）：～下個鑊｜～面盆｜畀牙灰～下個銅煲｜～乾凈佢｜～火爐｜～番梘<用肥皂洗>｜～得甩<洗得掉> ‖ 集韵旱韵顙旱切：“竹器。”《康熙字典》引博雅：“䈰謂之□<⿰笧刂>。”䈰，廣韵所交切：“飯帚。”本應讀 saan2，今口語變讀 saang2,410,,已校,NA：字頭另有已編碼異體字“䈀”。
8971,□<⿰笧刂>鏡,,saang2 geng3,,（人）漂亮得耀眼、刺目 ‖ □<⿰笧刂>，俗寫作“㨘”,410,,已校,NA：字頭另有已編碼異體字“䈀”。
8972,經,,gaang1,,棉胎（被套）上的綫網 ‖ 口語音，讀書音 ging1,410,,已校,
8973,更夜,,gaang1' je6,,夜間的治安：我住嗰處好～喎｜呢處唔好～<這裏晚間治安不好>,410,,已校,
8974,耕仔,,gaang1' zai2,,佃户,410,,已校,
8975,經,,gaang1',,①用綫打棉胎（被套）：～棉胎 ②用綫粗略連：件衫有個窟，用綫～住佢喇 ③蟲類吐絲做繭：蠶蟲～繭 ④蜘蛛做網：～網｜蠄蟧～絲 ‖ 集韵青韵堅靈切：“説文織也。”古梗攝四等，今讀書音 ging1，口語讀如二等,410,,已校,
8976,經絲,,gaang1' si1,,（蜘蛛）結網：蠄蟧～,410,,已校,
8977,經繭,,gaang1' gaan2,,（蠶）吐絲做繭,410,,已校,
8978,徑,,gaang3,,①蹚，涉（水）：～水｜～過去｜～水過河 ②（用勺子、筷子等）攪拌：細路哥食飯，由碗面～到碗底｜亂咁～啲菜丨～下啲粥，睇下有乜野料啊丨煲粥要～下個底 ③（筷子）交叉架住：咪～住人，咁冇規矩嘅 ‖ 廣韵徑韵古定切：“步道。”古硬攝四等，讀書音 ging3，今口語變讀如二等,410,,已校,
8979,徑底,,gaang3 dai2,,攪拌器皿内部的底部：徑下個煲底，唔好畀佢燶<别叫它煳了>,411,,已校,
8980,徑水,,gaang3 seoi2,,蹚水、涉水而過：～過河丨～過海灘,411,,已校,
8981,經,,gaang3,,用綫來回密密織補：條褲穿窿咯，畀綫～住佢喇 ‖ 集韵徑韵古定切：“織也。”古硬攝四等，今口語讀如二等,411,,已校,
8982,□,,gaang3,,較量，比武：同你～過丨夠～唔夠<是不是我的對手>？,411,,已校,
8983,□拳,,gaang6 kyun4,,二人握拳，以腕相較力,411,,已校,
8984,䟘,,gaang6,,①向外拐着（腿）：～髀丨細路哥行路～～下 ②（手腳）張開：～手～腳 ‖ 廣韵蕩韵胡朗切：“伸脛也。”古匣母，今讀如群母,411,,已校,
8985,䟘髀,,gaang6 bei2,,腿向外或内拐：嗰個人～嘅,411,,已校,
8986,䟘手䟘腳,,gaang6 sau2 gaang6 goek3,,①礙手礙腳：唔好喺處～ ②兇惡，想動武貌,411,,已校,
8987,䟘䟘下,,gaang6 gaang6 haa5*2,,小兒走路不穩貌：佢行路～,411,,已校,
8988,硬瓜瓜,,ngaang6 gwaa1' gwaa1',,硬邦邦,411,,已校,
8989,硬咗舦,,ngaang6 zo2 taai5,,①資金周轉不開 ②事情不能進行，玩不轉，弄僵了；下不了臺 ③（船）擱淺,411,,已校,
8990,硬係,,ngaang6（或 ngaang6*2）hai6,,硬是，硬要：你～話要噉<你硬是要這樣>,411,,已校,
8991,硬氣,,ngaang6 hei3,,骨氣：爭啖～喇，畀心機讀書喇丨佢個人有啲～㗎，幾窮都唔求人嘅,411,,已校,
8992,硬口仔,,ngaang6 hau2 zai2,,指無正當職業而稱雄者,411,,已校,
8993,硬板,,ngaang6 baan2,,死板，硬性：唔好咁～嘞，商量下都好啊,411,,已校,
8994,硬身,,ngaang6 san1',,挺脱，挺括：官紗比春紗～啲丨炸油條炸到佢～就熟嘞,411,,已校,
8995,硬健,,ngaang6 gin6,,（身子）硬朗,411,,已校,
8996,硬綳綳,,ngaang6 baang1' baang1',,①不管不顧，硬來：～去做 ②東西、器物質硬（略帶貶義）：啲面包～唔好食 ③態度生硬，脾氣倔：佢個人～嘅丨講説話～,411,,已校,
8997,硬牚,,ngaang6 caang3,,①身子骨硬，硬朗：呢個細路哥兩歲啫，就好～嘅嘞丨呢個老人家七十歲咯，重好～喎 ②形容長得粗大、缺少女人氣質的女性：佢個老婆生得咁～嘅,411,,已校,
8998,硬凈,,ngaang6 zeng6,,①緊密，結實：呢個鐵桶好～丨呢隻筲箕織得～ ②（老人）硬朗：八十幾都重咁～<八十多也還這麼硬朗>,411,,已校,
8999,硬頸,,ngaang6 geng2,,固執，頑固,411,,已校,
9000,硬朗,,ngaang6 long5,,①老年人身體好 ②物件硬而結實,411,,已校,
9001,硬骨硬杠,,ngaang6 gwat1 ngaang6 gong3,,形容粗笨之物（與“細軟”相對）：啲～嘅野，我都唔搬喇,411,,已校,
9002,硬𥕏𥕏,,ngaang6 gwaak6 gwaak6,,物堅硬貌,411,,已校,
9003,硬直,,ngaang6 zik6,,①性格梗直：佢個人好～嘅丨～過頭 ②喻死亡：呢個人～咗咯,411,,已校,
9004,坑渠,,haang1' keoi4,,陰溝：～没死鴨<河溝能翻船> ‖ 也叫“溝渠 kau1' keoi4”,412,,已校,
9005,行,,haang4,,①行走：～路｜～去边處？｜運路～<繞道兒走>｜～返轉頭<往回走> ②走（運氣）：～運｜～衰運｜～大運｜～尾運 ③游逛：～地方｜～街｜～公司 ④（朋友、情人）交往：佢兩個～緊<他們二人正在談戀愛>｜～埋咁耐<做好朋友很久了> ⑤施行，做：～禮｜～方便｜舉～｜執～｜～醫｜～時｜～動 ⑥運行，用於藥力、氣血等：等藥力～一～先，再食第二樣,412,,已校,
9006,行差踏錯,,haang4 caa1' daap6 co3,,做錯事，犯錯誤,412,,已校,
9007,行斜路,,haang4 ce4 lou6*2,,做不正當的營生：嗰個野專～㗎｜佢行埋晒啲斜路 ‖ 也説“行黑路 haang4 hak1 lou6”,412,,已校,
9008,行大運,,haang4 daai6 wan6,,走好運,412,,已校,
9009,行街,,haang4 gaai1,,①跑外：我地公司要請人～ ②跑外的，商家派出的兜攬生意的人：做～ ③散步，逛大街,412,,已校,
9010,行地方,,haang4 dei6 fong1',,到外地游玩,412,,已校,
9011,行開行埋,,haang4 hoi1' haang4 maai4,,來來去去，走來走去：成日～，坐唔定｜佢有時返鄉下，有時出來，～嘅喇,412,,已校,
9012,行頭,,haang4 tau4,,①演戲用的衣服、道具的總稱 ②引申義。各行專業人員使用的專門用具，如僧道的杖、鉢，小販的筐籮斗秤等等 ③處事的門檻，辦事的章法、門路、門道：夠～｜執輸～，慘過敗家<熟語>,412,,已校,
9013,行雷,,haang4 leoi4,,打雷：又落雨，又～,412,,已校,
9014,行衰運,,haang4 seoi1' wan6,,倒霉，走背運，走惡運,412,,已校,
9015,行水,,haang4 seoi2,,買路錢：勒收～｜抽～,412,,已校,
9016,行探,,haang4 taam3,,親戚間來往探望：我同我表哥都有～㗎,412,,已校,
9017,行山,,haang4 saan1',,①找好墳地 ②清明節掃墓、上墳 ‖ ②也説“拜山 baai3 saan1'”、“拜清 baai3 cing1'”或“行清”,412,,已校,
9018,行人路,,haang4 jan4 lou6,,人行道：架車剷上～,412,,已校,NA：現在（2020s）習讀hang4 jan4 lou6。
9019,行船,,haang4 syun4*2,,駕船行駛：要行一個月船至去得到我處｜～過海三分險｜～好過灣<熟語。即不怕慢，就怕站。灣，停泊>,412,,已校,
9020,行清,,haang4 cing1,,清明節掃墓,412,,已校,
9021,行塔香運,,haang4 taap3 hoeng1' wan6,,走好運（與“行衰運”相對）,412,,已校,
9022,行得埋,,haang4 dak1 maai4,,①合得來 ②常來往：佢兩個行得好埋<他們倆常來常往>,412,,已校,
9023,行得起,,haang4 dak1 hei2,,走得動：我挽住啲野唔～嘅<我拿着東西走不動啊>,412,,已校,
9024,桁,,haang4*2,,量詞。屋頂一列瓦叫一桁，用做舊式房子寬度的單位。標準房的寬度是十七至十九桁：你間屋幾多～吖？ ——我間屋十五～咋,412,,已校,
9025,桁腩,,haang4*1' naam4,,牛肉近肋條部分，質最佳,412,,已校,
9026,桁桷,,haang4*2 gok3,,屋頂上直接承瓦的木條，北方叫“椽子”,412,,已校,
9027,罌,,aang1,,瓦罐，陶製圓罐，略扁有蓋：錢～｜酒～｜鹽～｜油～｜糖果～｜水～,412,,已校,
9028,𨆪,,jaang3,,用腳使勁蹬、踹：～佢一腳｜～開佢 ‖ 廣韵徑韵苦定切：“一足行。”古溪母徑韵，文讀 king3 或 hing3，口語變讀 jaang3,413,,已校,
9029,𨆪枱腳,,jaang3 toi4*2 goek3,,形容二人對坐，親密談心,413,,已校,
9030,逛,,kwaang3,,到處游玩：～街｜～廟｜～馬路｜去～一～,414,,已校,
9031,泓,,waang1',,①（事情）弄糟，砸鍋：攪～咗｜呢件事畀佢䵦[tsʻa˨˧]<塗抹>～晒｜～清光<全部報廢> ②破産，失敗：攪～晒｜掝～<攪散了> ‖ 廣韵耕韵烏宏切：“水深也”,414,,已校,
9032,横椏路,,waang4 aa1' lou6,,大路旁分出小路,414,,已校,
9033,横椏腸,,waang4 aa1' coeng4*2,,盲腸,414,,已校,
9034,横枝椏趽,,waang4 zi1' aa1' baang6,,不講道理，蠻横無理,414,,已校,
9035,横枝横梗,,waang4 zi1' waang4 kwaang2,,蠻不講理 ‖ 也説“横梗”,414,,已校,
9036,横街,,waang4 gaai1,,大街旁的小街，横胡同,414,,已校,
9037,横街窄巷,,waang4 gaai1 zaak3 hong6*2,,小街小巷,414,,已校,
9038,横脷,,waang4 lei6,,某些動物的脾臟，北京叫“沙肝兒”：豬～｜牛～,414,,已校,
9039,横手,,waang4 sau2,,①中間人：我使～同我買野 ②替人行兇者：使個～去殺佢｜嗰個野好陰濕嘅，凈係使～嘅,414,,已校,
9040,横水渡,,waang4 seoi2 dou6*2,,舊時渡客過江的小艇，有篷，划槳，有的有櫓。艇尾安家，頭艙有數條木板，可坐十人，是渡江最常見、最便宜的小艇,414,,已校,
9041,横掂,,waang4 dim6,,副詞。反正，横豎：～都係噉嘅喇，不如唔好做喇 ‖ 也説“打横打掂 daa2 waang4 daa2 dim6”,414,,已校,
9042,横紋柴,,waang4 man4 caai4,,喻兇横者：你同佢講得掂吖，佢啲～來｜～，真惡破，扭紋新婦治家婆<民歌>,414,,已校,
9043,横門,,waang4 mun4,,側門，旁門,414,,已校,
9044,横綳綳,,waang4 baang1' baang1',,①無理取鬧，蠻横無理 ②東西横放：條棍～噉阻住我,414,,已校,
9045,横額,,waang4 ngaak6*2,,對聯的横披，横幅,414,,已校,
9046,横,,waang6,,①桌、椅的牚：枱～｜椅～｜凳～ ②梯子的横木：梯～,414,,已校,
9047,崩,,bang1',,①破：打～頭｜頭～額裂<頭破血流>｜～口碗 ②缺損：～咗一帗<缺了一塊>｜～牙<缺牙>｜～嘴<豁唇>｜～鼻佬 ③倒塌，崩裂： 雪～｜山～地裂,415,,已校,
9048,崩砂,,bang1' saa1,,①一種油炸食品，形如大蝴蝶，很脆，以順德大良産的最有名 ②一種大蝴蝶：～蝴蝶,415,,已校,
9049,崩敗,,bang1' baai3,,①賠本：個間鋪頭大～咯 ②敗落，衰敗，没落：何地家下～咯<姓何的現在衰落了>,415,,已校,
9050,崩大碗,,bang1' daai6 wun2,,南方一種常見的草，小圓葉，邊緣鋸齒形，可入藥，是一種中草藥,415,,已校,
9051,崩口,,bang1' hau2,,①缺唇，豁嘴：～人忌～碗<熟語> ②缺口：牆有個～，跳得出去,415,,已校,
9052,凭,,bang6,,①可倚靠的東西：有挨有～｜挨～<靠頭兒> ②倚，靠：～住牆｜～喺牆角｜挨挨～～ ‖ 廣韵證韵皮證切：“依几也。”古曾攝三等今口語讀如一等,415,,已校,
9053,朋友鬼鬼,,pang4 jau5 gwai2 gwai2,,老朋友了 ‖ 鬼鬼含有親密之意,415,,已校,
9054,絣,,mang1'（或 mang3）,,①拽，揪：～住我衫尾｜～長條橡筋｜～耳仔<揪耳朵>｜～開佢｜唔好～甩條繩噃｜佢夾硬～我去睇戲 ②拔：～草｜～劍｜～頭髮｜～出來 ③皺縮：件衫醮～～ ‖ 廣韵耕韵北萌切：“振繩墨也。”古幫母，今口語讀如明母,415,,已校,NA：用例中“醮”或應爲“䩌”。
9055,絣瘕,,mang1' haa1,,哮喘 ‖ 也説“扯瘕 ce2 haa1”或“牽瘕 hin1' haa1”,415,,已校,
9056,䫤枅,,mang1' gai1,,眉目間的疤痕 ‖ 䫤，廣韵青韵莫經切：“眉目間也。”古梗攝四等，今口語讀如二等,415,,已校,
9057,䫤枅眼,,mang1' gai1 ngaan5,,疤癩眼兒,415,,已校,
9058,懜𢟱,,mang4  tang4,,囉唆，固執。多用於老人 ‖ 懜，集韵登韵彌登切：“爾雅懜懜，惛也。”𢟱，徒登切：“懜𢟱，迷亂”,415,,已校,
9059,懜𠐿,,mang4  hang1',,①惡言對人 ②自以爲是，不聽人言 ‖ 𠐿，集韵登韵呼弘切：“説文惛也”,415,,已校,
9060,盲鼻,,mang4 bei6,,①鼻塞，鼻音重：～佬 ②鼻孔不通：～菩薩,415,,已校,
9061,盲竉,,mang4 lung5*2,,實心的，中間不通的：呢條竹係～嘅,415,,已校,
9062,盲塞,,mang4 sak1,,①一竅不通，頭腦混沌，不明道理 ②消息閉塞，耳目不靈,415,,已校,
9063,䁅,,mang2,,心中很煩躁、彆扭：我真係好～嘅𫫊<⿰口隻><我真是煩着哪> ‖ 集韵梗韵母梗切：“䁅𥉔，有餘視。一曰恚貌”,415,,已校,
9064,䁅𤿆,,mang2 zang2,,①急躁，心煩火氣盛，心中彆扭：我家下好～｜你咁～做乜野？ ②衣服起皺，不平滑：件衫好～，唔燙得平｜做件衫做得咁～嘅 ‖ 𤿆，集韵梗韵張梗切：“皮膚急貌”,415,,已校,
9065,䁅頸,,mang2 geng2,,鬧情緒，鬧彆扭,415,,已校,
9066,絣衫尾,,mang3 saam1 mei5,,①指女人非正式結婚而到男家：佢個女人係～入去嘅 ②指跟着母親改嫁到後父家的孩子 ‖ ①也説“拉衫尾 laai1' saam1 me5”,415,,已校,NA：原書備註“拉衫尾”的“尾”注音有誤，應作mei5。
9067,絣貓尾,,mang3 maau1 mei5,,兩人合謀去作弄别人 ‖ 也説“扯貓尾 ce2 maau1 mei5”,416,,已校,
9068,絣藤,,mang3 tang4,,拉秧，瓜熟盞則拉秧，喻死亡 ‖ 參看“絣 mang1'”,416,,已校,
9069,絣繩,,mang3 sing4*2,,拔河的俗稱,416,,已校,
9070,揈,,fang6,,①以拳擊人，出其不意地以拳横掃：～佢一拳 ②揮，甩：亂～丨～來～去丨洗腳唔㩢腳，亂～<歇後語> ‖ 集韵耕韵呼宏切：“揮也。”又乎萌切：“擊也。”古平聲，今口語變讀去聲,416,,已校,
9071,燈膽,,dang1 daam2,,電燈泡：四十火～<四十瓦燈泡> ‖ 也叫“電燈膽 din6 dang1 daam2”或“燈泡 dang1 paau1”,416,,已校,
9072,登位,,dang1' wai6,,（皇帝）登基 ‖ 也説“坐位 co5 wai6”,416,,已校,
9073,登對,,dang1' deoi3,,①（男女）般配，相配：佢兩個好～喎 ②二者相稱：你兩個年紀相～嘅,416,,已校,
9074,覴,,dang1',,瞪視：～眉突眼丨～大對眼丨惡死睖～<兇惡瞪眼> ‖ 集韵登韵都騰切：“久視也”,416,,已校,
9075,覴眉突眼,,ding6 mei4 dat6 ngaan5,,相貌兇惡，横眉立目,416,,已校,
9076,燈盞,,dang1' zaan2,,豆油燈,416,,已校,
9077,燈盞花,,dang1' zaan2 faa1,,鳳仙花，能染紅指甲。花似燈盞，故名 ‖ 也叫“指甲草 zi2 gaap3 cou2”,416,,已校,
9078,燈籠椒,,dang1' lung4 ziu1,,柿子椒,416,,已校,
9079,燈色,,dang1' sik1,,“秋色”内容之一。秋色包括馬色、飄色、燈色、水色、地色、車色等：佛山～,416,,已校,
9080,等使,,dang2 sai2,,有用的，等着用的：做埋晒啲唔～嘅野<凈做那些没有用的事>,416,,已校,
9081,幐,,dang6,,①平衡，使平衡：～稱丨兩便～匀啲<使兩端平衡>丨～頭 ②趁，助：～下高興 ③與（别人）有同感：～你唔抵<爲你可惜>丨～你開心<爲你高興> ‖ 《玉篇》：“大亘切，囊也，兩頭有物謂之幐擔”,416,,已校,
9082,幐下高興,,dang6 haa6 gou1' hing3,,替人高興，助興，同别人一起高興,416,,已校,
9083,幐下腳,,dang6 haa5 goek3,,（打牌三缺一時）暫時湊把手：我來～嘅啫，唔打得幾耐㗎 ‖ 也説“幐下場 dang6 haa5 coeng4”,416,,已校,
9084,幐頭,,dang6 tau4,,兩端重量平衡：擔擔要～<挑擔子要兩頭一般重>,416,,已校,
9085,幐手,,dang6 sau2,,分量重，壓手：假金冇咁～<假金子没有金子這麼重>,416,,已校,
9086,幐穿石,,dang6 cyun1' sek6,,舊時指婚後三日，新郎陪新娘回門時，男家派去的陪伴新郎的人。此人必須精通一切禮儀規矩,416,,已校,
9087,幐稱,,dang6 cing3,,①相稱，相般配：你兩夫婦好～丨佢兩個夠～咯 ②相等，對稱：兩隻花樽唔～，一隻口大，一隻口細 ③使平衡：再畀啲落去，幐下稱喇<再添一些就兩頭相等了>,416,,已校,
9088,藤,,tang4,,①藤子：～椅丨～籃丨～條丨～牀丨～席丨瘦到似條～ ②植物的蔓、纏繞莖：番薯～丨花生～丨黄瓜～丨豆角～,416,,已校,
9089,藤笭,,tang4 leng4*1,,藤子編的空心的長圓形器具，繫在船的兩側以防碰撞 ‖ 參看“笭”,417,,已校,
9090,藤笈,,tang4 gip1,,小藤箱 ‖ 參看“笈”,417,,已校,
9091,棱,,lang4*2,,（絲瓜）棱兒：有啲絲瓜有～嘅丨刮咗啲～至食得,417,,已校,
9092,楞,,lang4（或 lang3）,,①皮膚上的腫痕：手臂畀佢挖咗一條～丨打得周身藤條～丨刮痧刮到幾條大～ ②埨：犁田時，整到啲地一～一～噉,417,,已校,
9093,踜踜下,,lang4*2 lang4*2 haa5*2,,走路一扭一扭地：～隻腳丨行得～丨畀腳踭～<用足跟一扭一扭地> ‖ 踜，集韵登韵盧登切：“蹶也。一曰踜𨃗，行貌”,417,,已校,
9094,掕,,lang3,,①相連；牽，拴：～埋一堆丨搵條繩～住隻狗仔 ②拖，帶：佗手～腳<纍贅貌>丨～埋隻細路去 ③量詞。串，嘟嚕，條：一搊～～丨爛到一～一～<破成一條一條的> ‖ 同音字,417,,已校,
9095,𧯫,,zang1',,張開，撑開（口袋）：～開個袋 ‖ 集韵耕韵中莖切：“張也”,417,,已校,
9096,睜眉突眼,,zang1' mei4 dat6 ngaan5,,揚眉瞪眼，怒視貌,417,,已校,
9097,憎,,zang1',,討厭，恨：我好～佢丨神～鬼厭丨乞人～<討人嫌>丨～死佢丨～到貼地<恨之入骨>,417,,已校,
9098,甑酒,,zang3 zau2,,用甑蒸酒，舊時的一種製酒法,417,,已校,
9099,噌閉,,zang6 bai3,,吵鬧，嘈雜：唔好咁～丨我門口條街好～ ‖ 噌，集韵耕韵鋤耕切：“噌吰，聲也。”古濁平聲，今口語變讀陽去,417,,已校,
9100,贈興,,zang6 hing3,,湊熱鬧，爲别人高興：你來攞景<起哄>嘅啫，唔係來～嘅,417,,已校,
9101,擤,,sang3,,①將鼻涕用力排出：～鼻涕 ②揮霍錢財：亂咁～啲錢丨荷包亂～ ‖ 俗字,417,,已校,
9102,羹,,gang1,,①濃湯：買條魚滾啖～喇丨蛇～丨黄鱔～ ②羹匙，小勺兒：飲一～湯丨茶～丨湯～ ‖ ②也叫“匙羹 ci4 gang1”,417,,已校,
9103,梗,,gang2,,①轉動不靈活：頸～丨手都～晒丨條腰～咗 ②倔强：佢脾氣好～ ③當然，一定，肯定：佢～去嘅嘞丨～有丨～來嘅 ④固定的：～房<固定的房間>丨將呢塊板整～佢<把這塊板固定住>,417,,已校,
9104,梗係,,gang2 hai6,,當然是，自然是：～你第一喇，你考得咁高分,417,,已校,
9105,梗頭,,gang2 tau4*2,,脖子不靈活：佢個野～嘅,417,,已校,
9106,梗板,,gang2 baan2,,①（性格）死板，古板 ②一定：～係噉嘅,417,,已校,
9107,梗頸,,gang2 geng2,,執拗，脾氣不順：佢好～嘅，講極佢都唔聽嘅,417,,已校,
9108,哽,,kang2,,噎，卡（刺、骨在喉）：～親<噎着了>丨～骨丨～唔過頸丨鷄～<鷄吃食時咳嗽> ‖ 古見母，今口語讀如溪母,417,,已校,
9109,哽唔過頸,,kang2 m4 gwo3 geng2,,喻欺詐來的錢吞不下肚，終久要吐出來,417,,已校,
9110,啃,,kang2,,大口吃、咬：肚餓到乜野噉，亂咁～｜手甲好似狗～噉,417,,已校,
9111,劥,,kang3,,①有本事，聰明能幹：佢好～㗎｜你真係～<你真能幹> ②酒醇：呢啲酒真係～ ③煙味烈：呢啲煙好～ ‖ 廣韵庚韵客庚切：“劥㔞，有力。”古平聲，今口語變讀去聲,418,,已校,
9112,劥鼻,,kang3 bei6,,（味道濃烈）嗆鼻子：呢啲酒好～㗎,418,,已校,
9113,摼,,hang1',,①用硬物敲擊：～頭殼｜～開個合桃 ②在硬物上磕：將炒米餅～開佢再食 ‖ 廣韵耕韵口莖切：“撞也”,418,,已校,
9114,拫,,hang4,,①（拉、繃）緊：拉～啲條繩 ②緊張，緊；極端：追到～｜催到～晒｜走～啲<跑快些>｜車到～<吹得神乎其神> ③有威望，有名：講～晒｜佢個名好～㗎｜牌子好～<牌子很有名> ‖ 廣韵痕韵户恩切：“急引。”古痕韵，今應讀 an 韵，口語變讀 ang 韵,418,,已校,
9115,嚶句句,,ang1' geoi3 geoi3,,教小兒學語：佢個仔家下～啊,418,,已校,
9116,鸚哥鼻,,ang1' go1 bei6,,鷹鈎鼻子 ‖ 也叫“鈎鼻 ngau1' bei6”,418,,已校,
9117,哽,,ang2,,①梗塞：～住喉嚨｜～親｜～心～肺 ②硌得慌：對鞋～腳｜～穿襪<襪子硌破了>｜～親腳 ‖ 集韵梗韵於杏切：“咽聲”,418,,已校,
9118,哽耳,,ang2 ji5,,話不順耳，有刺激性：佢講話好～嘅,418,,已校,
9119,哽心,,ang2 sam1',,心中堵得慌，有事梗塞於心 ‖ 也説“哽心哽肺 ang2 sam1' ang2 fai3”,418,,已校,NA：“哽心哽肺”的“肺”原書注音音高爲44而非33。
9120,纊,,kwang3,,①碰，蹭着；鈎住：件衫畀釘～住丨～爛衫咯丨～親佢丨～落來丨～損手 ②草草拴住、關上：～埋門丨～狗,419,,已校,
9121,耾,,wang1',,①吵得耳朵難受：吵到我耳都～晒丨你把聲咁～耳 ②象聲詞。嗡嗡響：蜜蜂～～聲丨蚊～～聲丨隻耳～～聲<耳鳴> ‖ 集韵耕韵烏宏切：“耳中聲”,419,,已校,
9122,餅䍇,,beng2 taap3,,①盛餅食之器，無固定形狀 ②指女兒，因嫁女時接受很多男方送的禮餅,420,,已校,
9123,併,,beng3,,①收拾，拾掇：～好間房丨～埋啲碗箸喇丨～起啲書 ②收藏：個茶杯唔知～咗去边處，搵極都搵唔到,420,,已校,
9124,抨,,peng1',,①用力砍殺：一刀～過去 ②打：～沉佢 ‖ 廣韵耕韵普耕切：“撣也。”古梗攝二等，這裏讀如三等,420,,已校,
9125,抨沉,,peng1' cam4,,打倒，壓倒，打垮：～佢至得，佢咁抵死 ‖ 也説“打低 daa2 dai1'”或“打沉 daa2 cam4”,420,,已校,
9126,𩩍骨,,peng1' gwat1,,肋骨：唔怕～斷 ‖ 𩩍，集韵青韵滂丁切：“肋骨。”也叫“肋骨 lak6 gwat1”,420,,已校,
9127,平,,peng4,,價錢便宜：好～丨～價市場丨～野唔靚<便宜没好貨>丨又～又靚丨大～賣,420,,已校,
9128,憑,,peng4*1,,①（椅子的）靠背：椅～丨挨～椅<靠背椅> ②（牀前的）横木：牀～ ‖ 集韵蒸韵皮冰切：“依也”,420,,已校,
9129,名,,meng4*2,,①名稱，姓名：佢叫乜野～？丨花～<綽號>丨地～丨書～ ②名聲；名譽：出～丨佢間鋪頭好有～㗎,420,,已校,
9130,命,,meng6,,①命運：好～丨～醜丨～生得正丨唔好～丨～苦丨算～ ②性命：攞～丨搏～丨唔要～丨膽正～平<爲了正義不怕死>丨條～凍過水<性命危險> ③壽命：長～丨短～,420,,已校,
9131,命醜,,meng6 cau2,,命運不好 ‖ 也説“唔好命 m4 hou2 meng6”,420,,已校,
9132,命招,,meng6 ziu1',,命中注定：真係～咯,420,,已校,
9133,命正,,meng6 zeng3,,命運好 ‖ 也説“好命 hou2 meng6”,420,,已校,
9134,釘,,deng1,,①釘子：鐵～丨竹～丨螺絲～丨屐～丨～頭<釘子帽> ②帶釘狀物的：～鈀丨～鞋<運動員穿的跑鞋>,420,,已校,
9135,叮督,,deng1' duk1,,諄諄囑咐，叮囑：個仔就去嘞，你要～佢点做至得㗎,420,,已校,
9136,盯,,deng1',,注視：用眼～住佢,420,,已校,
9137,釘,,deng1',,①用釘子或針綫把東西固定或縫住：～鞋丨～紐丨～屐丨～簿丨～返本書丨～實個箱丨～牀板丨～眼釘 ②用手指甲擠死：～蝨乸<擠死蝨子>,420,,已校,
9138,頂,,deng2,,①人體或物體上最高的部分：頭～丨屋～丨塔～丨山～ ②量詞。用於某些有頂的東西：三～帽丨一～轎,420,,已校,
9139,頂夾,,deng2 gaap3*2,,髮夾，頭髮卡子 ‖ 也叫“頭夾 tau4 gaap3*2”,420,,已校,
9140,矴,,deng3,,①扔，摔：～茶杯丨～手榴彈丨～爛隻碗咯丨～果皮、垃圾出街，叫做犯衆憎 ②用物擲（人、物等）：～穿頭殼丨用石頭～佢 ‖ 廣韵徑韵丁定切：“矴石。”集韵：“錘舟石也”,420,,已校,
9141,矴死狗,,deng3 sei2 gau2,,比喻硬的麵包、點心之類,420,,已校,
9142,矴手,,deng3 sau2,,壓手，拿在手中有分量：個細路抱住都幾～<這小孩抱着挺有分量的>,421,,已校,
9143,矴口,,deng3 hau2,,舊俗，死者入殮後，要把銀器放在他口中：～銀,421,,已校,
9144,矴煲,,deng3 bou1,,（夫妻、戀人、朋友）關係吹了，鬧崩了,421,,已校,
9145,矴錢,,deng3 cin4*2,,舊時玩銅錢，賭博的一種,421,,已校,
9146,飣,,deng3,,果餌置於矮邊高足的器物中，頂端成尖形叫一飣：四個果叫做一～｜四個金一～｜一～糕<塔形的糕，供神用> ‖ 廣韵徑韵丁定切：“貯食”,421,,已校,
9147,碇,,deng6,,①目的地，處所：到～未呀？——到～咯<到目的地了>｜去遠～｜我唔識～<我不認識某地點> ②地方，空間：阻～<占地方，礙事>｜壓～<東西大，占地方>｜呢笪～好過嗰笪～｜冇～走<無處可逃> ‖ 借字,421,,已校,
9148,聽書,,teng1' syu1',,聽課：我來～,421,,已校,
9149,聽教,,teng1' gaau3,,接受教育：呢個人好唔～嘅,421,,已校,
9150,聽聞講,,teng1' man4 gong2,,聽説：～佢病咗 ‖ 也説“聽講”,421,,已校,
9151,聽出耳油,,teng1' ceot1 ji5 jau4,,極言好聽：嗰首歌真係～咯,421,,已校,
9152,艇,,teng5,,小船：落～｜～仔｜～家｜～妹<艇家女>｜搭～｜叫～過海｜扒～<划小船>,421,,已校,
9153,艇仔,,teng5 zai2,,①小船：叫隻～過海 ②漢字偏旁，走之兒 ‖ ②也叫“撑艇 caang3 teng5”,421,,已校,
9154,艇仔粥,,teng5 zai2 zuk1,,過去在小艇上賣的一種粥，將生魚片、蝦仁、海蜇絲、炒花生、碎油條等放碗中，然後澆上滾熱的白粥即成,421,,已校,
9155,艇心,,teng5 sam1,,舊時指螞螂艇上的作爲招牌的年輕女招待 ‖ 參看“螞螂艇 maa1 lang1 teng5”,421,,已校,
9156,笭,,leng1,,①竹編的長形用具，舊時鄉間死了小孩，用它盛裝，背去埋葬：～仔 ②籠子：藤～<船邊繫的藤編的籠子，防碰撞用>｜魚～<捕魚小竹籠> ‖ 廣韵青韵郎丁切：“笭箐，小籠”,421,,已校,
9157,笭仔,,leng1 zai2,,駡人話。指調皮搗蛋的小伙子 ‖ 也説“花笭仔 faa1' leng1 zai2”,421,,已校,
9158,笭女,,leng1 neoi5*2,,駡人話。指輕浮搗蛋的女孩子 ‖ 也説“花笭女 faa1 leng1 neoi5*2”,421,,已校,
9159,零,,leng4,,①零碎，小數目的：～買｜～賣｜～沽｜～頭 ②放在整數後面，表示還有零頭：十～隻｜百～斤｜二百～人｜千～本｜萬～文｜毫～子<一角多錢>｜廿～歲,421,,已校,
9160,零,,leng4*2,,…零一點，…多一點，用於單位詞後面，其後不能有任何詞：九點～｜個～<一元多點>｜三文～｜去咗三日～｜佢卅～<他卅歲出頭>｜條魚三斤～,421,,已校,
9161,靈擎,,leng4 keng4,,①有效應，得心應手：佢醫發冷最～嘅｜佢做生意揸劄好～<做投機生意很拿手> ②靈驗：個算命先生好～㗎,421,,已校,
9162,領,,leng5,,①領取：～錢｜～薪水｜～獎金 ②領口：尖～｜圓～ ③衣服領子：衫～｜軟～｜硬～ ④遭受：～野<上當>｜～正野<上大當，吃虧> ⑤接受：～教｜～心 ⑥了解（意思）：～會｜～悟,421,,已校,
9163,領野,,leng5 je5,,①上當 ②領東西,422,,已校,
9164,領呔,,leng5 taai1,,領帶：打～ ‖ 呔，英文 tie 的音譯俗字,422,,已校,
9165,領當,,leng5 dong3,,上當：呢匀唔領佢當<這回不上他的當>,422,,已校,
9166,靚,,leng3,,漂亮好看：～仔丨～女丨生得好～丨～野丨彩色真～丨～衫丨～到死丨又平又～ ‖ 訓讀字，本字爲“令”,422,,已校,
9167,靚野,,leng3 je5,,①好東西 ②（東西）質佳：都幾～嘅噃<還挺漂亮的哪>,422,,已校,
9168,靚仔,,leng3 zai2,,①漂亮小伙子：呢個～來㗎 ②漂亮，用於男性：阿陳都幾～噃,422,,已校,
9169,靚溜,,leng3 lau3,,漂亮，帶有平滑而光溜之義：佢生得幾～噃,422,,已校,
9170,𪽏,,leng6,,量詞。塊，畦。用於田地：一～田丨一～地丨呢～地有幾多畝？ ‖ 俗字,422,,已校,
9171,精,,zeng1',,聰明，精明：好～丨～仔丨人老～，鬼老靈丨～過冇尾蛇丨～鬼,422,,已校,
9172,精乖,,zeng1' gwaai1',,①手藝好，手巧 ②（小孩）聰明伶俐，懂事,422,,已校,
9173,精乖伶俐,,zeng1' gwaai1' ling4 lei6,,聰明伶俐，多指小孩,422,,已校,
9174,精伶,,zeng1' ling4*1,,精乖聰明,422,,已校,
9175,精甩辮,,zeng1' lat1 bin1,,精明之極：佢～咯,422,,已校,
9176,精𥌮,,zeng1' lek1,,精明，能幹，聰明：佢唔只～，重好動力添噃 ‖ 𥌮，廣韵錫韵郎擊切：“𥌮𥉶，視明貌”,422,,已校,
9177,井,,zeng2,,①水井：一眼～丨開～丨～水 ②量詞。用於土地：幾多～爲一畝呢？ ——六十～爲一畝丨一～地,422,,已校,
9178,井花水,,zeng2 faa1 seoi2,,新汲的井水,422,,已校,
9179,井欄,,zeng2 laan4,,井臺,422,,已校,
9180,正,,zeng3,,①正，不偏：擺得好～丨徛～<站正>丨排～丨四～<方正> ②好，漂亮：命～<命好>丨執到咁～<打扮得這麼漂亮> ③純正，地道：～高麗參丨味道好～丨發音好～丨顔色唔～ ④用於時間，指正在那一點上：家下十二點沓～ ⑤正當的：行～路,422,,已校,
9181,正野,,zeng3 je5,,上等貨，好東西 ‖ 也説“正斗野 zeng3 dau2 je5”,422,,已校,
9182,正牌,,zeng3 paai4*2,,①正宗的，不是冒牌的：呢啲係～野來丨呢個教授係～嘅 ②正派：呢個人好～嘅<這個人忠厚老實，靠得住>,422,,已校,
9183,正斗,,zeng3 dau2,,純正：呢啲煙仔係～野來嘅,422,,已校,
9184,青,,ceng1,,①絲瓜表皮内的一層粗皮，很難刮去：絲瓜～ ②搪瓷器皿上的一層瓷：個搪瓷口盅甩晒～咯 ③竹子最外層的青皮：竹～丨篾～,422,,已校,
9185,青,,ceng1',,①青顔色、藍色或綠色：面～～丨～菜丨～草丨～皮竹丨～皮蔗丨～苔 ②青草或没有成熟的莊稼：踏～丨～苗 ③黑色：～衣<轎舊時一般人坐的轎子>,422,,已校,
9186,青螆,,ceng1' zi1',,小蠓蟲，撲燈的小青蟲,422,,已校,
9187,青鷄面,,ceng1' gai1' min6,,面上有青色小點，如痣,422,,已校,
9188,青陂陂,,ceng1' bei1' bei1',,①碧綠：啲竹樹～ ②（臉色）發青：個面～幾難睇,422,,已校,
9189,青豆,,ceng1' dau6*2,,細長深綠色的青豇豆角 ‖ 也叫“青豆角 ceng1' dau6 gok3*2”,422,,已校,
9190,青頭仔,,ceng1' tau4 zai2,,未結婚的青年男子,423,,已校,
9191,青頭女,,ceng1' tau4 neoi5*2,,未結婚的少女,423,,已校,
9192,青靚,,ceng1' leng3,,（人）清秀漂亮：生得又～又白凈,423,,已校,
9193,青㿮,,ceng1' ong3,,青蛙的一種，瘦長，細腰，皮光滑，能上樹，喜以尿射人，肉可食。也比喻瘦人 ‖ 㿮，廣韵漾韵於亮切：“青面。”古宕攝三等，今讀如一等,423,,已校,
9194,青活活,,ceng1' wut1 wut1,,植物青翠貌，青得悦目,423,,已校,
9195,請,,ceng2,,①敬辭。希望對方做某事：～你等一下｜～便｜～坐｜～入 ②僱用，聘請：～保姆｜～工人｜～醫生｜～律師 ③邀請：～食飯｜～睇戲｜～客 ④請求：～假｜～教 ⑤舊時指買敬神之物：～寳燭<在廟中買紙元寳蠟燭>,423,,已校,
9196,請飲,,ceng2 jam2,,請人赴酒宴,423,,已校,
9197,請飲茶,,ceng2 jam2 caa4,,泛指請客吃飯，包括吃酒及上茶樓吃點心,423,,已校,
9198,請春茗,,ceng2 ceon1' ming5,,農曆年初，請人吃酒以聯絡親友感情,423,,已校,
9199,請槍,,ceng2  coeng1,,請人槍替，替自己答考卷或作文章,423,,已校,
9200,星,,seng1,,天上星星：一粒～｜北斗～,423,,已校,
9201,腥,,seng1',,魚蝦等難聞的氣味：～臭｜乜個啲野咁～呀？,423,,已校,
9202,腥瘟瘟,,seng1' wan1' wan1',,魚腥氣,423,,已校,
9203,腥悶,,seng1' mun6,,愛挑剔，使人討厭：㤿尖夾～｜乜你咁～㗎,423,,已校,
9204,聲,,seng1',,①聲音：好大～｜細～啲｜鈴鈴～｜沙沙～ ②出聲：唔～唔氣｜～都唔～<一聲不吭> ③量詞。表示聲音發出的次數：講一～｜喊咗兩～,423,,已校,
9205,聲沙,,seng1' saa1',,聲音沙啞：嗌到～都冇人應｜聲都沙埋<嗓子都啞了>,423,,已校,
9206,聲大夾惡,,seng1' daai6 gaap3 ok3,,惡聲惡氣，盛氣凌人,423,,已校,
9207,聲氣,,seng1' hei3,,信息，消息：有乜～<有什麼消息>？｜放～<吹風兒>｜冇～～｜賣魚佬洗身，冇晒腥（聲）氣<歇後語。一點消息全没有>,423,,已校,
9208,聲喉,,seng1' hau4,,嗓門兒，嗓音：佢～好｜～沙沙<聲音沙啞>,423,,已校,
9209,聲喉𠽼,,seng1' hau4 saap3,,嗓音發啞 ‖ 𠽼，集韵緝韵色入切：“口不能言也”,423,,已校,
9210,聲喉㿭,,seng1' hau4 caak3,,嗓音破，失音，比聲喉𠽼更甚：～晒<嗓子全啞了> ‖ 也説“嚨喉破 lung4 hau4 po3”,423,,已校,
9211,聲談,,seng1' taam4,,鄉音，口音：佢係番禺嘅～噃,423,,已校,
9212,成,,seng4,,①成功：偷鷄唔～折把米｜做～咯 ②完整：～日<整天>｜～年｜～世唔捨得食、唔捨得着｜都～個月嘞<都快一個月了>｜～隻 ③滿，全：～地瓜子殼｜～枱生果｜～身汗 ④完成，成全：～親｜～事,423,,已校,
9213,成咗人,,seng4 zo2 jan4,,指定婚：佢～未？｜佢個女～嘞,423,,已校,
9214,成個,,seng4 go3,,整個：嚇到佢～人毛管戙[toŋ˨]<汗毛豎起>｜佢去咗～月都唔返來,423,,已校,
9215,成身蟻,,seng4 san1' ngai5,,指口舌是非，麻煩事：惹到～,423,,已校,
9216,成日,,seng4 jat6,,①老是：～唱歌｜～都咁忙｜～都食咁多 ②整天：等你等咗～嘞<等你老半天了>｜今日～喺屋企<今天整天在家>,423,,已校,
9217,醒,,seng2,,睡眠狀態結束：瞓～｜唔知～｜嚇～咗,423,,已校,
9218,醒瞓,,seng2 fan3,,睡覺時很警醒，有動靜馬上醒來（與“䣸瞓”相對），北京話説“睡覺很輕”：唔好嘈佢，佢好～嘅,424,,已校,
9219,醒緊,,seng2 gan2,,（做事）上緊，抓緊：做野唔得～｜佢個人好～嘅,424,,已校,
9220,猄皮,,geng1 pei4*2,,鹿皮：～鞋,424,,已校,
9221,驚,,geng1',,①害怕，驚慌：我好～｜～到死｜～到唔出得聲｜細路仔好～行雷嘅｜唔使～ ②恐怕，擔心：我～你唔去｜～你唔肯答應,424,,已校,
9222,驚死,,geng1' sei2,,生怕，恐怕（有强調義）：佢～我走開｜～冇人來<生怕没人來>,424,,已校,
9223,驚青,,geng1' ceng1',,易受驚：只有佢正咁～｜佢好～嘅｜使乜咁～呀,424,,已校,
9224,頸,,geng2,,①脖頸 ②脾氣：好～｜唔好～｜揸～就命<忍氣認命>｜硬～<固執>｜死牛一便～<固執，倔强>｜炮仗～<急脾氣>,424,,已校,
9225,頸喉,,geng2 hau4,,喉嚨，嗓子：喊到～都破,424,,已校,
9226,頸巾,,geng2 gan1,,圍巾，圍脖兒,424,,已校,
9227,頸緊,,geng2 gan2,,急性子，喉急：佢好～㗎,424,,已校,
9228,頸鏈,,geng2 lin6*2,,項鏈,424,,已校,NA：原書“鏈”作詞頭時注音lin4*2，與該條注音有矛盾。
9229,頸梗,,geng2 gang2,,①脾氣强，不服勸：佢好～㗎，勸佢又勸唔到 ②脖頸酸痛，不能動,424,,已校,
9230,頸性,,geng2 sing3,,性格，脾氣：佢唔好～，他脾氣不好,424,,已校,
9231,頸骨,,geng2 gwat1,,①頸骨 ②脾氣,424,,已校,
9232,頸渴,,geng2 hot3,,口渴,424,,已校,
9233,頸癧,,geng2 lek6*2,,瘰癧，頸淋巴結核：生～,424,,已校,
9234,鏡,,geng3,,鏡子：照～｜～屏｜照身～<穿衣鏡>,424,,已校,
9235,鏡架,,geng3 gaa3*2,,①鏡框 ②眼鏡框,424,,已校,
9236,鏡枱,,geng3 toi4*2,,梳妝枱 ‖ 也叫“梳妝枱 so1' zong1 toi4*2”,424,,已校,
9237,鏡屏,,geng3 ping4*2,,有座有腿的大鏡子，可放在桌上或地上,424,,已校,
9238,儆,,geng6,,小心，提防，警惕：你要～住佢｜屙屁唔臭～屁臭<壞事不即便過去了，一提起更張揚了>｜～住個煲滾水，唔好熝親啊 ‖ 廣韵映韵渠敬切：“儆慎”,424,,已校,
9239,儆手儆腳,,geng6 sau2 geng6 goek3,,縮手縮腳,424,,已校,
9240,儆惜,,geng6 sek3,,①珍惜，愛惜：我唔捨得着對鞋，好～佢｜佢好～野嘅 ②小心，愛惜：嗰件衫要～來着啊,424,,已校,
9241,輕泡泡,,heng1' paau1' paau1',,很輕貌,424,,已校,
9242,輕星星,,heng1' seng1' seng1',,很輕貌,424,,已校,
9243,輕秤,,heng1' cing3,,東西質量相對較輕，不壓秤（與“重秤”相對）：啲菜好～㗎，一斤有好多嘅,424,,已校,
9244,贏,,jeng4,,①勝：打～｜～咗佢 ②因勝利而獲利：～錢｜佢輸咗錢又～返,425,,已校,
9245,乒乓波,,bing1 bam1 bo1,,乒乓球 ‖ 波，英文 ball 的音譯。也叫“乒乓球 bing1 bam1 kau4”,426,,已校,
9246,兵哥,,bing1 go1,,當兵的,426,,已校,
9247,冰,,bing1',,冷凍的：～鮮魚｜～肉,426,,已校,
9248,丙,,bing2,,着火的舊説法（忌言“燒”）：成條街都～咗去｜睇完信～咗佢,426,,已校,
9249,拼,,ping1',,接合，拼合：～皮草<縫皮貨>｜～好佢｜～盤｜～骨接骨｜將啲皮～埋佢 <把這些皮子縫合在一塊兒>,426,,已校,
9250,娉婷,,ping1' ting4,,①悠然的樣子 ②（女子）姿態美,426,,已校,
9251,娉婷倓定,,ping1' ting4 daam6 ding6,,形容女子舉止文雅,426,,已校,
9252,平,,ping4,,①平坦：路好～｜～地｜～頂｜～原 ②平靜，安定：心～氣和｜風浪～靜 ③平常：～時｜～淡｜～日 ④不相上下：～輩｜打個～手｜～秤 ⑤平均，公平：～分｜拉～,426,,已校,
9253,平頭裝,,ping4 tau4 zong1,,一種男子髮式，小平頭,426,,已校,
9254,平手,,ping4 sau2,,（技術力量）相當：打個～｜捉棋捉個～ <下棋下個平局>,426,,已校,
9255,平喉,,ping4 hau4,,一種粵劇唱腔：馬師曾唱～,426,,已校,
9256,平方,,ping4 fong1',,平方米的簡稱：你住幾多～啊？——二十～咋 <才二十平方米呀>,426,,已校,
9257,屏門,,ping4 mun4*2,,舊式房間中間的隔斷，木板上嵌玻璃：雕花～,426,,已校,
9258,屏風,,ping4 fung1,,室内用以擋風或擋視綫的用具,426,,已校,
9259,名銜,,ming4 haam4,,①名望，名氣 ②職稱,426,,已校,
9260,名堂,,ming4 tong4,,名望，名氣：嗰家有啲～｜呢個睇脈先生有啲～｜佢喺呢處都幾好～噃,426,,已校,
9261,明,,ming4,,①懂得，了解：你～唔～啊？｜講極佢都唔～嘅 ②公開，顯露在外，不隱蔽：～講｜～渠｜～火打劫｜～爐燒鵝 ③眼力好，眼光正確：聰～｜英～｜眼～手快 ④明白，清楚：問～佢再買喇｜講～｜黑白分～ ⑤副詞。明明：～知係噉，何必再問,426,,已校,
9262,明瓦,,ming4 ngaa5,,用牡蠣殼做的瓦，透明，以之代替玻璃,426,,已校,
9263,明蝦,,ming4 haa1',,大海蝦，比麻蝦大：鐵板燒～,426,,已校,
9264,明火,,ming4 fo2,,①烹調用語。火候適度，中間不能間斷的火：～白粥｜～老湯 ②公然的，當着衆人的：～打劫｜打～,426,,已校,
9265,明爐,,ming4 lou4,,用炭火燒烤，區别於密閉式的燒烤：～燒鵝｜～乳豬,426,,已校,
9266,明眶,,ming4 kwaang1,,顯然，明顯，明明：～係噉咯，你都唔認,426,,已校,
9267,明功,,ming4 gung1',,醫術高明，醫道好：陳先生好～嘅｜～先生,426,,已校,
9268,揈,,fing1',,掄，扔：你唔好～咁遠呀｜你啲野亂咁～，梗係搵唔返喇 ‖ 集韵耕韵呼宏切：“揮也。”古梗攝二等，此處讀如三等,427,,已校,
9269,揈灑道亂,,fing1' saa2 dou6 lyun6,,亂糟糟地揮動：食飯時，你讓我，我讓你，啲筷子～,427,,已校,
9270,揈,,fing6,,①晃動，甩動：～～下隻手<没事閑逛>｜洗完頭，～乾頭髮｜～甩咗<甩掉了>｜頭～～<搖頭晃腦> ②掄，以腕拂人：～過去｜～手～腳 ‖ 本讀陰平，這裏變讀陽去,427,,已校,
9271,丁丁襶襶,,ding1*3 ding1 daai6 daai3,,①衣服破爛成條垂下貌：件衫着到～ ②條狀物錯雜下垂貌：榕樹鬚～噉,427,,已校,
9272,丁零襶褦,,ding1*3 ling1 daai6 laai3,,衣服破爛下垂貌，條狀物下垂貌,427,,已校,
9273,丁香,,ding1 hoeng1,,①（人）嬌貴小巧：佢生得好～ ②小而精：呢碟菜炒得真～喇 ③少：好就好嘞，～啲啫<只是少點兒>,427,,已校,
9274,丁香欖,,ding1 hoeng1 laam2,,①用香料泡製的橄欖 ②比喻又細又小的人或物：呢個細路哥唔快大，～噉,427,,已校,
9275,丁,,ding1',,①天干之一：甲乙丙～ ②人口：添～ ③成年男子：壯～ ④量詞。個，用於人：一～人都冇｜幾～人,427,,已校,
9276,頂,,ding2,,①用頭頂或用物支撑：佢用頭～住我｜用棍～住門 ②轉讓或取得企業經營權、房屋租賃權：我～咗呢鋪生意來做｜佢個間鋪～咗畀人 ③接受，忍受：～唔順｜～唔住｜～得順<吃得消>｜問你点～<看你有什麼高招> ④代替：我～佢腳色啫<我只是替他罷了>,427,,已校,
9277,頂架,,ding2 gaa3*2,,裝有錢，裝門面：借件新衫來～喇,427,,已校,
9278,頂瓜瓜,,ding2 gwaa1 gwaa1,,最好的,427,,已校,
9279,頂趾,,ding2 zi2,,頂腳趾頭：對鞋太細，～｜～鞋,427,,已校,
9280,頂唔順,,ding2 m4 seon6,,吃不消，受不了（與“頂得順”相對）,427,,已校,
9281,頂包,,ding2 baau1,,掉包兒，以假充真，以次充好,427,,已校,
9282,頂頭陣,,ding2 tau4 zan6,,打頭陣,427,,已校,
9283,頂手,,ding2 sau2,,房屋、店鋪出頂的價錢：你間鋪幾多～啊？,427,,已校,
9284,頂手貨,,ding2 sau2 fo3,,頂來的房屋或店鋪,427,,已校,
9285,頂喉頂頸,,ding2 hau4 ding2 geng2,,頂嘴，反唇相譏,427,,已校,
9286,頂肚,,ding2 tou5,,①能吃得飽，能充飢：去茶樓食窩麵最～嘅喇 ②吃些東西墊墊肚子：啲炒米餅係～嘅啫，唔上得枱面嘅｜食啲餅乾頂下肚喇,427,,已校,
9287,頂嘴,,ding2 zeoi2,,回嘴，反駁：～頂舌,427,,已校,
9288,頂心杉,,ding2 sam1' caam1,,指眼中釘,427,,已校,
9289,頂心頂肺,,ding2 sam1' ding2 fai3,,窩心，使人窩火兒：激到我～｜佢嘅説話～,427,,已校,
9290,頂門風,,ding2 mun4 fung1',,舊時指維持家聲,427,,已校,
9291,頂硬上,,ding2 ngaang6 soeng5,,硬頂着，硬着頭皮上：鬼叫你窮，～都要做,427,,已校,
9292,頂硬檔,,ding2 ngaang6 dong3,,當主要角色，當主力，頂大用：搵佢來～,427,,已校,
9293,頂頸,,ding2  geng2,,頂嘴，反駁：頂喉～,427,,已校,
9294,頂證,,ding2 zing3,,當面證明：佢唔認就搵人來～佢,427,,已校,
9295,頂檔,,ding2 dong3,,①支撑，維持：呢間學校靠佢一個人來～嘅咋 ②湊合用，替代：冇扇就拎本書來～｜買唔到荔枝就買蘋果來～喇,428,,已校,
9296,頂籠,,ding2 lung4*2,,①到頭兒，到極點：我食三碗飯就～嘞｜呢件野十文～喇<這玩藝兒十元錢到頭兒了> ②滿：茶居家下都頂晒籠咯<茶樓現在全都滿座了>,428,,已校,
9297,椗,,ding3,,瓜果的蒂：蘋果～｜瓜～ ‖ 俗字，見《粵音韵彙》,428,,已校,
9298,椗鈴肉,,ding3 ling1 juk6*2,,①身上長的肉瘊子：你唔怕生～呀！ ②比喻緊跟着大人的小孩,428,,已校,
9299,定,,ding6,,①決定，確定：事情～咗｜話～咗唔得改㗎 ②平靜，穩定：佢心好～｜抬油都冇咁～｜架車好～<車走得很穩> ③準：睇～啲<先看準了> ④預先準備：整～｜執～行李｜攞～先｜等我入～啲水<先我預先把水裝好> ⑤規定的：～時｜～期｜～量 ⑥約定：～貨｜～單｜～銀 ⑦已經確定的，不改變的：～局｜～型 ⑧固定不動：眼～～<目光呆滯>｜徛～<站住>,428,,已校,
9300,定,,ding6,,連詞。還是，或者。在問話中，問對方在兩者或多者之中選擇哪個：你食粥～食飯？｜真～假啊？｜要錢～要命？｜你去～我去呀？｜你煲熟飯～未？｜你冲完涼～未？｜係你～佢？ ‖ 也説“定係 ding6 hai6”,428,,已校,
9301,定,,ding6*2,,當然。用於動詞之後，表示肯定：要～喇<當然要>｜你有冇去搵過佢？——有～喇｜佢係唔係壞蛋？——係～喇,428,,已校,
9302,定過抬油,,ding6 gwo3 toi4 jau4,,熟語。心定，不慌亂，穩當。抬油時很穩當，防油溢出,428,,已校,
9303,定晒形,,ding6 saai3 jing4,,整個愣住了，聚精會神貌：嚇到佢～｜睇到佢～,428,,已校,
9304,定條,,ding6 tiu4,,安穩，不愛亂動：我瞓覺好～嘅｜佢坐喺處都冇～嘅<他坐在那兒都坐不住>,428,,已校,
9305,定點,,ding6 dim2,,小數點兒：三～五<三點五>｜一百～二,428,,已校,
9306,定銀,,ding6 ngan4*2,,定錢，預付的款項：要畀幾多～啊？,428,,已校,
9307,定性,,ding6 sing3,,耐性：有～｜冇～,428,,已校,
9308,定當,,ding6 dong3,,鎮定，不慌難，胸有成竹：佢好～喎，聽日去上海，今日都未執野<今天尚未收拾東西>,428,,已校,
9309,聽朝,,ting1' ziu1,,明天早上 ‖ 也説“聽朝早 ting1 ziu1 zou2”,428,,已校,
9310,聽晚,,ting1' maan5（或 maan5*1）,,明天晚上 ‖ 也説“聽晚黑 ting1 maan5（或 maan5*1） hak1”,428,,已校,
9311,聽日,,ting1' jat6,,明天,428,,已校,
9312,亭,,ting4*2,,亭子：涼～｜風雨～｜茶～｜鐘～｜八角～｜六角～,428,,已校,
9313,停,,ting4,,①停止：～車｜～手｜～腳｜～工 ②停放，停泊：將架車～喺呢處｜大船～喺海邊咁遠，要坐艇仔過去至得,428,,已校,
9314,停,,ting4*2,,①種類，多用於貨物：呢～布好過嗰～｜你要边～<你要哪一種>？｜呢～人边處靠得住呀<這種人怎麼靠得住呀>？｜嗰～貨唔靚 ②等級：中～<中等>｜ 一～～<種種>,428,,已校,
9315,停口,,ting4 hau2,,住嘴，住口：唔～講野｜唔～食野<不住地吃東西>,428,,已校,
9316,聽,,ting3,,①略等：你～下我喇｜快啲買喇，我～住用<我等着用>丨～門<等門> ②聽任：～佢良心喇<憑他的良心罷>丨～從佢喇,428,,已校,
9317,聽下,,ting3*1 haa5*1,,一會兒之後，過後：我走咗，～佢又唔去呢？丨我去先，～你再去噃<我走先，等會兒你可得去啊>,429,,已校,
9318,聽殃,,ting3 joeng1',,等着倒霉，禍到臨頭：呢趟你～喇丨二叔公蒔禾，聽秧（殃）<歇後語>,429,,已校,
9319,聽執,,ting3 zap1,,等着停業、倒閉：冇人幫襯，實行～喇<没人光顧，只好等着關門罷>,429,,已校,
9320,寧願,,ning4 jyun6*2,,副詞。寧可：我～唔參加，都唔肯求佢,429,,已校,
9321,檸檬,,ning4 mung1,,一種水果，味酸：甘草～丨鹹～丨～茶丨～水,429,,已校,
9322,擰,,ning6,,①扭，轉：～轉頭丨～轉面丨扭扭～～<扭扭捏捏>丨～頭～髻丨～耳仔<扭耳朵>丨隨風～ ②旋轉：～螺絲丨陀陀～<團團轉> ③搖（頭）：～～頭<搖搖頭>,429,,已校,
9323,擰乜面,,ning6 me2 min6,,扭轉臉，表示不同意：你講佢，佢就～咯 ‖ 也説“戾乜面 lai6*2 me2 min6”,429,,已校,
9324,擰頭擰髻,,ning6 tau4 ning6 gai3,,搖頭晃腦,429,,已校,
9325,伶俐,,ling4 lei6,,聰明，靈活：讀得～丨寫得～丨精乖～,429,,已校,
9326,伶仃,,ling4 ding1,,孤獨：～一個人坐喺處,429,,已校,
9327,拎,,ling4*1',,①拿，持：～住一本書丨～個荔枝來我丨～返去<拿回去> ②提：～起個皮喼<提起這皮箱>丨～唔起<提不動>,429,,已校,
9328,菱粉,,ling4 fan2,,最早的食用澱粉,429,,已校,
9329,零,,ling4,,①零碎，小數目的（與“整”相對）：～用丨～售丨～星 ②放在兩個數量之間，表示較大的量之下附有較小的量：五百～六人丨一百～三日 ③表示没有數量：一百減一百等於～丨你講嘅話都冇用嘅，等於～ ④溫度表上的零度：今日～下三度 ⑤敗落：～落丨～星落索,429,,已校,
9330,零丁,,ling4 ding1',,非整數，零碎數（與“齊頭”相對）：唔好畀得咁～喇，畀夠齊頭喇<付個整數罷>,429,,已校,
9331,零星落索,,ling4 sing1' lok6 sok3,,①衣衫藍縷、破爛 ②支離破碎，七零八落,429,,已校,
9332,零嬰,,ling4 jing3,,肉菜等物不整齊，不純凈，夾雜他物：啲菜咁～嘅丨買肉唔好買啲～嘅噃 ‖ 嬰，集韵勁盼於正切：“嬰累，小弱”,429,,已校,
9333,鈴㝝鼓,,ling4*1 lam1 gu2,,撥浪鼓，小兒玩具 ‖ 也叫“鈴鋃 ling1 long1”,429,,已校,
9334,鈴鈴,,ling4*1 ling4*1,,鈴鐺：打～,429,,已校,
9335,䌢䌢丁丁,,ling4 ling4 ding1' ding1',,①鶉衣百結：你～噉點見得人呀？ ②形容垂下的條狀物 ‖ 䌢，集韵青韵郎丁切：“絮也”,429,,已校,
9336,靈舍,,ling4 se3,,格外，特别；完全：佢個仔而家～唔同舊時嘞丨～唔同過人<跟别人大不相同>丨～靚<特别美>丨～衰<特别壞> ‖ 同音字,429,,已校,
9337,靈機,,ling4 gei1',,聰明，機伶：冇啲～丨～一動，想出計仔,429,,已校,
9338,靈水,,ling4 seoi2,,聰明，伶俐,429,,已校,
9339,靈崩賴敗,,ling4 bang1' laai6 baai6,,①土崩瓦解 ②家業破産：佢將自己個家攪到～,429,,已校,
9340,靈醒,,ling4 sing2,,機伶：個仔好～,429,,已校,
9341,令,,ling3,,（非照明之物）發亮：皮鞋擦得好～丨～爉爉丨銅煲擦到閃閃～<亮光光的>‖ 本讀陽去，此處變讀陰去,429,,已校,
9342,令熲熲,,ling3 kwing1' kwing1',,（金屬）光澤貌：飯㨘到～<飯鍋刷洗得亮閃閃> ‖ 熲，集韵青韵涓熒切：“光也。”古見母字，今口語讀如溪母,430,,已校,
9343,令爉爉,,ling3 laan6 laan6,,光閃閃，光亮耀目：頭蠟搽到～ ‖ 也説“爉爉令”。爉，集韵盍韵力盍切：“火貌”,430,,已校,
9344,令,,ling6,,①使得：真係～我歡喜丨～人激氣丨～到我好難做<使我很爲難> ②命令：口～丨軍～ ③敬辭。用於對方的親人：～愛丨～壽堂,430,,已校,
9345,蒸,,zing1',,烹飪法之一。用水蒸氣使物變熟或加熱：～鷄丨～鷄蛋丨～糕丨～肉餅丨～餸<加熱菜肴>,430,,已校,
9346,蒸生瓜,,zing1' saang1' gwaa1',,指半吊子，無能耐、笨頭笨腦的人：呢個～來嘅，冇乜用嘅,430,,已校,
9347,蒸嘗,,zing1' soeng4,,舊時族人掃墓祭祀祖先用的款項，源於族中的祭田田租或房租收入,430,,已校,
9348,蒸籠,,zing1' lung4,,蒸製食物的炊具，最早用竹子及木製成，現在有用金屬製的,430,,已校,
9349,精神,,zing1' san4,,①表現出來的活力：佢今日～幾好嘅丨～爽利 ②活躍，有生氣：乜你今日咁～啊？,430,,已校,
9350,精麵,,zing1' min6,,上好白麵,430,,已校,
9351,精伶,,zing1' ling4*1',,①（小孩）長得清秀，伶俐 ②（物）質佳：呢䊆[kɐu˨]<塊>豬肉真係買得～嘞,430,,已校,
9352,整,,zing2,,①弄，做，造：～餸<做菜>丨～幾味畀你食<弄幾樣菜給你吃>丨～隻大船出海 ②搞，弄：細路哥～壞個鐘丨～損手<弄破了手> ③修理：～錶丨～路丨～瓦面丨呢張椅～得幾好坐噃丨～返好架車 ④裝樣子：～鬼面<做鬼臉>丨～色水 ⑤打（牌）：～四圈,430,,已校,
9353,整治,,zing2 zi6,,①管束，收拾，折磨 ②逗，玩（小孩）,430,,已校,
9354,整古,,zing2 gu2,,①作弄：～人 ②暗中使壞，給人穿小鞋：～佢丨畀人～,430,,已校,
9355,整古做怪,,zing2 gu2 zou6 gwaai3,,裝神弄鬼，做鬼臉 ‖ 也説“整鬼馬 zing2 gwai2 maa5”,430,,已校,
9356,整鬼,,zing2 gwai2,,整（人），作弄（人）：佢好會～人丨～下佢至得 ‖ 鬼，意義虛化,430,,已校,
9357,整鬼整馬,,zing2 gwai2 zing2 maa5,,①做不成：你重整乜野呢，～咩！ ②裝鬼臉，胡鬧：個細路喺處～,430,,已校,
9358,整菜,,zing2 coi3,,做菜：我唔識～嘅 ‖ 也説“煮菜 zyu2 coi3”，俗稱“煮餸 zyu2 sung3”,430,,已校,
9359,整貓,,zing2 maau1,,患瘧疾的俗稱,430,,已校,
9360,整便,,zing2 bin6,,先做好，預先準備好：～畀你食嘅喇丨你喺屋企～啲餸帶去就得嘞,430,,已校,
9361,整泓,,zing2 waang1',,（事情）弄糟，做砸了 ‖ 泓，廣韵耕韵烏宏切：“水深也”,430,,已校,
9362,整定,,zing2 ding6,,①預先做好：你自己唔㤢手，要人地～畀你食咩 ②必然，注定：呢啲都係～嘅咯丨～你衰喇<該你倒霉>,430,,已校,
9363,整定身勢,,zing2 ding6 san1' sai3,,擺好架勢：～嫁皇帝<熱語。興冲冲準備迎接好事>,430,,已校,
9364,整色水,,zing2 sik1 seoi2,,裝門面，裝樣子：叫佢食野又唔食，～嘅啫<裝樣子罷了>丨新官上場～<新官上任三把火>,430,,已校,
9365,正,,zing3,,①真是：～衰仔來㗎<真是壞蛋> ②位置在中間（與“偏”相對）：放喺～中間丨～莊位丨～廳丨～門 ③正面（與“反”相對）：呢隻布～反都一樣嘅 ④正直：～派丨公～丨～人君子 ⑤正當：～行丨～旦<演正派角色的花旦>丨～路 ⑥正宗的，純正的：～斗貨丨～牌 ⑦基本的，主要的（區别於“副”）：～名<正式名字>丨～飣丨～主席丨～校長 ⑧使位置正，使復位：～骨醫生丨～骨水<治骨傷的藥名> ⑨恰好：～啱 ⑩表示動作的進行、狀態的持續：我～其想噉樣做<我正想這樣做>,431,,已校,
9366,正話,,zing3 waa6,,副詞。剛才，剛剛：佢～出咗去丨我～食完飯 ‖ 也説“至話 zi3 waa6”,431,,已校,
9367,正其想,,zing3 kei4 soeng2,,正想：我～去搵你，你就來到嘞,431,,已校,
9368,正氣,,zing3 hei3,,（食物）性、味正，不傷身體，無副作用：白瓜最～，病人食得,431,,已校,
9369,正啱,,zing3 ngaam1',,剛巧，正合適：你來得～喇丨佢頭先來過，～你出咗去,431,,已校,
9370,正飣,,zing3 deng3,,①正餐：全靠消夜嗰餐來做～<粵劇唱詞> ②主菜，在酒席上指大碗的菜肴，在家常菜中指魚和肉類做的菜肴 ‖ 飣，廣韵徑韵丁定切：“貯食”,431,,已校,
9371,正廳,,zing3 teng1,,舊時指大户人家房屋中最大的廳堂，是喜慶大事聚會之處，平時也是供神及祖先之處，等於中等人家的“神廳”,431,,已校,
9372,正經,,zing3 ging1',,①端莊正派：佢個野冇啲～丨你要～坐喺處食飯 ②認真，踏實：做野要～啲,431,,已校,
9373,正莊位,,zing3 zong1' wai6*2,,主客的位子，正座兒：咪枒住個～喇<别占着正座兒呀>,431,,已校,
9374,正行,,zing3 hong4,,正當的行業：佢係做～嘅，唔係撈偏門嘅,431,,已校,
9375,蒸,,zing3,,①灼熱，熱氣上升：我覺得好～，熱頭<太陽>太猛丨呢處好～，唔好出來 ②利用水蒸氣的熱力使食物變熟：將啲包～下佢 ‖ 集韵證韵諸應切：“氣上達也”,431,,已校,
9376,證,,zing3,,①證件，票證：買魚要～嘅丨唔使～嘞<不用證件了>丨身分～丨出入～ ②證明：～婚丨～實丨～書丨頂～<當面對質>,431,,已校,
9377,凈,,zing6,,①單單，僅僅：呢處～係我一個人丨～得兩文咋<只有兩元了> ②光，單一的；不帶配料，純凈的：～粉<光粉條>丨～麵<光麵條>丨～瘦肉<純瘦肉>丨～肉水餃,431,,已校,
9378,凈只,,zing6 zi2,,單單，僅：唔～咁多嘅，重有好幾個添啊,431,,已校,
9379,凈係,,zing6 hai6,,①只是，僅僅是，光是：～我一個丨～剩返兩文 ②經常是，總是：我朝早～飲茶唔食飯嘅,431,,已校,
9380,靜,,zing6,,①没有聲響：清～丨好～丨～鷹鷹丨鷹咁～丨夜～更深丨～局 ②寧靜，平靜，安定不動：個心好～，乜都唔想丨安～丨風平浪～,431,,已校,
9381,靜鷄鷄,,zing6 gai1 gai1,,悄悄地，偷偷地：佢～攞咗我本書走咗 ‖ 也説“靜靜鷄”,431,,已校,
9382,靜水,,zing6 seoi2,,（人）文靜,431,,已校,
9383,靜鷹鷹,,zing6 jing1' jing1',,靜悄悄，安靜 ‖ 也説“鷹咁靜 jing1' gam3 zing6”,431,,已校,
9384,靜局,,zing6 guk6,,①背靜，安靜，寧靜：我屋企好～丨佢好歡喜～丨搵個～嘅地方傾下喇 ②寂寞，清靜：一個人喺處幾～啊,431,,已校,
9385,青年仔,,cing1' nin4 zai2,,男性小青年,432,,已校,
9386,清,,cing1',,①清澈：啲水好～ ②清理（賬目等）：～數｜～賬｜～盤 ③清淡，少油膩：～湯寡水｜～粥｜～湯魚肚<菜肴名> ④去（火），退（熱）：～暑｜～熱 ⑤烹飪時不放醬油：～蒸 ⑥寂靜：～靜｜冷～ ⑦單純：～茶一杯｜～唱｜～風 ⑧安逸：享～福｜幾咁～閑 ⑨清除：～匪反霸 ⑩一點不留，徹底：啲債還～未呀？｜將啲菜食～光｜佢嘅病好～咯,432,,已校,
9387,清暑,,cing1' syu2,,去火，去暑氣：西瓜白<西瓜的内皮>係～嘅,432,,已校,
9388,清齋,,cing1' zaai1,,齋姑吃的素食：食～,432,,已校,
9389,清陂陂,,cing1' bei1' bei1',,①水乾凈：河水～好乾凈 ②湯或粥很稀：啲粥～嘅<粥稀得不見米粒> ③茶水味很淡：啲茶～，唔好飲,432,,已校,
9390,清補涼,,cing1' bou2 loeng4*2,,民間的一種傳統的清熱解暑的湯料，包括有許多中草藥，如玉竹、沙參、芡實、百合、蓮子、淮山藥等，有時加上蜜棗、銀耳，可甜可鹹，或煮成糖水，或與豬骨、瘦肉同煮成湯,432,,已校,
9391,清數,,cing1' sou3,,兩不相欠，無債務關係：我同佢～咯,432,,已校,
9392,清甜,,cing1' tim4,,滋味鮮美：豬肺煲湯都幾夠～,432,,已校,
9393,清盤,,cing1' pun4*2,,清賬，結清賬目 ‖ 也説“清賬 cing1' zoeng3”,432,,已校,
9394,清明鬼咁醒,,cing1' ming4 gwai2 gam3 seng2,,形容人很機警,432,,已校,
9395,清靜,,cing1' zing6,,①不熱鬧，安靜 ②（味道）清淡：戒口就食啲～嘅野,432,,已校,
9396,清景,,cing1' ging2,,（陳設）清雅：間房執得好～<屋中收拾得很雅致>,432,,已校,
9397,清湯寡水,,cing1' tong1' gwaa2 seoi2,,無油無料、没味道的湯,432,,已校,
9398,清光,,cing1' gwong1',,精光，全没有了：輸～｜食～｜學生都走～咯,432,,已校,
9399,成,,cing4,,十分之一：十～着九～<十分之九>｜有返幾～｜～數唔高｜一～都冇｜九～九唔得<不行>,432,,已校,NA：現在（2020s）習讀sing4。
9400,成數,,cing4 sou3,,百分數：～唔高｜～好低｜有～,432,,已校,NA：現在（2020s）習讀sing4 sou3。
9401,埕,,cing4,,小口罎子：酒～｜油～｜桐油～｜尿～｜水～<古老的打水用具，瓦罐> ‖ 俗字,432,,已校,
9402,埕埕䍇䍇,,cing4 cing4 taap3 taap3,,罎罎罐罐，盆罐的總稱,432,,已校,
9403,情,,cing4,,①情感，愛情：～人｜有～飲水飽<熟語>｜無～｜～信｜表～｜表錯～ ②情况，消息：行～｜軍～｜實～ ③情面：人～｜講～｜求～ ④情理，道理：合～合理,432,,已校,
9404,情分,,cing4 fan6,,人情，情意：佢做人有啲～嘅,432,,已校,
9405,情面,,cing4 min6*2,,人情，面子：一啲～都冇｜唔使畀～佢,432,,已校,
9406,請仙,,cing2 sin1,,迷信舉動，下神，神婆自稱可以請天上神仙下來作指示,432,,已校,
9407,秤,,cing3,,①測量重量的器具：一把～ ②測定重量：～下幾多斤重｜呢把秤～得一百斤重嘅｜你要同我～到準噃,432,,已校,
9408,秤頭,,cing3 tau4,,指稱物時的分量：～好<夠秤，分量足>｜～唔夠<不夠分量>,432,,已校,
9409,秤金咁尾,,cing3 gam1 gam3 mei5,,指稱東西時秤尾低，不夠分量,432,,已校,
9410,秤斤秤兩,,cing3 gan1' cing3 loeng5*2,,斤斤計較，錙銖必較：呢個野唔係好幹部囉，叫佢做野都～,432,,已校,
9411,秤平斗滿,,cing3 ping4 dau2 mun5,,公平交易,433,,已校,
9412,掅,,cing3,,①提溜：～佢出去丨～佢起身<把他揪起來> ②量詞。串，掛：一～葡提子<一串葡萄> ‖ 廣韵徑韵千定切：“捽也”,433,,已校,
9413,稱身,,cing3 san1,,合身，合身分：衣不～,433,,已校,
9414,升降機,,sing1' gong3 gei1',,電梯的舊稱 ‖ 現叫“電梯 tin6 tai1”,433,,已校,
9415,星君,,sing1' gwan1',,（小孩）調皮搗蛋：乜你咁～㗎丨～仔,433,,已校,
9416,星君友,,sing1' gwan1' jau5*2,,調皮者，好譏笑挑逗人者,433,,已校,
9417,抍,,sing1',,以手掌打：～佢兩巴丨大巴～佢丨～幾巴掌 ‖ 廣韵蒸韵識蒸切：“上舉易曰抍”,433,,已校,
9418,煋,,sing1',,水蒸氣或水燙：～親手<燙傷了手> ‖ 集韵青韵桑經切：“火熱也”,433,,已校,
9419,承,,sing4,,①托，接：用手～住丨～得起丨畀張椅～住丨～受 ②承擔：～攬丨～包丨～辦 ③繼續，接續：～繼丨～繼仔<過繼兒子>丨～先啓後,433,,已校,
9420,承繼仔,,sing4 gai3 zai2,,過繼的兒子,433,,已校,
9421,承商,,sing4 soeng1,,舊時指向官府承攬收捐税者，可從中取利 ‖ 俗稱“捐棍 gyun1' gwan3”,433,,已校,
9422,城隱,,sing4 jan2,,城牆上的女牆,433,,已校,
9423,繩,,sing4*2,,繩子：紙～丨麻～丨童軍～丨一條～丨公司～<紥貨品的小繩>,433,,已校,
9424,星零瀋淋,,sing2 ling2 sam2 lam2,,形容東西雜亂、瑣碎 ‖ 聲調變讀,433,,已校,
9425,惺,,sing2,,聰明外露：嗰個細路哥好～丨鬼咁～ ‖ 廣韵靜韵息井切：“惺悟”,433,,已校,
9426,醒,,sing2,,①醒悟，想起：我冇～起丨你提～下我喇 ②明顯，清楚：～目 ③使清醒：～酒,433,,已校,
9427,醒胃,,sing2 wai6,,開胃：辣椒炒薑好～㗎,433,,已校,
9428,醒水,,sing2 seoi2,,①警覺，覺察：你出街唔好行正門啊，唔係佢就～嘅嘞 ②靈活，活泛：做呢單生意要～啲至得,433,,已校,
9429,醒神,,sing2 san4,,①神采奕奕 ②加强注意：～啲噃<注意着點兒呀>,433,,已校,
9430,醒定,,sing2 ding6,,乖覺，警覺：你要～啲波，有人想搵你笨喎！丨～啲做人,433,,已校,
9431,醒覺,,sing2 gok3,,留心，注意：你有冇見到佢呀？——我唔～<我没注意呀>,433,,已校,
9432,醒目,,sing2 muk6,,①惹眼，好看：嘩，乜你今日咁～呀！ ②精明，能幹，機靈：～仔<機靈鬼>丨個細路認真～<這小孩特别機靈>,433,,已校,
9433,勝瓜,,sing3 gwaa1,,迷信者指絲瓜 ‖ 絲與輸音近，故改爲勝,433,,已校,
9434,勝杯,,sing3 bui1,,用杯珓卜吉凶，一陰一陽（一反一正）時叫勝杯，最吉利,433,,已校,
9435,盛惠,,sing6 wai6,,感謝，承蒙照顧。多爲商店用語：多謝～丨～你喇丨多謝夾～<感謝兼承情>,433,,已校,
9436,剩,,sing6,,①剩下，剩餘：有～丨～得五文咋<只剩下五元了>丨～返我地兩個丨～有限 ②餘下的：～飯丨～貨丨～菜丨～錢,433,,已校,NA：現在（2020s）習讀zing6。
9437,剩得,,sing6 dak1,,只有：～兩個人嘞丨～三文<咋只有三元了>,433,,已校,NA：現在（2020s）習讀zing6 dak1。
9438,矜貴,,ging1' gwai3,,貴重，珍貴，有價值：人參好～嘅丨佢以爲自己好～丨酸枝枱椅好～㗎 ‖ 矜，廣韵蒸韵居陵切：“本矛柄也，巨巾切，字樣借爲矜憐字”,433,,已校,
9439,經過下眼,,ging1' gwo3 haa5 ngaan5,,略看過，過目,434,,已校,
9440,經已,,ging1' ji5,,已經 ‖ 也説“已經”,434,,已校,
9441,經濟,,ging1' zai3,,省錢，節儉：噉唔得～吖丨今日食啲～菜,434,,已校,
9442,驚勞動衆,,ging1' lou4 dung6 zung3,,驚動大家來幫忙：使乜咁～呢！,434,,已校,
9443,竟然,,ging2 jin4,,副詞。居然：佢～噉樣做人，真係想唔到,434,,已校,
9444,警獷,,ging2 gwang2,,頂嘴聲，形容意見不一，大聲頂來頂去：佢地又喺處～乜野<他們又在那兒吵什麼哪>？ ‖ 同音字,434,,已校,
9445,警局,,ging2 guk6*2,,警察局的簡稱 ‖ 也叫“警察局 ging2 caat3 guk6*2”,434,,已校,
9446,勁,,ging6,,有勁，棒，氣派：～歌丨～舞丨真～丨～曲丨好～<很帶勁兒>,434,,已校,
9447,傾,,king1',,①談，聊天：佢好～得嘅丨佢地喺處～密偈丨佢好好～<他很健談>丨～下偈丨我同你～～ ②試試；較量，比試：～本事丨～身家<比比家底>,434,,已校,
9448,傾唔埋,,king1' m4 maai4,,談不來，談不攏（與“傾得埋”相對）,434,,已校,
9449,傾世界,,king1' sai3 gaai3,,聊天兒，北京叫“侃大山”,434,,已校,
9450,傾偈,,king1' gai6*2,,聊天兒，閑談：我地傾下偈喇丨傾閑偈丨傾密偈,434,,已校,
9451,傾本事,,king1' bun2 si6,,①試試人的本事，考驗人的功底：等我傾下佢嘅本事先 ②較量本事，比較功力：我同佢傾下本事,434,,已校,
9452,滰,,king4,,①控（去水分）：～乾水丨～下啲水佢 ②澄清（水、液體）：～清啲水至飲 ‖ 集韵映韵渠映切：“𥂖也。”古去聲，今變讀平聲,434,,已校,
9453,凝,,king4,,凝固，凝結：啲粉～埋一䊆[kɐu˨]<結成一團>丨啲大菜糕要～凍佢至好食呀 ‖ 古疑母，今口語讀如群母,434,,已校,
9454,兄弟,,hing1' dai6,,哥哥與弟弟：我有兩～<我們家哥兒倆>丨我地三～<我們哥兒三個>,434,,已校,
9455,兄弟子侄,,hing1' dai6 zi2 zat6,,兩代男性的泛稱：我地～都來齊晒<全都到了>,434,,已校,
9456,輕飄,,hing1' piu1',,①人瘦弱 ②輕浮，靠不住：佢個人好～嘅,434,,已校,
9457,興,,hing1',,①喜，愛：我好～睇大戲丨佢都唔～去街嘅 ②時興，流行：家下最～噉嘅款式丨今年唔～反袖恤衫咯丨南海九江人最～做魚種生意,434,,已校,
9458,馨香,,hing1' hoeng1',,（人的）名聲好：佢行爲放蕩，有乜咁～呀？丨好～咩<有什麼稀罕的>？,434,,已校,
9459,㷫,,hing3,,①烘，烤，熱，燜：將麵包～下佢丨～返熱啲粥<把粥熱一下> ②發燙，發熱：頭好～丨火爐好～丨鑊～咗嘞，好落油嘞<鍋熱了，該放油了>丨身處好～丨退～<退熱> ‖ 集韵迥韵棄挺切：“火乾出也。”古上聲，今變讀去聲,434,,已校,
9460,㷫炠炠,,hing3 hap6 hap6,,熱烘烘 ‖ 也説“炠炠㷫”。炠，廣韵狎韵胡甲切：“火貌”,434,,已校,
9460-缺1,英氣,,jing1' hei3,,精神：呢個人生得咁吽豆嘅，冇啲～,,,已校,
9460-缺2,應分,,jing1‘ fan6,,應該：呢啲係我～做嘅,,,已校,
9460-缺3,應本分,,jing1‘ bun2 fan6,,按本分應該,,,已校,
9460-缺4,應承,,jing1' sing4,,答應，應允：呢件事你～唔呢？,,,已校,
9460-缺5,鷹頭鶻眼,,jing1' tau4 wat6 ngaan5,,相貌似鷹，喻人精明,,,已校,
9460-缺6,鷹咁靜,,jing1' gam3 zing6,,老鷹飛翔時無聲音，形容地方靜，無人來：呢處～，行人來呀 ‖ 也説“靜鷹鷹 zing6 jing1' jing1'”,,,已校,
9460-缺7,䁝,,jing4,,總認爲；疑爲，猜疑：我～住你係讀書人｜～住佢做賊｜心～～<犯猜疑>｜～住有啲唔妥<老覺得有些不對勁> ‖ 廣韵清韵余傾切：“惑也”,,,已校,
9460-缺8,蠅虎,,jing4 fu2,,吃蒼蠅的小蜘蛛，不結網,,,已校,
9460-缺9,影,,jing2,,①身影：連～都唔見 ②照（相），拍攝：～相｜～畫<電影> ③反襯，襯托出：～醜我｜～衰,,,已校,
9460-缺10,影畫戲,,jing2 waa6*2 hei3,,電影的舊稱 ‖ 也説“影畫”,,,已校,
9460-缺11,影醜,,jing2 cau2,,①敗壞（家風、名譽）：～家門｜學生唔好，～學校 ②映襯之下顯得難看：同啲細路出街，污糟邋遢，～我咯<和這些髒孩子上街，我也顯得不好看了>,,,已校,
9460-缺12,影衰,,jing2 seoi2,,（好的）被壞的映襯壞：佢咁衰，俾佢～咗,,,已校,NA：“衰”注音疑似應爲seoi1。
9460-缺13,影相,,jing2 soeng3*2,,照相：明日我同你影個相｜～機｜～鋪,,,已校,
9460-缺14,影相機,,jing2 soeng3*2 gei1,,照相機 ‖ 也叫“相機”,,,已校,
9460-缺15,應,,jing3,,回答：～佢一聲｜答～｜問佢都唔～,,,已校,
9460-缺16,應嘴,,jing3 zeoi2,,回嘴，犟嘴；反唇相譏 ‖ “駁嘴 bok3 zeoi2”,,,已校,
9460-缺17,應節,,jing3 zit3,,點綴節日：四月初八食煙樨餅應下節喇,,,已校,
9460-缺18,認,,jing6,,①認識，承認：記～｜～罪｜～輸｜～口供｜～賬｜～錯｜承～｜否～｜～貨不～人｜你～唔～得佢？ ②辨認：佢～出你喎｜你自己啲野都唔～得出！ ③跟本來無關係的人建立某種關係：～親｜～老師 ④自認爲：～𥌮｜～惺<自誇>,,,已校,
9460-缺19,認奶,,jing6 naai5,,嬰兒吃慣一人之奶，不吃别人的奶,,,已校,
9460-缺20,認低威,,jing6 dai1' wai1',,自認不行，甘拜下風,,,已校,
9460-缺21,認頭,,jing6 tau4,,認領：呢件野有人～嘅嘞｜呢隻貓仔有人～嘅,,,已校,
9460-缺22,認真,,jing6*2 zan1',,真得，可真是：過馬路～小心至好啊｜佢請飲嗰晚～巴閉<他請客那天晚上排場可真大>,,,已校,
9460-缺23,認𥌮,,jing6 lek1,,自吹自擂，自誇：佢個人好～嘅 ‖ 也説“認惺 jing6 sing2”,,,已校,
9461,扔,,wing1',,①四處亂丢：執好啲野喇，咪由得佢～咁亂喇 ②拋棄（人）：佢畀個花苓仔～低，唔理嘞,436,,已校,
9462,啄,,doeng1,,①駡人話。嘴快者，好吃者：是非～<愛搬弄是非者>丨返頭～<再醮婦>丨爲食～<貪吃者>丨惡婆～<愛駡人的女人> ②尖頭鎬：番鬼～<洋鎬>丨番～<洋鎬> ‖ 訓讀字,437,,已校,
9463,啄,,doeng1',,①（用尖嘴）取食：鷄～米丨隻鷄～我手丨◇口唇～～<嘴尖利，喻能言、善駡> ②（鋒利物）砸落：把刀跌落來，～親我隻腳 ③監督，督促：～住佢去做丨佢成日都～住我 ④針對：佢講説話都係～住我嘅 ‖ 訓讀字,437,,已校,
9464,涼,,loeng4,,①涼爽：天氣～丨～～地<有點兒涼>丨～浸浸丨浸浸～丨～爽 ②（食物、藥物）性涼：～茶丨呢啲藥係大～嘅丨綠豆好～嘅,437,,已校,
9465,涼茶,,loeng4 caa4,,解暑的藥茶：飲啲王老吉～最好喇,437,,已校,
9466,涼瓜,,loeng4 gwaa1,,苦瓜的别名。因有人忌諱苦字 ‖ 多叫“苦瓜 fu2 gwaa1”,437,,已校,
9467,涼果,,loeng4 gwo2,,各種腌製的果子食品的總稱，如甘草欖、話梅、檸檬之類：新會～幾好嘅,437,,已校,
9468,涼氣,,loeng4 hei3,,（食物、藥物）性涼：呢啲藥太～,437,,已校,
9469,涼水,,loeng4 seoi2,,去暑的飲料，包括菜湯、涼茶等：煲啲～飲下<煮點兒去暑湯喝喝>,437,,已校,
9470,涼浸浸,,loeng4 zam3 zam3,,涼颼颼，涼絲絲地：瞓竹席～好舒服丨天熱～食條雪條幾舒服啊 ‖ 也説“浸浸涼”,437,,已校,
9471,涼粉草,,loeng4 fan2 cou2,,①一種草，用以攙和米粉製作涼粉 ②用涼粉草製成的黑色涼粉，加糖食用：買啲～食下喇 ‖ ②也叫“涼粉”,437,,已校,
9472,涼棚,,loeng4 paang4,,搭在天井上或房頂上遮陽光的棚子,437,,已校,
9473,涼薑,,loeng4 goeng1,,①一種腌製的薑，做配料用，味甜 ②從前小兒吃的一種腌的乾薑，紅色,437,,已校,
9474,量,,loeng4,,測量長度、體積或面積等：～度丨～下條繩有幾長丨你～過呢幅地有幾大呢？ 丨～米丨～布,437,,已校,
9475,糧,,loeng4,,①糧食：米～ ②舊時指薪水、工資：雙～<雙工資>丨出～<發薪>,437,,已校,
9476,兩,,loeng5,,①數目，一個加一個是兩個：～日丨～晚丨～個月丨～年丨～個人丨～百文<元>丨～姊妹丨～夫妻丨～兄弟 ②表示不定數目：過～日再去丨等我講～句丨有返～度<有兩下子功夫> ③雙方：～可丨～便丨～相情願,437,,已校,
9477,兩,,loeng5*2,,重量單位。一市斤的十分之一,437,,已校,
9478,兩家好,,loeng5 gaa1' hou2,,划拳用語。代表二 ‖ 也説“二度度 ji6 dou6 dou6”或“二度梅 ji6 dou6 mui4”,437,,已校,
9479,兩家份,,loeng5 gaa1' fan6*2,,二人平分：切開個橙～丨呢筆獎金我地兩家有份㗎,437,,已校,
9480,兩騎牛,,loeng5 ke4 ngau4*2,,熟語。腳踩兩隻船,437,,已校,
9481,兩爺孫,,loeng5 je4 syun1,,祖父與孫子（或孫女）兩人,437,,已校,
9482,兩婆孫,,loeng5 po4 syun1,,祖母與孫子（或孫女）兩人,438,,已校,
9483,兩大小,,loeng5 daai6 siu2,,舊時指一妻一妾：佢屋企有～丨佢～都幾好嘅<她們妻妾兩人和睦相處>,438,,已校,
9484,兩睇,,loeng5 tai2,,不一定，兩説着,438,,已校,
9485,兩仔乸,,loeng5 zai2 naa5,,娘兒倆，母子倆,438,,已校,
9486,兩仔爺,,loeng5 zai2 je4,,爺兒倆，父子倆,438,,已校,
9487,兩開,,loeng5 hoi1',,①模棱兩可：你嘅説話～嘅 ②説不定，不一定：你叫我今晚去睇戲，我～嘅咋<我可是不一定去啊>,438,,已校,
9488,兩頭蛇,,loeng5 tau4 se4,,指在兩方之間挑撥是非、從中取利者,438,,已校,
9489,兩頭大,,loeng5 tau4 daai6,,舊時指兩妻地位相等，稱其中任何一個爲“兩頭大”,438,,已校,
9490,兩頭走,,loeng5 tau4 zau2,,走來走去 ‖ 也説“兩頭行 loeng5 tau4 haang4”,438,,已校,
9491,兩頭遯,,loeng5 tau4 tan4,,轉來轉去，不安閑貌 ‖ 遯，集韵魂韵徒渾切：“逃也”,438,,已校,
9492,兩勼,,loeng5 kau1',,兩攙，兩樣東西混合：呢啲米係～嘅 ‖ 勼，廣韵尤韵居求切：“説文聚也。”古見母，今口語讀如溪母,438,,已校,
9493,兩嬸母,,loeng5 sam2 mou5,,妯娌倆，兄弟兩人之妻的合稱 ‖ 也説“兩妯娌 loeng5 zuk6 lei5”,438,,已校,
9494,兩公婆,,loeng5 gung1' po4*2,,夫妻倆：～見鬼，唔係你就係我<歇後語>,438,,已校,
9495,兩撇鬚,,loeng5 pit3 sou1',,八字鬍子,438,,已校,
9496,將就,,zoeng1' zau6,,湊合着，就合着：唔該你～下我喇<勞你駕就合着我罷>,438,,已校,
9497,將軍,,zoeng1' gwan1',,①軍銜之一 ②象棋術語。攻擊對方的“將”或“帥”,438,,已校,
9498,張羅,,zoeng1' lo4,,四處設法，多方籌劃：～筆錢娶新婦,438,,已校,
9499,張飛頸,,zoeng1' fei1' geng2,,火爆脾氣 ‖ 也叫“炮仗頸 paau3 zoeng3*2 geng2”,438,,已校,
9500,張雀仔,,zoeng1' zoek3 zai2,,設機關以誘捕雀類,438,,已校,
9501,漿糊,,zoeng1' wu4,,粘貼東西用的糊狀物,438,,已校,
9502,長,,zoeng2,,①生長：細路仔快高～大喇 ②留（頭髮、鬍子等）：～西裝丨～辮 ③多給，多付（錢財）：呢件野八毫四，我畀你八毫半，唔使找喇，～你一分錢 ④排行最大：～子丨～兄 ⑤輩分大：師～丨佢～我一輩 ⑥領導人：校～丨社～丨村～,438,,已校,
9503,長丫角,,zoeng2 aa1' gok3,,舊時小孩只留兩側圓形髮，其餘都剃去,438,,已校,
9504,長西裝,,zoeng2 sai1 zong1,,（男性）留分頭（髮式）‖也説“梳西裝 so1' sai1 zong1”,438,,已校,
9505,長尾巴,,zoeng2 mei5 baa1,,小孩生日的俗稱，北方説“狗長尾巴尖兒”,438,,已校,
9506,長𲌛<⿱髟任>,,zoeng2 jam4*1,,留着劉海兒：佢～～‖ 𲌛<⿱髟任>，俗字,438,,已校,
9507,長辮,,zoeng2 bin1,,留辮子 ‖ 也叫“梳辮 so1' bin1”,438,,已校,
9508,長房,,zoeng2 fong4,,家族中長子的一支,438,,已校,
9509,長裝,,zoeng2 zong1,,男子留頭髮（與“剃光頭”相對）,438,,已校,
9510,掌櫃,,zoeng2 gwai6*2,,商店坐在櫃枱上的管事人,438,,已校,
9511,脹,,zoeng3,,①體内壁受到壓迫的感覺：肚～｜～氣｜～滯｜～泵泵｜～實實 ②（物）膨脹：個袋～卜卜,439,,已校,
9512,脹泵泵,,zoeng3 bam1 bam1,,①體内感覺很脹：食到個肚～ ②膨脹：個書包～<書包裝得很滿> ‖ 泵，俗字,439,,已校,
9513,脹卜卜,,zoeng3 buk1 buk1,,鼓鼓囊囊：個袋～,439,,已校,
9514,幛,,zoeng3,,幛子，上面掛有題詞的整幅綢布，用做祝賀或吊唁的禮物：喜～｜壽～｜祭～｜綢～,439,,已校,
9515,賬,,zoeng3,,①賬目：記～｜清～｜～單 ②量詞。次，回：避過呢～險｜搵你三～嘞<找你三次了>｜有借有還千百～，有借冇還一～多,439,,已校,
9516,醬,,zoeng3,,①用麥、豆發酵後，加上鹽做成的糊狀調味品：豆～｜甜～｜～料｜柱侯～｜海鮮～ ②似醬的食品或調味品：脂麻～｜花生～｜辣椒～｜酸梅～｜檸檬～｜蝦～｜果～ ③用醬或醬油腌製的：～瓜,439,,已校,
9517,醬園,,zoeng3 jyun4*2,,賣醬料的店鋪，帶製醬作坊,439,,已校,
9518,丈人婆,,zoeng6 jan4 po4,,岳母的俗稱（背稱）,439,,已校,
9519,丈人佬,,zoeng6 jan4 lou2,,岳父的俗稱（背稱）,439,,已校,
9520,橡筋,,zoeng6 gan1,,鬆緊帶：～褲頭 ‖ 也叫“橡筋帶 zoeng6 gan1 daai3*2”,439,,已校,
9521,橡筋箍,,zoeng6 gan1 ku1,,橡皮圈兒，北京叫“猴皮筋兒”,439,,已校,
9522,窗,,coeng1,,窗户：～口｜～門｜開～｜閂～｜～簾｜～框,439,,已校,
9523,窗花,,coeng1 faa1,,窗格子，窗上交錯成花紋的鐵條，防賊用,439,,已校,
9524,窗枝,,coeng1 zi1,,窗上的鐵欄,439,,已校,
9525,窗鉸,,coeng1 gaau3,,窗樞，窗扇和窗框連結處,439,,已校,
9526,窗友,,coeng1 jau5*2,,同學的舊稱,439,,已校,
9527,窗門,,coeng1 mun4*2,,窗户 ‖ 也説“窗”,439,,已校,
9528,槍,,coeng1,,①發射子彈的武器：手～｜冲鋒～｜氣～｜～口｜～柄 ②性能或形狀像槍的器械：焊～｜電子～ ③舊式兵器，長柄的一端有尖銳的金屬頭：紅纓～｜標～,439,,已校,
9529,槍頭,,coeng1 tau4,,槍口：調轉～ ‖ 也叫“槍口 coeng1 hau2”,439,,已校,
9530,長,,coeng4,,①與“短”相對：～衫｜手～～｜～期｜～途｜～命 ②超（支）：我呢個月又支～咗<這個月又超支了> ③（時間、空間）長度：我做咗一日～｜三丈～｜行咗一年～ ④長處：特～｜一技之～,439,,已校,
9531,長時,,coeng4 si4,,時常，經常：佢都～來我處㗎 ‖ 也説“時時 si4 si4”,439,,已校,
9532,長屎胐,,coeng4 si2 fat1,,形容在别人家久坐不走，北方叫“屁股沉” ‖ 也説“糯米屎胐 no6 mai5 si2 fat1”,439,,已校,
9533,長䧒䧒,,coeng4 laai4 laai4,,（多指空間方面）過長：佢隻手生得～｜排隊排到～｜文章寫到～ ‖ 䧒，集韵咍韵郎才切：“一曰䧒隑，長貌。”,439,,已校,
9534,長氣,,coeng4 hei3,,囉唆，絮叨，話多而重複：～袋<好囉唆的人>,439,,已校,
9535,長熬熬,,coeng4 ngaau4 ngaau4,,（時間）很長,439,,已校,
9536,長流流,,coeng4 lau4 lau4,,（時間）長：一夜～｜一世～ ‖ 也説“流流長”,439,,已校,
9537,長腰七七,,coeng4 jiu1 cat1 cat1,,形容人懶：睇佢個樣，～，唔係做野嘅人,440,,已校,
9538,長衫,,coeng4 saam1,,①大褂（男式） ②旗袍（女式）,440,,已校,
9539,長班車,,coeng4 baan1' ce1,,舊時指包月人力車,440,,已校,
9540,長班轎,,coeng4 baan1' giu6*2,,舊時大户人家私有的轎子、轎夫,440,,已校,
9541,長生果,,coeng4 saang1' gwo2,,一種細長的花生，果仁多至三四粒,440,,已校,
9542,長生板,,coeng4 saang1' baan2,,避忌語。棺材,440,,已校,
9543,長命雨,,coeng4 meng6 jyu5,,長期下雨，梅雨天氣,440,,已校,
9544,長蓬力,,coeng4 pung4 lik6,,①耐久力，持久的力量：長跑要有～ ②毅力：做野要有～至得㗎！,440,,已校,
9545,長龍,,coeng4 lung4,,舊時指賊船，長而輕便，追隨客船打劫,440,,已校,
9546,長紅,,coeng4 hung4,,舊時指大字的公告：貼～,440,,已校,
9547,場,,coeng4,,①適應某種需要的比較大的地方：會～丨劇～丨操～丨運動～丨廣～丨市～丨戰～ ②指表演或比賽的全場：開～丨散～ ③指某種活動範圍：官～丨生意～丨情～丨逢～做戲 ④事情發生的地點：現～ ⑤戲劇中較小的段落：第一幕第三～ ⑥量詞。A）用於文娛體育活動：一～音樂會丨兩～電影丨睇半～足球 B）用於事情的經過：一～夢丨一～大戰丨落咗兩～雨丨一～歡喜一～空<熟語> C）用於某些人際關係，前面只能且必須加“一”：夫妻一～丨朋友一～丨一～姊妹丨一～同事丨師生一～,440,,已校,
9548,腸,,coeng4,,①（人的）腸子：～胃丨大～丨小～丨直～丨十二指～ ②喻性格、頭腦：～肚丨～直肚直<直性子>,440,,已校,
9549,腸,,coeng4*2,,①動物内臟之一：魚～丨鷄～丨豬～丨大～丨小～ ②腸粉的簡稱：齋～丨蝦～丨肉～丨牛肉～丨鮮蝦仁～丨豬潤～ ③臘腸的簡稱：生抽～丨鴨肝～ ④借指心眼兒、心思：一斤鷄十五兩～<熟語。小孩人小心眼太多>,440,,已校,
9550,腸肚,,coeng4 tou5,,①頭腦，心眼，心地，心思：呢啲細路哥真有～丨佢～好深！ ②腸胃：乜你咁好～呀，咁肥嘅野都食得！,440,,已校,
9551,腸粉,,coeng4*2 fan2,,著名小吃，全名是“豬腸粉”：肉片～丨蝦米～丨豬肝～丨羅漢齋～,440,,已校,NA：“腸粉”也能指布拉腸，並非專指豬腸粉。
9552,詳,,coeng4,,斟酌，考慮：等我～下先 ‖ 也説“參詳 caam1' coeng4”,440,,已校,
9553,𩝞,,coeng2,,灼，用火燎：～咗啲眉毛丨～豬毛 ‖ 集韵養韵此兩切：“傷也”,440,,已校,
9554,搶手,,coeng2 sau2,,銷路好，搶着買：呢啲貨好～丨～貨,440,,已校,
9555,搶眼,,coeng2 ngaan5,,醒目，刺眼：呢幅廣告好～,440,,已校,
9556,搶狀元籌,,coeng2 zong6 jyun4 cau4*2,,用六隻色子玩（賭錢）的遊戲，誰得籌碼多則勝,440,,已校,
9557,唱,,coeng3,,①依照樂律發出聲音：～歌丨～戲丨～粵曲 ②批評，挖苦：～生晒<瞎嚷嚷>丨～衰佢<説得他一錢不值>,440,,已校,
9558,唱口,,coeng3 hau2,,指風涼話，賣乖之言：你都幾好～嘅噃丨唔使咁好～嘅<用不着賣乖了>,440,,已校,
9559,唱龍舟,,coeng3 lung4 zau1,,舊時乞丐脖子掛一面小鼓，手持木製小龍舟，邊唱邊敲小鼓,440,,已校,
9560,唱碟,,coeng3 tip6*2,,唱片 ‖ 也叫“唱片 coeng3 pin3*2”,441,,已校,
9561,箱,,soeng1,,①箱子：皮～丨～仔丨木～丨鐵～ ②某些箱形的東西：食～<方形的食盒>丨老鼠～丨蜂～<養蜜蜂的木箱>丨曱甴～<蟑螂的卵盒>,441,,已校,NA：“曱甴”在原書其他詞條或作“甴曱”。
9562,相與,,soeng1' jyu5,,人與人之間彼此交往、接近：推誠～丨～得過<值得交往>丨多年～丨難～丨好～<容易相處>丨腦後見腮嘅人難～嘅丨肥人多數易～,441,,已校,
9563,相睇,,soeng1' tai2,,相親，定婚之前，男女雙方見面,441,,已校,
9564,相就,,soeng1' zau6,,①相幫，幫忙：坐汽車時冇位，遇到個好～嘅，就讓位畀你丨我想借你個袋用下，～下喇 ②將就，遷就：～下喇,441,,已校,
9565,相偏,,soeng1' pin1',,將人家給的東西分贈給别人：～啲畀佢個女,441,,已校,
9566,相食,,soeng1' sik3,,兩物體吻合、扣緊：呢個盅蓋𰃴<⿱冖贛>落去好～丨呢張枱嘅榫頭唔～嘅丨條拉鏈好～㗎,441,,已校,NA：“食”注音疑似應爲sik6。
9567,相熟,,soeng1' suk6,,互相熟悉：我同佢好～,441,,已校,
9568,傷風,,soeng1' fung1',,感冒：焗～<熱傷風>丨冷～,441,,已校,
9569,雙徛人,,soeng1' kei5 jan4*2,,漢字偏旁，雙立人兒,441,,已校,
9570,雙胎下爬,,soeng1' toi1' haa6 paa4,,雙下巴，胖人多生,441,,已校,
9571,雙毫,,soeng1' hou4*2,,舊時的面值兩角的硬幣,441,,已校,
9572,雙襟,,soeng1' kam1,,雙排紐扣：～西裝,441,,已校,
9573,雙蒸酒,,soeng1' zing1' zau2,,二鍋頭白酒,441,,已校,
9574,雙封,,soeng1' fung1,,雙幅（與“單封”相對）：～布,441,,已校,
9575,雙腳撑直,,soeng1' goek3 caang3 zik6,,死亡，北京説“蹬腿兒”,441,,已校,
9576,常慣,,soeng4 gwaan3,,慣常，通常：我～朝早跑步,441,,已校,
9577,想話,,soeng2 waa6,,猜度，思量，估計，打算：我～今晚去睇電影丨我～噉做好,441,,已校,
9578,想壞腦,,soeng2 waai6 nou5,,傷腦筋,441,,已校,
9579,賞面,,soeng2 min6*2,,賞臉，給面子,441,,已校,
9580,上,,soeng5,,①到，去（某處）：～廟拜神丨～戲棚 ②向上去：～樓丨～牀丨～山丨～車丨～岸 ③去，多指向北：～省城<去廣州城>丨～北京 ④向前進：頂硬～ ⑤把物體的兩部分安裝在一起：～鞋丨～領丨～粱 ⑥塗，搽：～顔色 ⑦擰緊：隻錶唔行咯，唔記得～鏈 ⑧到時間開始工作、學習：～班丨～堂<上課>丨～學丨～工 ⑨用在動詞後表示由低到高處：爬～山頂 ⑩把東西送達某處：～菜丨～點心 ⑪添加：～水丨～油 ⑫登記，記載：～數<上賬>丨～名<登記上名字> ⑬達到，附在（身體某部）：呢啲酒易～頭丨鬼～身丨～膊<東西托上肩>,441,,已校,
9581,上字架,,soeng5 zi6 gaa3,,舊時男子結婚前，家長把他的名字寫在紅紙上，鑲在鏡框中，掛在牆上，表示他已成人,441,,已校,
9582,上街,,soeng5 gaai1‘,,舊時指妓女從良（因妓女多居於水上） ‖ 也説“埋街 maai4 gaai1”,441,,已校,
9583,上契,,soeng5 kai3,,認乾親,441,,已校,
9584,上頭,,soeng5 tau4,,喝酒後頭暈：色酒飲咗最易～,441,,已校,
9585,上鋪,,soeng5 pou3*2,,商店晚間閉門 ‖ 最忌説“閂門”,441,,已校,
9586,上高樓,,soeng5 gou1' lau4*2,,舊時謂上茶樓酒館,442,,已校,
9587,上轎,,soeng5 giu6*2,,①坐上轎子，特指新娘坐上花轎嫁到夫家 ②上當，中計：我上咗佢轎略,442,,已校,
9588,上水船,,soeng5 seoi2 syun4,,往上游行駛的船（與“下水船”相對）,442,,已校,
9589,上心,,soeng5 sam1',,①用心，着意：我叫你做嘅事，你都唔～嘅 ②關照，照顧：我對佢好～嘅,442,,已校,
9590,上鏡頭,,soeng5 geng3 tau4,,上相，相片比本人好看：佢好～嘅,442,,已校,
9591,上箱,,soeng5 soeng1,,舊時指戲班去某處演出,442,,已校,
9592,上服,,soeng5 fuk6,,穿孝服,442,,已校,
9593,相,,soeng3,,①相貌：睇～<看相> ②看守：～住啲野<看住這些東西> ③指某姿態：食冇食～<吃東西時的姿態不像樣>,442,,已校,
9594,相,,soeng3*2,,相片：影～<照相>丨快～丨～機,442,,已校,
9595,相架,,soeng3*2 gaa3*2,,①掛在牆上的相框 ②擺在桌上的相片架,442,,已校,
9596,相底,,soeng3*2 dai2,,（照片）底片,442,,已校,
9597,相頭,,soeng3 tau4*2,,長相，相貌：佢生得好～丨～生得幾靚丨阿乜好好～，幾靚仔來㗎,442,,已校,
9598,上,,soeng6,,①等級或品質高的：～等貨丨～座丨～白米丨～肉丨～菜 ②位置在高處的：～便丨～半橛<上半截>丨～半身丨～層 ③次序或時間在前的：～册丨～集丨～晝丨～次 ④用在名詞後，表示在物體的表面：山～丨牀～丨水～ ⑤用在名詞後，表示在某種事物的範圍以内：書～有講丨報紙～丨會場～ ⑥用在名詞後，表示某一方面：事實～唔係噉丨感情～唔接受佢丨思想～丨組織～丨法律～丨人情～ ⑦向上面：～繳丨～進丨～升,442,,已校,
9599,上下,,soeng6 haa6*2,,副詞。快要，將近，差不多：佢家下～到嘞丨個天～黑咯，重唔走？丨我～要出街咯丨呢兩間屋边間大呢？ ——兩間都係咁～<差不多>,442,,已校,
9600,上味,,soeng6 mei6,,①珍惜，疼愛。多用於反面語氣：你估我好～你呀？ ②指鹽 ‖ ①也説“上香”,442,,已校,
9601,上頭,,soeng6 tau4,,上級：～屙個屁，下頭走崩鼻 ‖ 也説“上級 soeng6 kap1”,442,,已校,
9602,上晝,,soeng6 zau3,,上午 ‖ 也説“上午 soeng6 ng5”,442,,已校,
9603,上高,,soeng6 gou1',,上頭，上邊兒：本書放喺～好難搵 ‖ 也説“上便 soeng6 bin6”,442,,已校,
9604,上間,,soeng6 gaan1',,指堂屋大廳,442,,已校,
9605,上算,,soeng6 syun3,,①高明：你噉樣做都幾～嘅 ②值得：兩毫子一斤都幾～噃,442,,已校,
9606,上香,,soeng6 hoeng1',,珍惜，疼愛：佢好～個仔丨你估我好～你咩丨佢一家人都好～隻貓㗎 ‖ 也説“上馨”,442,,已校,
9607,上湯,,soeng6 tong1',,指配製菜肴用的鮮湯。一般用鷄、火腿、豬骨等熬成。這個詞多用於酒樓,442,,已校,
9608,上雜,,soeng6 zaap6,,作爲食品的大牲畜的胃、心、肝、腰子：牛～丨豬～丨羊～,442,,已校,
9609,薑,,goeng1',,生薑：老～丨子～丨肉～丨～芽丨一梳～丨～茸,442,,已校,
9610,薑酒,,goeng1' zau2,,爲小兒滿月請客而設的酒席：飲～ ‖ 也叫“薑酌 goeng1' zoek3”,442,,已校,
9611,香,,hoeng1,,用木屑加香料製成細條，燃燒時發出香味。舊時在祭祀祖先及神佛時用，也可加上藥物來熏蚊子：燒～丨綫～丨蚊～丨息～丨長壽～丨點炷～<燒一枝香>丨～爐丨～灰,443,,已校,
9612,香笄,,hoeng1 gai1,,燒香後剩下的竹簽：織～<用香笄製作玩物> ‖ 也叫“香骨 hoeng1 gwat1”,443,,已校,
9613,香笄腳,,hoeng1 gai1 goek3,,喻瘦長的腿,443,,已校,
9614,香爐灰,,hoeng1 lou4 fui1',,香爐内的香灰：抆～<刮平香爐中的灰> ‖ 也叫“香灰”,443,,已校,
9615,香爐墩,,hoeng1 lou4 dan2,,香爐座，喻獨子，因父母死後出殯時是捧香爐的唯一孝子 ‖ 墩，本讀陰平，這裏是變音,443,,已校,
9616,香案,,hoeng1 on3,,插香燭用的錫器，一副五個，中間的大些，形如鼎，四足：擺～,443,,已校,
9617,香燈,,hoeng1 dang1,,喻後代：佢都絶後嘞，边個繼承～呢？,443,,已校,
9618,香,,hoeng1',,①氣味好聞：～水丨～麻油丨～梘丨～料丨～包丨～噴噴丨～粉 ②食物味道好：啲飯好～ ③香料：檀～丨沉～,443,,已校,
9619,香牙蕉,,hoeng1' ngaa4 ziu1,,香蕉的一種，味香甜,443,,已校,
9620,香頭,,hoeng1' tau4*2,,香辛作料，如蒜、葱、芫荽、芹菜、韭菜、紫蘇等,443,,已校,
9621,香口膠,,hoeng1' hau2 gaau1,,口香糖,443,,已校,
9622,香油,,hoeng1' jau4,,①香精，製食品用 ②上廟拜神時交的燈油錢：上～,443,,已校,
9623,香雲紗,,hoeng1' wan4 saa1,,紗料的一種，夏天穿很涼快，黄褐色，有雲形花紋 ‖ 簡稱“雲紗”,443,,已校,
9624,香梘,,hoeng1' gaan2,,香皂 ‖ 也説“洗面梘 sai2 min6 gaan2”,443,,已校,
9625,香蕈,,hoeng1' seon3,,蘑菇的一種，比香菇薄，味遜於香菇 ‖ 蕈，文讀 cam5，口語讀 seon3，是借自外地音,443,,已校,
9626,香肉,,hoeng1' juk6,,狗肉的别名,443,,已校,
9627,鄉里,,hoeng1' lei5,,①土氣：佢好～㗎 ②同鄉：大家～丨佢係我～來㗎 ‖ 也説“老鄉 lou5 hoeng1”,443,,已校,
9628,鄉里鬼鬼,,hoeng1' lei5 gwai2 gwai2,,老鄉，鄉里鄉親的（强調親近）,443,,已校,
9629,鄉談,,hoeng1' taam6,,①口音，鄉音：你啲～好重噃丨佢嘅～唔脱<他的鄉音不改> ②土語：“弊煲”係我地番禺嘅～來呀,443,,已校,
9630,響螺,,hoeng2 lo4*2,,一種大海螺，肉可食,443,,已校,
9631,饗糖,,hoeng2 tong4,,舊時逢喜慶年節，親朋來往所送的糖製禮品，空心的各種人物或動物造型，可看不可吃,443,,已校,
9632,向,,hoeng3*2,,①動詞。在：～屋企<在家>丨我～呢處住咗一年丨賊仔～夜晚偷野 ②介詞。由，從：我～我朋友處來丨雪梨～好遠運來 ‖ 也説“喺 hai2”,443,,已校,
9633,向處,,hoeng3*2 syu3,,在這兒：佢～做乜野？丨阿陳向唔～？ ‖ 也説“向度 hoeng3*2 dou6”,443,,已校,
9634,秧禍,,joeng1' wo6,,駡人話。禍害：～啊，你你可惹出禍事了,444,,已校,
9635,秧觱,,joeng1' be1,,稻稈做的哨子：吹～ ‖ 觱，訓讀字,444,,已校,
9636,秧歌,,joeng1' go1,,插秧時唱的歌,444,,已校,
9637,羊咩,,joeng4 me1,,羊的俗稱：～屎<羊屎蛋兒>｜～鬚<山羊鬍子>,444,,已校,
9638,羊毛冷,,joeng4 mou4 laang1,,羊毛毛綫 ‖ 參看“冷”,444,,已校,
9639,羊桃,,joeng4 tou4*2,,一種水果，有五個楞兒，味酸甜：花地～最好食,444,,已校,
9640,羊吊,,joeng4 diu3,,羊角風，學名“癲癇”：發～ ‖ 也叫“羊角風 joeng4 gok3 fung1'”,444,,已校,
9641,洋,,joeng4,,①外國的，外國來的：～貨｜～貨鋪｜～西米｜～參｜～氈 ②外國式樣的：～樓｜～遮<洋傘>｜～布｜～剪 ③做外國生意的：～行 ④海洋：大西～｜太平～,444,,已校,
9642,洋剪,,joeng4 zin2,,裁縫師傅專用的大剪子 ‖ 也叫“衣剪 ji1' zin2”,444,,已校,
9643,揚,,joeng4*2,,抖動（衣、被等物）：～塵<抖落塵土>｜～衫｜拎張地氈出去～乾凈佢｜～下張被,444,,已校,
9644,養眼,,joeng5 ngaan5,,①對眼睛有好處：綠色好～ ②好看，雅觀：佢間房布置得幾～噃,444,,已校,
9645,釀,,joeng6,,①做菜肴的一種方法。將肉餡塞入菜肴内，煎或蒸熟：～魚｜～豆腐｜～苦瓜｜～辣椒｜～茄 ②製（酒）：～酒,444,,已校,
9646,幫,,bong1',,①協助：我～你做丨冇人～ ②替：佢～你去攞 ③量詞。批：發一大～財丨一～人丨成～咁多 ④連詞。和，同：我～你一齊去,445,,已校,
9647,幫埋,,bong1' maai4,,伙同：咪一日到黑～啲唔三唔四嘅人喺埋一齊,445,,已校,
9648,幫手,,bong1' sau2,,①幫忙的人：你做我嘅～ ②協助，幫忙：你地來～抬起張牀丨你來幫下手喇<你來搭把手吧>,445,,已校,
9649,幫口,,bong1' hau2,,幫人講話：你來幫下口喇,445,,已校,
9650,幫廚,,bong1' ceoi4,,辦喜慶事臨時找的廚房幫工,445,,已校,
9651,幫眼,,bong1' ngaan5,,①幫着鑒定、評價：請你幫下眼喇，你好熟行嘅<你很内行的> ②幫着照看：你來幫下我眼喇,445,,已校,
9652,幫襯,,bong1' can3,,商店、服務行業用語。光顧,445,,已校,
9653,幫年,,bong1' nin4*2,,舊時過年時商家或大户人家僱來的臨時工,445,,已校,
9654,綁,,bong2,,①綑綁：～住手腳丨～緊啲 ②繫：～鞋帶,445,,已校,
9655,傍,,bong6,,陪伴，不離開：成日～住我<整天在我身邊>丨我～住你去,445,,已校,
9656,傍家,,bong6 gaa1',,着家，在家；顧家：佢成日去街唔～嘅丨佢個仔都幾～嘅噃,445,,已校,
9657,傍友,,bong6 jau5*2,,有錢有勢者的“幫閑”之徒,445,,已校,
9658,傍水,,bong6 seoi2,,拿錢來。向人家要錢的粗俗説法,445,,已校,
9659,芒果,,mong1' gwo2,,一種優質水果，果實金黄色，香甜質軟,445,,已校,
9660,忙忙狼狼,,mong4 mong4 long4 long4,,慌慌忙忙，急急忙忙,445,,已校,
9661,網,,mong5,,①用繩、綫結成的捕魚捉鳥的器具：魚～丨纖～丨拋～ ②網狀的；網狀物：～油丨～籃丨髮～丨電～ ③用網捕捉：～魚,445,,已校,
9662,網,,mong5*1,,小網，小的網狀物：髻～丨蠄蟧絲～<蜘蛛網>,445,,已校,
9663,網,,mong5*1',,用布遮住或蓋住：用蚊帳布～住啲豆,445,,已校,
9664,網絡,,mong5 lok3*2,,網兜兒 ‖ 也叫“網袋 mong5 doi6*2”,445,,已校,
9665,望,,mong6,,①看，盼望：～來～去都唔見佢返來丨～唔～見佢呀？丨～佢一眼丨～穿眼 ②指望，企盼：做生意係～賺錢啫丨～到頸都長,445,,已校,
9666,望迷眼,,mong6 mei4 ngaan5,,①極目而望：～都唔見 ②極度盼望：～佢都唔返丨～都唔見發薪水,445,,已校,
9667,望到鶴噉頸,,mong6 dou3 hok6*2 gam2 geng2,,脖子都盼得長了，指殷切盼望,445,,已校,
9668,望天打卦,,mong6 tin1' daa2 gwaa3,,聽天由命,445,,已校,
9669,望光咁早,,mong6 gwong1' gam2 zou2,,大清早，天剛亮：乜你～就來到呢處呀,445,,已校,
9670,枋,,fong1,,①四方柱形木料：買一條～ ②房梁,446,,已校,
9671,慌,,fong1',,①害怕：佢好～，～冇人陪佢行夜路 ②擔心：我～佢唔來│你～佢走路咩<你還擔心他逃跑嗎>？,446,,已校,
9672,慌死,,fong1' sei2,,生怕，非常害怕，唯恐：～冇人睺佢噉<生怕没人看上他>│～來唔撤<生怕來不及>,446,,已校,
9673,慌究,,fong1' gau3*2,,惶恐，生怕：～趕唔撤噉樣│～人地唔知道,446,,已校,
9674,慌失失,,fong1' sat1 sat1,,慌慌張張 ‖ 也説“失失慌”,446,,已校,
9675,房,,fong4*2,,①房間：廚～│冲涼～│尾～│瞓～<卧室>│頭～│二～<由前頭數第二間房>│書～│一廳三～│～門 ②某種店鋪的名稱：洗衣～ ③某種官方機構的舊稱：差～<拘留所>,446,,已校,
9676,房,,fong4,,①房子（多是書面語）：～東│～客│～産│～租│～間│平～│樓～ ②指家族的分支：長～│二～│遠～ ③量詞：兩～新婦 ④某些商店的名稱：藥～ ⑤某種倉庫：車～ ⑥某些性質的工作室：票～│舦～<舵房>,446,,已校,
9677,放,,fong3,,①放置：～好佢│將啲書～喺枱面│～低佢<把它放下>│～落 ②放開，釋放：～咗隻雀│～佢走│～生 ③在一定的時間停止學習、工作：～學│～工│～假 ④發出：～光│～榜│～聲氣 ⑤擴展：～大│件衫要～長一寸│～闊兩寸 ⑥使順流而下：～排<放木排>│～排佬<放排工人> ⑦加進去：炒菜要～少啲鹽│～多啲味粉 ⑧放縱：～爛│～肆│～任│～蠻 ⑨點燃：～火│～火箭 ⑩鬆開；不緊張：～手│～心│～膽,446,,已校,
9678,放啤臣,,fong3 be1 san2,,鳴汽笛 ‖ 啤臣，英文 blast 的音譯。也叫“拉啤臣 laai1' be1 san2”,446,,已校,
9679,放圮,,fong3 pe5,,撒潑，撒賴 ‖ 圮，廣韵旨韵符鄙切：“岸毀，又覆也。”也説“放爛 fong3 laan6*2”,446,,已校,
9680,放拖,,fong3 to1',,火輪船拖着渡船到岸時，火輪把渡船的大纜拋出去，讓渡船收回,446,,已校,
9681,放葫蘆,,fong3 wu4 lou4*2,,吹牛，瞎吹，神聊：去搵下边個～<找誰去閑扯>,446,,已校,
9682,放監,,fong3 gaam1,,（犯人）出獄,446,,已校,
9683,放擒青,,fong3 kam4 ceng1',,睜大雙眼、急不可待貌：～噉睇實人做乜野嘅！,446,,已校,
9684,放聲氣,,fong3 seng1' hei3,,吹風兒，放風聲，造輿論,446,,已校,
9685,放搶,,fong3 coeng2,,①動手搶東西：你想～呀？ ②喻吃相狠狽：佢～噉食野 ‖ ①也説“斷搶 dyun3 coeng2”,446,,已校,
9686,放白鴿,,fong3 baak6 gap3*2,,利用婦女以結婚爲名勾引男人，騙取錢物,446,,已校,
9687,當,,dong1',,①應當，該當：～衰│～災│～紅│～黑│～然 ②面對着：～面│～衆 ③正在（那時、那地）：～場│～時│～造<農事當令>│～年 ④充當，擔任：～兵│～班長 ⑤承當，承受：～唔起│唔敢～ ⑥掌管，主持：～家│～值<值班>│～權│～政,446,,已校,
9688,當時得令,,dong1' si4 dak1 ling6,,行時，吃香：佢又～嘞,446,,已校,
9689,當災,,dong1' zoi1',,遭殃，倒霉：你～囉│黑狗偷食，白狗～<熟語> ‖ 也説“當殃 dong1' joeng1'”,446,,已校,
9690,當衰,,dong1' seoi1',,倒霉，遭殃：我呢牌做生意又折本，真～嘞,447,,已校,
9691,當眼,,dong1' ngaan5,,顯眼，易看到：將啲花擺喺～嘅地方,447,,已校,
9692,當年後生,,dong1' nin4 hau6 saang1,,年紀輕輕，年富力强,447,,已校,
9693,當堂,,dong1' tong4,,當場，馬上：～捉住佢,447,,已校,
9694,當紅,,dong1' hung4,,走運，好運氣：佢鋪頭賺好多錢，～噃｜佢家下又升校長，～咯,447,,已校,
9695,當黑,,dong1' hak1,,倒霉，運氣不好,447,,已校,
9696,擋災,,dong2 zoi1',,抵擋災難：破財～<失錢後聊以自慰之語>｜佢將我去～,447,,已校,
9697,擋頭陣,,dong2 tau4 zan6,,打前陣，當先鋒：边個去～呀？,447,,已校,
9698,擋中,,dong2 zung1,,照壁，影壁。過去是當鋪、番攤館才有,447,,已校,
9699,擋煞,,dong2 saat3,,迷信者爲擋住煞氣，在門口掛一小鏡子等，對付對門來的不祥之氣：金鷄係～嘅喇,447,,已校,
9700,當,,dong3,,①當做，認爲，以爲：你～我唔知咩？｜～佢冇 ②抵得上：一個人～十個人用 ③合適，合宜：得～｜用詞不～ ④作爲，當做：我～佢係自己嘅仔 ⑤以物做抵押向當鋪借錢：冇錢就～野｜～鋪｜～票｜斷～<過期不贖則物歸當鋪>,447,,已校,
9701,當樓,,dong3 lau4*2,,舊時當鋪保存當物的倉庫,447,,已校,
9702,當佢冇來,,dong3 keoi5 mou5 lai4,,熟語。轉義爲看不起他,447,,已校,
9703,檔,,dong3,,①小攤兒；非法的營業場所：開～｜擺～｜收～｜散～｜牛雜～｜涼茶～｜𰃴<⿱冖贛>～<倒閉> ②量詞。用於攤兒：有幾多～生意？——有好多～喎,447,,已校,
9704,檔口,,dong3 hau2,,（生意）攤子,447,,已校,
9705,蕩,,dong6,,①擺動：～來～去｜搖～ ②游逛：～街｜佢又～去边處｜～失路<迷路>｜游～,447,,已校,
9706,盪,,dong6,,塗，抹：批～牆皮｜搽脂～粉｜～灰｜～牆<把灰抹在牆上>,447,,已校,
9707,湯,,tong1',,①烹調後汁水特别多的副食：煲～｜豬肉～｜鷄～｜～淘飯｜菜～｜～碗｜～盅 ②煮飯剛開鍋不久的米湯：飯～ ③帶湯吃的：～麵｜～粉｜～圓,447,,已校,
9708,湯底,,tong1' dai2,,熬湯的基本原料，如乾貝、大地魚、蝦米之類,447,,已校,
9709,湯藥,,tong1' joek6,,②煎湯吃的中草藥 ②治療傷病的費用：賠～ ‖ ①也叫“水藥 seoi2 joek6”。②也叫“湯藥費 tong1' joek6 fai3”,447,,已校,
9710,劏,,tong1',,①宰殺：～鷄｜～豬｜～鴨｜～唔得凈 ②剖，割：～開｜～肚<開肚子> ‖ 俗字。本字爲“湯”,447,,已校,
9711,劏死牛,,tong1' sei2 ngau4,,打悶棍，夜晚在僻靜處搶劫行人,447,,已校,
9712,劏白鶴,,tong1' baak6 hok6*2,,赴宴吃醉酒嘔吐出來,447,,已校,
9713,唐,,tong4,,中國的：～山<中國>｜～裝<中式衣服>｜～餐｜～人,447,,已校,
9714,唐餐樓,,tong4 caan1' lau4*2,,舊時大輪船（客貨兩運）的二等艙，只供應中餐,447,,已校,
9715,唐裝,,tong4 zong1,,中式衣服；中國式：～衫｜～褲｜你着～定係西裝？｜而家少人着～嘞！,447,,已校,
9716,堂,,tong4,,①堂房：～姊妹｜～兄弟｜～細佬 ②量詞：呢～樓梯<這道樓梯>｜一～眉<一副眉毛>｜一～生意<一樁買賣>｜一～碗箸<吃飯擺的一大片碗碟>｜一～課<一個課時的課> ③課：而家要上地理～<現在上地理課>丨國文～<國文課> ④專爲某活動用的房屋：禮～丨飯～丨禮拜～ ⑤用於商店牌號：永安～,447,,已校,
9717,堂口,,tong4 hau2,,舊時幫派組織的單位：洪門～,448,,已校,
9718,堂倌,,tong4 gun1,,舊時的一種專爲紅白喜事主家服務的人，熟悉各種禮儀，臨時受僱於主家，承辦一應事項,448,,已校,
9719,堂客,,tong4 haak3*2,,①指稱一般女人 ②妻子：我嘅～,448,,已校,
9720,塘,,tong4,,①水塘：魚～丨乾～丨池～ ②十里叫“一塘”：有幾遠啊？——兩～路喇,448,,已校,
9721,塘尾,,tong4 mei5*1,,蜻蜓,448,,已校,
9722,塘尾艇,,tong4 mei5*1 teng5,,一人划的雙槳小船，兩頭尖的 ‖ 也叫“塘尾仔 tong4 mei5*1 zai2”,448,,已校,
9723,塘蒿,,tong4 hou1,,一種蔬菜，北京叫“蒿子稈兒”,448,,已校,
9724,塘邊鶴,,tong4 bin1' hok6*2,,喻站在旁邊看賭牌的人,448,,已校,
9725,塘蝨魚,,tong4 sat1 jyu4*2,,①鯰魚 ②喻鄉間的父老、族長。因其鬍子似鯰魚鬚,448,,已校,
9726,塘膊,,tong4 bok3,,塘的邊岸，塘堤 ‖ 膊，集韵鐸韵伯各切：“界埒也”,448,,已校,
9727,溏心,,tong4 sam1,,蛋類煮得半熟，蛋黄尚未凝固：～蛋,448,,已校,
9728,幢,,tong4,,量詞。張，用於帳子、帷幕、簾子之類：一～蚊帳丨一～枱圍丨一～門簾丨一～牀檐丨一～窗簾 ‖ 讀書音 cong4，今口語讀 t 聲母，是保留了古澄母的音,448,,已校,
9729,糖,,tong4*2,,糖果類：麥芽～丨薄荷～丨牛奶～丨椰子～丨你想買乜野～？,448,,已校,
9730,糖,,tong4,,①食糖的總稱：沙～丨白～丨方～丨片～丨黄～ ②糖腌製的：～蓮子丨～冬瓜丨～椰角丨～木瓜丨～薑,448,,已校,
9731,糖果,,tong4 gwo2,,白糖腌製的食品，内容包括藕、蓮子、瓜條、椰子、荸薺等,448,,已校,
9732,糖黐豆,,tong4 ci1' dau6*2,,形容形影不離：佢兩個好似～噉,448,,已校,
9733,糖鷄,,tong4 gai1,,①舊俗，用模子鑄的糖人、動物，白色，空心，結婚時男家送女家用 ②戲指愛吃糖的人,448,,已校,
9734,糖寮,,tong4 liu1,,舊時的榨蔗做糖的土作坊 ‖ 也叫“榨寮 zaa3 liu1”,448,,已校,
9735,糖甜蜜渧,,tong4 tim4 mat6 dai3,,①夫婦相愛，戚友相親：佢兩個～嘅 ②（食物）甜：我食一䊆[kɐu˨]<塊>糕，真係～,448,,已校,
9736,糖不甩,,tong4 bat1 lat1,,一種點心，外蘸白糖的甜疙瘩,448,,已校,
9737,盪,,tong5,,①晃動（水、液體）：擔魚花要會～水至得丨要～下啲水，魚花就唔會死 ②涮洗：～下隻碗,448,,已校,
9738,盪鑊,,tong5 wok6,,（用油或水）涮鍋：燒猛鑊落油半斤將鑊盪過,448,,已校,
9739,摥,,tong3,,①順着一定的軌道拖拉，有來回反復之義：～埋櫃桶<把抽屜推上>丨～開鐵閘丨～櫳丨～窗丨～門 ②用熨斗平衣物：～衫丨用摥斗～平佢 ‖ 廣韵宕韵他浪切：“排摥。”玉篇：“他浪切，推也”,448,,已校,
9740,摥斗,,tong3 dau2,,熨斗：燒熱個～來摥衫丨電～,448,,已校,
9741,摥窗,,tong3 coeng1,,①靠拖拉的方式來開關的窗扇 ②拉窗户：摥開個窗<拉開窗户>丨摥埋個窗<推上窗户>,448,,已校,
9742,摥櫳,,tong3 lung4*2,,大門裏面的一道可横向推拉的防護門，由横木杠若干條組成，有較多的空𨻶，門内可瞭望外面,448,,已校,
9743,趟,,tong3,,量詞。次，回：去一～丨前年我返咗一～鄉下,449,,已校,
9744,盪,,tong3,,以足試探着貼地前行：～～下噉行 ‖ 廣韵宕韵他浪切：“盪行”,449,,已校,
9745,鋃鋃,,long1 long1,,小銅鈴，從聲音得名：買個～畀佢玩 ‖ 鋃，廣韵唐韵魯當切：“一曰鐘聲”,449,,已校,
9746,狼,,long4,,①野獸名 ②兇狠：賊人好～㗎，因住先至好<盜賊很猖狂，要小心些才行>丨重～過隻癲狗<比瘋狗還兇>,449,,已校,
9747,狼戾,,long4*1' lai3*2,,脾氣暴躁，蠻横無理：發～<撒野>丨乜咁～㗎<撒什麼野呀>？,449,,已校,
9748,狼胎,,long4 toi1',,①兇狠 ②魯莽：真係～,449,,已校,
9749,狼忙,,long4 mong4,,急急忙忙,449,,已校,
9750,狼毒,,long4 duk6,,狠毒，惡毒,449,,已校,
9751,筤,,long4*2,,①竹篾紥成架子，上糊以紙或布成拱狀，用以覆物：整個～來𰃴<⿱冖贛>野 ②紙紥人物、器具、房屋的竹製骨架：先紥起個～，再黏紙 ‖ 廣韵唐韵盧當切：“車籃。”集韵：“一曰籃也”,449,,已校,
9752,閬,,long4*2,,拱狀門或屋頂：呢，前便有個～，過咗個～就到嘞 ‖ 廣韵唐韵魯當切：“高門”,449,,已校,
9753,哴,,long2,,①涮洗：～口<漱口>丨～口盅丨～下個盆 ②塗，鍍：～釉丨～錫 ‖ 俗字,449,,已校,
9754,哴釉,,long2 jau6*2,,瓷器、陶器上釉：呢隻碗有冇～呀？,449,,已校,
9755,哴錫,,long2 sek3,,銅器鍍錫：呢個酒壺係～嘅,449,,已校,
9756,㝗蕩,,long5 tong5,,①水晃盪貌 ②衣寬大貌 ‖ 㝗，廣韵蕩韵盧黨切：“㝩㝗，空虛”,449,,已校,
9757,浪蕩,,long6 dong6,,好游蕩、逛街,449,,已校,
9758,浪蕩流離,,long6 dong6 lau4 lei4,,到處流浪,449,,已校,
9759,晾,,long6,,曬，晾：～衫丨～乾佢丨～凍啲水丨～肉 ‖ 集韵宕韵郎宕切：“暴也”,449,,已校,
9760,晾肉,,long6 juk6*2,,豬肉切片如手掌大小，腌製曬乾而成，和臘肉做法略同,449,,已校,
9761,㝗,,long6*3,,①架起，以物承托：一張椅唔夠高，用張枱～住喇丨～高佢丨用張凳仔～起對腳丨隻船畀石～住 ②足球用語。用腳阻攔人：佢畀人～低咗 ‖ 集韵宕韵郎宕切：“空也。”讀書音 long6，此處讀陰去,449,,已校,
9762,㝗風,,long6 fung1',,擋風：三輪車個篷好～㗎,449,,已校,
9763,莊口,,zong1 hau2,,專辦貨物出口業務的私人商業機構：佢個老豆係開～㗎,449,,已校,
9764,裝,,zong1,,①服裝：唐～丨西～丨中山～丨軍～丨青年～丨獵～ ②髮式：西～分頭丨陸軍～丨平頭～ ③（男、女）式：男～鞋丨女～鞋丨男～櫃丨女～錶,449,,已校,
9765,妝嫁,,zong1' gaa3,,陪嫁：～妹<陪嫁丫頭>,449,,已校,
9766,裝,,zong1',,①裝入，盛入：～箱丨～水丨～飯丨～衣服丨～唔晒<裝不下> ②陷害，使落入圈套：～雀丨～彈弓丨～鷓鴣 ③給死者穿、裝裹（衣、被等）：～幾多套衣服呀？丨～絲綿丨～老衣服<壽衣> ④裝扮，裝飾：～身丨～轎丨～扮丨～房,449,,已校,
9767,裝假笱,,zong1' gaa2 gau2,,僞裝，假裝：你估佢係讀書咩，～啫<假裝罷了>丨你唔好信佢，佢～嘅咋,449,,已校,
9768,裝頭賣面,,zong1' tau4 maai6 min6,,①把好貨放在表面上賣 ②徒有其表,449,,已校,
9769,裝彈弓,,zong1' taan4 gung1',,設圈套使人上當,450,,已校,NA：現在（2020s）習讀zong1 daan6 gung1。
9770,裝身,,zong1' san1',,穿衣打扮：買套新衫來～喇丨佢而家～出街咯,450,,已校,
9771,裝雀,,zong1' zoek3*2,,用網或籠做成機關，捕捉雀類,450,,已校,
9772,䁓,,zong1',,偷看，窺視：佢喺門口～我丨～下佢做乜野 ‖ 集韵東韵粗叢切：“視也。”古束韵，今口語讀如唐韵,450,,已校,
9773,䁓擒䁓縮,,zong1' kam4 zong1' suk1,,①偷看，探頭探腦 ②畏縮不前貌,450,,已校,
9774,壯膽,,zong3 daam2,,助長膽量，助長聲勢：呢件事靠你～咯噃丨你來同我壯下膽丨佢唔敢做，大家來壯住佢膽至得,450,,已校,
9775,狀師,,zong6 si1',,律師的舊稱,450,,已校,
9776,漴,,zong6,,以液體冲入：佢飲啤酒要～汽水丨將草藥舂爛，～滾水來飲 ‖ 廣韵絳韵士絳切：“水所衝也”,450,,已校,
9777,撞,,zong6,,①運動中的物體和别的物體猛然碰上：～車丨畀單車～親<被自行車碰傷了>丨騎車～到樹丨～板<碰釘子> ②碰見：今朝我～到佢丨～面丨～啱<碰巧>丨～到鬼<見鬼> ③試探：～大運丨～彩丨～口掛 ④莽撞地行動：横冲直～丨～死馬丨白～,450,,已校,
9778,撞死馬,,zong6 sei2 maa5,,①横冲直撞 ②魯莽粗心,450,,已校,
9779,撞彩,,zong6 coi2,,碰運氣：～咁撞<瞎碰>,450,,已校,
9780,撞頭,,zong6 tau4,,兩人交錯而過，没見着：我去你處，你來我處，兩家～喎丨坐～車丨坐～船,450,,已校,
9781,撞頭信,,zong6 tau4 seon3,,兩人互相同時寫信給對方，這兩封信叫“撞頭信”：有信就有嘞，不過係～啫,450,,已校,
9782,撞手神,,zong6 sau2 san4,,碰手氣，（靠手）碰運氣：撞下手神喇,450,,已校,
9783,撞到鬼,,zong6 dou3*2 gwai2,,①見鬼，指出亂子、碰壁、倒霉：～咩 ②失魂落魄,450,,已校,
9784,撞板,,zong6 baan2,,碰壁，碰釘子：撞大板丨撞正板<碰大釘子>丨牀下底破柴，包～<歇後語>丨～易過借火丨～多過食飯<總是碰壁>,450,,已校,
9785,撞面,,zong6 min6*2,,①無意中碰見：佢惱咗我，～都唔叫一聲 ②見面，碰面：我日日都同佢～㗎,450,,已校,
9786,撞生口掛,,zong6 saang1' hau2 gwaa3,,①有不幸事情發生的人家，碰到别人無意中説的一句話，便認爲不幸與這話有關：撞着你嘅生口掛，真係弊嘞 ②有意叫一人隨便説一句話以試運氣,450,,已校,
9787,撞樴,,zong6 dak6,,碰釘子 ‖ 樴，廣韵德韵徒得切：“杙也。”杙，與職切：“橜也”,450,,已校,
9788,牀,,cong4,,①卧具：板～丨炕～丨貴妃～丨鐵～丨彈弓～丨藤～丨竹～丨羅漢～丨梳化～ ②量詞。張：一～被丨一～薦褥,450,,已校,
9789,牀下底,,cong4 haa6 dai2,,牀下面：～破柴，包撞板<歇後語>,450,,已校,
9790,牀口,,cong4 hau2,,牀沿靠外的一邊,450,,已校,
9791,牀鋪被席,,cong4 pou1' pei5 zek6,,鋪的蓋的之總稱,450,,已校,
9792,牀檐,,cong4 jam4*2,,舊式牀沿垂下的布帷,450,,已校,
9793,牀憑,,cong4 peng4*1,,舊式大牀的牀前横木：九哥金打～銀打環<兒歌> ‖ 憑，古曾攝三等字，此處讀如古梗攝三等今白讀字韵,450,,已校,
9794,牀褥,,cong4 juk6*2,,褥子 ‖ 也叫“薦褥 zin3 juk6*2”,450,,已校,
9795,廠妹,,cong2 mui6*1,,工廠女工,450,,已校,
9796,愴心,,cong3 sam1',,入迷：讀書讀到～丨玩到～丨瘟到～<迷於女色>,451,,已校,
9797,桑麻柚,,song1' maa4 jau4*2,,柚子的一種，味較酸,451,,已校,
9798,桑棗,,song1' zou2,,桑椹，桑樹的果實,451,,已校,
9799,爽,,song2,,①痛快，舒服：好～ ②滑溜（與“黏、膩”相對）：～脆丨～口丨～甜丨～滑 ③性格率直、痛快：豪～丨直～丨～手丨～勢 ④明朗，清亮：神清氣～丨秋高氣～,451,,已校,
9800,爽勢,,song2 sai3,,麻利，爽快：佢辦事好～嘅,451,,已校,
9801,爽利,,song2 lei6,,①清爽：精神～ ②爽快：呢個人好～,451,,已校,
9802,爽手,,song2 sau2,,①手感很爽：啲綢好～ ②辦事爽快，出手大方：佢畀錢過人好～㗎,451,,已校,
9803,爽口,,song2 hau2,,口感很爽：啲麵幾～嘅丨東江牛肉丸粒粒～,451,,已校,
9804,爽脆,,song2 ceoi3,,①脆口：嗰啲芹菜真～咯 ②有決斷，乾脆 ③大方，慷慨,451,,已校,
9805,爽身,,song2 san1',,使得身上很爽快：着黑膠綢好～丨～粉,451,,已校,
9806,爽神,,song2 san4,,使人精神爽快,451,,已校,
9807,爽癮,,song2 jan5,,滿足了某種愛好而感到痛快、高興,451,,已校,
9808,爽汗,,song2 hon6,,（穿着）不粘身：着菠蘿麻衫最～,451,,已校,
9809,江湖佬,,gong1' wu6 lou2,,走江湖的 ‖ 也叫“江湖客 gong1' wu6 haak3”,451,,已校,
9810,江珧柱,,gong1' jiu4 cyu5*2,,乾貝 ‖ 簡稱“珧柱”,451,,已校,
9811,江門白菜,,gong1' mun4 baak6 coi3,,南方白菜的一種，棵很大 ‖ 也叫“大白菜 daai6 baak6 coi3”,451,,已校,
9812,扛,,gong1',,①兩人抬物：兩個人～唔起丨～轎 ②肩負：～行李,451,,已校,
9813,岡,,gong1',,山丘：熱頭落～<太陽落山>丨山～丨～仔<小丘>丨～地,451,,已校,
9814,岡柴,,gong1' caai4,,燒火用的雜草 ‖ 也叫“岡草 gong1' cou2”,451,,已校,
9815,岡棯,,gong1' nim1,,一種灌木上的野果，比葡萄略大，紫色有汁，味酸甜，密生於山岡上 ‖ 又叫“棯仔 nim1 zai2”,451,,已校,
9816,缸,,gong1',,陶製容器：水～丨米～丨酒～丨甕～丨金魚～,451,,已校,
9817,缸瓦,,gong1' ngaa5,,陶器的總稱：～鋪,451,,已校,
9818,剛啱,,gong1' ngaam1',,剛好，剛巧：～佢唔喺屋企<正巧他不在家>,451,,已校,
9819,港紙,,gong2 zi2,,香港的鈔票 ‖ 從前也叫“香港紙 hoeng1' gong2 zi2”,451,,已校,
9820,講,,gong2,,①説，道：～説話丨～下<略説説而已>丨調轉來～<反過來説>丨～得咁論盡<説得這麼不利落>丨～古仔<説故事> ②解釋，説明；論述：～書丨呢本書係～政治嘅 ③商量，商議：～價丨～數口 ④講求：～衛生丨～人情丨～面子,451,,已校,
9821,講假,,gong2 gaa2,,説假話，説玩笑話：唔係同你～丨真㗎，唔係～啊,451,,已校,
9822,講話有骨,,gong2 waa6*2 jau5 gwat1,,話中有話，有文章，有用意,451,,已校,
9823,講耶穌,,gong2 je4 sou1,,①説教，長篇大論 ②説廢話,451,,已校,
9824,講過算數,,gong2 gwo3 syun3 sou3,,説話算話，不是戲言,451,,已校,
9825,講古,,gong2 gu2,,①説書：～佬<説書的>丨茶寮兼～ ②扯皮,451,,已校,
9826,講大話,,gong2 daai6 waa6,,説瞎話，吹牛,452,,已校,
9827,講禮事,,gong2 lai5 si6,,舊時媒人爲男女家雙方議定聘禮金額,452,,已校,
9828,講口齒,,gong2 hau2 ci2,,講究信用,452,,已校,
9829,講數口,,gong2 sou3 hau2,,講價錢，講條件,452,,已校,
9830,講笑,,gong2 siu3,,開玩笑：講下笑啫丨呢樣笑認真講唔得<這玩笑可真開不得> ‖ 也説“講玩笑 gong2 waan2 siu3”或“講玩 gong2 waan2”,452,,已校,
9831,講三講四,,gong2 saam1' gong2 sei3,,①不説實話，回避正題 ②聊天 ‖ 也説“講三講剩 gong2 saam1' gong2 sing6”,452,,已校,
9832,講閑話,,gong2 haan4 waa6*2,,背後説人家的壞話：唔好講人閑話啊,452,,已校,
9833,講真,,gong2 zan1',,説真的，説實話：你～定係講假啊？,452,,已校,
9834,講説話,,gong2 syut3 waa6,,講話，説話：鷯哥會學人～<八哥會學人説話>,452,,已校,
9835,講得口響,,gong2 dak1 hau2 hoeng2,,説得好聽，並不實幹,452,,已校,
9836,杠,,gong3,,杠子：竹～丨～架丨木～丨單～丨雙～丨轎～丨硬骨硬～<粗笨，笨重>,452,,已校,
9837,杠架,,gong3 gaa3*2,,單杠，體育器械：打～,452,,已校,
9838,降柚,,gong3 jau6*2,,一種酸的柚子，當擺設用，多擺在炕牀上的炕几上，因霜降時才有，故名,452,,已校,
9839,鋼筆,,gong3 bat1,,自來水筆 ‖ 也叫“墨水筆 mak6 seoi2 bat1”,452,,已校,
9840,鋼筆片,,gong3 bat1 pin3*2,,（電影）動畫片的舊稱,452,,已校,
9841,弶,,gong6,,某些動物的鉗子：蝦～丨蟹～ ‖ 廣韵漾韵其亮切：“張取獸也。”本應讀 oeng 韵，口語變讀 ong 韵,452,,已校,
9842,傹驢,,gong6 leoi4,,説話粗聲大氣，舉止魯莽 ‖ 也説“驢傹”。傹，集韵漾韵其亮切：“强也。”古宕攝三等，此處讀如一等韵,452,,已校,
9843,炕几,,kong3 gei1,,炕牀上的小矮桌，北方叫“炕桌”,452,,已校,
9844,炕枕,,kong3 zam2,,置於炕牀上的長形枕頭，多爲陶瓷製的,452,,已校,
9845,炕牀,,kong3 cong4*2,,①吸鴉片煙時躺的兩面有欄的大木牀 ②寬大的長椅，可坐可躺,452,,已校,NA：部分資料中該詞讀gong3 cong4*2。
9846,仰,,ngong5,,仰頭，臉、腹朝上：打～瞓<仰面睡覺>丨～高頭丨～起面丨條魚反～嘞，就快趣死嘞<魚肚朝上，快要死了> ‖ 口語音，讀書音 joeng5，古宕攝三等讀如一等韵,452,,已校,
9847,仰鼻,,ngong5 bei6,,翹鼻子：佢生得～嘅,452,,已校,
9848,戇,,ngong6,,呆，傻：佢好～丨～佬丨你都～嘅丨癲癲～～ ‖ 訓讀字,452,,已校,
9849,戇居,,ngong6 geoi1',,傻瓜：乜你咁～㗎<你怎麼那麼傻呀>？丨你都～嘅<你真傻>丨～仔,452,,已校,
9850,戇居居,,ngong6 geoi1' geoi1',,傻乎乎，傻頭傻腦,452,,已校,
9851,戇喪,,ngong6 song3,,蠢，傻；精神恍忽，若有所失,452,,已校,
9852,戇直,,ngong6 zik6,,人老實而帶點傻氣,452,,已校,
9853,糠,,hong1',,①米皮：豬～<喂豬的糠皮>丨鷄～丨米～丨幼～<細糠皮> ②（某些東西的）碎屑：木～丨麵包～,452,,已校,
9854,糠耳,,hong1' ji5,,耳屎是乾的，這種耳叫“糠耳”（與“油耳”相對）,452,,已校,
9855,行,,hong4,,①某些營業機構：銀～ ②行業：入錯～丨改～丨轉～丨在～丨唔熟～ ③行列：第二～丨雙～丨單～ ④搭（鋪），架起（牀板）：～返張牀丨朝拆晚～ <晚上搭起早上拆> ⑤量詞。用於成行的東西：一～字丨兩～樹,453,,已校,
9856,行,,hong4*2,,①行業：你撈邊一～呀？丨我做米～嘅丨當～丨雜貨～丨布匹～丨内～丨外～ ②某些營業機構：銀～丨洋～丨商～,453,,已校,
9857,行頭,,hong4 tau4,,行業：今年布匹～好景啊丨舊年五金～撈野 <去年五金業賺大錢> 丨做着雜貨～，都係賺錢嘅喇,453,,已校,
9858,行口,,hong4 hau2,,大買賣，大生意：你撈边一～啊？丨我係做雜貨～嘅丨你開乜野～啊？,453,,已校,
9859,行尊,,hong4 zyun1,,專家，權威：老～丨佢係飲食界～,453,,已校,
9860,行情光,,hong4 cing4 gwong1',,①熟悉某些行業内幕：佢行情好光㗎，你問佢就得嘅喇 ②引申義，對某事特别了解,453,,已校,
9861,絎,,hong4,,一種縫紉法：～被丨～棉衲,453,,已校,
9862,絎針,,hong4 zam1,,做被用的大針,453,,已校,
9863,漮,,hong2,,①糧食類失去油性而變質，有異味：啲米有～𡃴<米有異味> ②腹中没有油性，缺油水：口～～<吃不到想吃之物> ③錢包中没有錢：荷包～咗 ‖ 廣韵唐韵苦岡切：“説文云水虛也。”本該讀平聲，今口語變讀陰上調,453,,已校,NA：用例中“𡃴”在原書中作詞頭時用“𪡷”。
9864,漮皮,,hong2 pei4,,冬日身上起的皮屑,453,,已校,
9865,漮𪡷,,hong2 ceoi4,,①米、豆或花生變質産生的氣味 ②空屋因久無人住而發出的霉味 ‖ 𪡷，俗字，氣味,453,,已校,
9866,漮禽禽,,hong2 kam4 kam4,,没有油性，乾巴巴,453,,已校,
9867,炕,,hong3,,①用乾鍋烘：將麵包～下丨～乾佢 ②風吹使乾：啲菜畀風～到半乾就落鹽腌喇,453,,已校,
9868,康沙,,hong3 saa1,,放在沙灘上，擱淺：條船～嘞 ‖ 康，集韵宕韵口浪切：“舉置也”,453,,已校,
9869,康起,,hong3 hei2,,①晾起，使離開水：～嘅魚唔新鮮丨隻船～咯 ②使人没辦法，動不了：我畀佢～咯,453,,已校,
9870,巷,,hong6,,胡同：街知～聞 <家喻户曉> 丨霸～鷄乸丨街頭～尾丨～口,453,,已校,
9871,巷,,hong6*2,,胡同：冷～丨屈頭～ <死胡同> 丨横～ <小胡同> 丨横街窄～ <大街小巷> 丨～㞘[tok˥]<巷尾>丨～尾,453,,已校,
9872,光肚,,gwong1' tou5,,牛胃之一 ‖ 也叫“板肚 baan2 tou5”,454,,已校,
9873,光酥餅,,gwong1' sou1' beng2,,清明節去掃墓祭奠時用的餅食,454,,已校,
9874,光棍,,gwong1' gwan3,,騙子：～遇着有皮柴<歇後語> ‖ 也叫“老千 lou5 cin1'”,454,,已校,
9875,光身,,gwong1' san1',,①無花紋，素的：個茶杯係～嘅丨枕頭袋係～嘅 ②未上油漆的：啲枱凳係～嘅，未入漆 ③空身，不帶東西：窮到～走出來丨佢～出門，乜野都冇帶,454,,已校,
9876,光邊竹席,,gwong1' bin1' zuk1 zek6,,一種竹席，用厚竹片穿成，光面朝上，夏天用最涼爽 ‖ 也叫“竹板席 zuk1 baan2 zek6”,454,,已校,
9877,光面工夫,,gwong1' min6 gung1' fu1',,表面上的工作，外表好看的活兒：做～,454,,已校,
9878,光管,,gwong1' gun2,,日光燈,454,,已校,
9879,光猛,,gwong1' maang5,,很光亮，豁亮：呢處好～喎,454,,已校,
9880,光掁掁,,gwong1' caang4 caang4,,光亮耀眼，刺目 ‖ 掁，廣韵庚韵真庚切：“掁觸”,454,,已校,
9881,光脱脱,,gwong1' tyut1 tyut1,,①光溜溜的 ②赤條條：個細路剝到～,454,,已校,
9882,光捋脱,,gwong1' lyut1 tyut1,,光禿禿的：啲樹～，落晒啲樹葉<樹葉掉光了>,454,,已校,
9883,光禿碌,,gwong1' tuk1 luk1,,①没有毛、髮：佢個頭～嘅丨隻鷄冇晒毛，～幾難睇 ②空，禿（無物）：間房～丨山～嘅，冇樹嘅 ‖ 也説“光禿禿 gwong1 tuk1 tuk1”,454,,已校,
9884,廣字頭,,gwong2 zi6 tau4,,漢字偏旁，广字旁,454,,已校,
9885,廣府,,gwong2 fu2,,指廣州：～話丨～人,454,,已校,
9886,狂,,kwong4,,①癲狂：咪咁～丨唔好玩到咁～ ②迷得發狂：追女仔追到～晒<追姑娘追得都瘋了>,454,,已校,
9887,曠廢,,kwong3 fai3,,①棄置，用於房屋、大機器等：好耐唔用，都～咗 ②荒疏，用於學業、技藝等：幾十年唔用，學過啲外文都～晒咯,454,,已校,
9888,曠闊,,kwong3 fut3,,寬敞：間房好～丨校園好～,454,,已校,
9889,王字邊,,wong4 zi2 bin1,,漢字偏旁，斜玉旁,454,,已校,
9890,王老五,,wong4 lou5 ng5,,指光棍兒，無妻的男子,454,,已校,
9891,皇帝女,,wong4 dai3 neoi5*2,,喻自恃有後臺、有本事的人。歇後語，下句“唔憂嫁”，不愁無人要,454,,已校,
9892,黄馬㡁,,wong4 maa5 kwaa2,,指獲得重用的皇親國戚：呢個～來㗎 ‖ 㡁，廣韵馬韵苦瓦切：“㡁，衿袍也”,454,,已校,
9893,黄芽白,,wong4 ngaa4 baak6,,廣東大白菜 ‖ 也叫“肇菜 siu6 coi3”,454,,已校,NA：“肇菜”的“菜”原書注音音高爲44而非33。
9894,黄絲蟻,,wong4 si1' ngai5,,一種極小的黄螞蟻，常入人家偷吃爲害：頭髮梳到～都躝唔上<喻頭髮梳得光滑>,455,,已校,
9895,黄牌,,wong4 paai4*2,,麻將術語。摸牌到規定限度，四家都不“和”叫“摸黄”，也叫“黄牌”,455,,已校,
9896,黄皮,,wong4 pei4*2,,一種果子，粒大如葡萄，黄色，味酸甜，夏天食之，去暑熱，助消化,455,,已校,
9897,黄泡,,wong4 paau1',,臉黄而浮腫：塊面冇～嘞｜～𠆶熟,455,,已校,
9898,黄泡仔,,wong4 paau1' zai2,,①小賊 ②舊時指兵,455,,已校,
9899,黄泡𠆶熟,,wong4 paau1' dam3 suk6,,色黄而浮腫 ‖ 也説“黄泡𠆶壽 wong4 paau1' dam3 sau6”,455,,已校,
9900,黄狗頭,,wong4 gau2 tau4,,一種野生植物的地下莖，上生黄毛，可食，根可治外傷流血 ‖ 也叫“黄狗毛 wong4 gau2 mou4*1”,455,,已校,
9901,黄牛黨,,wong4 ngau4 dong2,,指投機倒把者,455,,已校,
9902,黄毛,,wong4 mou4*1,,黄頭髮：～仔<黄毛小子>｜～女<黄毛丫頭>,455,,已校,
9903,黄黚黚,,wong4 kam4 kam4,,黄乎乎的，黄得黯淡無光：個面～噉 ‖ 黚，廣韵侵韵巨金切：“黄黑色”,455,,已校,
9904,黄䘆,,wong4 hyun2,,蚯蚓 ‖ 䘆，集韵阮韵許偃切：“寒䘆，蟲名，蚯蚓也。”古開口，今讀如撮口韵,455,,已校,
9905,黄凈,,wong4 zeng6,,黄而漂亮：啲蒲桃好～啫｜隻鷄整出來幾～,455,,已校,
9906,黄猄,,wong4 geng1,,一種野生動物，小型的鹿類，可食：瓦鐺炆～,455,,已校,
9907,黄爽爽,,wong4 song2 song2,,黄得鮮明可愛,455,,已校,
9908,黄黄淤淤,,wong4 wong4 jyu2 jyu2,,①（肉類）不新鮮，無光澤 ②（事物）不像樣子，不三不四 ③（人）無本事；無學問，半瓶子醋,455,,已校,
9909,黄蜂竇,,wong4 fung1 dau3,,①馬蜂窩，喻惡人：你唔好撩着佢～啊 ②黄蜂巢，可入藥，生草藥的一種,455,,已校,
9910,黄六,,wong4 luk6,,①辦事不三不四，不實在：佢做野好～㗎！ ②（物品）不地道，質不佳：呢啲～野啫<這些是破爛貨罷了>,455,,已校,
9911,黄六醫生,,wong4 luk6 ji1' sang1,,庸醫 ‖ 簡稱“黄六 wong4 luk6*2”,455,,已校,
9912,枉,,wong2,,白白，徒然：誓～願｜你去都係～去啫｜啲荔枝唔食得，～買嘞｜食～米<白吃飯，不做事>,455,,已校,
9913,枉費,,wong2 fai3,,徒然耗費：～心機｜～你對佢咁好｜～佢噉樣做咯,455,,已校,
9914,往陣,,wong5 zan6*2,,過去，以往 ‖ 也説“往陣時 wong5 zan6 si4*2”,455,,已校,
9915,旺,,wong6,,①熱鬧，繁華：呢條街好～｜～地｜租間～鋪<在繁華地方租個鋪子> ②生意興旺：佢間鋪好～｜第十甫地頭又～喇 ③使興旺：呢個細路哥～父母｜佢隻狗～主人,455,,已校,
9916,旺市,,wong6 si5,,買賣興隆（與“淡市”相對）,455,,已校,
9917,旺月,,wong6 jyut6*2,,生意興旺的時期（與“淡月”相對）,455,,已校,
9918,埲,,bung6,,量詞。用於牆，相當於“堵”：一～牆 ‖ 借用字,456,,已校,
9919,䭰,,bung6,,量詞。一股（氣味），一陣（氣味）：一～𡃴<一股味兒>丨一～香味丨好大一～𡃴<氣味真大> ‖ 集韵董韵蒲蠓切：“香氣盛也”,456,,已校,NA：用例中“𡃴”在原書中作詞頭時用“𪡷”。
9920,塳塵,,pung1' can4,,積塵：張枱塳滿塵丨食完飯要蓋住的野，唔係就～嘅喇,456,,已校,
9921,蓬蓬鼓,,pung4 pung4 gu2,,舊時走街串巷賣膏藥者打的小鼓,456,,已校,
9922,蓬蓬鬆鬆,,pung4 pung4 sung1' sung1',,（毛髮類）鬆散開：頭髮～,456,,已校,
9923,塳,,pung4*1',,①（灰塵）蒙蓋：～咗成頭煙塵丨間房～咗好多塵 ②以紙、布虛遮（物）：攞張紙～住佢 ③（蠅）落於（物）：～過烏蠅嘅野就唔好食咯 ‖ 集韵東韵蒲蒙切：“塵也”,456,,已校,
9924,捧,,pung2,,①雙手托着：～茶丨～住托盤 ②奉承，替人吹噓：～場丨～戲子丨～歌星,456,,已校,
9925,捧會尾,,pung2 wui6 mei5,,最後一個使會錢，得到的利息多於先使會錢者,456,,已校,
9926,捧場,,pung2 coeng4,,①在表演場所贊賞演員的表演 ②故意爲别人的某種活動或局面吹噓,456,,已校,
9927,碰,,pung3,,①碰撞，撞擊：唔好～跌佢 ②遇，偶遇：今早我～到佢丨～面 ③試探：～機會丨～運氣丨～彩 ④麻將用語。湊成三張相同的牌時，攤開叫“碰”,456,,已校,
9928,碰埋頭,,pung3 maai4 tau4,,所見，到處：年卅晚去花市，～都係花<到處都是花>,456,,已校,
9929,碰到和尚,,pung3 dou3*2 wo4 soeng6*2,,不好的兆頭，要倒霉。因和尚、尼姑是空門中人，空與凶同音,456,,已校,
9930,碰着黑,,pung3 zoek6 hak1,,碰釘子：頭頭～<處處碰釘子>,456,,已校,
9931,蠓,,mung1,,一種極小的黑色飛蟲，咬人很疼很癢 ‖ 廣韵東韵莫紅切：“蠓蠛，似蚊”,456,,已校,
9932,曚曚光,,mung1' mung1' gwong1',,天才亮，蒙蒙亮 ‖ 也説“天曚曚 tin1' mung1' mung1'”或“天曚光 tin1' mung1' gwong1'”,456,,已校,
9933,矇,,mung1',,眯縫着（眼）：佢～起隻眼丨近視佬～起隻眼重睇唔到丨眼～～ ‖ 廣韵東韵莫紅切：“矇瞽”,456,,已校,
9934,矇忪,,mung1' sung1',,剛睡醒的樣子,456,,已校,
9935,矇,,mung4,,眼睛昏花，看不清楚：眼～,456,,已校,
9936,矇查查,,mung4 caa4 caa4,,稀里糊塗，弄不清楚：呢件事我都～嘅,456,,已校,
9937,朦,,mung4,,（視、聽）不清楚，模糊：報紙啲字好～，睇唔真丨電話好～，聽唔真,456,,已校,
9938,朦朦茶茶,,mung4 mung4 caa4 caa4,,（物）不明亮，（字）不清楚：個眼鏡～嘅丨嗰張紙寫得～,456,,已校,
9939,懵,,mung2,,（人）不明理，渾：你都～嘅丨～懂丨～佬<渾人> ‖ 廣韵董韵莫孔切：“心亂貌。”集韵：“懵懵，無知貌”,456,,已校,
9940,懵閉閉,,mung2 bai3 bai3,,蒙在鼓裏，不明真相：你都係～嘅 ‖ 也説“懵懵閉”,457,,已校,
9941,懵䒏䒏,,mung2 sang3 sang3,,渾然無知，糊塗貌 ‖ 䒏，集韵登韵思登切：“䒐䒏，神亂。”古平聲，今口語讀去聲,457,,已校,
9942,懵懂,,mung2 dung2,,渾，糊塗無知：你個老～,457,,已校,
9943,封,,fung1,,布面的寬度，幅寬：雙～布丨呢隻布好闊～,457,,已校,
9944,封,,fung1',,①量詞。用於裝封套的東西：一～信丨一～利市<一個紅包> ②封閉：～住個樽口丨～兩包利市畀佢丨～實佢丨～屋,457,,已校,
9945,封相,,fung1' soeng3,,指得意，得志，過得舒服，包括升官、發財等：佢家下～咯,457,,已校,
9946,風,,fung1',,①氣流：翻～<颳風>丨打～舊<颳颱風> ②風吹，用扇車吹去穀中雜物：～穀丨～乾 ③景象：～景丨～光 ④態度：作～丨～度 ⑤風氣：民～丨校～丨家～,457,,已校,
9947,風櫃,,fung1' gwai6,,扇車，揚稻穀的風車：用～來風穀,457,,已校,
9948,風兜,,fung1' dau1,,搭在天窗上的通風設備，用竹和葵製成，使東南風吹入房中,457,,已校,
9949,風舊,,fung1' gau6,,大風，颱風：打～丨～尾 ‖ 舊，同音字,457,,已校,
9950,風舊墩,,fung1' gau6 dan2,,①産生颱風的雲團 ②喻惹是生非者 ‖ 墩，本讀陰平或高平，這裏是變讀音,457,,已校,
9951,風爐,,fung1' lou4*2,,燒炭的小泥爐,457,,已校,
9952,風水尾,,fung1' seoi2 mei5,,①指敗家子，不成器的人 ②時運到了末路,457,,已校,
9953,風㫱,,fung1' naan3,,風疹，風疙瘩：出～ ‖ 㫱，集韵諫韵乃諫切：“㬄㫱，溫濕。一曰小赤”,457,,已校,
9954,風扇,,fung1' sin3,,電扇 ‖ 早先叫“電風扇 din6 fung1' sin3”,457,,已校,
9955,風猛竹,,fung1' maang5 zuk1,,大風中的竹子，喻搖擺不定者，立場不穩者,457,,已校,
9956,風光,,fung1' gwong1',,鋪張，熱鬧，體面：佢地個婚禮幾咁～啊,457,,已校,
9957,風栗,,fung1' leot6*2,,栗子：糖沙炒～,457,,已校,
9958,風色,,fung1' sik1,,①風勢：撑船要睇～ ②形勢：你做事都唔睇下～嘅？,457,,已校,
9959,蜂肚,,fung1' tou5,,（牛羊的）蜂巢胃,457,,已校,
9960,逢親,,fung4 can1',,一遇着，凡是：～有人來佢都走開,457,,已校,
9961,逢親各戚,,fung4 can1' gok3 cik1,,所有的親戚：～都話佢好,457,,已校,
9962,逢人憎,,fung4 jan4 zang1',,人人討厭,457,,已校,
9963,奉旨,,fung6 zi2,,照例：禮拜～唔返工<星期日照例不上班>丨佢～唔做野,457,,已校,
9964,鳳爪,,fung6 zaau2,,作爲食品的鷄爪子,457,,已校,
9965,鳳仙花,,fung6 sin1' faa1,,一種草花，花瓣能染紅指甲，花形似燈盞 ‖ 也叫“燈盞花 dang1 zaan2 faa1”或“指甲草 zi2 gaap3 cou2”,457,,已校,
9966,鳳凰樹,,fung6 wong4 syu6,,常見的一種觀賞樹木，五六月間花盛開如火，名鳳凰花。此樹因能遮陰，又名“影樹”,457,,已校,
9967,冬大過年,,dung1 daai6 gwo3 nin4,,俗諺。過冬至節比過年還重要,457,,已校,
9968,冬瓜豆腐,,dung1 gwaa1' dau6 fu6,,俗指意外的情况、不吉利的事情：你如果有啲～，唔好來搵我 ‖ 也説“菠菜豆腐 bo1' coi3 dau6 fu6”,457,,已校,
9969,冬瓜盅,,dung1' gwaa1' zung1,,著名粵菜，用整個冬瓜製作的菜肴：八寳～,458,,已校,
9970,冬果,,dung1' gwo2,,過年時賣的各色油炸小麵食，有長條的、方的、圓的及其他形狀的,458,,已校,
9971,冬菇,,dung1' gu1,,一種香菇，味鮮美：炖～丨釀～,458,,已校,
9972,東支西散,,dung1' zi1' sai1' saan3,,①（人）分散各處：一班姊妹都～ ②（東西）散失,458,,已校,
9973,東莞臘腸,,dung1' gun2 laap6 coeng4*2,,東莞出的臘腸，很有名。因其短而粗，故借以喻矮胖者,458,,已校,
9974,東風螺,,dung1' fung1' lo4*2,,常見的一種陸棲大蝸牛，學名“褐雲瑪瑙螺”，味美可食,458,,已校,
9975,凍,,dung3,,①涼：茶～咗，唔好飲嘞丨攤～佢<晾晾它>丨～水丨～過水 ②（天氣）冷，使人冷：今日好～丨～冰冰丨～親<着涼>丨～手～腳 ③喻無希望，完蛋：呢件事～晒<這事全完了>,458,,已校,
9976,凍,,dung3*2,,魚肉類菜肴的汁凝結成的塊狀物：啲肉汁凝咗～,458,,已校,
9977,凍過水,,dung3 gwo3 seoi2,,①比水還涼，極言其涼 ②比喻無希望，要完蛋：條命～<性命難保>丨呢一萬文～<這一萬元没希望了>,458,,已校,
9978,凍滾水,,dung3 gwan2 seoi2,,涼開水，北京叫“涼白開”,458,,已校,
9979,戙,,dung6,,①木柱子：一條～丨徛～<舊式房屋門口的防護裝置，由若干根木柱組成，可裝卸> ②量詞。叠，摞：攪到我一～都冇<賭錢賭輸了>丨一～天九牌丨一～磚丨一～書 ③豎起：～起條杉丨～起條柱丨～起隻腳<把腳放在椅子上坐着>丨毛管～ ④副詞。竪着：～～徛<直立>丨打～寫<直着寫> ⑤形容詞後綴，表示直立：高～～ ⑥漢字的筆畫，竪：一點一横一～ ‖ 集韵送韵徒弄切：“杙也”,458,,已校,
9980,戙大杉,,dung6 daai6 caam3,,把杉篙豎立起來，喻改作業時用紅筆在字旁畫上直杠 ‖ 也説“打杠 da2 gong3”,458,,已校,
9981,戙徛,,dung6 kei5*2,,漢字的筆畫，一竪,458,,已校,
9982,戙徛水魚,,dung6 kei5 seoi2 jyu4*2,,喻矮胖的人,458,,已校,
9983,戙起牀板,,dung6 hei2 cong4 baan2,,不睡覺，指加夜班幹活兒,458,,已校,
9984,戙㞘徛,,dung6 duk1 kei5,,①直着放，竪着：將條竹～丨個衣架～擺落嗰處 ②呆立不動：佢～喺度<他呆呆地站在這兒>,458,,已校,
9985,通,,tung1',,①徹，整個：～宵丨～夜丨平～港九<全港九最便宜> ②使通暢：～煙筒丨～<劐開>鷄腸丨～坑渠 ③有路達到：呢條路直～廣州 ④没有堵塞，可以穿過：～車丨～風丨禁止～行 ⑤連接，相來往：～商丨～郵 ⑥傳達，使知道：～知丨～報 ⑦普通，一般：～常丨～例 ⑧了解，懂得：同佢都講唔～嘅,458,,已校,
9986,通書,,tung1' syu1,,曆書，皇曆。俗稱“通勝”或“通贏”，因書與輸同音，不吉利,458,,已校,
9987,通拉,,tung1' laai1',,副詞。①一般，通常：～講嘅啫<一般説説罷了> ②平均，拉平：～都係三幾文一斤啫<平均也是三塊來錢一斤罷了>,458,,已校,
9988,通氣,,tung1' hei3,,識趣，知趣：你真係“電燈膽，唔～<歇後語>”,458,,已校,
9989,通透,,tung1' tau3,,透徹，明白：等我想～，然後話你知,458,,已校,
9990,通喉,,tung1' hau4,,説話聲音大，嗓門兒高：乜你～咩！,458,,已校,
9991,通水,,tung1' seoi2,,①考試作弊，傳小抄 ②串通，通風報信,459,,已校,
9992,通心,,tung1' sam1',,空心的：～粉｜～煎𩛍,459,,已校,
9993,通關鼻,,tung1' gwaan1' bei6,,鼻梁平直,459,,已校,
9994,通天曉,,tung1' tin1' hiu2,,萬事通，無所不知的人：佢正係～呀,459,,已校,
9995,通堂老倌,,tung1' tong4 lou5 gun1',,會扮演各種角色的粵劇演員,459,,已校,
9996,通窿殼,,tung1' lung4*1' hok3,,漏勺，廚房用具 ‖ 也叫“疏殼 so1' hok3”,459,,已校,
9997,通竉,,tung1' lung5*2,,中間通的，有孔的：整到個燈籠四便～｜條竹杠～嘅,459,,已校,
9998,同,,tung4,,①相同，一樣：～學｜～鄉｜～班輩｜～事｜～班｜～房 ②和，跟：我～你去｜我～埋佢一齊來 ③介詞。表示替人做事，相當於“給”：我～你買喇｜呢件衫係佢～我做嘅｜唔該你～我講佢聽喇 ④一起，一塊兒：～住｜～撈～煲｜～食 ⑤介詞。引進動作的對象，相當於“跟”：有件事～你商量 ⑥介詞。引進比較的事物，相當於“跟”：佢～你一樣年紀,459,,已校,
9999,同撈同煲,,tung4 lou1' tung4 bou1',,親密合作，患難與共,459,,已校,
10000,同班輩,,tung4 baan1' bui3,,年紀、地位、行業都相近：佢同我嘅仔係～嘅人,459,,已校,
10001,同屋住,,tung4 uk1 zyu6*2,,同住在一所房子中的各户人之間互稱：佢係我～,459,,已校,
10002,桐油灰,,tung4 jau4 fui1',,用桐油製成的灰泥，用來填補木器的孔、縫，北京叫“膩子”,459,,已校,
10003,筒,,tung4,,量詞。用於長筒形物等：一～鼻涕｜一～袖<隻袖子>｜一～糖｜一～碗<十隻碗>｜一～筷子<十雙筷子>｜一～匙羹<十把羹匙>,459,,已校,
10004,筒,,tung4*2,,把衣服一件套一件地套好，目的是穿時省事：～好件衫喇,459,,已校,
10005,筒裙,,tung4*2 kwan4,,襯裙的舊稱 ‖ 也叫“底裙 dai2 kwan4”,459,,已校,
10006,筒長衫,,tung4*2 coeng4 saam1,,舊時穿在長袍内的襯袍 ‖ 也説“底長衫 dai2 coeng4 saam1”,459,,已校,
10007,銅銀,,tung4 ngan4*2,,假銀元：～買癲茄<熟語。互相騙>｜使～夾大聲<熟語。做了壞事還蠻横>,459,,已校,
10008,童子鷄,,tung4 zi2 gai1,,嫩鷄，筍鷄 ‖ 也叫“子鷄 zi2 gai1”,459,,已校,
10009,痛,,tung3,,①疼痛：頭～｜你打得我好～ ②疼愛：我好～我個仔 ③用鼻子親（人）：～一下面珠<臉蛋兒>,459,,已校,
10010,𪒬,,nung1',,①煳，焦：煮～飯<燒焦了>｜燒～咗｜◇荷包～<没有錢了> ②糟糕：呢件事攪～咗咯 ‖ 集韵鍾韵尼容切：“𪒒𪒬，黑甚。”俗寫作“燶”,459,,已校,
10011,𪒬起個面,,nung1' hei2 go3 min6,,黑着臉，板着臉,459,,已校,
10012,𪒬飯茶,,nung1' faan6 caa4,,用焦鍋巴煮成的飲料,459,,已校,
10013,龍,,lung4*2,,銀錢，源於滿清時的“龍洋”：刮～<貪污，非法謀財>｜粗～<大量不義之財>｜鹹～<港幣>,459,,已校,
10014,龍馬精神,,lung4 maa5 zing1' san4,,好精神：佢今晚真係～啊！,459,,已校,
10015,龍頭,,lung4 tau4*2,,自來水管上的開關 ‖  也叫“龍喉 lung4 hau4”,459,,已校,
10016,龍舟水,,lung4 zau1 seoi2,,端午節前後的洪水,460,,已校,
10017,龍鬚菜,,lung4 sou1' coi3,,荷蘭豆的苗,460,,已校,
10018,龍眼,,lung4 ngaan5,,南方著名水果之一，圓形，皮黄褐色，果肉白色，味甜，可入藥：～乾 ‖ 也叫“圓眼 jyun4 ngaan5”,460,,已校,
10019,龍門,,lung4 mun4,,①足球場的球門：守～ ②守門員 ‖ 也説“大門 daai6 mun4”,460,,已校,
10020,龍精虎猛,,lung4 zing1' fu2 maang5,,生龍活虎，精神十足,460,,已校,
10021,龍鳳胎,,lung4 fung6 toi1',,一男一女的雙胞胎,460,,已校,
10022,龍拱,,lung4 gung2,,虹 ‖ 也叫“天虹 tin1' gong3”,460,,已校,
10023,龍蝨,,lung4 sat1,,一種黑色硬殼水蟲，可食，常見的屬黄緣龍蝨 ‖ 也叫“水曱甴 seoi2 gaat6 zaat6”,460,,已校,NA：“曱甴”在原書其他詞條或作“甴曱”。
10024,龍骨,,lung4 gwat1,,豬脊椎骨：買啲～煲湯,460,,已校,
10025,籠,,lung4,,①籠子：蝦～丨豬～丨雀～丨鷄埋～<鷄入籠> ②籠屜：蒸～丨出～大包,460,,已校,
10026,籠,,lung4*2,,把雙手揣入袖口内：～埋手,460,,已校,
10027,竉,,lung5*1,,孔穴，洞：穿～丨挖一個～丨鼻哥～丨耳～丨屎胐～<肛門>丨老鼠～丨擘大個口得個～丨蛇～ ‖ 廣韵董韵力董切：“孔竉。”俗寫作“窿”,460,,已校,
10028,竉罅,,lung5*1 laa3,,①洞穴 ②可乘之機：個處有啲～，入得手噃,460,,已校,
10029,竉路,,lung5*1 lou6,,①類，用於人（貶義）：佢地係同埋嗰～嘅，又賭錢又呃<騙人> ②謀生的門路：同我睇下有乜野～吖,460,,已校,
10030,籠,,lung5,,①大箱子：木～丨皮～丨鐵～丨樟木～丨箱箱～～ ②一套（詭計、陰謀等）：你嗰～野有乜用吖<你那一套玩藝有什麼用啊>？丨睇穿你～野<看破那套詭計> ‖ 廣韵董韵力董切：“竹器”,460,,已校,
10031,弄險,,lung6 him2,,冒險：你噉做即係～啊,460,,已校,
10032,弄𧼩,,lung6 cung3,,①舉動莽撞：佢個人好～丨做事幹好～ ②言語莽撞：佢講説話好～ ‖ 𧼩，集韵用韵昌用切：“挵𧼩，邪行”,460,,已校,
10033,盅,,zung1,,有蓋的碗、瓷罐之類：焗～<泡茶的蓋碗>丨炖～丨湯～丨冚～<蒸飯的陶器>丨參～<炖人參的盅> ‖ 俗借字，本字爲“鍾”,460,,已校,
10034,鐘,,zung1,,①鐘錶，時鐘：時辰～丨鬧～丨掛～丨電～丨座～ ②銅、鐵做的響器，中空：銅～丨打～ ③時間，鐘點：夠～<到點>丨過～丨點零～<一點多>丨五點零～落班,460,,已校,
10035,鐘數,,zung1 sou3,,時間，鐘點：啲粥都煲夠～嘅嘞，食得咯,460,,已校,
10036,蹱瘟鷄,,zung1' wan1' gai1',,①喻暈頭轉向、步履不穩者：佢行路好似～噉丨～你呀！ ②喻辦事無計劃者,460,,已校,
10037,中意,,zung1' ji3,,喜愛，喜歡：我～呢樣<我喜愛這一種>,460,,已校,
10038,中褸,,zung1' lau1,,短大衣：法蘭絨女～,460,,已校,
10039,中停,,zung1' ting4*2,,中等，多用於貨物,460,,已校,
10040,中中地,,zung1' zung1 dei6*2,,中不溜，中等，不好不壞,460,,已校,
10041,蹱,,zung1',,①頭朝下栽下去：～水丨～井丨～塘丨由上便～落來 ②走路的姿勢向前栽：阿跛行路，～～下 ‖ 廣韵鍾韵職容切：“躘蹱，小兒行貌”,460,,已校,
10042,終之,,zung1' zi1',,副詞。到底，到頭來 ‖ 也説“卒之 zeot1 zi1'”,460,,已校,
10043,終須,,zung1' seoi1',,終究，終會：～有日發達｜命有～有,461,,已校,
10044,舂,,zung1',,①把粗米放在碓臼中搗：～米｜～米佬 ②搗物：將啲豆～爛佢｜～爛啲藥,461,,已校,
10045,舂杵,,zung1' cyu5,,春米用的木杵,461,,已校,
10046,舂臽,,zung1' ham2,,搗米用的石臼 ‖ 臽，廣韵感韵苦感切：“小穽名也”,461,,已校,
10047,舂臽仔,,zung1' ham2 zai2,,中藥店用的搗藥小臼，銅製或石製，配以銅杵,461,,已校,
10048,舂牆,,zung1' coeng4,,①用紅泥和沙石搗實築牆 ②頭向牆撞去：没[mei˨]水～都同你去做<朋友兩肋插刀>,461,,已校,
10049,摏,,zung1',,用拳頭由上向下打：～佢一拳 ‖ 廣韵鍾韵書容切：“撞也”,461,,已校,
10050,中,,zung3,,①正對上，恰好合上：估～｜打～目標｜～獎｜～彩｜～馬標 ②受到，遭受：～暑｜～毒｜～計｜～風,461,,已校,
10051,中指,,zung3 zi2,,第三個手指,461,,已校,NA：現在（2020s）習讀zung1 zi2。
10052,衆,,zung3,,①人多，熱鬧：舊時惠愛路係好～概地方喎｜呢處地方～唔～㗎？ ②量詞。個，位，用於和尚：一～僧｜你請幾～和尚來打齋呢？ ③許多（與“寡”相對）：～多｜～人 ④許多人：群～｜觀～,461,,已校,
10053,種,,zung3,,①種植：～花｜～瓜｜～菜 ②接種（牛痘）：～痘,461,,已校,
10054,粽,,zung3*2,,食品，用竹葉包着糯米煮熟吃：裹蒸～｜蓮茸～｜火腿～｜梘水～,461,,已校,
10055,縱,,zung3,,慣，寵：細路畀佢～壞咯<這孩子被他寵壞了>｜～慣,461,,已校,
10056,重,,zung6,,①副詞。仍，還：～未去呀？｜～有佢啊？｜咁好睇～話醜<這麼好看還説難看>｜成日冲涼都～係熱｜佢～喺處｜我～要買啲添 ②副詞。更加：揸車～快喇<開車更快>｜你唔去～好 ③重要：～地｜～任｜～責 ④程度深：情意～｜～傷 ⑤重視：尊～｜～男輕女 ⑥不輕率：慎～｜自～,461,,已校,
10057,重兼,,zung6 gim1',,而且還，還加上：佢個女生得靚～聰明,461,,已校,
10058,涌,,cung1,,引河水的渠道，相當於小河，也可以行船 ‖ 俗借字,461,,已校,
10059,涌滘,,cung1 gaau3,,小河灣，涌水的轉彎處 ‖ 滘，俗字，集韵寫作“漖”,461,,已校,
10060,充,,cung1',,①滿足：～滿｜～分｜～實｜～其量 ②裝滿，塞住：～電｜～假貨<把假貨混入真貨之中> ③擔任，當：～任｜～當 ④冒充：～斯文｜～内行｜～闊佬｜～官仔｜～數,461,,已校,
10061,充大頭鬼,,cung1' daai6 tau4 gwai2,,①資格不足而硬充數，没本事硬是自誇：佢話佢做得來，佢～啫嘛｜南郭先生正式～嘞 ②無錢而裝富,461,,已校,
10062,充大枱,,cung1' daai6 toi4*2,,擺闊氣，充闊佬,461,,已校,
10063,充撑,,cung1' caang1',,交際，應酬：唔出去～下边處得啊！冇得撈㗎｜我都出來～下，至搵得到野做,461,,已校,
10064,充硬,,cung1' ngaang6,,硬充：佢～闊佬啫<他不過充闊氣罷了>,461,,已校,
10065,冲,,cung1',,①用水澆洗：畀水～下隻腳｜～涼<洗澡> ②用開水泡：～茶｜呢啲藥要～來飲嘅 ③（往暖瓶）灌開水：～滾水｜～咗水未呀？ ④冲洗（相片）：將相底送去～,461,,已校,
10066,冲,,cung1',,①很快向前：～鋒｜～撞｜～過去 ②攻下來（工作）：～埋呢一份<把這點事拿下來>,461,,已校,
10067,冲茶,,cung1' caa4,,用開水泡茶,462,,已校,
10068,冲菜,,cung1' coi3,,一種常見的鹹菜，用大頭菜製成,462,,已校,
10069,冲淡水,,cung1' taam5 seoi2,,緩解，淡化（事情）：嗰單野本來都好傑嘅嘞，全靠佢～啫<這件事本來都糟透了，全靠他給化解了>,462,,已校,
10070,冲涼,,cung1' loeng4,,洗澡：～房<洗澡間>｜～盆 ‖ 也説“洗身 sai2 san1'”,462,,已校,
10071,重,,cung5,,①重量：一個銀錢有七錢二分～｜秤下有幾～<約略有多重> ②重量大：呢張椅好～｜◇任務好～ ③程度深：佢病得好～,462,,已校,
10072,重手,,cung5 sau2,,幹活兒手重（與“輕手”相對）：拎野唔好咁～｜洗碗唔好咁～,462,,已校,
10073,重秤,,cung5 cing3,,壓秤，分量重（與“輕秤”相對）：啲沙梨好～嘅噃,462,,已校,
10074,揰,,cung3,,①碰：～跌佢｜～親<碰傷> ②捅：用竹篙～穿瓦背 ‖ 集韵用韵昌用切：“推擊也”,462,,已校,
10075,鬆,,sung1,,①切碎而炒的菜肴：豆角～｜芽菜～｜蠔豉～ ②煮熟炒乾的肉類碎末：魚～｜肉～｜鷓鴣～,462,,已校,
10076,鬆,,sung1',,①鬆散（與“緊”相對）：呢件行李綁得好～ ②織毛織時脱針：織冷衫時要注意，唔好～咗 ③使鬆，放鬆：～下腰帶｜～啖氣｜～下腳骨 ④經濟寬裕：手頭～ ⑤不堅實：～脆｜～化鷄蛋糕 ⑥放開：～手 ⑦用在數量詞之後，表示稍有富餘（多和“啲”連用）：十斤～啲<十斤多一點兒>｜八十文[mɐn˥]～啲,462,,已校,
10077,鬆化,,sung1' faa3,,（食物）鬆，暄（與“硬實”相對）：啲麵包好～,462,,已校,
10078,鬆毛狗,,sung1' mou4 gau2,,獅子狗，長毛狗,462,,已校,
10079,鬆毛鬆翼,,sung1' mou4 sung1' jik6,,羽毛鬆散：啲鷄～嘞，就要死嘞,462,,已校,
10080,鬆糕,,sung1' gou1,,以米粉、紅糖蒸的糕，多用做早點,462,,已校,
10081,鬆人,,sung1' jan4,,走人，溜走：盲佬抌骨，～<歇後語> ‖ 也説“走人 zau2 jan4”,462,,已校,
10082,鬆拂拂,,sung1' fat1 fat1,,鬆散貌：綁到～｜件笠衫～<這綫衣大而鬆> ‖ 也説“鬆匹匹 sung1' pat1 pat1”,462,,已校,
10083,鬆骨,,sung1' gwat1,,捶打身體以舒筋骨,462,,已校,
10084,送,,sung3,,①贈送：～禮｜佢～我一枝筆｜～節<過節送禮> ②陪着離去的人一起走：～佢落船｜～我上車｜～親 ③就（着吃），搭配（着吃）：茶瓜～飯｜花生～酒 ④把東西送去或拿去給人：～貨｜～關<送聘書給教師> ⑤迷信舉動，把不好的東西打發走：～鬼｜～窮｜～蟻公,462,,已校,
10085,送嫁嫲,,sung3 gaa3 maa4*2,,舊時的送親奶奶,462,,已校,
10086,送車,,sung3 ce1,,送人上車遠行,462,,已校,
10087,送年,,sung3 nin4,,舊俗送年禮，柑、橙、蘋果、臘味、鷄、燒酒等，讓僕人挑着盒子遍送親友,462,,已校,
10088,餸,,sung3,,①菜肴：睇～食飯｜煮～｜今朝冇乜～｜好大～<很能吃菜> ②泛指蔬菜、肉類等：去街買～ ‖ 俗字，本字爲“送”,462,,已校,
10089,餸菜,,sung3 coi3,,菜肴：边間酒樓至好～呢？——人話南園好喎！,462,,已校,
10090,餸隔,,sung3 gaak3*2,,做飯時在飯面上蒸菜用以支着碟子的竹架或鐵絲架子 ‖ 也叫“餸架 sung3 gaa3*2”或“飯隔 faan6 gaak3*2”,462,,已校,
10091,公,,gung1,,①雄性（動物、植物）：鷄～｜貓～｜狗～｜豬～｜木瓜～<不結果的木瓜樹>  ②男人：盲～｜衰～｜伯爺～<老頭兒>  ③用於某些名詞之後，有“大”義：蝦～｜手指～｜腳趾～  ④指人：剩返我地兩支～喺屋企<只剩下我們兩個人在家>｜你一支～去边處呀？,463,,已校,
10092,公仔,,gung1 zai2,,小玩偶，小人兒：木頭～｜扯綫～<牽綫木偶>｜石灣～｜～書<小人兒書>｜～餅<人形小餅乾>,463,,已校,
10093,公仔紙,,gung1 zai2 zi2,,特指香烟盒内的畫片,463,,已校,
10094,公頭,,gung1 tau4*2,,象棋的將、帥：將佢～｜～唔走得嘞<老帥跑不了啦>,463,,已校,
10095,工夫,,gung1‘ fu1’,,事情，活兒：做～｜呢啲～難做｜男女嘅～唔同,463,,已校,
10096,工夫罧,,gung1‘ fu1’ lam6,,大堆的工作，極言活兒多：佢成日都錑[lɵy˥˧]<鑽>落個～處，边有時間去玩啊？‖ 參看“罧”,463,,已校,
10097,工仔,,gung1' zai2,,僱工,463,,已校,
10098,公,,gung1',,①屬於國家或集體的（與“私”相對）：～事｜～款｜～園｜～路｜～物｜～數<公家的賬>  ②共同的，大家承認的：～約｜同業～會  ③屬於國際間的：～海｜～曆  ④公正，公平：～心  ⑤使公開：～布｜～之於衆  ⑥公事，公務：辦～,463,,已校,
10099,公座椅,,gung1' zo6 ji2,,有靠背的方椅，多是酸枝木做的,463,,已校,
10100,公心,,gung1' sam1',,公正，公道,463,,已校,
10101,公脚步,,gung1' goek3 bou6,,戲臺上的四方步,463,,已校,
10102,功夫,,gung1' fu1',,武藝，武術：打～<練武術>,463,,已校,
10103,功夫仔,,gung1' fu1' zai2,,武功， 拳術：佢都有幾道～嘅噃<他也有兩下子拳腳哪>,463,,已校,
10104,攻打四方城,,gung1 daa2 sei3 fong1' sing4,,打麻將的另一種説法 ‖ 也説“打麻雀 daa2 maa4 zoek3*2”,463,,已校,
10105,攻鼻,,gung1' bei6,,（氣味）刺激鼻子，鑽鼻子：～辣菜 ‖ 也説“鑽鼻 gyun1' bei6”,463,,已校,
10106,供,,gung1',,①招供，供認：將佢～出來  ②供給：～佢讀書｜～個仔留學  ③分期付款：～樓<分期付款買樓房>｜月～三千文<每月付三千元>,463,,已校,
10107,供會,,gung1' wui6*2,,交納會費。組織錢會之後，每人每月要交若干錢,463,,已校,
10108,恭𢚁,,gung1' gei6,,恭敬，必恭必敬：佢對佢親家好～ ‖ 𢚁，集韵志韵渠記切：“敬也”,463,,已校,
10109,拱,,gung2,,①拱形：好似一個～噉樣  ②拱起成弓形，鼓起：隻貓～起腰｜個袋～起身<口袋鼓起來>  ③彎曲成弧形的：～橋｜～門,463,,已校,
10110,愩,,gung3,,①爬，鑽：～來～去｜一黑就～上牀｜幾個人～埋一堆｜兩頭～｜㤢㤢～｜摸摸～｜啲餅畀蟲～過  ②向外探：～個身出來<把身子探出來> ‖ 集韵送韵古送切：“心動也。”借用字,463,,已校,
10111,共,,gung6,,①連詞。和：抬～擔有乜唔同處呢？｜我～你都係中國人  ②共同具有或承受：同甘～苦｜～患難  ③副詞。在一起，一齊：～鳴｜～食一鑊飯,463,,已校,
10112,𣑦,,kung4*1',,量詞。用於植物的果實、花朵，相當於“掛、串、枝”：一～香蕉｜一～粟米<玉米>｜一～花 ‖ 廣韵鐘韵渠容切：“稰也。”稰，私呂切：“熟穫”,463,,已校,NA：《廣韻》中釋義爲“稰也”的字頭是“䅃”而非“𣑦”。
10113,窮,,kung4,,①没有錢（與“富”相對）：～到貼地｜～到出骨｜～人｜～鬼 ②窮盡：其樂無～ ③極端：～兇極惡,463,,已校,
10114,窮到屈,,kung4 dou3 gwat6,,窮極，窮到盡頭 ‖ 屈，集韵物韵渠勿切：“博雅短也，一曰無尾”,464,,已校,
10115,𣑦,,kung2,,量詞。用於禾類植物，相當於“棵、叢”：一～禾 ‖ 集韵腫韵丘勇切：“穫也”,464,,已校,NA：《集韵》中釋義爲“穫也”的字頭是“䅃”而非“𣑦”。
10116,空,,hung1',,①不包含什麼，裏面没有東西：～櫃｜～樽｜～手｜～地｜～房｜呢處好～曠｜一場～ ②没有内容，不切實際的：～想｜～談 ③天空：～中樓閣｜飛上高～ ④留出空間：～開啲寫<寫字留些空白>｜～肚食藥,464,,已校,
10117,空頭白契,,hung1' tau4 baak6 kai3,,空頭契約，不生效的契約 ‖ 也叫“白契”,464,,已校,
10118,空手掉空臂,,hung1' sau2 diu6 hung1' bei3,,①形容無事可做 ②手中無東西,464,,已校,
10119,空口,,hung1' hau2,,單吃一樣東西：～食餸唔食飯,464,,已校,
10120,空寥寥,,hung1' liu1' liu1',,空空如也，空落落的,464,,已校,
10121,空身伶俐,,hung1' san1' ling4 lei6,,没有拖累，獨身一人,464,,已校,
10122,空框框,,hung1' kwaang1' kwaang1'（或kwaak1 kwaak1）,,（屋）空貌：入到間屋～，乜都有嘅,464,,已校,
10123,空𨻶𨻶,,hung1' kwik1 kwik1,,空蕩蕩,464,,已校,
10124,紅,,hung4,,①紅顔色的：～花｜～茶｜～米｜～豆｜～棗｜～蛋｜～瓜子 ②（臉色）變紅：阿妹見到生暴人就～住面行開 ③象徵吉利、順利、成功或受人歡迎：～錢｜～包｜～運｜滿堂～｜～歌星 ④紅利：分～ ⑤作爲食品的某些動物的血：～｜鷄～,464,,已校,
10125,紅黐黐,,hung4 ci1' ci1',,形容紅得可怕，血淋淋貌,464,,已校,
10126,紅朱字簿,,hung4 zyu1' zi6 bou6*2,,以前小學生練毛筆字描的紅模子,464,,已校,
10127,紅契,,hung4 kai3,,有效的買賣房屋、田地的契約，經過官府蓋印（與“白契”相對）,464,,已校,
10128,紅菜頭,,hung4 coi3 tau4,,一種菜的紫紅色塊根，北京叫“紫菜頭”,464,,已校,
10129,紅豆,,hung4 dau6*2,,①紅小豆，食用的赤小豆 ②相思豆，一種植物的果實，觀賞用,464,,已校,
10130,紅毛,,hung4 mou4*2,,舊時指外國人、西洋人，特指英國人 ‖ 也叫“紅毛鬼 hung4 mou4 gwai2”,464,,已校,
10131,紅毛泥,,hung4 mou4 nai4,,水泥 ‖ 也叫“英泥 jing1' nai4”,464,,已校,
10132,紅鬚軍師,,hung4 sou1' gwan1' si1,,指愛給人出主意而不高明的人。戲曲舞臺這類人物都戴短紅鬍子 ‖ 也叫“紅鬚師爺 hung4 sou1' si1' je4*2”,464,,已校,
10133,紅衫,,hung4 saam1,,一種常見海魚，身上有紅色綫條：～鹹魚｜大～,464,,已校,
10134,紅眼鱒,,hung4 ngaan5 zeon5*2,,鱒魚，多在冬天出現,464,,已校,
10135,紅粉緋緋,,hung4 fan2 fei1' fei1',,形容臉色紅撲撲的,464,,已校,
10136,紅錢,,hung4 cin4,,長方形紅紙，上面劃開許多縫，過新年時貼在門前取吉利，掃墓時也放在墳前,464,,已校,
10137,紅船中人,,hung4 syun4 zung1' jan4,,舊時對戲子的雅稱。從前戲班都住在船上，往來各地，船身塗紅色,464,,已校,
10138,紅猛熱,,hung4 maang5 jit6,,烈日，大太陽：出～咁曬，你慌曬佢唔乾咩？,465,,已校,
10139,紅□□,,hung4 gwang6 gwang6,,紅得俗氣,465,,已校,
10140,紅當蕩,,hung4 dong1' dong6,,紅得俗氣、刺目,465,,已校,
10141,紅汞水,,hung4 hung6 seoi2,,紅藥水：整損手搽啲～就得喇,465,,已校,NA：“汞”注音疑似應爲hung3。
10142,紅白事,,hung4 baak6 si6,,喜事、喪事的統稱：边度有～佢就去嘅喇,465,,已校,
10143,紅屐仔,,hung4 kek6 zai2,,舊時指再醮婦女。源於客家風俗，女人再婚時須穿紅屐,465,,已校,
10144,紅卜卜,,hung4 buk1 buk1,,紅乎乎的,465,,已校,NA：現在（2020s）習讀hung4 bok1 bok1。
10145,熊人,,hung4 jan4*2,,狗熊,465,,已校,
10146,熊人婆,,hung4 jan4 po4*1,,嚇小兒用語。大母熊：唔好喊嘞，～來嘞,465,,已校,
10147,嗅,,hung3,,用鼻子聞：～一～試下香唔香 ‖ 集韵送韵香仲切：“鼻審氣也”,465,,已校,
10148,虹,,hung6,,①痕迹，印記，火烤痕，（衣服上的）污迹：件衫有個～｜油～｜水～<水濕衣服乾後之痕>｜尿～｜屎～ ②暈，圈兒，圓形痕迹：眼～都黑咗，一晚冇瞓覺｜個月有個～<月暈> ‖ 集韵送韵胡貢切：“虹，洞相連也”,465,,已校,
10149,哄,,hung6,,挨近，湊近，圍攏：～埋去睇<形容近視眼>｜～咁埋做乜野<湊這麼近幹什麼>？｜快走開，唔好～住晒<别都圍攏來>,465,,已校,NA：現在（2020s）習讀hung3。
10150,壅,,ung3,,①埋：～咗隻死豬｜生～<活埋>｜畀啲沙～住 ②蒙蓋：用被～過頭腦來瞓<蒙頭睡覺> ③（用錢）收買，供給：搵錢來～佢｜我～咗好多錢落去 ‖ 古三等韵，今讀如一等,465,,已校,
10151,壅罯,,ung3 ap1,,種植，栽培：呢盆花好～，所以生得咁好｜～咗好多肥料上去 ｜◇佢好～呀，唔怪得咁肥｜個仔上大學，我都～咗好多錢 ‖ 罯，廣韵合韵烏合切：“覆蓋也”,465,,已校,
10152,擁,,ung2,,推：咪～跌佢｜～倒佢｜～門｜幫手～開個箱 ‖ 口語音，讀書音 jung2,465,,已校,
10153,蕹菜塘,,ung3 coi3 tong4,,種蕹菜的水塘，用篾做成筏，菜生筏上，隨水上下 ‖ 也叫“浮田 fau4 tin4”,465,,已校,
10154,蕹菜,,ung3 coi3,,空心菜 ‖ 俗稱“通菜 tung1' coi3”,465,,已校,
10155,甕缸,,ung3 gong1',,大缸，水缸：膽大過～<熟語>,465,,已校,
10156,茸,,jung4,,①（鹿的）初生角：鹿～ ②泥狀餡類：蓮～｜麻～<脂麻泥>｜豆～｜椰～｜薯～｜栗～｜棗～｜魚～｜蝦～｜鷄～粟米湯 ③碎末：葱～葱末兒｜薑～｜蒜～,466,,已校,
10157,茸茸爛爛,,jung4 jung4 laan6 laan6,,①碎而爛 ②（衣物）破爛不堪,466,,已校,
10158,容乜易,,jung4 mat1 ji6,,很容易，太容易：～啊<没什麼難的>｜～跌親啊<很容易跌傷啊>,466,,已校,
10159,絨,,jung4*2,,毛呢類織物：呢～｜～褸｜～褲｜天鵝～｜～布｜～衫,466,,已校,
10160,濃,,jung4,,①（汁液）味厚，釅，稠：～茶｜粥煲得好～｜啲茶～得滯<這茶太釅了> ②密：落好～雨<雨下得很密> ‖ 口語音，文讀nung4,466,,已校,
10161,穠,,jung4,,（樹木、花、果等）很稠密：呢棵樹生得好～｜荔枝生得好～｜今年嘅龍眼花幾～噃,466,,已校,
10162,𨑊,,jung4,,人多，人丁興旺：子孫～｜佢屋企人丁好～｜今年花市好～人喎！ ‖ 集韵鍾韵尼容切：“郺𨑊，多也。”古泥母字，本應讀 n 聲母，口語變讀零聲母,466,,已校,
10163,擁墩,,jung2 dan2,,捧場者,466,,已校,
10164,擁重,,jung2 zung6,,①排場，熱鬧：佢嘅婚禮好～ ②規模大，人多：呢個大會好～｜人頭～,466,,已校,
10165,湧,,jung5*2,,①涮：將件衫～下佢就晾喇｜～乾凈佢｜用滾水～下啲豬肉 ②水或雲氣冒出：水～上來｜◇人頭～～<形容人多>,466,,已校,
10166,用神,,jung6 san4,,用心專注：佢做工夫好～㗎｜寫蠅頭小楷好～噃｜足晒～<非常專心>｜足硬～<全神貫注>,466,,已校,
10167,嗒,,daap1（或 dap1）,,咂，嘗味：慢慢食，～真下味道｜～～聲｜口～～｜～下個口 ‖ 廣韵合韵都合切：“舐嗒”,467,,已校,
10168,𨨹鈎,,daap3 ngau1,,舊時樓房牆上釘的掛衣鈎 ‖ 𨨹，集韵盍韵德盍切：“鈎也”,467,,已校,
10169,答搔,,daap3 sou1',,答話，答理：我講極佢都唔～嘅！,467,,已校,
10170,答嘴,,daap3 zeoi2,,答應，答茬兒：我問咗半日冇人～｜佢都唔～嘅 ‖ 也説“答口 daap3 hau2”,467,,已校,
10171,搭,,daap3,,①搭蓋，支，架：～間寮｜呢條涌<小河溝>闊過頭，～板唔過｜～起個棚｜～浮橋 ②把柔軟的東西放在可以支架的東西上：膊頭上面～住一條毛巾｜呢條竹唔～得野㗎！ ③委托：佢～我買書 ④乘坐（車、船等）：～火車｜～火船去上海｜～艇｜～飛機｜～客｜～渡<乘坐内河航行船>,467,,已校,
10172,搭錯牌樓,,daap3 co3 paai4 lau4*2,,誤歡迎（某人），識錯人：認錯老蔣，燒錯炮仗，～，拍錯手掌<民謠>,467,,已校,
10173,搭錯綫,,daap3 co3 sin3,,①接錯綫，串綫 ②誤會，誤解；因誤會而説不對勁的話，或做不對路的事：唓，你都～嘅！,467,,已校,
10174,搭竇,,daap3 dau3,,（動物）做窩：雀仔～,467,,已校,
10175,搭頭搭尾,,daap3 tau4 daap3 mei5,,碎的、次的、搭秤的貨 ‖ 也説“搭頭”,467,,已校,
10176,搭手,,daap3 sau2,,（夠不着時）幫着傳遞：請你搭下手，幫我買張票,467,,已校,
10177,搭橋,,daap3 kiu4*2,,做中間人介紹門路：我家下冇得撈，你幫我搭下橋都好吖！,467,,已校,
10178,搭嘴,,daap3 zeoi2,,插嘴，答茬兒 ‖ 也説“加把嘴 gaa1' baa2 zeoi2”,467,,已校,
10179,搭句説話,,daap3 geoi6 syut3 waa6,,帶個話兒：你幫我～畀佢,467,,已校,
10180,搭單,,daap3 daan1,,捎帶：搭下單<捎帶着點兒>,467,,已校,
10181,搭順風車,,daap3 seon6 fung1' ce1',,搭腳兒，搭乘順路的車,467,,已校,
10182,搭綫,,daap3 sin3,,接上關係，介紹：你幫我搭條綫喇，我又唔識佢,467,,已校,
10183,搭秤,,daap3 cing3,,買物稱重量時，如不夠分量，再加一點，或指好貨要搭配上次貨賣出：唔夠就～｜～肉 ‖ 也説“搭秤頭 taap3 cing3 tau4”,467,,已校,
10184,搭檔,,daap3 dong3,,非正式的臨時合作：我費事做，我搭下你檔喇｜你去買菜，我搭下檔喇,467,,已校,
10185,搭食,,daap3 sik6,,搭伙，加入伙食組織：我喺學校～ ‖ 也説“搭飯餐 daap3 faan6 caan1'”,467,,已校,
10186,沓,,daap6,,①量詞。摞，叠：一～紙｜一大～書 ②（層層）叠（起），摞（起）：將啲書～起來｜～歪咗 ③（鐘錶）長針對正（某個數字）：九點～八<九時四十分>｜兩點～三<兩點十五分>,467,,已校,
10187,沓啱,,daap6 ngaam1,,①弄清，瞭解清楚：你去湛江，～條路未啊？ ②準備好：做呢件事，～先至做好噃<要準備好才可以做呀>,467,,已校,
10188,沓元寳,,daap6 jyun4 bou2,,將黄紙包着金銀紙摺成元寳形，燒給死者,467,,已校,
10189,沓名,,daap6 meng4*2,,重名，同名：某某同某某～丨我沓你個名<我和你同名>,468,,已校,
10190,沓正,,daap6 zeng3,,（鐘錶時針）走到整點：家下～十二點鐘咯丨三點～佢就返來嘞丨～十點瞓,468,,已校,
10191,踏,,daap6,,踩：用腳～丨腳～凳丨～板丨想一步～到樓梯頂，冇咁易啊,468,,已校,
10192,踏轉,,daap6 zyun3,,（時間）進入：～一九六三年丨個女仔都～咗十八歲嘞，都應該成人嘞！,468,,已校,
10193,闒,,daap6,,量詞。①房子以一廳一室爲一闒：呢間屋有三～ ②一層樓叫一闒樓：買～樓 ‖ 廣韵盍韵徒盍切：“門樓上屋，説文曰樓上户也。”暫借字,468,,已校,
10194,塔香,,taap3 hoeng1,,拜神用的塔狀的香，盤繞如餅狀，燒時用架支起成塔狀，其大者如小圓桌 ‖ 也叫“香塔”,468,,已校,
10195,䍇,,taap3,,①大口的罎子：金～<盛骸骨的罎子>丨屎～丨尿～丨米～丨瓦～丨菜脯～<盛鹹蘿蔔條的罎子>丨餅～丨腐乳～ ②專指屎桶：四眼佬師爺倒～，不成睇桶（體統）<歇後語> ‖ 玉篇他盍切：“下平缶也，瓶也”,468,,已校,
10196,拓,,taap3,,把石刻的字用紙摹下來：～碑,468,,已校,
10197,塌,,taap3,,（支起的東西）陷下，倒下：成間屋～咗落來丨個天臺～咗,468,,已校,
10198,塌地,,taap3 dei6*2,,極度（貶義）：衰到～咁凄涼丨惡到～丨窮到～丨輸到～丨佢個衰佬壞到～ ‖ 也説“貼地 tip3 dei6*2”,468,,已校,
10199,塌臺,,taap3 toi4,,垮臺：佢原本幾猛野，家下～咯,468,,已校,
10200,錔,,taap3,,①鎖上：～埋度門丨～櫃桶丨～閘丨～籠<鎖上箱子> ②套上：～埋枝毛筆丨筆～筒<毛筆帽> ‖ 廣韵合韵他合切：“器物錔頭”,468,,已校,
10201,錔,,taap3*2,,舊式銅鎖：一把～丨銅～ ‖ 也説“鎖 so2”,468,,已校,
10202,笝,,naap3,,①（用手、腳或鈎子）扯，鈎住，鉗住：～鈎<吊物的鈎子>丨細路用腳～住佢丨◇佢～咗一個佬 ②（蟲類）吸住，粘住（人）：畀蜞乸～住丨烏蠅～住人 ‖ 廣韵盍韵奴盍切：“纜舟竹索也”,468,,已校,
10203,㘝,,laap3,,①被拿走，偷走：我枝水筆畀佢～走咗丨手～～<順手牽羊>丨～野<抓東西>丨佢～晒我啲錢去丨佢啲野畀日本鬼～清光丨連我嘅都～埋 ②聚，斂：落雨咯，～啲衫入來丨～埋都唔夠一文<合起來不足一元>丨你幾個～埋都唔夠打 ‖ 廣韵洽韵女洽切：“手取物。”又尼立切：“㘝㘝，私取貌。”古泥母字，今讀如來母,468,,已校,
10204,㘝網頂,,laap3 mong5 deng2,,取得最好成績：我兒㘝晒網頂嘞，呢匀考試佢最高分嘞,468,,已校,
10205,䁽,,laap3,,粗略看（閲讀），掃視：我～過下眼<大致過目>丨畀我～一～今日嘅報紙丨～一眼<瞜一眼>,468,,已校,
10206,爉,,laap3,,火燎：本書畀火～着丨畀火尾～親<被火苗燒傷> ‖ 集韵盍韵力盍切：“火貌”,468,,已校,
10207,爉爉令,,laap3 laap3 ling3,,錚亮，油亮發光：頭髮～丨皮鞋～丨面口～<滿面紅光>丨條褲着到～<油光發亮，貶義>丨擤到個盆～<把盆刷得錚亮>,468,,已校,
10208,垃圾,,laap6 zaap6,,雜亂，雜七雜八：香港呢個地方，乜野人都有，好～丨佢食得好～<他不揀飲食>丨～野<雜七雜八的東西>,468,,已校,
10209,垃圾,,laap6 saap3,,扔掉的破爛東西：～車丨～崗<垃圾堆>丨～佬<清潔工>丨～箱,469,,已校,
10210,臘,,laap6,,①製作臘味食品：將啲豬肉～起佢丨～乾佢 ②臘過的（肉類）：～肉丨～魚丨～金銀潤丨～鴨腎丨～鴨丨～豬頭肉丨～老鼠,469,,已校,
10211,臘豬頭,,laap6 zyu1' tau4,,臘味的一種，扁平如假面具，帶着舌頭 ‖ 也叫“豬笑面 zyu1' siu3 min6*2”,469,,已校,
10212,臘味,,laap6 mei6*2,,臘製食品的統稱，如臘肉、臘魚、臘鴨等,469,,已校,
10213,臘起,,laap6 hei2,,（被人）害得没有辦法：我呢次畀佢～嘞，人又搵唔到，錢又使清光,469,,已校,
10214,臘䩌,,laap6 caau4,,風乾使起皺皮：將啲番薯～佢丨將酸桔～佢 ‖ 也説“風乾 fung1' gon1'”,469,,已校,
10215,臘腸,,laap6 coeng4*2,,臘過的香腸，是臘味中最常見的一種,469,,已校,
10216,臘腸褲,,laap6 coeng4*2 fu3,,三十年代男學生穿的時髦褲子：大襟衫，～,469,,已校,
10217,劄,,zaap3,,①駐紥，駐防：軍隊～喺村口<軍隊在村口駐防> ②記在紙上：～住嗰啲名先丨～單 ③固定（不變動），囤積（貨物）：～價錢丨～貨丨～禮<守禮>,469,,已校,
10218,劄馬,,zaap3 maa5,,練武功：佢一早起身就～丨劄得馬實<練功紥實>,469,,已校,NA：現在（2020s）習讀zaat3 maa5。
10219,劄馬步,,zaap3 maa5 bou6,,做騎馬蹲襠式：你睇佢劄起馬步，準備打交丨抬重野時，劄起馬步來行,469,,已校,NA：現在（2020s）習讀zaat3 maa5 bou6。
10220,劄價錢,,zaap3 gaa3 cin4,,①把價錢固定，不變動 ②爲防忘記，把價錢寫在紙上：你同我劄住價錢先喇,469,,已校,
10221,劄貨,,zaap3 fo3,,囤積居奇，待善價而沽：佢劄起好多貨丨將啲貨劄起先,469,,已校,
10222,劄住,,zaap3 zyu6,,①拘束，拘謹：唔好～噃丨佢好～嘅 ②（手藝、本領）不肯傳授：佢～唔肯教人,469,,已校,
10223,劄局,,zaap3 guk6*2,,客氣，拘束（與“隨便”相對）：我請佢食飯，佢好～嘅,469,,已校,
10224,褶,,zaap3,,①衣服上做的褶子：佢條裙好多～丨做衫都有打～嘅丨做裙要打～ ②衣服弄皺起的褶子：條褲坐到起～,469,,已校,
10225,鈒骨,,zaap6 gwat1,,鎖邊，包縫，將裁好的衣服的周圍的邊用綫鎖好 ‖ 鈒，俗借字,469,,已校,
10226,閘,,zaap6,,①閘門：鐵～丨水～丨～門樓丨～口 ②卡住，用板隔開：～住佢<隔開>丨將間房～開兩間丨用屏門<屏風>來～開兩間丨～住條涌來戽蝦<堵住小河溝來捉蝦>丨～住先<先卡一卡>,469,,已校,
10227,閘口,,zaap6 hau2,,舊時村子的出入口處設的閘門,469,,已校,
10228,閘門樓,,zaap6 mun4 lau4*2,,舊時村口有閘門，門上有飛檐，叫“閘門樓”,469,,已校,
10229,閘側,,zaap6 zak1,,側身：要～個身行，條路太窄，人又逼<擠>丨～瞓<側着睡> ‖ 也説“打側 daa2 zak1”,469,,已校,
10230,雜,,zaap6,,①雜亂，不純：人好～丨口好～<亂説，亂吃>丨～種丨～會 ②多種多樣的：～技丨～耍丨～貨丨～色丨～糧丨複～丨～志 ③正項以外的，正式以外的：～費丨～牌丨～差丨～税,469,,已校,
10231,雜,,zaap6*2,,①葷食（與“齋”相對）：食～ ②質較好的雜碎：牛～丨豬～ ③丑角的簡稱，包括跑龍套的：佢係做～嘅 ‖ ③也叫“雜腳 zaap6 goek3*2”或“丑腳 cau2 goek3*2”,469,,已校,
10232,雜架野,,zaap6 gaa3 je5,,舊貨：雜架鋪啲野叫做～,470,,已校,
10233,雜架攤,,zaap6 gaa3 taan1,,①賣什物玩物的地攤兒 ②喻雜亂無章的處所：今屆商品展覽會辦成個～噉樣！,470,,已校,
10234,雜貨鋪,,zaap6 fo3 pou3*2,,舊時賣油鹽雜貨的店鋪，相當於現在的副食店 ‖ 也叫“油鋪 jau4 pou3*2”,470,,已校,
10235,雜差,,zaap6 caai1',,①舊時指便衣偵探，刑警 ②雜役,470,,已校,
10236,雜淆,,zaap6 ngaau4*1,,瑣碎物聚於一處：～野<雜七雜八之物>,470,,已校,
10237,雜碎,,zaap6 seoi3*2,,（質比較次的）大牲畜内臟：牛～｜豬～｜羊～,470,,已校,
10238,雜錦,,zaap6 gam2,,什錦：～煲<什錦沙鍋，菜名>｜～餅<什錦餅乾之類>,470,,已校,
10239,雜崩冷,,zaap6 bang1' lang1',,雜拌兒,470,,已校,
10240,雜種仔,,zaap6 zung2 zai2,,混血兒,470,,已校,
10241,雜𤎣,,zaap6 ap1,,雜七雜八的，不是正牌的。多用於食物：～野 ‖ 𤎣，集韵合韵遏合切：“烹菜也”,470,,已校,
10242,插把嘴,,caap3 baa2 zeoi2,,插嘴：你唔好～埋來 ‖ 也説“加把嘴 gaa1' baa2 zyu2”,470,,已校,NA：原書“加把嘴”的“嘴”注音有誤，應爲zeoi2。
10243,插頭,,caap3 tau4,,插銷頭 ‖ 也叫“插蘇頭 caap3 sou1' tau4”,470,,已校,
10244,插手,,caap3 sau2,,①非請而參加進來做事：使乜你來～呀？｜你又插把手來做乜野？ ②扒手的一種，專掏人衣袋者,470,,已校,
10245,插手袋,,caap3 sau2 doi6*2,,①中式衣服兩側的插手兜 ②西式褲兩側的兜,470,,已校,
10246,插蘇,,caap3 sou1,,電源插座 ‖ 蘇，英文socket的音譯,470,,已校,
10247,插燒,,caap3 siu1,,叉燒肉的舊稱,470,,已校,
10248,插燒仔,,caap3 siu1 zai2,,妾生之子 ‖ 也叫“二奶仔 ji6 naai5*1 zai2”,470,,已校,
10249,插水,,caap3 seoi2,,頭向下朝水中扎猛子：佢好會～嘅,470,,已校,
10250,𥈊眼,,saap3 ngaan5,,①醒目，刺目：呢件衫好～ ②轉眼，眨眼：人影～就唔見咗 ‖ ①也説“搶眼 coeng2 ngaan5”。𥈊，集韵洽韵色洽切：“目睫動貌”,470,,已校,
10251,𥈊眼嬌,,saap3 ngaan5 giu1',,①很引人注目：佢個樣都係～嘅 ②（人）初看不錯，細看則不然,470,,已校,
10252,霎時,,saap3 si4,,時間短：～就做到嘞 ‖ 也説“霎時間 saap3 si4 gaan1'”,470,,已校,
10253,譅,,saap3,,①話説得多，費力：～破喉嚨｜～到口乾 ②責令，比叱責較輕；大聲説：～佢個仔去返學｜要～佢先到做<要説他才去幹>｜～佢去買野 ‖ 玉篇色入切：“言甚多也。”集韵：“言不止”,470,,已校,
10254,譅氣,,saap3 hei3,,費氣，費神：個細路哥好～嘅<小兒不聽話，令人費神>｜呢件野好～嘅噃<這件事兒很費神的哪>｜～袋<駡令人費神、生氣的小孩>,470,,已校,
10255,譅戇,,saap3 ngong6,,駡人發謬論，言行荒唐（與“混賬”義近）：乜你咁～,470,,已校,
10256,煠,,saap6,,①（食物不加調料）久煮：～湯｜～腍<白水煮爛>｜～粽｜～豬潲<煮豬食>｜～豬骨 ②煮沸消毒：～被單｜～奶樽｜～下啲衫｜～針<消毒針具> ‖ 廣韵洽韵士洽切：“湯煠。”集韵洽韵實洽切：“淪也”,470,,已校,
10257,煠熟狗頭,,saap6 suk6 gau2 tau4,,煮熟的狗頭：佢成日𡄵開朋牙，好似～瞰<形容人嬉皮笑臉，張口露齒>,471,,已校,
10258,夾,,gaap3*2,,夾子：書～丨頭～丨衫～丨萬字～<迴形針>丨木～丨活頁～丨鐵～丨講義～,471,,已校,
10259,夾布,,gaap3 bou3,,舊時的一種厚布,471,,已校,
10260,夾粗,,gaap3 cou1',,硬，愣：唔好～去做噃 ‖ 也説“夾硬”,471,,已校,
10261,夾心餅,,gaap3 sam1 beng2,,①夾心餅乾：檸檬～丨杏仁～ ②喻兩頭受氣的人,471,,已校,
10262,夾萬,,gaap3 maan6,,保險箱,471,,已校,
10263,夾硬,,gaap3 ngaang6*2,,勉强，硬來：～要佢食落去丨～要我講出來,471,,已校,
10264,夾襖,,gaap3 naap6*2,,舊式夾襖 ‖ 也叫“夾衫 gaap3 saam1”,471,,已校,
10265,佮,,gaap3,,①合起來，合計，加起來：～手丨～份丨～計丨～埋佢去<加上他一起去>丨～錢 ②連詞。又⋯又⋯：快～好丨平～靚<便宜又好>丨大聲～惡<又高聲又兇> ③接合：～榫丨～口丨三～板<三合板> ‖ 廣韵合韵古沓切：“併合，聚也”,471,,已校,
10266,佮牙,,gaap3 ngaa6*2,,（人）合拍，合得來 ‖ 也説“啱牙 ngaam1 ngaa4*2”,471,,已校,
10267,佮住,,gaap3 zyu6,,伙着，合着（與别人）：佢唔會做，你～佢去做就好啲嘅,471,,已校,
10268,佮埋,,gaap3 maai4,,合起來：～一齊有幾多？丨～一齊去睇戲丨我～你煮飯食好唔好？ 丨三個人～晒有幾件行李呀？,471,,已校,
10269,佮米落鑊,,gaap3 mai5 lok6 wok6,,同一個鍋吃飯，喻只是暫時的關係：佢兩個野不過～啫<他們兩個只是一塊吃飯而已>,471,,已校,
10270,佮計,,gaap3 gai3*2,,共同策劃，合謀,471,,已校,
10271,佮手,,gaap3 sau2,,合力，協力：大家～來做丨～佮腳<協同去做>,471,,已校,
10272,佮口,,gaap3 hau2,,器物的接榫處（或接縫）：呢張枱嘅～好密丨呢幅牆嘅～唔好，裂開咗 ‖ 前一例也説“榫口 seon2 hau2”,471,,已校,
10273,佮啱,,gaap3 ngaam1,,①合適，合得來：佢同某人恰得啱嘅 ②剛好，恰好,471,,已校,
10274,佮份,,gaap3 fan6*2,,①湊份子，合起來（做某事）：兩個人～去食野 ②合股，合伙兒：～做生意,471,,已校,
10275,佮榫,,gaap3 seon2,,（木器、石器等）接榫：張枱重未～丨張凳～嗰處爛咗 ‖ 也説“入榫 jap6 seon2”,471,,已校,
10276,佮年生,,gaap3 nin4 saang1,,合八字，算算兩人的生辰八字有無相犯 ‖ 也説“佮八字 gaap3 baat3 zi2”,471,,已校,
10277,袷,,gaap3,,①上衣兩側的縫，褃：～貼<衣側貼邊>丨埋～<將褃縫合> ②上衣腋窩到肩部的長度：～闊七寸,471,,已校,
10278,夾,,gaap6,,①從兩個相對的方面加壓力，使物體固定不動：～菜丨用火鉗～柴丨用萬字夾～住啲紙 ②胳膊用力使腋下的東西不掉下：佢～住兩本書丨木板太過頭，～唔住㗎 ③處在兩者之間：兩條河堤～住一條涌丨兩個大人～住一個細路,471,,已校,
10279,擪,,ngaap3（或 jaap3）,,①掖：佢將條手巾仔～喺腰帶處丨～住枝手槍 ②捲，挽：佢～起衫袖丨～起件衫丨～高褲腳 ‖ 廣韵葉韵於葉切：“持也，指按也。”口語音，讀書音 jip3,471,,已校,
10280,呷,,haap3,,喝，少量地、斷續地喝：你～啖，睇夠味唔夠丨～一啖茶丨～啖滾水先,472,,已校,
10281,呷醋,,haap3 cou3,,吃醋，嫉妒,472,,已校,
10282,莢,,haap3,,①菜類外層的幫或梗：芋～丨萊～丨白菜就有～ ②豆類的殼：豆～丨荷蘭豆連～食 ③某些植物的節上生的葉片：竹～丨蔗～ ‖ 古見母字，今口語讀如溪母或曉母,472,,已校,
10283,掐,,haap3,,用指甲按：用手指甲～人丨～到佢一條指甲痕丨～指一算,472,,已校,
10284,鴨花,,aap3 faa1,,出殼不久的小鴨（大些才叫“鴨仔”）,472,,已校,
10285,鴨乸蹄,,aap3 naa2 tai4,,扁平足，腳心扁平無弓形 ‖ 也叫“鴨使蹄 aap3 si5 tai4*2”或“捺屎蹄 naat3 si5 tai4*2”,472,,已校,
10286,鴨尾臊,,aap3 mei5 sou1',,鴨尾部的油脂腺，味腥臊,472,,已校,
10287,鴨苗,,aap3 miu4,,剛出殼的小鴨,472,,已校,
10288,鴨寮,,aap3 liu4*2,,看守鴨群者用的小棚子,472,,已校,
10289,鴨嘴梨,,aap3 zeoi2 lei4*2,,鴨兒梨：天津～,472,,已校,
10290,鴨嗉窩,,aap3 seoi3 wo1,,鴨嗉子 ‖ 也説“鴨嗉”,472,,已校,
10291,鴨腎,,aap3 san5*2,,鴨肫，作爲食品的鴨子的胃,472,,已校,
10292,鴨食鴨,,aap3 sik6 aap3,,生意越做越小，越來越虧本：我啲生意真係～嘞！,472,,已校,
10293,鴨腳包,,aap3 goek3 baau1,,肉食的一種，用鴨掌包肥肉，再用鴨腸纏緊風乾而成 ‖ 也叫“鴨紥 aap3 zaat3”,472,,已校,
10294,鴨朴,,aap3 pok3,,鴨骨架，去掉肉和翼、足後剩下的部分，連同頭頸 ‖ 也有人叫做“鴨殼 aap3 hok3”,472,,已校,
10295,擪,,jaap3,,①掖起：～住枝旗仔 ②捲起：～起衫尾 ③招（手）：～佢埋來丨～下手 ‖ 口語又音。又讀 ngaap3,473,,已校,
10296,嗒,,dap1（或 daap1）,,①慢慢哄，使聽從己意：啲荔枝價錢咁貴，～下佢喇｜阿媽唔肯去，你～下佢喇 ②用語話試探，有意無意地搭話兒 ‖ 廣韵合韵都合切：“舐嗒”,474,,已校,
10297,耷,,dap1,,耷拉，垂下：～低頭｜～頭～腦｜～頭鷄｜頭～～｜眼都～晒<没精神>,474,,已校,
10298,耷尾狗,,dap1 mei5 gau2,,垂尾犬，喻失敗者、喪氣者,474,,已校,
10299,耷頭鷄,,dap1 tau4 gai1,,喻軟弱可欺者,474,,已校,
10300,耷頭佬,,dap1 tau4 lou2,,指詭計多端者,474,,已校,
10301,耷頭耷腦,,dap1 tau4 dap1 nou5,,垂頭喪氣貌,474,,已校,
10302,𡓲,,dap6,,（物）砸下來，掉下來：石頭～親腳｜天花板～落來 ‖ 集韵盍韵敵盍切：“墮也，一曰地下也”,474,,已校,
10303,䂿,,dap6,,①捶打，擂（拳打）；斧斫：～釘｜～開｜～裂｜～石仔<砸石子>｜～佢一拳｜～骨 ②勒索，中飽：我～咗佢幾個銀錢 ③（雨）淋：～濕身 ‖ 廣韵合韵徒合切：“舂已，復擣近曰䂿”,474,,已校,
10304,䂿金龜,,dap6 gam1 gwai1,,①敲詐女婿的錢 ②向妻子要錢,474,,已校,
10305,䂿骨,,dap6 gwat1,,捶打背、腿以舒筋骨 ‖ 也説“抌骨 dam2 gwat1”或“鬆骨 sung1' gwat1”,474,,已校,
10306,䂿腳骨,,dap6 goek3 gwat1,,敲詐勒索,474,,已校,
10307,佮佮冚,,tap1 tap1 ham6,,嚴絲合縫，非常嚴密 ‖ 佮，廣韵合韵他合切：“合也。”冚，俗字,474,,已校,
10308,佮佮掂,,tap1 tap1 dim6,,（事情）很順利 ‖ 掂，俗字，妥帖,474,,已校,
10309,凹,,nap1,,①陷入：幾日冇瞓覺，眼都～咗入去 ②低於周圍：～～凸凸｜～鏡｜～字 ③窪處：酒～<酒窩兒>｜腳腫到一㩒一個～ ‖ 訓讀字,474,,已校,
10310,凹凸印,,nap1 tat6 jan3,,鋼印,474,,已校,
10311,𥹉,,nap6,,①黏，膩：～口｜油～｜～手｜～黐黐｜食完蔗，手好～，要洗一下 ②性子慢，做事慢：佢個人好～嘅｜～糯｜～手～腳 ‖ 集韵洽韵昵洽切：“粘也”,474,,已校,
10312,𥹉糯,,nap6 no6,,性格黏糊，不爽快：乜咁～㗎,474,,已校,
10313,𥹉黐黐,,nap6 ci3 ci3,,（物）黏糊糊：摸過糖，隻手～,474,,已校,
10314,𥹉手𥹉腳,,nap6 sau2 nap6 goek3,,辦事情不爽快，幹活兒不利落,474,,已校,
10315,𥹉口,,nap6 hau2,,①不開胃，不想吃：佢呢牌～啊，乜野都唔想食嘅 ②膩口：肥豬肉好～嘅噃 ③黏嘴，吃了變質油脂的感覺：啲臘肉食落去好～,474,,已校,
10316,𥹉油,,nap6 jau4*2,,①（機器）因油泥太多而停止運轉 ②（人）有小病：我呢幾日～咯,474,,已校,
10317,𥹉𥹉令,,nap6 nap6 ling3,,黏糊糊地：個身好似糖膠噉，～,475,,已校,
10318,𣲷,,nap6,,潮，濕：件衫重～嘅，唔好收自己先别收丨地下好～丨濕～～<濕淋淋>丨～～濕濕丨地下濕～，唔知倒咗啲乜野落地 ‖ 廣韵緝韵尼立切：“濕𣲷”,475,,已校,
10319,𦮕,,nap6,,身體不舒服，有點小毛病：我好似有啲～～地，唔妥唔妥<我覺得有點兒不舒服> ‖ 廣韵帖韵奴協切：“病劣貌。”古帖韵，今應讀 ip 韵，口語讀 ap 韵,475,,已校,NA：《廣韵》字頭作“苶”。
10320,粒,,lap1（或 nap1）,,①量詞。顆粒：幾～米丨一～葡萄提子丨幾～豆 ②個，用於人，有俏皮色彩：佢嗰～仔丨佢嗰～女有幾多歲？ ③四方丁兒：炒豆豉辣椒冲菜～丨肉～丨筍～,475,,已校,
10321,粒聲,,lap1 seng1',,一點聲息：～唔出<一聲不吭>,475,,已校,
10322,粒粒,,lap1 lap1,,指切成小方丁的菜肴：炒～ ‖ 也叫“呢粒 ni1 lap1”,475,,已校,
10323,笠,,lap1,,①編織的簍子：字紙～丨竹～丨藤～丨軟～ ②（從上往下）套：～住佢丨～衫丨過頭～<套頭的>丨兜頭～落去 ③哄騙，給人戴高帽：搵頂高帽～佢丨畀人～到都唔知丨～騙,475,,已校,
10324,笠住口,,lap1 zyu6 hau2,,使沉默：笠住佢個口,475,,已校,
10325,笠衫,,lap1 saam1,,套頭的針織織衣,475,,已校,
10326,立心,,lap6 sam1',,①居心，存心：佢～唔好丨～唔正丨～害人 ②副詞。決心：我～噉做丨我～唔去睇戲嘅嘞,475,,已校,
10327,立品,,lap6 ban2,,好好做人，建立好品行：咁大個仔重唔～丨你都好立下品喇<你也該有出息呀>,475,,已校,
10328,立腳,,lap6 goek3,,立足：冇地方～,475,,已校,
10329,𦆻亂,,lap6 lyun6,,①（物品）凌亂 ②（地方）不寧，（時局）動蕩不安：我地鄉下好～<地方不安寧，賊多>丨而家好～<現在時局動蕩>,475,,已校,
10330,𦆻亂,,lap6 lyun6*2,,副詞。胡亂：咪～食野<别胡亂吃東西>丨而家唔畀～拉人嘅嘞<現在不許亂捕人了> ‖ 𦆻，集韵盍韵力盍切：“𦆻澀，紛雜貌”,475,,已校,
10331,𦆻𦆻亂,,lap6 lap6 lyun6,,①（心情）紛亂，不平靜：個心～ ②（東西）亂七八糟，不整齊：間房～丨抄到啲野～<把東西翻得亂糟糟>,475,,已校,
10332,拉𡍲,,lap6 dap1,,①雜亂：啲野丢得咁～<東西放得這麼亂> ②（環境）髒而濕：呢間房好～嘅丨呢笪地方好～ ③（人）不整潔：佢個人好～嘅 ‖ 𡍲，集韵德盍切：“地之區處”,475,,已校,
10333,執,,zap1,,①抓，揪：佢～住我件衫唔肯放手丨～住你嘅手丨～住佢，唔畀佢走 ②拾，撿：～禾丨～豬屎丨～字粒丨有得～咩<撿什麼便宜呀>？丨易過～豆<容易的事> ③量詞。撮：一～米丨一～頭髮 ④買（中草藥）：～藥丨～兩劑茶<買兩服湯藥>,475,,已校,
10334,執媽,,zap1 maa1,,舊時的接生婆 ‖ 也叫“執仔婆 zap1 zai2 po4*2”,475,,已校,
10335,執禾,,zap1 wo4*2,,收割稻子後，撿拾遺漏的稻穗,475,,已校,
10336,執字粒,,zap1 zi6 lap1,,（印刷工人）排字,475,,已校,
10337,執事,,zap1 si6,,①辦紅白喜事時的管事者 ②心胸狹窄，小氣，容易生别人的氣,475,,已校,
10338,執二攤,,zap1 ji6 taan1',,撿拾人家的剩貨，用人家用過的東西 ‖ 也説“揸二攤 zaa1' ji6 taan1'”,476,,已校,
10339,執輸,,zap1 syu1',,落後，比别人差（與“執贏”相對）：我亦唔好～｜要發奮做人，唔好～,476,,已校,
10340,執仔,,zap1 zai2,,接生：搵個執媽來～<找個接生婆來接生>,476,,已校,
10341,執滯,,zap1 zai6,,（辦事）死板，不靈活,476,,已校,
10342,執世,,zap1 sai3,,迷信，諸多忌諱,476,,已校,
10343,執怪,,zap1 gwaai3,,見怪：唔好～我,476,,已校,
10344,執地,,zap1 dei6*2,,拾破爛：～佬｜～婆,476,,已校,
10345,執死鷄,,zap1 sei2 gai1,,撿現成兒，撿便宜：佢本來都買唔到火車票嘅嘞，～啫嗎｜去睇戲冇票，去～喇<等退票> ‖ 也説“執鷄仔 zap1 gai1 zai2”,476,,已校,
10346,執拗,,zap1 aau3,,固執，主觀,476,,已校,
10347,執籌,,zap1 cau4*2,,抽籤，抓鬮兒 ‖ 也説“拈龜 nim1' gwai1'”,476,,已校,
10348,執金,,zap1 gam1,,舊俗，人死若干年後，親人要把死者骨殖撿入罎子中存放，此罎叫“金䍇” ‖ 也説“執骨 zap1 gwat1”,476,,已校,
10349,執人口水尾,,zap1 jan4 hau2 seoi2 mei5*1,,重複别人的話，拾人牙慧,476,,已校,
10350,執正,,zap1 zeng3,,按原則：～來做,476,,已校,
10351,執贏,,zap1 jeng4,,占先，得到頭籌（與“執輸”相對）,476,,已校,
10352,執藥,,zap1 joek6,,抓藥，買中草藥：去藥材鋪執兩劑藥返來 ‖ 忌諱者也説“執茶 zap1 caa4”,476,,已校,
10353,執福,,zap1 fuk1,,行好運，運氣佳：佢做呢份野，～喇<他幹這差事，運氣好呀>,476,,已校,
10354,葺漏,,zap1 lau6,,①修補屋頂：叫泥水佬來葺下漏喇 ②修飾詞句：呢篇文章寫好嘞，你幫我葺下漏喇 ‖ 葺，廣韵緝韵子入切：“茨也。”茨，集韵才資切：“説文以茅葦蓋屋”,476,,已校,
10355,輯,,zap1,,整理，收拾，拾掇：～好行李上火車｜佢～得個房好齊整｜～好張枱｜～牀 ‖ 集韵緝韵即入切：“斂也。”俗寫作“執”，義不合,476,,已校,
10356,輯包袱,,zap1 baau1' fuk1,,收拾東西離去，喻被解僱,476,,已校,
10357,輯頭輯尾,,zap1 tau4 zap1 mei5,,整理零碎東西,476,,已校,
10358,輯手尾,,zap1 sau2 mei5,,善後，掃尾 ‖ 也叫“跟手尾 gan1' sau2 mei5”,476,,已校,
10359,輯正,,zap1 zeng3,,加意收拾，打扮漂亮：嘩，乜今日輯到咁正啊<嗬，幹嗎今天打扮得那麼漂亮呀>？,476,,已校,
10360,輯笠,,zap1 lap1,,（商店）關張，倒閉 ‖ 也叫“𰃴<⿱冖贛>斗 kam2 dau2”,476,,已校,
10361,輯拾,,zap1 sap6,,整理，收拾：將間房～得好整齊｜～下啲書喇,476,,已校,
10362,輯髮腳,,zap1 faat3 goek3,,用推剪修理靠頸下的短頭髮,476,,已校,
10363,葺齊,,cap1 cai4,,很整齊：頭髮剪到～｜枱椅擺到～｜呢幾間屋起到～ ‖ 也説“葺葺齊”或“齊葺葺”。葺，廣韵緝韵七入切：“修補”,476,,已校,
10364,緝,,cap1,,①偵察：～人｜去～下佢，睇下佢喺边處｜～土匪 ②檢查，緝拿：～私｜通～犯人,476,,已校,
10365,𦠿碎,,sap1 seoi3,,①零碎，瑣碎（物件）：佢歡喜買～野｜食埋晒啲～野<凈吃些零碎東西>  ②（態度、舉止）小家子氣，不夠大方：佢好～嘅  ③量少，小意思：補貼六文[mɐn˥]，太～咯 ‖ 𦠿，集韵蓋韵悉盍切：“䏠𦠿，肉雜也”,476,,已校,
10366,𦠿星,,sap1 sing1',,瑣碎，零星：～野<零碎東西>,477,,已校,
10367,𦠿𦠿碎,,sap1 sap1 seoi3,,①零碎，瑣碎  ②（東西）碎成小塊：件衫爛到～｜隻碗爛到～  ③小意思，量少：幾十文一晚，～喇,477,,已校,
10368,澀滯,,sap1 zai6,,①尖酸刻薄，難相處，不隨和：佢都好～嘅  ②麻煩，（事情）棘手：呢件野～嘞 ‖ 也説“澀熱 sap1 jit6”。澀，廣韵緝韵色立切：“説文曰不滑也”,477,,已校,
10369,濕柴,,sap1 caai4,,①比喻滯銷貨  ②指國民黨時代的法幣,477,,已校,
10370,濕腰,,sap1 jiu1,,奶媽的俗稱（與“乾腰”相對） ‖ 也叫“奶媽 naai5 maa1”,477,,已校,
10371,濕水,,sap1 seoi2,,濕的，沾上水：張紙濕咗水｜～炮仗，冇個響<歇後語>,477,,已校,
10372,濕水鷄,,sap1 seoi2 gai1,,落湯鷄，喻淋濕的人,477,,已校,
10373,濕身,,sap1 san1',,（不好的事）沾上邊兒了：佢重話人地，佢夠～嘞<他還説别人，他也沾邊兒了>,477,,已校,
10374,濕𣲷𣲷,,sap1 nap6 nap6,,潮濕，濕漉漉的：地下～｜個身～,477,,已校,
10375,十拿九結,,sap6 naa4 gau2 git3,,十拿九穩。源於牌九術語，最後勝叫“結” ‖ 也説“十拿九穩 sap6 naa4 gau2 wan2”,477,,已校,
10376,十字車,,sap6 zi6 ce1,,救護車的俗稱,477,,已校,
10377,十字冇一畫,,sap6 zi6 mou5 jat1 waak6,,八字還没有一撇，喻事情尚無眉目,477,,已校,
10378,十五十六,,sap6 ng5 sap6 luk6,,①（心中）七上八下拿不定主意：你叫佢去街，佢～呢｜呢件事我心都～  ②害怕：個心～,477,,已校,
10379,十三點鐘,,sap6 saam1' dim2 zung1,,指半瘋半傻、没有頭腦的人，説話没準，胡説亂説：佢正係～來呀,477,,已校,
10380,十問九唔聲,,sap6 man6 gau2 m4 seng1',,不喜答話,477,,已校,
10381,十成着九成,,sap6 cing4 zoek6 gau2 cing4,,完成十分之九 ‖ 也説“十有九得 sap6 jau5 gau2 dak1”,477,,已校,
10382,十足,,sap6 zuk1,,①完全相似：佢講起話來，～老母噉樣｜佢生得個樣～佢老豆  ②完整，完美：十隻手指都有長短，冇咁～嘅嘞 ‖ 也説“十足十”,477,,已校,
10383,急,,gap1,,①着急：等咗半日重唔見有船來，佢～壞嘞｜你～乜野吖？  ②急迫，緊急：尿～｜尿～｜喉～｜心～｜～事  ③急促，快：～手～腳｜～口～舌｜～～腳｜～病｜～智,477,,已校,
10384,急計,,gap1 gai3*2,,急智：急人有～<急中生智>,477,,已校,
10385,急口令,,gap1 hau2 ling6,,①繞口令  ②曲藝的一種，敲着木魚唱的，快而有韵腳,477,,已校,
10386,急驚,,gap1 geng1,,中醫術語。小兒患的急驚風，發高熱，抽筋（與“慢驚”相對）,477,,已校,
10387,急急口,,gap1 gap1 hau2,,説話快，嘴快：本來叫佢唔好講嘅，佢～講咗出來 ‖ 也説“口急急 hau2 gap1 gap1”,477,,已校,
10388,急急腳,,gap1 gap1 goek3,,急急忙忙，急於走：到星期六下午就～嘞｜佢～走出去,477,,已校,
10389,蛤乸,,gap3 naa2,,癩蛤蟆的一種,478,,已校,
10390,蛤蚧,,gap3 gaai3*2,,一種小型爬行動物，形似蜥蜴，長五六寸，可入藥，泡酒飲可治風濕 ‖ 蚧，俗字,478,,已校,
10391,蛤𧊅,,gap3 gwaai2,,①蟾蜍，癩蛤蟆 ②青蛙類的統稱 ‖ 𧊅，俗字,478,,已校,
10392,吸火罐,,kap1 fo2 gun3,,拔火罐，治病用 ‖ 也説“拔火罐 bat6 fo2 gun3”,478,,已校,
10393,㝓,,kap1,,（用器皿）覆蓋，扣住：搵個杯～住佢丨～緊丨～密丨畀隻碗～住，唔會咁快凍晒 ‖ 集韵合韵渴合切：“合也”,478,,已校,
10394,㝓笠,,kap1 lap1,,商家倒閉 ‖ 也説“𰃴<⿱冖贛>斗 kam2 dau2”,478,,已校,
10395,磕,,kap1,,①蓋（圖章）：～個印丨～圖章 ②用餅模做餅時將成形的餅扣出：～餅丨同埋一個模～出來嘅<相貌酷似>,478,,已校,
10396,及第粥,,kap6 dai6*2 zuk1,,最常見的一種肉粥，將豬肉片、豬肝和豬粉腸放入粥中煮熟而成,478,,已校,NA：現在（2020s）習讀gap6 dai6*2 zuk1。
10397,𠶲,,kap6,,①上下牙咬合：畀狗～一啖丨細路哥亂～野丨開口～着脷<熟語。話中有刺>丨倒～牙<下兜齒，地包天> ②壓着，夾着：咪～住我手丨櫃桶～住我件衫 ③緊盯不放：～實個扒手 ‖ 集韵合韵渴合切：“齧也”,478,,已校,NA：現在（2020s）習讀gap6。
10398,𡀾,,ngap1,,胡謅，説：亂～廿四<胡説一氣>丨～中咯丨～三～四丨唔好亂咁～丨～錯野丨你～乜野！ ‖ 廣韵合韵五合韵：“衆聲”,478,,已校,
10399,𡀾三𡀾四,,ngap6 saam1' ngap6 sei3,,胡説八道：咪喺度～嘞<别在這兒胡説啦>,478,,已校,
10400,岋,,ngap6,,不穩、搖晃貌：～～搖丨張枱搖搖～～丨～下～下<晃晃悠悠> ‖ 集韵合韵鄂合切：“動貌。漢書天動地岋”,478,,已校,
10401,岋岋搖,,ngap6 ngap6 jiu4,,（房子、物體）不穩固，搖搖欲墜,478,,已校,
10402,岋岋愩,,ngap6 ngap6 gung3,,不穩固，搖搖欲墜，岌岌可危：佢個檔生意都～嘅喇<他那買賣快倒閉了>,478,,已校,
10403,𩕟,,ngap6,,①點（頭）：～頭丨～頭～腦<搖頭晃腦>丨～佢來<點頭叫他過來> ②點（手），招（手）：～手丨～佢過來 ‖ 集韵盍韵玉盍切：“𩨞𩪤，首動貌。”𩪤又作“𩕟”,478,,已校,
10404,𩕟頭,,ngap6 tau4*2,,①點頭：佢同我～ ②答應，同意：呢件事你～唔～呀？丨嗰件事佢已經～嘅嘞,478,,已校,
10405,𩕟頭𩕟髻,,ngap6 tau4 ngap6 gai3,,一個勁兒點頭，高興貌,478,,已校,
10406,𦡁,,hap1,,①哄人做某事：等個仔返來，～佢去破柴至得 ②欺負，要挾：佢專門～人嘅丨～佢請食野 ‖ 集韵緝韵迄及切：“疾言也，一曰𧬈䛅，語聲”,478,,已校,NA：根據備註音韵地位，字頭應為“𧬈”。
10407,瞌,,hap1,,眯（眼）：～一～眼丨～一陣<眯一會兒>丨～埋雙眼<眯着雙目，打瞌睡>,478,,已校,
10408,瞌眼瞓,,hap1 ngaan5 fan3,,打瞌睡，打盹兒,478,,已校,
10409,合晒合尺,,hap6 saai3 ho4 ce1,,完全合口味，正對勁兒，正對路：呢件野合晒佢合尺 ‖ 也説“啱晒合尺 ngaam1' saai3 ho4 ce1”。合尺 ho4 ce1，由樂譜讀音來,478,,已校,
10410,合桃,,hap6 tou4,,核桃：～酥,478,,已校,
10411,合眼,,hap6 ngaan5,,①看得過去，對眼：噉做就～喇 ②合意，中意：我買咗對鞋畀你，～唔～啊？,478,,已校,
10412,合襯,,hap6 can3,,①（物）配合得合適：呢間屋搵啲靚家私至～㗎 ②（人）般配：佢兩個都幾～喎！,479,,已校,
10413,合仙枱,,hap6 sin1 toi4*2,,一種摺叠桌子，兩翼可活動，支起成方形，合起則成長方形 ‖ 也叫“鷄翼枱 gai1' jik6 toi4*2”,479,,已校,
10414,盒仔茶,,hap6 zai2 caa4,,一種裝在小盒裏的涼茶，解暑的藥茶,479,,已校,
10415,炠炠㷫,,hap6 hap6 hing3,,熱得燙手，熱烘烘：佢燒到～｜啲野曬到～ ‖ 也説“㷫炠炠”。炠，廣韵狎韵胡甲切：“火貌”,479,,已校,
10416,㳌𡍲,,ap1 dap1,,地方窄而陋：呢處好～嘅 ‖ 㳌，集韵狎韵乙甲切：“㳌㴙，下涇。”𡍲，集韵盍韵德盍切：“地之區處”,479,,已校,NA：“㳌”在《集韵》中釋義爲“㳌㴙下濕”。
10417,㳌㴙,,ap1 zap1,,地方窄小、污濁、陰暗：嗰間鋪頭好～ ‖ 㴙，集韵洽韵側洽切：“㳌㴙，下涇，一曰滴水也”,479,,已校,NA：“㴙”在《集韵》中釋義爲“㳌㴙下濕一曰滴水也”。
10418,罯,,ap1,,①培泥於植物根部：～花｜～泥｜壅～<給植物培土> ②漚，捂：～尿｜～臭腳｜～芽菜｜～汗 ③敷藥於創處，熱敷，冷敷：～藥｜～瘡｜～手｜～腳｜搵熱毛巾～頭｜用凍水來～住個頭｜～住個身 ④暗中補貼：佢有錢都～畀個仔 ‖ 廣韵合韵烏合切：“覆蓋也”,479,,已校,
10419,罯芽菜,,ap1 ngaa4 coi3,,發豆芽菜,479,,已校,
10420,罯泥,,ap1 nai4,,糊泥於物：腌鹹蛋要罯啲泥,479,,已校,
10421,罯味,,ap1 mei6,,發霉的氣味：啲餅有～，唔食得嘞 ‖ 也説“罨𡃴 ap1 ceoi4”,479,,已校,NA：備註中“𡃴”在原書中作詞頭時用“𪡷”。
10422,罯臭,,ap1 cau3,,衣物因潮濕發出的霉味,479,,已校,
10423,㷈,,ap1,,保存火種：～返着個火<讓這火再着起來>｜～返着個風爐｜丢啲柴碎入去，一陣就～返着嘅嘞 ‖ 集韵合韵過合切：“藏火也”,479,,已校,
10424,揖揖揚揚,,jap1 jap1 joeng4*2 joeng4*2,,（燈光）晃動，時明時暗：街燈～丨蠟燭光～丨啲光綫～，唔睇得到咯,480,,已校,
10425,入,,jap6,,①裝入：～咗袋丨～罐丨～罌丨～樽丨～埋啲餅乾<把這些餅乾裝起來> ②進入：你～唔～去？丨～房丨～來丨～場丨～口丨～肚 ③參加進去：～行丨～會丨～伍丨～教會丨～局 ④裏邊：徛～啲<往裏站>,480,,已校,
10426,入伙,,jap6 fo2,,舊俗，新屋落成，入住時的儀式，用紅紙寫“入伙大吉”，“伙”字倒着寫：你間屋幾時～啊？丨飲～酒,480,,已校,
10427,入世,,jap6 sai3,,懂人情世故：你咁大個都入下世喇丨佢～好深嘅丨佢個仔都未～嘅,480,,已校,
10428,入圍,,jap6 wai4,,①舊時指中舉，入選，中選 ②過關：呢次考試你～未呀？,480,,已校,
10429,入流,,jap6 lau4,,入門：你都唔識，就插嘴，你都未～,480,,已校,
10430,入手,,jap6 sau2,,①着手，開始做：呢件事我都未～～ ②到手：入咗手咯<達到了目的了>,480,,已校,
10431,入數,,jap6 sou3,,入賬，算在（某人）賬上：入我嘅數<算我的>,480,,已校,
10432,入心,,jap6 sam1,,形容程度很深：佢兩個有密計傾，傾到～丨記得好～<記得牢> 丨我記到佢～<我記住他了。貶義>丨痛到～丨想到～,480,,已校,
10433,入便,,jap6 bin6,,裏面，裏頭（和“出便”相對）,480,,已校,
10434,入黄泥窿,,jap6 wong4 nai4 lung1,,喻死亡 ‖ 也説“入窿”,480,,已校,
10435,入籠,,jap6 lung4,,入圈套，上當：騙佢～～丨你入咗佢個籠咯 ‖ 也説“入笠 jap6 lap1”,480,,已校,
10436,入沓,,jap6 daap6,,①做事、説話合情合理：佢講説話都幾～嘅 ②相投，投緣：佢兩個傾得好～,480,,已校,
10437,入漆,,jap6 cat1,,給木器上漆：呢啲係～嘅家私丨你幫幫我入下漆喇丨非洲人黑到入咗漆噉,480,,已校,
10438,䑜,,dip1,,小口品嘗：佢慢慢～酒｜～下滋味 ‖ 廣韵帖韵他協切：“小舐曰䑜。”古透母字，今口語讀如端母,481,,已校,
10439,喋,,dip6,,瞎編，編造：呢件事唔係真嘅，佢～出來嘅咋｜～人是非<無中生有> ‖ 集韵帖韵達協切：“一曰多言”,481,,已校,
10440,叠,,dip6,,①摞（起）：將衫～起佢｜～好啲書 ②收拾，整理：～埋啲野<把東西收拾起來> ③量詞。摞兒：一～書｜一～瓦,481,,已校,
10441,叠牌,,dip6 paai4*2,,打麻將時，理順自己的十三張牌：～都叠唔掂,481,,已校,
10442,叠埋心水,,dip6 maai4 sam1' seoi2,,專心，塌下心來：～讀書｜我～唔理家務，做我嘅功夫 ‖ 也説“沓埋心水 daap6 maai4 sam1' seoi2”,481,,已校,
10443,叠手叠腳,,dip6 sau2 dip6 goek3,,①閑着，没事幹：我～坐喺度，冇野做 ②懶，不幹活兒,481,,已校,
10444,碟頭,,dip6 tau4*2,,用小碟盛的食品，包括點心、小菜：食埋晒啲～野,481,,已校,
10445,碟頭飯,,dip6 tau4*2 faan6,,用碟子盛的份兒飯：臘味～,481,,已校,
10446,碟腳,,dip6 goek3,,指人的底細，如出身、歷史、行爲等（多含貶義）：摸下佢嘅～嘞，唔知靠唔靠得住 ‖ 也説“碟底 dip6 dai2”,481,,已校,
10447,帖服,,tip3 fuk6,,①（人）馴服：畀佢管得好～｜細路好～<小孩聽話> ②（衣）平整，合身，（物）合尺寸：件衫好～｜擺起上來都幾～,481,,已校,
10448,貼,,tip3,,①貼近，靠近：手甲剪到～晒<指甲剪得太禿>｜鬼叫佢跟得咁～咩<誰叫他跟得這麼近> ②粘貼：～街招<貼廣告>｜～膏藥 ③倒貼（錢），賠（錢）：～錢｜～本,481,,已校,
10449,貼,,tip3*2,,（衣服）貼邊：你件衫落～唔落～呀？｜袖～｜腳～<下襬的貼邊>｜袷～<衣兩側的貼邊>,481,,已校,
10450,貼錯門神,,tip3 co3 mun4 san4,,反貼門神，形容二人鬧彆扭，以背相向：佢兩家好似～噉樣,481,,已校,
10451,貼堂,,tip3 tong4,,學生作業之優者在教室展覽：某人嘅文章～嘞,481,,已校,
10452,鑷毛,,nip3 mou4,,以鑷絞去臉上及額上的汗毛,481,,已校,
10453,捏,,nip6,,①用拇指和其他手指去夾：～一額汗 ②用手指把軟東西弄成一定的形狀：用泥～個公仔｜用糯米粉～糖環,481,,已校,
10454,鑷,,nip6*2,,大鑷子，醫療及工業上用的,481,,已校,
10455,擸,,lip6,,輕輕撫摸（毛髮類）：～毛｜～鬚｜貓毛要順～ ‖ 廣韵葉韵良涉切：“説文曰理持也”,481,,已校,
10456,擸鬚,,lip6 sou1',,①捋鬍子 ②觸怒（别人）：擸親佢條鬚,481,,已校,
10457,接車,,zip3 ce1,,到車站接人,482,,已校,
10458,接船,,zip3 syun4,,到碼頭接人,482,,已校,
10459,摺椅,,zip3 ji2,,摺叠椅,482,,已校,
10460,摺袖,,zip3 zau6,,袖口是摺邊的，不加貼邊：我呢件衫係～嘅，冇落貼,482,,已校,
10461,摺手工,,zip3 sau2 gung1',,用紙摺成各種東西、動物等,482,,已校,
10462,妾待,,cip3 si6,,妾，姨太太：攞～<娶妾> ‖ 也叫“二奶 ji6 naai5*1”,482,,已校,
10463,涉世,,sip3 sai3,,①懂人情世故，閲歷多：佢都唔～｜呢個人夠～嘞 ②出手大方，慷慨：佢好～嘅，捨得出錢嘅,482,,已校,
10464,𤗈,,sip3,,①（薄的東西）塞入：將啲錢～埋枕頭底｜喺門罅～入去一張報紙｜將本書～入櫃桶｜◇佢～入去某單位｜你咪～入來，去排隊喇 ②墊：張枱徛唔穩，要～一塊木頭｜～高呢張牀 ‖ 廣韵帖韵蘇協切：“𤗈牒，小楔”,482,,已校,
10465,𤗈牙罅,,sip3 ngaa4 laa3,,塞牙縫：啲咁多餅，唔夠～,482,,已校,
10466,攝電,,sip3 din6,,閃電，打閃 ‖ 也説“攝爧 sip3 ling6”,482,,已校,
10467,攝青鬼,,sip3 ceng1' gwai2,,①迷信指能隱形者 ②形容行蹤不定、行爲詭秘者：好似～噉去咗边處呀？,482,,已校,
10468,攝石,,sip3 sek6,,磁石的舊稱，磁鐵 ‖ 現在也叫“磁石 ci4 sek6”,482,,已校,
10469,笈,,gip1,,小箱子的舊稱：皮～｜藤～｜書～<藤編的小書箱> ‖ 廣韵葉韵其輒切：“負書箱也”,482,,已校,
10470,喼紙,,gip1 zi2,,舊時小兒玩的一種包有火藥的紙，擊之發聲 ‖ 喼，俗字,482,,已校,
10471,喼鈕,,gip1 nau2,,子母扣的舊稱 ‖ 現在叫“㩧鈕 baak1 nau2”,482,,已校,
10472,喼帽,,gip1 mou6*2,,鴨舌帽 ‖ 喼，英文 cap 的音譯俗字。也叫“波帽 bo1 mou6*2”,482,,已校,NA：現在（2020s）讀kep1 mou6*2。
10473,𠲵,,gip3,,澀味：啲柿未熟得透，好～｜～口｜～口～脷 ‖ 𠲵，俗字,482,,已校,
10474,𠲵脷,,gip3 lei6,,使舌頭發澀：唔好食咁多柿啊，會～㗎,482,,已校,
10475,夾,,gip6（或 gaap6）,,①從兩個相對方向加壓力，使物體固定：櫃桶～親手｜畀門～親腳｜～扁｜畀鉗～到手｜～爆｜～坼<夾裂了>｜◇人好逼，佢～喺中間 ②夾在腋下：佢～住個書包 ‖ 口語音，本字應爲“挾”,482,,已校,
10476,夾,,gip6*2（或 gaap3*2）,,夾子：髮～｜頂～<髮夾>｜書～,482,,已校,
10477,夾腳,,gip6 goek3,,擠壓腳：對鞋太細，～<這鞋太小，擠腳>,482,,已校,
10478,狹埝,,gip6 nip3,,（地方）狹窄：呢處好～嘅｜佢屋企好～㗎 ‖ 埝，集韵帖韵諾葉切：“一曰陷也”,482,,已校,
10479,腌,,jip3,,①漬：畀鹽～｜～鹹菜｜～酸菜｜畀糖～下佢 ②（汗、尿等）漚：件衫都～鹹咗嘞，重唔洗｜畀汗～親眼,482,,已校,
10480,八卦,,baat3 gwaa3,,饒舌，好管閑事：佢好～丨～婆,483,,已校,
10481,八卦婆,,baat3 gwaa3 po4*2,,好管閑事、搬弄是非的女人 ‖ 也叫“八婆 baat3 po4”,483,,已校,
10482,八皮皮,,baat3 pei4 pei4,,划拳用語。代表八,483,,已校,
10483,八九,,baat3 gau2,,八九成，差不多（完成了）：呢件事都有～喇 ‖ 也説“八八九九”或“八八九”,483,,已校,
10484,八寳,,baat3 bou2,,①八樣料做的（食品）：～粥丨～涼茶丨～糯米飯丨～冬瓜盅 ②奇計，好辦法：有～出咯，得食咯丨冇晒～咯丨出盡～<使盡辦法>,483,,已校,
10485,八音佬,,baat3 jam1 lou2,,舊時戲班的樂師,483,,已校,
10486,八音班,,baat3 jam1 baan1,,舊時一種只唱不表演的戲班子，全是男的，搭棚演唱，此棚叫“八音棚”,483,,已校,
10487,八仙枱,,baat3 sin1 toi4*2,,八仙桌，可圍坐八人的大方桌,483,,已校,
10488,八月十五,,baat3 jyut6 sap6 ng5,,①中秋節 ②戲指屁股。八月十五吃碌柚，與“囉柚”音近，囉柚爲屁股俗稱：咪扽親你個～啊,483,,已校,
10489,八角,,baat3 gok3,,最普通的食用香料之一，學名“大茴香”，北京叫“大料”：花椒～,483,,已校,
10490,癟,,paat3,,中間凹下，變扁：通心煎𩛍～咗丨皮球～咗嘞丨餓到肚～丨壓～個球咯 ‖ 廣韵薛韵芳滅切：“枯病。”paat3 是口語音，讀書音 pit3,483,,已校,
10491,坺,,paat6,,①跌倒：佢～喺地下 ②量詞。A）泡，攤，用於稀爛之物：一～醬丨煮麵煮成一～醬丨一～牛屎丨一～鼻涕丨一～豬膏丨一～漿糊丨一～粥 B）鍬，用於泥、土塊之類：一～泥<一鍬土> ‖ 廣韵末韵蒲撥切：“一臿土也”,483,,已校,
10492,㩢,,maat3,,擦拭，抹掉：～枱丨～汗丨～乾手丨～乾凈丨～眼淚丨～油丨～令[leŋ˧]佢<擦亮>丨～甩佢<擦掉>丨◇唔啱就～咗佢<不行就一筆勾銷> ‖ 集韵黠韵莫八切：“拭也。”通常寫作“抹”,483,,已校,
10493,㩢油,,maat3 jau4*2,,擦去油泥：手錶停咗，唔行嘞，要～至得 ‖ 也説“抹油 mut3 jau4*2”,483,,已校,
10494,發,,faat3,,①送出，交付，分發：～電報丨～貨丨～報紙丨～錢丨～棉衣 ②産生，發生：～芽丨～大水 ③發酵：～麵丨～粉<發酵粉> ④傷口化膿，病復發或加重：生瘡唔好食燒鵝、蝦，食咗會～嘅丨發冷唔好食茭筍，重會～嘅 ⑤用水泡，使漲大：～魷魚丨粉仔～開好大㗎丨～開啲冬菇 ⑥流露（感情），現出（某種表情）：～狂｜～威｜～呆｜～惡<發横> ⑦因變化而顯現，散發：～臭｜～潮｜～狗屎毛<長霉>｜～黄｜～軟｜～漲｜～㷫｜～汗｜～光 ⑧得到大量財物或因運氣好而興旺：～家｜家山～｜～山<風水好的墓穴> ⑨大量産生或發生：～財｜～横財｜～丁<生男孩多> ⑩患（某種病），發作（某種症狀）：～瘋｜～水腫｜～黄疸｜～冷｜～羊吊<患羊角風>｜～癲｜～鷄盲<得夜盲症>｜～青光,483,,已校,
10495,發花巔,,faat3 faa1' din1',,因失戀或思慕異性而精神錯亂,484,,已校,
10496,發牙痕,,faat3 ngaa4 han4,,①駡人牙齒發癢，説不該説的話 ②閑談，東拉西扯,484,,已校,
10497,發啞瘴,,faat3 aa2 zoeng3,,①指瘴氣使人失音 ②駡人是啞巴，指不愛説話者或問之不應者,484,,已校,
10498,發市,,faat3 si5,,開市，開張，每天第一筆交易：今日都冇～,484,,已校,
10499,發仔寒,,faat3 zai2 hon4,,説人想生兒子想得要命,484,,已校,
10500,發開口夢,,faat3 hoi1' hau2 mung6,,説夢話 ‖ 也説“發夢話”,484,,已校,
10501,發貓寒,,faat3 maau1 hon4,,説人怕冷,484,,已校,
10502,發媌,,faat3 maau4,,發狂，着急，拼命：佢見到錢就～｜佢見到女人都發晒媌 ‖ 媌，集韵肴韵謨交切：“方言河濟之間謂好而輕言者爲媌”,484,,已校,
10503,發酒寒,,faat3 zau2 hon4,,飲酒後的一種症狀，發冷，頭痛，嘔吐,484,,已校,
10504,發毛,,faat3 mou1',,①發霉：發狗屎毛｜～鬼鬼<東西陳舊> ②駡人話。倒霉 ‖ 也説“發霉 faat3 mui4”,484,,已校,
10505,發老婆寒,,faat3 lou5 po4 hon4,,説人想娶老婆想得要命,484,,已校,
10506,發燒,,faat3 siu1',,①體溫升高 ②熱衷某事：～友<着迷者> ‖ ①也説“發熱 faat3 jit6”或“發㷫 faat3 hing3”,484,,已校,
10507,發心,,faat3 sam1',,①出自本心，決心：我～唔做壞事｜我～要學識佢｜呢件事係我～做嘅 ②開始，準備：我家下～去做,484,,已校,
10508,發啽話,,faat3  ngam1 waa6,,説昏話，胡説八道 ‖ 啽，廣韵覃韵五含切：“寐中言語。”古次濁平聲，今口語讀如陽去,484,,已校,
10509,發辦,,faat3 baan6*2,,出主意，想辦法。多用於吃喝上：你發乜野辦<你想做什麽菜>？｜你～買菜喇,484,,已校,
10510,發散,,faat3 saan3,,①中醫指散内部之熱：呢味藥係～嘅｜食咗藥～出汗 ②派出，分派（人員）：佢～好多人去搵仔｜～啲人去救災,484,,已校,
10511,發身,,faat3 san1',,孩子發育成熟，變成大人：呢個細路～未呀？｜佢重未～呀,484,,已校,
10512,發神經,,faat3 san4 ging1',,精神病發作。多用於駡人,484,,已校,
10513,發錢寒,,faat3 cin4*2 hon4,,渴望發財，想錢想得要命,484,,已校,
10514,發軟蹄,,faat3 jyun5 tai4*2,,①雙腳發軟，站立不穩 ②引申爲無主見，動搖不定,484,,已校,
10515,發冷,,faat3 laang5,,患瘧疾 ‖ 也説“打擺子 daa2 baai2 zi2”,484,,已校,
10516,發青光,,faat3 ceng1' gwong1',,①害青光眼 ②駡人不長眼，看不見東西,484,,已校,
10517,發驚青,,faat3 geng1' ceng1',,急不可待貌 ‖ 也説“發青驚”,484,,已校,
10518,發狼戾,,faat3 long4*1 lai6*2,,突然翻臉撒野，發脾氣,484,,已校,
10519,發夢,,faat3 mung6,,做夢：發開口夢｜昨晚我～見我母親,484,,已校,
10520,發夢話,,faat3 mung6 waa6,,①説夢話 ②胡説 ‖ ①也説“發開口夢”,484,,已校,
10521,發瘋,,faat3 fung1,,患痲風病：～佬｜～婆,485,,已校,
10522,發𡀾瘋,,faat3 ngap1 fung1',,瞎説，胡説八道：唔好聽佢～,485,,已校,
10523,發達,,faat3 daat6,,指發財致富：而家佢發咗達嘞,485,,已校,
10524,發腳,,faat3 goek3,,①拔腿：發起腳走<拔腿就跑>｜～追人 ②形容快跑：水滾嘞，～！,485,,已校,
10525,髮笠,,faat3 lap1,,髮網，罩在頭上，防止髮亂 ‖ 也叫“髮網 faat3 mong5”,485,,已校,
10526,髮腳,,faat3 goek3,,①頭髮梢 ②鬢腳,485,,已校,
10527,笪,,daat3,,①粗竹席：竹～｜禾船～ ②量詞。塊。用於地方、空間：一～地方｜搵～地方同你斟斟｜買呢～地係佢做中人嘅｜一～印<一塊痕迹>｜放喺呢～ ‖ 廣韵曷韵當割切：“竹䉬”,485,,已校,
10528,躂,,daat3,,①由高處跌下：佢由牀處～咗落來｜～親腰骨｜～破腳｜～倒 ②用力向下摔、甩：～生魚｜唔好將鼻涕～埋牆｜一～落牀就瞓着｜～低佢<把他摔倒> ③亂扔：唔好將野隨便咁～｜睇住，唔好～爛啲碗 ‖ 廣韵曷韵他達切：“足跌。”古透母，今讀如端母,485,,已校,
10529,撻,,taat1,,用手背或板子打：～佢兩下面珠｜～佢一下屎胐<屁股>｜～手板堂<打手心>,485,,已校,
10530,㒓,,taat3,,借錢不還，銀鋪没錢還存户：嗰間銀鋪～咗我一百文｜佢～咗五十文｜～咗佢啲野｜～人錢｜～賬 ‖ 集韵曷韵他達切：“博雅逃也”,485,,已校,
10531,㒓數,,taat3 sou3,,賴賬不還 ‖ 也説“㒓賬 taat3 zoeng3”,485,,已校,
10532,趿,,taat3,,穿鞋時足跟踩着鞋後幫：～住對鞋｜～鞋<拖鞋>｜唔好～爛對鞋｜～踭鞋<踩塌鞋後幫的鞋>,485,,已校,
10533,笪,,taat3,,"①向四面張開：隻貓冚[hɐm˨]隻～開來瞓 ②四散亂丢：唔好～開啲書｜㩄～<亂揮霍> ③（展開）到盡頭：花開到～｜開心開到～｜開～把遮喇｜大髀擘到～｜唔好開～個櫃桶 ‖ 集韵曷韵他達切：“
籧篨也”",485,,已校,
10534,笪沙魚,,taat3 saa1' jyu4*2,,比目魚,485,,已校,
10535,㶧,,naat3,,①燙：～親手｜地下曬到㷫，～腳<地曬得很燙腳>｜啲水好熱，～手嘅｜～損條脷<燙傷舌頭> ②用冰冷之物接觸：你隻腳咁凍，唔好～埋來｜發燒時用雪～下個頭｜地下好凍啊，～腳㗎 ‖ 俗借字,485,,已校,
10536,㶧鷄,,naat3 gai1,,錫焊用的烙鐵，修理用的工具：電～,485,,已校,
10537,㶧頭髮,,naat3 tau4 faat3,,用火鉗燙頭髮，最早的燙髮方式,485,,已校,
10538,捺,,naat6,,②漢字筆畫名稱：十畫冇一～<熟語。八字没有一撇>｜一横一～ ②用力往下按，壓：～死蟻｜～死條蟲｜將番薯～爛佢,485,,已校,
10539,𤊶,,laat3,,用火點燃：燒炮仗要～着條引｜～炮<燃放舊式大炮>｜廚房有火，～着火煮飯喇｜～着個風爐 ‖ 集韵曷韵郎達切：“火貌”,485,,已校,
10540,瘌痢,,laat3 lei1,,①頭癬：生～｜～頭 ②尖酸刻薄，難相處：乜你咁～㗎,485,,已校,
10541,列,,laat6,,量詞。行：一～屋｜一～樹｜種菜一～～｜離行離～<離譜，不沾邊兒> ‖ 口語音，文讀 lit6,485,,已校,
10542,剌,,laat6,,用刀輕輕劃出痕，並不切斷：切魷魚要起花，要～開至好炒丨煎魚時要～開，使到佢入味丨畀刀～親手<刀割破了手> ‖ 廣韵曷韵慮達切：“僻也，戾也。”集韵：“説文戾也。從束從刀，刀者剌之也”,486,,已校,
10543,辣,,laat6,,①辛辣（味道）：啲菜好～嘅 ②舊時指價錢貴：價錢咁～ ③毒辣，狠毒：佢對人好～手嘅,486,,已校,
10544,辣㷫㷫,,laat6 hing3 hing3,,辣絲絲的,486,,已校,
10545,邋遢,,laat6 taat3,,不乾凈，髒：地下咁～嘅，掃下佢喇丨～豬,486,,已校,
10546,扎,,zaat3,,驚覺，驚跳：個細路哥瞓瞓下覺，忽然間～起來丨跳～～丨嚇到我～起來丨～醒咗丨～～跳 ‖ 俗借字,486,,已校,
10547,扎扎跳,,zaat3 zaat3 tiu3,,①形容心跳：個心～ ②跑跑跳跳，形容活潑,486,,已校,
10548,扎實,,zaat3 sat6,,①（物）結實：間屋起得好～丨張枱咁～，未爛至喇 ②（幹活）踏實可靠：佢工夫好～丨佢做啲野都幾～嘅,486,,已校,
10549,紥,,zaat3,,①纏，綑紥：～紙花丨～掃把丨～腳纏足丨～頭繩 ②量詞。束，把：一～花丨兩～菜丨三～柴,486,,已校,
10550,紥蹄,,zaat3 tai4*2,,一種熟的肉製品：鹵水～丨麻香～,486,,已校,
10551,紥仔,,zaat3 zai2,,舊時指纏足婦女 ‖ 也叫“阿紥 aa3 zaat3”,486,,已校,
10552,紥炮,,zaat3 paau3,,指勒緊褲帶，餓肚子,486,,已校,
10553,紥粉,,zaat3 fan2,,乾的細條米粉，綑成小把，食用時泡開 ‖ 也叫“髻仔粉 gai3 zai2 fan2”,486,,已校,
10554,紥腳,,zaat3 goek3,,纏足 ‖ 也説“纏腳 cin4 goek3”,486,,已校,
10555,𩟔,,caat3,,吃的俗稱：～飯丨大～一餐丨～飽未啊？ ‖ 《康熙字典》：“字彙初戛切，音察，添食也。”暫借字,486,,已校,
10556,刷,,caat3*2,,刷子：牙～丨鞋～丨衣～丨洗衫～丨鬚～丨鋼絲～,486,,已校,
10557,擦紙膠,,caat3 zi2 gaau1',,橡皮，去掉鉛筆字迹用的 ‖ 也叫“膠擦 gaau1' caat3*2”,486,,已校,
10558,擦鞋,,caat3 haai4,,特指阿諛奉承，拍馬屁：佢梗係撈得起嘞，又會拎箱，又會～,486,,已校,
10559,殺,,saat3,,①弄死：將啲土匪～清光 ②番攤用語。攤館勝叫“殺”：有～冇賠<贏定了>丨大～三方<全勝> ③打牌用語。吃，消滅：～咗佢,486,,已校,
10560,殺大花面,,saat3 daai6 faa1' min6*2,,指繁雜難辦的事情結束了。源於大戲，因舊劇中一般是殺了奸臣就結束了：哦，～咯！,486,,已校,
10561,殺手鐧,,saat3 sau2 gaan2,,絶招兒，獨步的本事：佢有兩度～㗎,486,,已校,
10562,殺人王,,saat3 jan4 wong4,,指兇惡的人 ‖ 也説“殺人精 saat3 jan4 zing1'”,486,,已校,
10563,殺蟲㵶,,saat3 cung4 zit1,,小型噴霧器，家庭用 ‖ 㵶，廣韵屑韵子結切：“小灑”,486,,已校,
10564,煞科,,saat3 fo1,,收尾，煞尾：噉點～<這怎麼收場>？,486,,已校,
10565,煞尾科,,saat3 mei5 fo2,,末尾，尾聲：呢啲都係～嘅喇，冇乜野好做嘞,486,,已校,
10566,煞氣,,saat3 hei3,,淘氣，使人傷腦筋：我個外孫真～丨佢個仔成日病，夠～,487,,已校,
10567,甴曱,,gaat6 zaat6*2,,蟑螂 ‖ 俗字,487,,已校,NA：“甴曱”在原書其他詞條或作“曱甴”。
10568,甴曱仔,,gaat6 zaat6 zai2,,指機動三輪車 ‖ 也叫“三腳鷄 saam1' goek3 gai1”,487,,已校,NA：“甴曱”在原書其他詞條或作“曱甴”。
10569,甴曱箱,,gaat6 zaat6 soeng1,,蟑螂卵，像精緻的小箱子,487,,已校,NA：“甴曱”在原書其他詞條或作“曱甴”。
10570,咭,,kaat1,,上等的硬紙片，卡片：拜年～丨白～丨聖誕～丨九折～ ‖ 英文 card 的音譯。也説“咭片”,487,,已校,
10571,咭片,,kaat1 pin3*2,,①名片的舊稱 ②卡片 ‖ ②也叫“咭”,487,,已校,
10572,齧,,ngaat6,,慢慢咬、啃：～乾凈啲骨啊丨老鼠～穿個箱咯丨蟲～爛書 ‖ 口語音，文讀 jit6,487,,已校,
10573,齧牙,,ngaat6 ngaa4,,（睡夢中）咬牙，磨牙 ‖ 也説“磨牙 mo4 ngaa4”,487,,已校,
10574,押,,aat3,,①（拿東西去）當：拎啲野去～ ②押送：～佢去坐監丨～車丨～運,487,,已校,
10575,押櫃,,aat3 gwai6*2,,①押金，租屋或田地時先付的款 ②買物時錢不足，先付的部分款,487,,已校,
10576,押後,,aat3 hau6,,延期,487,,已校,
10577,胺,,aat3,,尿臊味：臭尿～丨臭臭～～丨～臭 ‖ 廣韵曷韵烏葛切：“肉敗臭”,487,,已校,
10578,胺馠馠,,aat3 ham1' ham1',,尿臊味：産婦房裏便～ ‖ 馠，廣韵覃韵火含切：“小香”,487,,已校,
10579,壓碇,,aat3 deng6,,（體積大的東西）占地方多：呢件野好～嘅 ‖ 碇，俗借字,487,,已校,
10580,刮,,gwaat3,,①用刀等將物體表面上的某些東西去掉：～面｜～脷<刮舌頭上的舌苔>｜～損皮咯<把皮刮破了>｜～痧 ②搜刮（財物等）：～地皮｜～龍｜～村<土匪洗劫村莊>｜～魚 ③在物體表面上塗抹：～漿<做衣服時在布上塗糨糊>,488,,已校,
10581,刮塘,,gwaat3 tong4,,年終竭塘而漁：～大魚<喻得來便宜之物> ‖ 也説“刮魚 gwaat3 jyu4*2”,488,,已校,
10582,刮龍,,gwaat3 lung4*2,,①撈錢：佢刮咗大龍<投機倒把得到大錢> ②受賄：個警察想～啫嘛 ③刮地皮,488,,已校,
10583,刮削,,gwaat3 soek3,,剝削，刮窮人的錢：唔好～小本生意人,488,,已校,
10584,挖,,waat3,,①掏：～耳｜～鼻屎｜～荷包<自掏錢>｜～穿褲袋咯 ②掘：～個氹｜～井｜～窿｜～出啲泥,488,,已校,
10585,挖荷包,,waat3 ho4 baau1,,掏腰包，自己出錢,488,,已校,
10586,挖爛飯煲,,waat3 laan6 faan6 bou1,,形容因開胃而吃飯多：今日～咯 ‖ 也説“打爛飯煲 daa2 laan6 faan6 bou1”,488,,已校,
10587,挖肉,,waat3 juk6,,指割自己的肉，喻吝嗇：叫佢出啲錢，好似挖佢肉噉｜～攞瘡生<熟語。喻自討苦吃>,488,,已校,
10588,滑,,waat6,,①（物體、地面等）光滑：～溜｜地下好～㗎，好聲行啊 ②（食物）細嫩，滑溜，好吃：啲河粉好～｜～蛋粉｜啲白斬鷄好～｜炒～牛<炒嫩牛肉片>｜～鷄<熟的嫩子鷄> ③（人）油滑，狡詐：～頭｜～口<油嘴滑舌>,488,,已校,
10589,滑,,waat6*2,,肉末（魚、肉）加調味料做成的膠狀物，是菜肴的半成品：魚～｜肉～,488,,已校,
10590,滑牙,,waat6 ngaa4*2,,（螺絲）擰不緊,488,,已校,
10591,滑□□,,waat6 saai4 saai4,,形容食物滑（貶義）,488,,已校,
10592,滑𣺶𣺶,,waat6 saan4 saan4,,有黏滑的液體：啲藤菜～唔好食嘅｜條魚～捉唔好住佢 ‖ 𣺶，集韵山韵棧山切：“魚龍身濡滑者”,488,,已校,
10593,滑澾澾,,waat6 taat1 taat1,,（東西）滑貌：枝水筆～唔好揸,488,,已校,
10594,滑脱脱,,waat6 tyut1 tyut1,,形容皮膚光滑：個細路仔生得白雪雪、～,488,,已校,
10595,滑捋捋,,waat6 lyut1 lyut1,,滑溜溜的：啲涼粉～幾好食啊,488,,已校,
10596,不時,,bat1 si4,,副詞。不定時地（比“時時”少些）：我～去佢度,489,,已校,
10597,不遱,,bat1 lau4*1,,副詞。從來，一向：佢～都食煙｜我～都係住喺呢度㗎｜佢～都係做教員｜我～都係噉嘅脾氣 ‖ 遱，集韵侯韵郎侯切：“説文連遱也，謂不絶也。”也説“一遱 jat1 lau1”或“一路 jat1 lou6”,489,,已校,
10598,不見天,,bat1 gin3 tin1',,豬的前肢腋下之肉，最好吃,489,,已校,
10599,不特只,,bat1 dak6 zi2,,不僅僅，不只是：佢～好聰明，而且好本事 ‖ 也説“不特”,489,,已校,
10600,不落家,,bat1 lok6 gaa1',,舊時珠江三角洲，不少女子婚後不住夫家，過年過節回去探親，生了孩子才長住夫家 ‖ 也説“唔落家 m4 lok6 gaa1'”,489,,已校,
10601,𢳂,,bat1,,①舀（液體）：～一匙湯｜～水｜～粥｜～茶｜～酒 ②撮：～垃圾 ‖ 俗字,489,,已校,
10602,筆套,,bat1 tou3*2,,筆帽，包括鋼筆、圓珠筆、彩筆等的帽兒,489,,已校,
10603,筆嘴,,bat1 zeoi2,,（金屬）筆尖兒：鋼～,489,,已校,
10604,筆咁掂,,bat1 gam3 dim6,,筆直：條路～ ‖ 也説“筆咁直 bat1 gam3 zik6”,489,,已校,
10605,筆升,,bat1 sing1,,插毛筆的筆筒 ‖ 也叫“筆筒 bat1 tung4*2”,489,,已校,
10606,筆錔筒,,bat1 taap3 tung4*2,,套毛筆的金屬筆帽 ‖ 錔，廣韵合韵他合切：“器物錔頭”,489,,已校,
10607,筆墨,,bat1 mak6,,文章，學問：佢～幾好嘅 ‖ 也説“字墨 zi6 mak6”,489,,已校,
10608,拔獨,,bat6 duk6,,孤僻，不愛理人，不易相處,489,,已校,
10609,乜,,mat1,,①爲什麼，幹嗎（詢問原因或目的）：～你噉樣講呀？｜～你唔食呢？｜～佢唔來呢？ ②疑問代詞。什麼：佢～都唔知道｜你有～理由打我呢？｜因～事罷工呢？ ‖ 俗借字,489,,已校,
10610,乜野,,mat1 je5,,①何物：買～？｜～來㗎<這是什麼東西呀>？ ②疑問代詞。什麼：爲～？｜～事啊？｜你借～書呀？｜做～佢唔食飯呀？,489,,已校,
10611,乜時,,mat1 si4,,①早已：如果唔係你攪住，我做咗～咯｜佢去咗～咯，重等你咩！ ②任何時：你話佢做得慢，佢～都係噉嘅喇！,489,,已校,
10612,乜鬼,,mat1 gwai2,,什麼，加强語氣：～衰野來㗎<什麼破玩意兒呀>？｜佢～都唔會｜你攪～啊？｜冇晒咯，重食～呀！,489,,已校,
10613,乜頭乜路,,mat1 tau4 mat1 lou6,,來路，情况：唔知佢～<不知他的思想、動機>,489,,已校,
10614,乜誰,,mat1 seoi4,,①什麼人，誰：你搵～呀？ ②某某人，代替具體人名：呢啲係～講我聽嘅 ‖ ①也説“乜人 mat1 jan4*2”或“边個 bin1 go3”,489,,已校,NA：現在（2020s）習讀mat1 seoi4*2。
10615,乜東東,,mat1 dung1 dung1,,什麼玩意兒：唔知佢攪～ ‖ 也説“乜東西 mat1 dung1 sai1”,489,,已校,
10616,乜乜物物,,mat1 mat1 mat3 mat3,,這個那個的，如此等等：佢唔想去啫，又講佢肚痛，又腳痛，～,490,,已校,NA：原書注音疑似有誤，現在（2020s）讀mat1 mat1 mat6 mat6。
10617,物件,,mat6 gin6*2,,東西，多指用品：呢樣～唔禁[kʻɐm˥˧使｜嗰樣～唔通行｜就將各樣～畀佢睇,490,,已校,
10618,物業,,mat6 jip6,,産業,490,,已校,
10619,物色,,mat6 sik1,,找，尋覓。多用於人：幫我～個幫手喇,490,,已校,
10620,密啲手,,mat6 di1 sau2,,手勤快點，加緊，加速：咁多工夫，要～做 ‖ 也説“密密手 mat6 mat6 sau2”,490,,已校,
10621,密底算盤,,mat6 dai2 syun3 pun4,,喻會算計者。起源於批發行中，雙方講價錢時用一把有底的算盤，彼此撥弄以講價，别人看不見,490,,已校,
10622,密偈,,mat6 gai6*2,,秘密話，私房話：傾～<密談>,490,,已校,
10623,密頭鞋,,mat6 tau4 haai4,,鞋頭密封的鞋（與“涼鞋”相對）,490,,已校,
10624,密口,,mat6 hau2,,密封的，接合處很嚴的：呢封信係～嘅｜條金鏈好～嘅，唔容易開口嘅｜啲罐好～嘅，唔會漏氣嘅,490,,已校,
10625,密斟,,mat6 zam1',,談私房話，密談：你兩個～乜野呀？,490,,已校,
10626,密凈,,mat6 zeng6,,（紡織物）又密又結實，接縫處結實牢固：件衫做得咁～｜布織得好～ ‖ 也説“密實”,490,,已校,
10627,密𧟘褲,,mat6 nong6*2 fu3,,（小兒穿的）不開襠的褲子（與“開𧟘褲”相對）,490,,已校,
10628,密竉,,mat6 lung5*2,,滿滿的，實心的：呢枝竹係～嘅｜間房都畀啲行李丢到～咯｜枝竹筒都密咗竉嘅喇，唔丢得野落去喇 ‖ 也説“盲竉 mang4 lung5*2”。竉，廣韵董韵力董切：“孔竉”,490,,已校,
10629,密窒窒,,mat6 zat1 zat1,,①稠密，密密匝匝地 ②滿滿地，擠得緊緊地,490,,已校,
10630,密實,,mat6 sat6,,①（嘴）緊，（嘴）嚴，不愛多説話，不傳播小道消息：某人個嘴都好～嘅 ②嚴密：將啲野收到好～ ③結實，牢固：布織得好～｜酸枝木好～｜鞋底篸[tsam˧]得好～<鞋底納得很結實>,490,,已校,
10631,蜜糖,,mat6 tong4,,蜂蜜,490,,已校,
10632,蜜糖埕,,mat6 tong4 cing4,,①蜜罐子，喻心肝寳貝兒：個仔係佢嘅～ ②一種香瓜，皮色金黄，味甜肉滑,490,,已校,
10633,襪,,mat6（或 maat6）,,襪子,490,,已校,
10634,襪箍,,mat6 ku1,,襪帶，穿長筒、半長筒襪用,490,,已校,
10635,襪帶,,mat6 daai3*2,,老式的紥褲腳的帶子,490,,已校,
10636,襪頭,,mat6 tau4,,襪口：啲～好撝[uɛ˨˧]嘅<襪口很鬆>｜鬆緊～ ‖ 也叫“襪口 mat6 hau2”,490,,已校,
10637,𣁳,,fat1（或 bat1）,,舀（水、湯等）：～湯｜～粥 ‖ 廣韵末韵呼括切：“舀水”,490,,已校,
10638,帔,,fat1,,量詞。塊：一～布｜一～樹皮｜一～肉｜咬一～餅｜牆頭崩咗一～｜碗崩咗一～ ‖ 廣韵物韵分勿切：“毳也。”又末韵北末切：“一幅巾”,490,,已校,
10639,窟,,fat1,,洞穴，巢穴：掘個～｜◇佢成日都唔出～<他整天不出家門>,490,,已校,
10640,佛爺,,fat6 je4,,①佛像：拜～ ②喻好相處、脾氣好的人：佢正～呀，咁好脾氣 ③喻懶人，坐着不幹活：你坐嗰處做～呀？,490,,已校,
10641,佛口蛇心,,fat6 hau2 se4 sam1',,口蜜腹劍,490,,已校,
10642,咄,,dat1,,用話刺人，説話語氣重：你去佢處買野，顧住佢～你｜～佢幾句 ‖ 集韵末韵都括切：“叱也。”廣韵没韵當没切：“呵也”,491,,已校,
10643,胐,,dat1,,①重重地坐下（貶義）：佢～喺牀處｜佢成個人～落椅處<他一屁股坐在椅上>｜佢～一～就走咗｜～落個處<坐在這兒吧> ②（把物件）重重地放下：佢食完飯，將碗一～就走咗｜將啲行李～嗰度喇 ③（用軟物）蓋，壓，圍着：搵野來～住個罌口｜～到冚<蓋嚴>｜用張被～住佢 ‖ 集韵没韵當没切：“臀也”,491,,已校,
10644,胐住,,dat1 zyu6,,①（以背）相對：用背脊～佢坐<以背相對而坐，不看對方> ②（背和背）緊挨着：背脊～背脊就暖啲,491,,已校,
10645,胐浪,,dat1 long6,,壓浪，遏住、頂住浪：用船尾～<因船尾大而重能壓住浪>,491,,已校,
10646,凸,,dat6,,①鼓出：眼核～出來｜一起隻眼來睇人｜肥到～起個肚 ②露出：襪穿咗，～出腳趾 ③富餘，多餘：夠用有～｜夠食有～,491,,已校,
10647,凸眼,,dat6 ngaan5,,眼球鼓起：～金魚｜覴眉～｜～仔,491,,已校,
10648,凸腸頭,,dat6 coeng4 tau4,,脱肛病 ‖ 也叫“脱疘 tyut3 gong1'”,491,,已校,
10649,凸額,,dat6 ngaak6,,前額突出：深睛～｜佢生得～,491,,已校,
10650,突兀,,dat6 ngat6,,①一愣，一怔：打個～ ②突然，意外：呢件事好～,491,,已校,
10651,甩,,lat1,,①脱落，鬆散：佢曬到個面都～咗皮｜～牙｜～鞋｜～鞋帶｜～褲 ②消退：衫上面嘅墨水洗唔～｜～色 ③脱（手），（放）掉：～手｜黐得好實，唔得～ ‖ 俗字,491,,已校,
10652,甩卡,,lat1 kaa1,,火車脱節 ‖ 也説“甩鈎 lat1 ngau1”,491,,已校,
10653,甩下爬,,lat1 haa6 paa4,,下巴脱臼：唔好講大話，會～㗎｜笑～<笑掉下巴> ‖ 也説“甩牙骹 lat1 ngaa4 gaau3”,491,,已校,
10654,甩底,,lat1 dai2,,①（器物）掉底：個桶～咯 ②事情暴露 ③完不成任務，失信於人,491,,已校,
10655,甩皮甩骨,,lat1 pei4 lat1 gwat1,,①器物散架，表層脱落：張枱～｜幅牆都～咯 ②皮開肉散：打到佢～,491,,已校,
10656,甩骹,,lat1 gaau3,,關節脱臼：佢隻手～咯 ‖ 也説“脱骹 tyut3 gaau3”,491,,已校,
10657,甩手,,lat1 sau2,,脱手，（貨物）賣出：佢件野甩咗手 ‖ 也説“脱手 tyut3 sau2”,491,,已校,
10658,甩鬚,,lat1 sou1',,①丢臉，失面子：今日你甩晒鬚咯 ②使人丢臉：甩佢鬚至得，佢咁牙擦 ‖ 也説“甩面 lat1 min6*2”,491,,已校,
10659,甩身,,lat1 san1,,脱身：我而家得～嘞,491,,已校,
10660,甩綫,,lat1 sin3,,縫綫綻開：件衫～咯 ‖ 也説“甩綫步 lat1 sin3 bou6”,491,,已校,
10661,甩青,,lat1 ceng1,,①黑膠綢掉膠：件衫都～咯 ②搪瓷器物掉瓷：隻口盅跌到～,491,,已校,
10662,甩繩馬騮,,lat1 sing4*2 maa5 lau1,,脱繩的猴子，比喻人很調皮，到處亂跑：佢好似～噉，到處亂跳,491,,已校,
10663,甩甩離離,,lat1 lat1 lei4 lei4,,（器物）支離破碎貌,491,,已校,
10664,窒,,zat1,,①塞，堵：～住個樽｜～住個口｜～唔落｜貨～滿個碼頭 ②塞子：樽～<瓶塞>,491,,已校,
10665,窒飽,,zat1 baau2,,塞飽，吃飽（貶義）：你～未呀？,492,,已校,
10666,窒飽䂻脹,,zat1 baau2 zaang6 zoeng6,,吃飽吃撑（貶義）,492,,已校,
10667,懫,,zat1,,（用話）止住，堵住對方嘴：佢喺度嘈喧巴閉，我～佢𫫊<⿰口隻>｜我係要～住佢，佢咁牙擦 ‖ 廣韵質韵之日切：“止也”,492,,已校,
10668,𪗨,,zat6,,（鼠、蟲）咬：畀蟲～爛咗件衫｜老鼠～穿個箱｜畀蟲～過啲餅就唔好食喇 ‖ 廣韵質韵仕叱切：“齧聲”,492,,已校,
10669,侄婦,,zat6 fu5,,侄子之妻,492,,已校,
10670,侄仔,,zat6 zai2,,侄子，兄或弟之子,492,,已校,
10671,侄女,,zat6 neoi5*2,,兄或弟之女,492,,已校,
10672,𧫡口𧫡脷,,zat6 hau2 zat6 lei6,,想講又不願講，欲言又止：佢講話～嘅 ‖ 𧫡，集韵質韵陟栗切：“𬢿<⿰言荅>𧫡，言無倫脊也。”古清音入聲，本應讀陰入，今讀如陽入,492,,已校,
10673,躓,,zat6,,突然一驚：佢嚇到～一～<他嚇了一跳>｜打個～<猛然停頓> ‖ 集韵質韵職日切：“跲也。”廣韵至韵陟利切：“礙也，頓也”,492,,已校,
10674,躓手,,zat6 sau2,,①猛然縮手，或略爲停手：見到一條百足，佢躓一躓手｜我躓一躓手，就畀人買清光 ②縮手不前：呢件事我都～唔敢做咯,492,,已校,
10675,躓手躓腳,,zat6 sau2 zat6 goek3,,縮手縮腳：佢怕碰凍水，～唔去洗菜｜叫佢拎個碗來，咁耐都唔來，真係～,492,,已校,
10676,躓腳,,zat6 goek3,,①縮足不前：佢行到個處就～咯｜畀佢鬧咗一餐，我都～唔去佢處咯 ②腳步略停：我躓一躓腳就唔搭到車<没坐上車>,492,,已校,
10677,七姐,,cat1 ze2,,俗指神話中的織女：七月七拜～｜～節<乞巧節>,492,,已校,
10678,七個一皮,,cat1 go3 jat1 pei4,,忙碌、忙亂貌。源於番攤用語：攪到我～｜做到我～<勞累>｜打到佢～<招架不住>｜忙到～,492,,已校,
10679,七國咁亂,,cat1 gwok3 gam3 lyun6,,亂得一塌糊塗：今日攪到我～ ‖ 七國即戰國時代,492,,已校,
10680,七支火起,,cat1 zi1' fo2 hei2,,氣極冒火，氣不打一處來：激到我～,492,,已校,
10681,七支八離,,cat1 zi1' baat3 lei4,,①（説話）前後不符：佢講説話～，冇句真嘅 ②很累，很辛苦：做到我～ ③（事情）不可收拾：呢件事畀佢攪到～,492,,已校,
10682,七扶八插,,cat1 fu4 baat3 caap3,,一人的工作要多人幫着幹。源於插秧：做啲咁多[tœ˥]野，要～嘅咩<做一點兒事，還要衆人幫忙嗎>？,492,,已校,
10683,七老八十,,cat1 lou5 baat3 sap6,,七八十歲：佢～重唔正經,492,,已校,
10684,七樵樵,,cat1 ciu4 ciu4,,划拳用語。表示七,492,,已校,
10685,七除八拆,,cat1 ceoi4 baat3 caak3,,七折八扣，零碎花銷：領咗五十文薪水，～就冇幾多咯 ‖ 也説“七折八扣 cat1 zit3 baat1 kau3”,492,,已校,NA：原書備註“折”注音音高爲44。
10686,七七八八,,cat1 cat1 baat3 baat3,,七八成，八九不離十：做咗～咯,492,,已校,
10687,抶,,cat1,,以帚杵：將掃把～過去｜唔好亂咁～呀 ‖ 廣韵質韵丑栗切：“打也。”集韵：“説文笞擊也”,492,,已校,
10688,漆皮,,cat1 pei4*2,,舊時的一種人造皮，可作爲器物面料：呢個手袋係～嘅丨～鞋,492,,已校,
10689,漆油,,cat1 jau4*2,,油漆：呢張椅重未上～嘅,493,,已校,
10690,失拖,,sat1 to1,,①船隻與拖帶船分離 ②喻失約，諾言不實現：你放心喇，我唔會～嘅 ③錯過機會，没能參加：呢次做田鷄東，佢～嘞丨十點鐘開船，我十點兩個字至到，～喇！,493,,已校,
10691,失匙夾萬,,sat1 si4 gaap3 maan6,,喻有錢的公子哥兒，但不掌握錢財，不能做主,493,,已校,
10692,失禮,,sat1 lai5,,丢人，失面子，失禮於人：～主人<在主人面前失禮>丨你唔怕～佢呀？丨～哂<太丢人了>丨～死人<丢現世>,493,,已校,
10693,失威,,sat1 wai1',,①殺了威風：好～呀 ②使丢臉：等我地去失佢個威喇,493,,已校,
10694,失口,,sat1 hau2,,①偶爾説錯話：一時～，漏咗風聲 ②病得昏迷，不會説話：佢而家病到～嘞丨佢已經失咗口 ‖ 義項①也説“錯口 co3 hau2”,493,,已校,
10695,失度,,sat1 dou6*2,,（衣服、器物的）尺寸大小失算，材料差一點不夠：呢件衣料～嘞丨件衫～咯，差二寸，唔着得丨對鞋短過頭，～咯丨木枋差啲唔啱，～咯,493,,已校,
10696,失路,,sat1 lou6,,迷路：個細路哥失咗路 ‖ 也説“蕩失路 dong6 sat1 lou6”,493,,已校,
10697,失音,,sat1 jam1',,①聲音沙啞，或因喉病説不出話 ②不敢做聲：嚇到佢～ ③無音信，無消息：呢件事～咯 ‖ ①也説“失聲 sat1 seng1'”,493,,已校,
10698,失魂,,sat1 wan4,,冒冒失失，好似掉了魂：嚇到～丨～落魄,493,,已校,
10699,失魂魚,,sat1 wan4 jyu4*2,,喻驚慌失措、暈頭轉向者。源於放炮炸魚，魚群受驚，浮出水面打旋：好似～噉,493,,已校,
10700,失魂倒户,,sat1 wan4 dou2 wu6,,精神恍惚，魂不守舍,493,,已校,
10701,失真,,sat1 zan1',,不相稱，不相配：呢對鞋～嘞，唔配你着丨呢條老野着件花衫，～喇,493,,已校,
10702,失驚無神,,sat1 geng1' mou4 san4,,冷不防：～冲人來丨～佢又來咗，～佢又去咗丨～喊起來 ‖ 也説“失驚忘神 sat1 geng1' mong4 san4”,493,,已校,
10703,失失慌,,sat1 sat1 fong1',,慌慌張張 ‖ 也説“慌失失”,493,,已校,
10704,失着,,sat1 zoek6,,一步做錯：佢噉樣做係～啊！,493,,已校,
10705,失覺,,sat1 gok3,,①客套話。初次見面時，尊敬對方：～，～ ②没注意，没留神：一時～踩親你，算我唔該<對不起>,493,,已校,
10706,膝頭,,sat1 tau4,,膝蓋 ‖ 也叫“膝頭哥 sat1 tau4 go1”,493,,已校,
10707,膝頭蓋,,sat1 tau4 goi3,,膝蓋骨：跌親個～ ‖ 也叫“波羅蓋 bo1' lo4 goi3”,493,,已校,
10708,實,,sat6,,①嚴實：𰃴<⿱冖贛>得好～，揭唔開丨包～佢丨㩒～佢丨綁得好～ ②副詞。準，一定：我～來丨過去肺癆～會死人㗎丨～係噉嘅<一定是如此> ③真實，實在：～話丨～事求是丨～價 ④事實，實際：失～丨名不副～ ⑤果實，種子：茨～,493,,已校,
10709,實牙實齒,,sat6 ngaa4 sat6 ci2,,板上釘釘，堅決，一定：講到～,493,,已校,
10710,實穩,,sat6 wan2,,肯定：佢～來,493,,已校,
10711,實行,,sat6 hang4,,①決意，一定：我～要請佢 ②勢必，必定：冇人幫襯，～聽執喇<没人光顧，只好等着倒閉吧>,493,,已校,
10712,實凈,,sat6 zeng6,,結實，牢固：間樓起得好～｜佢肥得～<他胖得結實>｜凳仔做得好～,493,,已校,
10713,實情,,sat6 cing4*2,,副詞。實在，實際上：昨日我唔來，～我去咗睇戲呀！｜～佢唔知道｜呢件衫重貴過嗰件，～重唔夠嗰件好,494,,已校,
10714,實竉,,sat6 lung5*2,,①體壯，不虛弱（與“倒囊”相對）：佢好～嘅 ②實心的：呢條柱係～嘅 ‖ 義項 ② 也説“盲竉 mang4 lung5*2”或“密竉 mat6 lung5*2”,494,,已校,
10715,實趯趯,,sat6 tek3 tek3,,不鬆軟，硬而實（與“鬆匹匹”相對）：沙梨～嘅，唔好食｜呢個餅咬起來～嘅｜啲肉～嘅｜炸魚炸到～,494,,已校,
10716,實䂸䂸,,sat6 gwak1 gwak1,,又結實又硬貌：沙灣白餅<炒米餅>食起來～，唔好食 ‖ 䂸，集韵麥韵古獲切：“擊石”,494,,已校,
10717,吉,,gat1,,①吉利：大～利市｜～日 ②迷信者用來代替“空”。“空”和“凶”同音：～屋｜～車｜～手｜～身｜～鋪｜～樽,494,,已校,
10718,吉手,,gat1 sau2,,空手，手中無物：我幫你拎喇，我都～行嘅啫｜去某某人處，～去唔好啊，買啲野去,494,,已校,
10719,吉屋,,gat1 uk1,,空房子：有～出租,494,,已校,
10720,㓤,,gat1,,①（以尖物）刺，扎：用針～佢｜～親腳｜～穿窿｜畀𠢠～到手｜～一刀｜針唔～到肉，唔知痛<熟語> ②刺激：～心肝<氣得心疼> ‖ 俗借字,494,,已校,
10721,㓤喉,,gat1 hau4,,齁嗓子：食得過甜就～嘞 ‖ 也説“刺喉嚨 laa2 hau4 lung4”或“撠喉 kek3 hau4”,494,,已校,NA：備註中“刺”應爲“剌”
10722,桔,,gat1,,一種小橘子，皮緊而光滑，味較酸：年～｜四季～｜唔值一個～<賤得很>｜得個～<一無所得>,494,,已校,
10723,䞘,,gat6,,①走（貶義）：佢～咗去边度？｜冇幾耐佢又～咗返來 ②滾蛋（駡人）：快啲～嘞｜～路｜𧽽之～之<逃走> ‖ 廣韵迄韵其迄切：“行貌”,494,,已校,
10724,䞘路,,gat6 lou6,,走開，滾蛋：快啲～喇｜起佢嘅路<趕他走>,494,,已校,
10725,吃口,,gat6 hau2,,結巴，説話時重複字音，不流利 ‖ 吃，廣韵迄韵居乞切：“語難。”古清音入聲。本應讀陰入，今口語讀陽入,494,,已校,
10726,吃口吃舌,,gat6 hau2 gat6 sit6,,説話不流利，結結巴巴,494,,已校,
10727,𧽸,,gat6,,①一足跳行：玩～鷄<小兒玩單腳跳> ②跛行：～腳｜行得～～下｜佢有啲～～地腳 ‖ 集韵月韵其月切：“蹠也。”蹠，之石切：“説文楚人謂跳躍曰蹠”,494,,已校,
10728,𧽸跛跛,,gat6 bai1 bai1,,用一隻腳跳着走，小兒遊戲 ‖ 也説“𧽸鷄 gat6 gai1”。跛，訓讀字,494,,已校,
10729,𧽸手𧽸腳,,gat6 sau2 gat6 goek3,,做事不麻利，笨手笨腳,494,,已校,
10730,𧽸𧽸貢,,gat6 gat6 gung3,,跳跳蹦蹦：佢行路～嘅,494,,已校,
10731,𧽸腳,,gat6 goek3,,兩腳一長一短，走路時一瘸一瘸地,494,,已校,
10732,𢷒,,gat6,,①將扁擔斜放在肩頭上，一頭翹起，掛物其上：～起隻糞箕｜～起個籮｜～起隻籃就去咗 ②探出（頭），欠起（身子）：～個頭出去｜佢馬上～起身 ‖ 廣韵月韵其謁切：“擔𢷒物也，本亦作揭”,494,,已校,
10733,𢷒枅,,gat6 gai1,,①屋椽突出部分：整個～出來 ②突出的小芽，如蔗節上的小芽，竹子節旁出的小芽尖，器物上突出的小東西 ③牆上釘的木架，上放木板以承物：整個～來㝗[lɔŋ˧]野 ‖ 枅，廣韵齊韵古奚切：“承衡木也”,494,,已校,
10734,𢷒頭,,gat6 tau4,,①（器物）一端翹起：唔好徛[kʻei˨˧]喺凳處，顧住～｜一～就跌喇 ②挑擔子時，一頭偏重：～嘞，唔好擔啊,495,,已校,
10735,𢷒高頭,,gat6 gou1' tau4,,抬高頭，頸伸長而望,495,,已校,
10736,𢷒尾,,gat6 mei5,,翹起尾巴：揭起條尾就知佢做乜野｜隻貓𢷒起條尾｜◇聽人講去蘇州，佢就𢷒起條尾嘞<歡喜>,495,,已校,
10737,咳,,kat1,,咳嗽：傷風～｜追到佢～<務必使他踐諾>｜將魚骨～出來｜～血｜～痰,495,,已校,
10738,忔失,,ngat1 sat1,,出手不大方，不爽快：畀錢畀得好～｜某人好～嘅 ‖ 忔，集韵迄韵魚乞切：“心不欲也”,495,,已校,
10739,忔忔失失,,ngat1 ngat1 sat1 sat1,,出手不爽快，欲拿出又止：買啲餸都～，唔夠食又去買過,495,,已校,
10740,扤,,ngat6,,①坐在椅子上，椅子的兩個腿離地：唔好～高張椅坐｜～～下｜～～搖 ②（以手撑地）臀行，膝行：～地｜～開啲｜細路仔學行就～～下嘅喇 ‖ 廣韵没韵五忽切：“搖動”,495,,已校,
10741,扤地,,ngat6 dei6*2,,臀行，膝行：殘廢人至～啊｜將來你好去～<駡人將來會討飯>,495,,已校,
10742,扤扤搖,,ngat6 ngat6 jiu4,,動搖貌：坐喺度唔好～啊,495,,已校,
10743,乞,,hat1,,討要，乞討：隨街～飯｜～食｜～錢｜～米,495,,已校,
10744,乞兒,,hat1 ji1',,寒酸，形容向人乞討的可憐相：佢好～㗎,495,,已校,
10745,乞兒,,hat1 ji4*1,,乞丐：～婆｜～仔｜～兜<要飯的碗或盆>｜～頭,495,,已校,
10746,乞人憎,,hat1 jan4 zang1',,討人嫌 ‖ 也説“得人憎 dak1 jan4 zang1'”,495,,已校,
10747,按,,at1,,①塞，用力摁：～啲錢畀佢｜將啲衫～實啲｜～滿一箱 ②强迫（人）：佢唔要就～佢要｜酒太多嘞，唔好再～人飲喇！｜總係～人食死貓<硬要人家吃啞巴虧> ‖ 集韵曷韵阿葛切：“捺也”,495,,已校,
10748,一把火,,jat1 baa2 fo2,,心頭火起：激到我～,496,,已校,
10749,一把嘴,,jat1 baa2 zeoi2,,唧唧喳喳，話多：某人好曉講野，～㗎！,496,,已校,
10750,一咗,,jat1 zo2,,黑話。死了,496,,已校,
10751,一哥,,jat1 go1,,①想當頭兒的人：呢個人好～㗎 ②有才幹的人，好勝者：呢個係～來,496,,已校,
10752,一個對,,jat1 go3 deoi3*2,,一日一夜，二十四小時：尋日至今日～我至食飯 ‖ 也説“一個對時 jat1 go3 deoi3 si4”,496,,已校,
10753,一啲,,jat1 di1,,①一點兒，絲毫：我～都唔想食丨今日～雨都冇落過 ②全部：佢講嘅説話～都係假嘅丨我～都依晒你講嘅咯,496,,已校,
10754,一啲啲,,jat1 di1 di1,,①一點點兒：～咁多丨畀～就夠咯 ②情况各異：～喇<情况不一樣>,496,,已校,
10755,一枝公,,jat1 zi1' gung1,,光桿兒一個，獨自一人：得我～喺屋企<我就一個人在家> ‖ 也説“一條友 jat1 tiu4 jau5*2”,496,,已校,
10756,一自,,jat1 zi6,,一邊，一面。表示兩個動作同時進行：你～食，～講喇丨佢～行，～睇書 ‖ 也説“一住 jat1 zyu6”,496,,已校,
10757,一自自,,jat1 zi6*2 zi6,,一點點地，逐漸：個細路～大丨天～黑嘞,496,,已校,
10758,一字眉,,jat1 zi6 mei4,,卧蠶眉，平直的眼眉,496,,已校,
10759,一次過,,jat1 ci3 gwo3,,一次爲止，就一次：我教你～嘅咋<我只教你一回啊>,496,,已校,
10760,一次熟,,jat1 ci3 suk6,,自來熟，與别人容易相熟,496,,已校,
10761,一罛刮,,jat1 ku1' gwaat3,,一掃光。源於捕魚：冇嘅喇，～喇丨畀佢～咗去 ‖ 罛，廣韵模韵古胡切：“魚罟。”古見母字，今口語讀如溪母,496,,已校,
10762,一於,,jat1 jyu1',,副詞。①就是：我～唔理佢丨～噉話<就這樣了> ②無論如何，一定：我～同你攪掂佢<我一定給你辦妥>,496,,已校,
10763,一唔係,,jat1 m4 hai6,,連詞。要不然，要麼：～你來，～我去 ‖ 也説“一係”,496,,已校,
10764,一牌,,jat1 paai4,,相當一段時間，好一會兒：有～你等<你得等好一會兒>,496,,已校,
10765,一世人,,jat1 sai3 jan4,,一輩子：～兩兄弟<一輩子就哥兒倆>丨～都未見過噉嘅野 ‖ 也説“一世”,496,,已校,
10766,一係,,jat1 hai6,,連詞。要麽，要不然：～你等一陣至去丨～你行先<要不你先走>,496,,已校,
10767,一味,,jat1 mei6*2,,副詞。總是，一直是：如果～讀書唔運動，身體會弱㗎丨～掛住玩，唔讀書，點得啊？,496,,已校,
10768,一頭,,jat1 tau4,,①一邊，一邊。兩個動作同時進行：～走，～講丨你～打緊佢，～佢都食丨～叫佢唔好做，～佢都做 ②量詞。件：～親事,496,,已校,
10769,一頭家務,,jat1 tau4 gaa1' mou6,,家務事多：我～，边處得閑做第二樣啊？,496,,已校,
10770,一頭霧水,,jat1 tau4 mou6 seoi2,,納悶兒，摸不着頭腦：我畀佢問到～,496,,已校,
10771,一頭煙,,jat1 tau4 jin1',,喻無所適從，無從下手：嗰件事攪到我～,496,,已校,
10772,一頭半個月,,jat1 tau4 bun3 go3 jyut6,,半個月左右：等得～，蚊都瞓咯<形容等得太久>,497,,已校,
10773,一搊二掕,,jat1 cau1' ji6 lang6,,①形容東西多，大包小包的：佢～咁多野，一個人點拎得晒呀？ ②形容孩子多：佢～啊，点得閑啊？,497,,已校,NA：現在（2020s）習讀jat1 cau1 ji6 lang3。
10774,一䊆飯,,jat1 gau6 faan6,,駡人話。飯桶一個，窩囊廢：佢真係～噉<他真是飯桶> ‖ 䊆，廣韵有韵其九切：“糗米”,497,,已校,
10775,一煲攎,,jat1 bou1 lou1‘,,①一鍋燴：今日冇買乜野，～嘅<指只有一樣大雜燴菜> ②買東西包圓兒，不分好壞都要：嚀，～我要晒，畀五毫子你 ‖ 攎，廣韵模韵落胡切：“攎斂。” ②也説“一攎去 jat1 lou1' heoi3”,497,,已校,
10776,一肚核,,jat1 tou5 wat6,,一肚子心計。多用於小孩子，指人小心眼兒多,497,,已校,
10777,一攎,,jat1 lou1',,（東西）大小、好壞匀着，混合着：～分畀佢地，唔准揀呀｜～去｜～揦<不許挑揀>,497,,已校,
10778,一路,,jat1 lou6,,表示兩個動作同時進行。一邊，一面：佢～講～喊｜我地～行～傾 ‖ 也説“一邊 jat1 bin1'”,497,,已校,
10779,一條氣,,jat1 tiu4 hei3,,①上氣不接下氣，透不過氣來：做到～<忙得透不過氣來>｜走到～｜講到我～｜鬧到佢～，佢都唔聽 ②一口氣，不停地：～做落去｜～寫完一篇文章 ‖ ②也説“一氣”或“一口氣 jat1 hau2 hei3”,497,,已校,
10780,一堆□,,jat1 deoi1' leoi1',,一堆：～蟲仔｜～垃圾,497,,已校,
10781,一擔擔,,jat1 taam3 taam1',,半斤八兩，一模一樣：佢兩個都係～嘅喇,497,,已校,
10782,一岩一窟,,jat1 ngaam4 jat1 fat1,,形容不平滑，高高低低，不整齊：布剪到～｜呢塊石頭～｜木板刨到～｜個面生得～,497,,已校,
10783,一𦛚肉,,jat1 lam6*2 juk6,,形容肥胖，多用於嬰孩 ‖ 𦛚，集韵勘韵奴紺切：“𦛚䐺，肥貌。”古泥母字，今口語讀如來母,497,,已校,
10784,一朕煙,,jat1 zam6 jin1',,一縷煙，一股煙，喻過一陣即消失：佢發脾氣，～嘅<不只不過一股煙而已> ‖ 朕，同音字,497,,已校,
10785,一沉百踩,,jat1 cam4 baak3 caai2,,牆倒衆人推，失敗者受欺負,497,,已校,
10786,一攀高大,,jat1 maan1' gou1' daai6,,伸手可及的高度，形容高大：我個仔生得～｜佢住間屋，～ ‖ maan1' 是口語音，讀書音 paan1',497,,已校,
10787,一眼睇晒,,jat1 ngaan5 tai2 saai3,,一目瞭然：阿單<獨目者>睇榜，～<歇後語>,497,,已校,
10788,一陣,,jat1 zan6*2,,一會兒：等～添佢至來得｜佢～就去｜我睇～就走 ‖ 也説“一陣間 jat1 zan6 gaan1'”,497,,已校,
10789,一身蟻,,jat1 san1' ngai5,,喻一身腥，滿身麻煩：惹得～,497,,已校,
10790,一身筋,,jat1 san1' gan1',,吃力，辛苦：做到我～｜行到我～｜拎到我～,497,,已校,
10791,一身腥,,jat1 san1' seng1',,喻無端被牽扯進去：攪到我～,497,,已校,
10792,一輪嘴,,jat1 leon4*2 zeoi2,,花言巧語，滔滔不絶：你做錯事，重～<還説哪>,497,,已校,
10793,一面屁,,jat1 min6 pei3,,一鼻子灰，滿臉羞慚：畀人鬧到～,497,,已校,
10794,一團一□,,jat1 tyun4 jat1 bau3,,一疙瘩一塊，形容腫脹之物：發瘋<生癩風病>發到～｜畀蚊咬到～｜佢着衫着到～,497,,已校,
10795,一登,,jat1 dang1,,副詞。專門，特地：我～來探你㗎 ‖ 也説“特登 dak6 dang1”、“專登 zyun1' dang1”或“登工 dang1 gung1”,497,,已校,
10796,一纊掕,,jat1 kwang3 lang3,,①一堆綑起來的東西：～豬肉 ②全部：我～都要晒｜啲細路～噉跟住我，點去得呀？,498,,已校,
10797,一定中,,jat1 ding6 zung3,,划拳用語。表示一,498,,已校,
10798,一䭰𡃴,,jat1 bung6 ceoi4,,一股子氣味，多用於貶義：嗰啲魚～，臭嘅咯 ‖ 䭰，集韵董韵蒲蠓切：“香氣盛也。”𡃴，俗字,498,,已校,NA：“𡃴”在原書中其他詞頭用“𪡷”。
10799,一戙都冇,,jat1 dung6 dou1' mou5,,①全盤皆輸。源於賭博用語：攪到我～<全盤失敗> ②一點兒辦法也没有,498,,已校,
10800,一窿蛇,,jat1 lung1' se4,,喻一丘之貉，一伙壞人,498,,已校,
10801,一實,,jat1 sat6,,副詞。一定：呢件事～係佢嘅責任,498,,已校,
10802,一一二二,,jat1 jat1 ji6 ji6 副詞。,,①一個一個地，有條理、有次序地：將啲書～輯好晒 ②清楚詳盡地：佢～講畀我知,498,,已校,
10803,一日,,jat1 jat6,,副詞。終歸：～都係自己唔好，唔怪得人地,498,,已校,
10804,一拍就上,,jat1 paak3 zau6 soeng5,,一見即合意（貶義）,498,,已校,
10805,一拍兩散,,jat1 paak3 loeng5 saan3,,①兩人散伙 ②兩敗俱傷：烏繩褸馬尾，～<歇後語>,498,,已校,
10806,一隻蚗,,jat1 zek3 jyut3,,一隻蟬，喻人的倒霉相，凄慘可憐：睇佢好似～噉｜佢周時～噉｜畀人鬧到～噉｜做<忙>到～噉 ‖ 蚗，集韵屑韵一決切：“蟲名，説文𧉅蚗，蛁蟟也。一曰蟪蛄，秦謂之蛥蚗。”蛥，之列切：“蛥蚗，蟬類”,498,,已校,
10807,一隻屐,,jat1 zek3 kek6,,指不值錢之物，形容垂頭喪氣貌：畀佢鬧到我～噉｜打到佢～噉｜追到佢～噉,498,,已校,
10808,一力扚,,jat1 lik6 dik1,,形容重：咦，呢個野～噃 ‖ 扚，托，舉。廣韵錫韵都歷切：“引也”,498,,已校,
10809,一腳踢,,jat1 goek3 tek3,,一手包辦，一力承擔,498,,已校,
10810,一樂也,,jat1 lok6 jaa5,,（過日子）安樂，快樂：佢而家～嘞,498,,已校,
10811,一殼眼淚,,jat1 hok3 ngaan5 leoi6,,形容悲傷流涙：一提起過去就～,498,,已校,
10812,一鑊泡,,jat1 wok6 pou5,,喻一塌糊塗，一團糟：攪到～ ‖ 也説“一鑊粥 jat1 wok6 zuk1”,498,,已校,
10813,一鑊熟,,jat1 wok6 suk6,,①喻全都死光，一鍋端：一個炸彈矴落來，全家～嘞 ②全盤失敗：佢攪到我～,498,,已校,
10814,一仆一趢,,jat1 puk6 jat1 luk1,,連滾帶爬，走路跌跌撞撞：趕到佢～ ‖ 趢，廣韵燭韵力玉切：“趢𧼙，兒行”,498,,已校,
10815,一碌薯,,jat1 luk1 syu4*2,,形容人蠢鈍呆板貌：佢好似～噉,498,,已校,
10816,一碌杉,,jat1 luk1 caam3,,喻呆板站立、不叫不動的人：佢徛[kʻei˨˧]喺度好似～噉 ‖ 也説“一碌木 jat1 luk1 muk6”,498,,已校,
10817,日頭,,jat6 tau4*2,,白天（與“夜晚”相對）,498,,已校,
10818,日頭蕩蕩,,jat6 tiau4*2 dong6 dong6,,①大白天的，光天化日：～佢都偷野？ ②大太陽曬着：～唔好去街咯,498,,已校,NA：原書注音出錯，“頭”應爲tau4*2。
10819,日船,,jat6 syun4*2,,日班輪船（與“夜船”相對）,498,,已校,
10820,骨,,gwat1,,①一刻鐘：四點一個～丨一點三個～ ②四分之一，用於重量、長度等：一磅一個～ ‖ 英文 quarter 的音譯,499,,已校,
10821,骨,,gwat1,,①骨頭：魚～丨豬～ ②物體内部的支架：遮～<傘骨>丨扇～丨葵～<葵葉梗> ③衣服接縫處：挑～<繚衣縫兒>丨褲～ ④精於某行業者：生意～丨老茶～丨師傅～丨老差～丨乞兒～ ⑤關鍵：過得～<能過關，達到要求>,499,,已校,
10822,骨子,,gwat1 zi2,,精緻，好看，講究：房間擺得好～丨佢食得好～丨件衫好～,499,,已校,
10823,骨痺,,gwat1 bei3,,①肉麻：睇見佢兩個就～ ②感覺危險、恐怖：睇見個細路仔上樓梯就～嘞丨睇見死屍，骨都痺咯 ③心疼錢：使錢使到我骨都痺 ‖ ①也説“肉酸 juk6 syun1'”。③也説“骨蹙 gwat1 cuk1”,499,,已校,
10824,骨梗,,gwat1 kwaang2,,骨骼，身架：佢～好大丨～細<骨架小>丨隻鷄～好粗丨張牀～大<扎實> ‖ 也説“骨架 gwat1 gaa3”,499,,已校,
10825,倔,,gwat6,,①態度生硬：講話太～，唔會婉轉丨聲氣～丨～聲～氣 ②瞟：用眼～住佢丨使眼尾～下佢<用眼角瞟了他一眼>,499,,已校,
10826,掘大藕,,gwat6 daai6 ngau5,,得到大好處,499,,已校,
10827,屈,,gwat6,,①没有尖兒，禿：鉛筆頭太～，唔好寫丨毛筆～咗丨掃把用到～咯丨～尾鷄丨手甲磨到～晒丨做到手指都～晒 ②不鋒利，鈍：刀好～ ‖ 集韵迄韵渠勿切：“博雅短也。一曰無尾”,499,,已校,
10828,屈尾龍,,gwat6 mei5 lung4*2,,喻好鬧事者：呢個野正～來㗎,499,,已校,
10829,屈頭,,gwat6 tau4,,①禿的，無尖端的：～掃把<用到最後的掃帚頭>丨～船 ②不能通行的：～巷丨～路,499,,已校,
10830,屈頭路,,gwat6 tau4 lou6,,①死胡同，不通的路 ②死路：你都走上～咯，重唔回頭 ‖ 也叫“屈㞘路 gwat6 duk1 lou6”,499,,已校,
10831,屈頭巷,,gwat6 tau4 hong6*2,,死胡同 ‖ 也叫“屈㞘巷 gwat6 duk1 hong6*2”,499,,已校,
10832,屈擂槌,,gwat6 leoi4 ceoi4,,禿，比喻措辭不委婉：講話都～嘅！,499,,已校,
10833,屈情,,gwat6 cing4,,絶情，無情義：唔好咁～喇,499,,已校,
10834,屈㞘,,gwat6 duk1,,①禿尾巴的，尾端不尖的：～田螺 ②不能通行的：～巷<死胡同>丨～路 ③（説話、做事）拙劣之極：佢真係蠢咯，做埋晒啲～野,499,,已校,
10835,屈,,wat1,,①（肢體）扭傷：佢～親腳，走唔起丨～親手丨～親條腰<閃了腰> ②使彎，彎：～住腳坐會腳痺丨～攣佢<把它弄彎> ③繞（道路）：～遠咗<繞遠了> ④使受委屈：噉做就～咗佢咯,499,,已校,
10836,屈尾十,,wat1 mei5 sap6,,①很快就回轉：佢啱去咗街，～就返嘅丨我一個～返來睇下佢做乜！ ②很快改變主意：佢一個～又推翻丨一個～又唔去嘞,499,,已校,
10837,屈頭鷄,,wat1 tau4 gai1,,喻歪脖子的人,499,,已校,
10838,屈頭鷄仔,,wat1 tau4 gai1 zai2,,孵不出殼的小鷄，未成形即死,500,,已校,
10839,屈窒,,wat1 zat1,,（房間、地方）窄小，擁擠，雜亂，憋悶：我個處好～丨地方好～丨間房好～,500,,已校,
10840,煀,,wat1,,一種烹調法，把肉類塗上醬油略煎，加配料及好湯，慢火燒熟：～鷄丨～冬菇丨～鵪鶉丨薑葱～鯉魚 ‖ 俗字,500,,已校,
10841,慍氣,,wat1 hei3,,受屈，氣不舒，心中憋悶：佢好～㗎丨唔好咁～喇 ‖ 慍，集韵物韵紆物切：“心所鬱積也”,500,,已校,
10842,慍悶,,wat1 mun6,,心中憋悶：我覺得好～,500,,已校,
10843,熅,,wat1,,①用煙熏：～老鼠丨～蚊 ②蓄火使出煙：～火丨～煙 ‖ 集韵没韵烏没切：“煙貌，一曰熱貌”,500,,已校,
10844,核,,wat6,,①果核：柑～丨橙～丨碌柚～丨芒果～丨桃～丨龍眼～丨荔枝～ ②像果核之物：豬～<肉中的核狀物>丨肉～丨眼～<眼珠>,500,,已校,
10845,核突,,wat6 dat6,,①使人噁心的滑溜的東西、糊狀物，如痰、膿等 ②形容人的醜態，使人厭惡的表現：呢個野乜咁～嘅 ‖ 同音字,500,,已校,
10846,繂羅,,leot6 lo4*1,,滑輪：搵個～來，使乜咁辛苦呀？ ‖ 繂，廣韵術韵呂卹切：“繩，船上用”,501,,已校,
10847,卒之,,zeot1 zi1',,終於：～搵到佢 ‖ 也説“終之 zung1' zi1'”,501,,已校,
10848,椊,,zeot1,,①塞子：樽～<瓶塞> ②塞，堵：～住個樽丨買啲野～住你個嘴 ‖ 廣韵没韵昨没切：“字林柱頭枘也。”古全濁入聲今應讀陽入，口語變讀陰入,501,,已校,
10849,椊嘴,,zeot1 zeoi1,,堵住嘴：冇野～<没有東西吃，貶義>,501,,已校,
10850,幯,,zeot1,,①用力擦拭，搓洗：～老泥丨～乾凈 ②揉，摩：唔好～眼呀 ③用力塗抹：～藥酒丨用藥酒～腳 ‖ 集韵末韵宗括切：“拭也”,501,,已校,
10851,蟀,,zeot1,,蟋蟀，蛐蛐：打～<鬥蛐蛐兒>丨～草 ‖ 口語音，讀書音 seot1,501,,已校,
10852,蟀草,,zeot1 cou3,,鬥蟋蟀用的草，用它挑逗，使蟋蟀相鬥,501,,已校,
10853,出,,ceot1,,①從裏面到外面（與“入”相對）：～門丨～窟丨～國丨～來丨～去丨～口丨～爐 ②到（某地）去：～街丨～洋丨～香港丨～省城丨～廣州丨～九龍 ③用在動詞後表示向外顯露：講～丨睇～丨做～丨聽～丨想～丨攞～ ④外：行～啲<往外些>丨喺～便<在外面> ⑤往外拿：～題目丨～術丨～計仔 ⑥來到：～場丨～席丨～世 ⑦發出，發泄：～芽丨～汗丨～痲丨～痘丨～氣 ⑧顯露：～面丨～頭丨～名,501,,已校,
10854,出把戲,,ceot1 baa2 hei3,,①玩戲法，變魔術：佢會～嘅 ②耍弄手段，出詭計：佢又喺處～嘞 ‖ 也叫“出術 ceot1 seot6”,501,,已校,
10855,出痲,,ceot1 maa4*2,,出痲疹,501,,已校,
10856,出蠱惑,,ceot1 gu2 waak6,,耍滑頭，出古怪主意,501,,已校,
10857,出街,,ceot1 gaai1,,出門兒，上街：我～買野,501,,已校,
10858,出世,,ceot1 sai3,,出生：你個仔幾時～㗎？,501,,已校,
10859,出世紙,,ceot1 sai3 zi2,,①出生證明 ②出廠證，合格證,501,,已校,
10860,出機器,,ceot1 gei1' hei3,,想方設法，出計謀：你出啲機器喇丨等佢～喇，我唔理嘞,501,,已校,
10861,出會景,,ceot1 wui6 ging2,,舊時逢神誕等節日擺出各種景物供人參觀（如佛山秋色），並遊行全城 ‖ 也叫“擺會景 baai2 wui6 ging2”或“出會”,501,,已校,
10862,出貓仔,,ceot1 maau1 zai2,,①考試時作弊 ②用計策；暗中行動：等我～佢啲野來食,501,,已校,
10863,出痘,,ceot1 dau6*2,,出天花,501,,已校,
10864,出爐,,ceot1 lou4,,剛出爐的：～叉燒丨～燒肉,501,,已校,
10865,出老千,,ceot1 lou5 cin1,,使用欺騙手段，耍花招：顧住佢～<小心他弄鬼騙人>,501,,已校,
10866,出水,,ceot1 seoi2,,（肉類）烹調之前先用清水煮一下，去掉污物：將豬肉出下水先,502,,已校,
10867,出心,,ceot1 sam1',,①拿主意：由佢～，点做就点做<怎麼做就怎麼做> ②立志：佢～考大學嘅喇,502,,已校,
10868,出欄,,ceot1 laan4*1,,家畜長大後拿出去賣：呢隻豬出得欄嘞丨肥到你出得欄喇<笑人太胖>,502,,已校,
10869,出山,,ceot1 saan1',,舊時普通人家出殯，儀式較簡單,502,,已校,
10870,出殯,,ceot1 ban3,,舊時將死者送去埋葬的盛大儀式，有錢人家才辦得起,502,,已校,
10871,出身,,ceot1 san1',,自立，出去工作：佢兩個仔都出咗身咯丨你個女～未呀？,502,,已校,
10872,出便,,ceot1 bin6,,外邊兒，外頭（與“入便”相對）,502,,已校,
10873,出面,,ceot1 min6*2,,①出頭：由佢～來調解 ②内心感情形於色：佢惱到～<他怒形於色>,502,,已校,
10874,出年,,ceot1 nin4*2,,明年 ‖ 也説“明年 ming4 nin4*2”,502,,已校,
10875,出門,,ceot1 mun4,,①出嫁：我個女都未～ ②離家遠行：我今日～去北京丨～唔好帶咁多行李 ③不在家：佢出咗門，你搵唔到佢,502,,已校,
10876,出糧,,ceot1 loeng4,,發薪水、發工資的舊稱,502,,已校,
10877,出樣,,ceot1 joeng6*2,,①像樣：佢做呢件事，都唔做得乜野～ ②能勝任：我做得～,502,,已校,
10878,出光,,ceot1 gwong1,,①能出頭露面，能見人：呢件野唔出得光嘅<怕人知道>丨佢家下唔出得光<他現在不能見人> ②較佳的，能出門見人的。專形容衣服飾：～嘅衣服丨我呢件衫唔出得光嘅嘞丨對鞋出得光嘅,502,,已校,
10879,出籠,,ceot1 lung4,,①放出籠子的：好似～雀噉 ②剛出籠屜的：～大包 ‖ 也説“開籠 hoi1' lung4”,502,,已校,
10880,出公數,,ceot1 gung1 sou3,,出在公家的賬上，報銷：使幾多錢出返公數喇？,502,,已校,
10881,出册,,ceot1 caak3,,釋放出獄的舊稱：阿陳幾時～？ ‖ 現在説“放監 fong3 gaam1”,502,,已校,
10882,出尺,,ceot1 cek3,,奈何，辦法：我就打咗佢，你有乜我～呀<你能奈我何>？丨佢噉做咗，我地冇佢～嘅喎<無奈他何>丨佢冇乜～嘅，唔使怕佢丨就算佢惡，都冇乜～啫,502,,已校,
10883,出息,,ceot1 sik1,,①長進，發達：冇～丨我批你有～嘅喇<我認準你會發達的> ②利潤：你一年幾多～呢？ ‖ ②也説“入息 jap6 sik1”,502,,已校,
10884,齣,,ceot1,,量詞。場，用於演戲等：一～戲丨睇～電影,502,,已校,
10885,恤衫,,seot1 saam1,,襯衫 ‖ 恤，英文 shirt 的音譯,502,,已校,
10886,□<⿰金戍>,,seot1,,①門上的插關兒：鐵～丨木～ ②插（門），閂（門）：～住門,502,,已校,NA：原書字頭出錯，應爲銊。
10887,術,,seot6,,①魔術，戲法：出～丨茅山～ ②妙計：你有乜～喇丨你有冇～啊？丨冇～,502,,已校,
10888,擁,,jeot1（或 jyut1）,,扭（傷），崴（傷）：～親腳扭傷腳 ‖ 廣韵月韵魚厥切：“折也”,503,,已校,
10889,割,,got3,,①用刀截斷：將條繩～斷｜～甩<切掉>｜～頸<自刎>｜～禾｜～草｜～損手 ②開刀，動手術：～症,504,,已校,
10890,割價,,got3 gaa3,,（賣方稱）減價的舊稱,504,,已校,
10891,割荷包,,got3 ho4 baau1,,掏别人的錢包 ‖ 也説“打荷包 daa2 ho4 baau1”,504,,已校,
10892,割頸,,got3 geng2,,自刎 ‖ 也説“鋸頸 goe3 geng2”,504,,已校,
10893,扢,,hot3,,刀鈍，臨時蹭幾下，鋼刀：將刀～兩下，～利佢｜生鉎<銹>刀，唔～（喝）你唔得<歇後語> ‖ 集韵代韵户代切：“磨也，取也。”訓讀字,504,,已校,
10894,喝,,hot3,,吆喝，叫：～生晒<瞎吆喝>｜～住佢<叫住他>｜～一聲｜～人<大聲呼人>｜～彩,504,,已校,
10895,渴市,,hot3 si5,,貨物暢銷，市面上少貨：呢隻貨而家好～嘞,504,,已校,
10896,滭,,bit1,,冒出，擠出：牙膏～出來｜～口水｜～屎～尿｜條竹～芽嘞｜我件棉衣爛咗，棉花～咗出來‖廣韵質韵卑吉切：“滭沸，泉出貌”,505,,已校,
10897,滭口水,,bit1 hau2 seoi2,,（嬰兒）噴口水,505,,已校,
10898,癟,,bit6,,凹下：～起個嘴<緊閉嘴> ‖ 廣韵屑韵蒲結切：“戾癟，不正”,505,,已校,
10899,𠟈,,pit3,,用刀削、砍：～蔗<砍收甘蔗>｜～竹｜～咗個蔗枅<把蔗芽削去>｜呢塊肉多啲，～返啲落來 ‖ 集韵屑韵匹蔑切：“削也”,505,,已校,
10900,𠟈薄,,pit3 bok6,,切薄片：將肉～｜將魚來～佢,505,,已校,
10901,潎,,pit3,,潲（雨）：～雨｜～濕身｜～濕衫｜啲雨水～入來 ‖ 廣韵薛韵芳滅切：“漂潎”,505,,已校,
10902,潎脱,,pit3 tyut3,,乾脆爽快：佢做野好～嘅,505,,已校,
10903,撇,,pit3,,①漢字的筆畫；似撇之物：一點一～｜二～鬍<八字鬍> ②甩，扔，丢：～開｜～甩｜～檔｜～落｜～離 ③把液體表面浮油或浮物舀起：用鑊鏟～油｜用張紙～油,505,,已校,
10904,撇水片,,pit3 seoi2 pin3*2,,打水漂兒，用瓦片順着水面打去，可飛出很遠,505,,已校,
10905,撇面,,pit3 min6*2,,①做表面功夫；當面説得好聽，轉臉又不承認 ②占别人的成果：做埋晒啲～嘅野,505,,已校,
10906,撇檔,,pit3 dong3,,①收攤：喂，～咯，夠鐘咯<到時間啦> ②分手，散伙：佢兩公婆～嘞 ‖ ②又説“拆檔 caak3 dong3”或“散檔 saan3 dong3”,505,,已校,
10907,搣,,mit1,,①捏，擰：～一下大髀｜～佢面珠墩<捏他的臉蛋兒> ②掰，剝：～柑皮｜～開兩邊<掰成兩半> ③撕，扯：～爛張紙｜～碎個餅 ‖ 俗借字,505,,已校,
10908,滅火喉,,mit6 fo2 hau4,,消防水龍 ‖ 也叫“水龍 seoi2 lung4”或“帆布喉 faan4 bou3 hau4”,505,,已校,
10909,篾,,mit6,,竹篾：～青｜一條～｜～箍,505,,已校,
10910,篾青,,mit6 ceng1,,青竹篾，竹子的最外層做的篾：買條～返來綁下野,505,,已校,
10911,篾纜,,mit6 laan2,,竹篾絞成的船纜：大纜就要係～嘞,505,,已校,NA：原書“纜”注音疑似應爲laam6*2。
10912,掝,,fit1,,用軟而細的東西抽打：用鞭～人｜竹仔～人｜使藤條～下佢 ‖ 集韵職韵忽域切：“裂聲。”本應讀 fik1，這裏是變讀音,505,,已校,
10913,跌,,dit3,,①摔倒，跌跤；摔（東西）：～倒｜～親手｜隻貓～死咗｜～爛碗｜～斷｜～穿頭 ②丢失：我～咗枝鋼筆｜～失咗本書 ③掉（下）：件衫～咗落街,505,,已校,
10914,跌價,,dit3 gaa3,,降價（與“起價”相對）,505,,已校,
10915,跌眼鏡,,dit3 ngaan5 geng6*2,,看走了眼，分不清好壞,506,,已校,NA：原書“鏡”注音出錯，應爲geng3*2。
10916,鐵馬,,tit3 maa5,,鐵欄杆,506,,已校,
10917,鐵沙梨,,tit3 saa1' lei4*2,,比喻極吝嗇的人。歇後語，下句是“咬唔入”,506,,已校,
10918,鐵蔗,,tit3 ze3,,舊時指紫皮甘蔗，現在叫黑蔗,506,,已校,
10919,鐵枝,,tit3 zi1,,鐵條：粗～鐵棍,506,,已校,
10920,鐵甌,,tit3 au1,,搪瓷碗,506,,已校,
10921,鐵嘴鷄,,tit3 zeoi2 gai1,,喻嘴硬、嘴上不認輸的人,506,,已校,
10922,鐵飯碗,,tit3 faan6 wun2,,舊時喻穩固的職位，解放後喻任公職者,506,,已校,
10923,鐵綫,,tit3 sin6*2,,鐵絲，鉛絲,506,,已校,NA：原書“綫”注音出錯，應爲sin3*2。
10924,鐵鉎,,tit3 seng3,,鐵銹的舊稱 ‖ 鉎，集韵庚韵師庚切：“鐵衣也。”又桑經切。古平聲，今變讀去聲,506,,已校,
10925,鐵筆,,tit3 bat1,,粗鐵棍，一端扁，撬物用，短的當鐵釺用 ‖ 也叫“撬杠 giu6 gong3”,506,,已校,
10926,綟,,lit3,,①結：打一個～｜死～｜生～<活結>｜解開個～ ②節：竹～｜蔗～｜藕～｜柴～｜手指～｜腳趾～｜條木上便有個～，唔刨得 ③比喻難題：我心都打咗個～喺處，想唔通｜破柴～<解決難題，治疑難病症> ‖ 集韵屑韵力結切：“綬謂之綟。”玉篇：“綬，組也”,506,,已校,
10927,裂,,lit6,,①分裂：條木～開咗 ②陶瓷、木器的裂紋：隻盆有條～｜茶壺有條～,506,,已校,
10928,㵶,,zit1,,①濺出：唔好～啲水出來｜唔好～污糟件衫 ②水槍，噴水器：水～｜殺蟲～<噴霧器> ③擠出（液體、稀軟之物）：～牙膏｜～水㽻<水泡>｜～膿｜～暗瘡<擠粉刺> ‖ 廣韵屑韵子結切：“水灑”,506,,已校,
10929,揤,,zit1,,胳肢：～你一下｜我怕～ ‖ 借字,506,,已校,
10930,折墮,,zit3 do6,,①受苦，遭不幸：佢咁壞，呢趟抵佢～嘞 ②人格墮落：佢做咗咁醜嘅事，真係～ ③造孽：咪咁～喇｜真係～,506,,已校,
10931,節瓜,,zit3 gwaa1,,常見的一種瓜，綠皮有毛，做菜用：七星仔～<一種著名蔬菜>,506,,已校,
10932,節核,,zit3（或 zyut3）wat6*2,,①小核的：～荔枝｜糯米糍荔枝係～嘅 ②（小孩）有心計：呢個細路好～嘅,506,,已校,
10933,截,,zit6,,攔截：～住佢，唔畀佢走｜～架的士返屋企<攔一輛出租車回家>｜～車,506,,已校,
10934,截徑,,zit6 gaang3,,①土匪搶劫 ②硬要去别人剛買的東西 ‖ ①也叫“打腳骨 daa2 goek3 gwat1”。徑，白讀音,506,,已校,
10935,切粉,,cit3 fan2,,一種乾的米粉條，粗而長，泡開可炒或煮食 ‖ 也叫“龍門粉 lung4 mun4 fan2”,506,,已校,
10936,切奶,,cit3 naai5,,給小兒斷奶 ‖ 也説“斷奶 tyun5 naai5”,506,,已校,
10937,切菜,,cit3 coi3,,腌蘿蔔絲，多與臘肉、韭菜一同炒吃,506,,已校,
10938,切雙飛,,cit3 soeng1' fei1',,（把肉、菜等）切成相連的兩片：釀茄子時就要～嘞‖也説“起雙飛 hei2 soeng1' fei1'”,506,,已校,
10939,折,,sit6,,吃虧，虧本：我今日～晒<我今天吃大虧了>｜～晒本<全賠了>｜～大本<賠老本兒>｜～眼前虧 ‖ 廣韵薛韵常列切：“斷而猶連也，説文斷也”,507,,已校,
10940,折大藕,,sit6 daai6 ngau5,,吃虧，賠本：呢匀我折咗大藕咯<我這回賠了本兒了>,507,,已校,
10941,折底,,sit6 dai2,,吃虧：唔食就～咯<不吃白不吃> ‖ 也説“折虧 sit6 kwai1'”,507,,已校,
10942,折水,,sit6 seoi2,,貨幣貶值 ‖ 也説“縮水 suk1 seoi2”,507,,已校,
10943,折本,,sit6 bun2,,賠本錢：～貨 ‖ 也説“虧本 kwai1' bun2”,507,,已校,
10944,勩,,sit6,,器物用久而磨損：石磨嘅牙磨～咗｜行～咗個鞋底｜個螺絲磨～咗｜～咗個鞋踭｜擂漿棍用得耐會磨～ ‖ 集韵至韵神至切：“爾雅勞也。”古去聲，今口語讀入聲,507,,已校,
10945,結,,git3,,①繩結：羊蹄～｜雙套～｜掅[tseŋ˧]人～<救人時用的繩結>｜打～｜平～<接續繩用的結> ②（紡織品）緻密：呢塊布好～ ‖ ②也説“密凈 mat6 zeng6”或“密實 mat6 sat6”,507,,已校,
10946,結子石榴,,git3 zi2 sek6 lau4*2,,特指北方石榴，專吃其種子,507,,已校,
10947,結紐,,git3 nau2,,①製作中式衣服的布紐扣 ②中式衣服的布做的紐：件衫係～嘅定係㩧[pak˥]紐啊<這衣服用布紐還是子母扣啊>？,507,,已校,
10948,結皽,,git3 ziu1,,（傷口）結痂 ‖ 也説“起皽 hei2 ziu1”。皽，廣韵宵韵止遙切：“皮上𦞙膜”,507,,已校,
10949,結𥀬,,git3 ziu1,,（傷口）結痂 ‖ 𥀬，集韵琰韵於琰切：“瘍痂也”,507,,已校,NA：疑似“𥀬”應注音jim2。
10950,結緣,,git3 jyun4,,新娘過門後，第一次請全家吃西瓜叫“結緣”,507,,已校,
10951,結實,,git3 sat6,,①（布類）緻密牢固 ②（物件）牢固：屋起得～｜張枱好～ ③（人）健壯：佢生得～｜身體～,507,,已校,
10952,傑,,git6,,①（流體）稠（與“稀”相對）：呢碗杏仁茶好～｜啲粥唔好煲咁～，稀啲好食呀 ②糟糕，倒霉：呢鑊夠～嘞<這回可倒霉透了>｜單野好～<這事可麻煩了> ‖ 同音字,507,,已校,
10953,傑野,,git6 je5,,稠的東西，指利害的做法：整煲～佢儃[tʻan˧]下<給他點利害嘗嘗>,507,,已校,
10954,傑肫肫,,git6 tan4 tan4,,形容（粥、糊）稠厚：啲粥～｜糊仔～,507,,已校,
10955,傑□□,,git6 dat1 dat1,,（液體）稠糊糊 ‖ 也説“傑□□ git6 tet6 tet6”,507,,已校,
10956,揭盅,,kit3 zung1,,①番攤“開寳” ②揭曉，放榜，事情公開：就來～喇<快揭曉了> ③揭鍋,507,,已校,
10957,歇,,hit3,,①歇息：～一～至做喇｜～一陣｜～下腳 ②停止：～手｜～口｜～聲,507,,已校,
10958,歇口,,hit3 hau2,,①停止説話：講講下佢～唔講嘞｜你歇下口再講喇 ②停止吃東西：佢唔～噉食｜食到唔～,507,,已校,
10959,歇聲,,hit3 seng1',,（話）落音：講緊你，未～你就到嘞,507,,已校,
10960,䊦,,jit3（或 et3）,,糯米粉做的扁形甜餡餃子，墊以樹葉蒸熟 ‖ 集韵屑韵一結切：“米餌”,507,,已校,
10961,熱火棒,,jit6 fo2 paang5,,熱的燒火棍，比喻永遠認爲自己有理的人。歇後語，下句“唔掉得返轉頭”。熱火棒不能掉過來拿，因爲燙手。轉義爲凡是他批評别人的，不能拿來説他自己，自己永遠有理,508,,已校,
10962,熱疿,,jit6 fai3*2,,痱子：出～丨生～丨㵶～<擠痱子>,508,,已校,
10963,熱氣,,jit6 hei3,,①身體有内熱，上火：我呢幾日好～丨～最好飲啲涼茶 ②（事情）棘手，有危險性：呢件野唔好做，好～喎,508,,已校,
10964,熱氣飯,,jit6 hei3 faan6,,比喻棘手的事，難做的危險的工作：喂，呢碗～唔好食噃,508,,已校,
10965,熱頭,,jit6 tau4*2,,太陽：出～丨～落山咯,508,,已校,
10966,熱天,,jit6 tin1,,夏天 ‖ 也説“夏天 haa6 tin1”,508,,已校,
10967,熱腥,,jit6 seng3,,烈日中忽然下雨而産生的氣味 ‖ 腥，本平聲，此處變讀去聲,508,,已校,
10968,熱辣辣,,jit6 laat6 laat6,,滾燙，熱騰騰,508,,已校,
10969,鉢頭,,but3 tau4,,小瓦盆，蒸飯菜用：瓷器唔同爛～砍<即好鞋不踩臭狗屎。熟語> ‖ 也叫“瓦鉢 nga5 but3”,509,,已校,
10970,撥,,but6,,①撥動：個鐘停咗，將佢～～下丨～開丨～匀丨校鐘就要～針丨將碗裏便嘅飯～乾凈 ②分出一部分發給、調配：～款丨～糧,509,,已校,
10971,撥,,put3,,①搧（扇子）：～扇丨～火丨～猛個火丨～蚊丨～下涼丨～着個風爐丨～咗啲塵去 ②煽動：～到拫[hɐŋ˨˩]<極力煽動>丨～起佢,509,,已校,
10972,撥馬尾,,put3 maa5 mei5,,①挑撥者 ②挑撥，慫恿：呢個人專～嘅，唔好聽佢,509,,已校,
10973,撥大葵扇,,put3 daai6 kwai4 sin3,,做媒人。源於粵劇中的媒人總是拿着一把大葵扇,509,,已校,
10974,撥起,,put3 hei2,,煽動，挑撥 ‖ 也説“助起 zo6 hei2”,509,,已校,
10975,抹,,mut3,,擦拭：～枱丨～身丨～乾凈丨～手巾丨～面巾丨～腳布丨～下塊面 ‖ 也説“㩢 maat3”,509,,已校,
10976,抹額,,mut3 ngaak6,,老太婆圍在額頭上的布製的箍，有的鑲有玉石,509,,已校,
10977,闊□□,,fut3 le4 fe4,,（衣服）寬鬆、肥大貌,509,,已校,
10978,闊大,,fut3 daai6,,寬闊，寬大：件衫好～丨間房好～丨個海好～，灣得好多船,509,,已校,
10979,闊離喇,,fut3 lei4 laa4,,肥大，寬闊（貶義）：件衫～唔好睇，着起來唔舒服丨對鞋～丨間房～冇乜野擺，有乜好啊,509,,已校,
10980,闊手段,,fut3 sau2 dyun6,,（花錢）闊氣：佢使錢好～㗎,509,,已校,
10981,闊口扒,,fut3 hau2 paa4*2,,指嘴大者 ‖ 也叫“大口扒 daai6 hau2 paa4*2”,509,,已校,
10982,闊口扒扒,,fut3 hau2 paa4 paa4,,（器物）口大貌 ‖ 也説“大口扒扒 daai6 hau2 paa4 paa4”,509,,已校,
10983,闊佬,,fut3 lou2,,①財主，有錢人：～懶理丨猛人～<有勢者，有錢者> ②闊氣,509,,已校,
10984,闊佬懶理,,fut3 lou2 laan5 lei5,,事不關己，高高掛起,509,,已校,
10985,闊朗淌,,fut3 long5 tong5,,過寬，（衣服）過於肥大,509,,已校,
10986,闊封,,fut3 fung1,,（布類）寬面：你買布要買～嘅,509,,已校,
10987,闊落,,fut3 lok6,,（地方）寬敞：搵間～啲嘅房先至好丨天井好～,509,,已校,
10988,括,,kut3,,攏，箍：用篾箍～住佢丨用括弧～住佢,509,,已校,
10989,凸,,dyut1,,①隆起之物，突出之物：沙煲～丨好似一個～噉樣 ②突出，伸出：個箱𰃴<⿱冖贛>唔密，啲衫～咗出來丨鷄籠疏，鷄頭～咗出來丨喂鷄時，～出來食 ③噘（嘴）：～長個嘴，掛得起油瓶丨嘴～到掛得個油樽 ④吻：～下佢面珠<臉> ‖ 廣韵屑韵徒結切：“高起。”古山攝四等開口，今應讀 it 韵，此處變讀 yut 韵,510,,已校,
10990,脱,,tyut3,,①解除，除下：～衫丨～鞋丨～帽丨～牙丨～清光 ②輩分：呢一～人丨老一～丨嫩一～<小一輩> ③量詞。套，用於衣服：帶兩～衫褲,510,,已校,
10991,脱市,,tyut3 si5,,貨物脱銷，缺貨 ‖ 也説“斷市 tyun5 si5”、“絶市 zyut6 si5”或“斷檔 tyun5 dong3”,510,,已校,
10992,脱手離佗,,tyut3 sau2 lei4 to4,,指小孩能走路了，不用抱或背,510,,已校,
10993,脱服,,tyut3 fuk6,,脱孝（與“上服”相對） ‖ 也説“除服 ceoi4 fuk6”或“脱孝 tyut3 haau3”,510,,已校,
10994,捋,,lyut3,,用手握住條狀物向一端移動：～樹葉丨～埋佢，再晾多一件衫丨～奶丨～起衫袖丨～手～臂丨～鬚,510,,已校,
10995,捋奶,,lyut3 naai5,,用手擠牛奶 ‖ 也説“揸牛奶 zaa1' ngau4 naai5”,510,,已校,
10996,捋掂,,lyut6 dim6,,使服帖，理順：將啲麻繩～佢,510,,已校,
10997,啜,,zyut3,,①吻，親：～面珠<親臉蛋兒> ②吸，嘬：～一啖奶丨～橙丨～咗一啖煙丨～鷄蛋<半生半熟的溏心蛋>丨用膏藥來～膿,510,,已校,
10998,啜嘴,,zyut3 zeoi2,,親嘴：抱住細路哥來～,510,,已校,
10999,撮,,cyut3,,①用繩穿起（有小孔的東西）：將啲珠來～起佢丨將啲紐～起來丨將散咗嘅算盤子～埋佢 ②把布類抽縮、聚攏：個布簾太過闊，將佢～埋啲,510,,已校,
11000,雪,,syut3,,①雪花：落～丨冰～丨魚眼～<小顆粒的雪> ②冰：～糕丨～櫃<冰箱>丨～藏<冰鎮> ③用冰凍：將啲肉～住佢丨～手～腳丨～死<植物被霜凍死> ④冰凍的：～肉丨～蛋丨～鷄,510,,已校,
11001,雪耳,,syut3 ji5,,銀耳，白木耳,510,,已校,
11002,雪珠,,syut3 zyu1,,雹子：落～ ‖ 也説“雹 bok6”,510,,已校,
11003,雪褸,,syut3 lau1,,帶帽子的大衣，北京叫“棉猴兒”、“皮猴兒”,510,,已校,
11004,雪帽,,syut3 mou6*2,,舊時老人用的暖帽，後面很長，披到肩上 ‖ 也叫“風帽 fung1' mou6*2”,510,,已校,
11005,雪糕,,syut3 gou1,,冰淇淋：椰子～丨～磚<冰磚>,510,,已校,
11006,雪條,,syut3 tiu4*2,,冰棍兒,511,,已校,
11007,雪水,,syut3 seoi2,,①冰水  ②冷雨，冷天下的雨：今朝落～,511,,已校,
11008,雪占,,syut3 zim1,,本地産的一種大米，正名叫“金風雪”,511,,已校,
11009,雪茸,,syut3 jung4,,冰花，刨冰。冷食之一：～機<製刨冰的機器>,511,,已校,
11010,雪屐,,syut3 kek6,,四輪冰鞋，旱冰鞋：踩～<滑旱冰>,511,,已校,
11011,説話,,syut3 waa6,,話語：有好多～講｜講～｜乜～吖<哪兒的話>｜～倔<話很倔，不留情面>,511,,已校,
11012,説話多過米,,syut3 waa6 do1' gwo3 mai5,,形容話多,511,,已校,
11013,橛,,gyut6,,量詞。截兒，段兒：上半～｜下半～｜一條蔗斬開兩～｜一～木頭｜一～杉｜一～蕉｜一～蔗,511,,已校,
11014,血癦,,hyut3 mak6*2,,臉上長的黑紅色的突出的痣：有～係好野來<傳有此痣的人是貴相>,511,,已校,
11015,血色,,hyut3 sik1,,人的氣色：佢個面好～，又紅又白,511,,已校,
11016,抈,,jyut1,,扭，屈，崴：～親手<扭傷了手> ‖ 參看 jeot1,511,,已校,
11017,月,,jyut6,,①計時單位，一年分爲十二個月：～頭｜～尾｜～中｜～大｜～小 ②月亮：～圓｜～缺｜～蝕 ③每月的：～刊｜～票 ④形狀如月亮的：～餅｜～門,511,,已校,
11018,月,,jyut6*2,,①月亮：賞～｜蛾眉～ ②一個月（時間）：包～｜坐～<坐月子> ③月餅的簡稱（不能單用）：素～｜肉～｜蓮茸肉～｜五仁～｜雙黄蓮茸～,511,,已校,
11019,月字邊,,jyut6 zi6 bin1,,漢字偏旁，月字旁,511,,已校,
11020,月桂,,jyut6 gwai3,,桂花 ‖ 也叫“桂花 gwai3 faa1”,511,,已校,
11021,月份牌,,jyut6 fan6 paai4,,日曆 ‖ 也叫“日曆 jat6 lik6”,511,,已校,
11022,月門,,jyut6 mun4,,月亮門，圓形的門,511,,已校,
11023,月光,,jyut6 gwong1,,①月：今晚個～好圓呀 ②月亮的光：今晚好好～呀,511,,已校,
11024,月月紅,,jyut6 jyut6 hung4,,月季花 ‖ 也叫“月季花 jyut6 gwai3 fa1”,511,,已校,
11025,㩧,,baak1,,象聲詞。叭：～一聲拗斷咗<嘎巴一聲掰斷了>｜～着燈<開電燈> ‖ 集韵陌韵博陌切：“擊聲”,512,,已校,
11026,㩧紐,,baak1 nau2,,子母扣，摁扣 ‖ 舊時叫“喼紐 gip1 nau2”,512,,已校,
11027,㩧手指綟,,baak1 sau2 zi2 lit3,,扳動手指節使發出聲響,512,,已校,
11028,百囉,,baak3 lo1,,小孩生下百天：佢個仔都未夠～｜做～，請食飯,512,,已校,
11029,百厭,,baak3 jim3,,（小孩）淘氣，頑皮：～仔｜～精,512,,已校,
11030,百年歸老,,baak3 nin4 gwai1' lou5,,老人去世，百年之後,512,,已校,
11031,百靈,,baak3 ling4*2,,①鳥名 ②喻聰明、樣樣精通的人：呢個～來㗎,512,,已校,
11032,百中無一,,baak3 zung1' mou4 jat1,,比百裏挑一更甚,512,,已校,
11033,百宗經,,baak3 zung1' ging1,,包羅萬象的經典：我噉做都會錯咩？錯在～喇<自己並無過錯>,512,,已校,
11034,百衆,,baak3 zung3,,大庭廣衆，衆目睽睽：你話唔係你做嘅，～眼頭都睇住嘅喇,512,,已校,
11035,百合匙,,baak3 hap6 si4,,萬能鑰匙,512,,已校,
11036,百密一疏,,baak3 mat6 jat1 so1',,嚴密防範，終有漏洞,512,,已校,
11037,百足,,baak3 zuk1,,蜈蚣：～咁多爪<指門路多，到處走動>,512,,已校,
11038,伯,,baak3,,①伯父的簡稱：大～｜二～ ②老年男人的尊稱：陳～｜李～｜張～ ‖ ①也叫“伯父 baak3 fu6”,512,,已校,
11039,伯爺,,baak3 je4*1,,部分人背後稱父親：我個～做工嘅,512,,已校,
11040,伯爺婆,,baak3 je4*1 po4*2,,①老太婆，老大娘 ②一部分人背後稱母親：我個～在生嘅時候⋯ ‖ ①也叫“老大婆 lou5 daai6*2 po4*2”,512,,已校,
11041,伯爺公,,baak3 je4*1 gung1,,老大爺，老頭兒 ‖ 也叫“老大公 lou5 daai6*2 gung1'”,512,,已校,
11042,伯婆,,baak3 po4,,祖父之兄之妻，外祖父之兄之妻（面稱、背稱均可）,512,,已校,
11043,伯父,,baak3 fu3*2,,老頭兒（背稱、面稱均可）,512,,已校,NA：原書注音有誤，應爲baak3 fu6*2。
11044,伯父,,baak3 fu6,,父之兄（面稱、背稱均可）：大～｜二～ ‖ 背後也叫“阿伯 aa3 baak3”,512,,已校,
11045,伯母,,baak3 mou5,,①老太太、大娘的泛稱 ②當面叫朋友的母親,512,,已校,
11046,伯娘,,baak3 noeng4,,伯母（面稱、背稱均可）,512,,已校,
11047,伯公,,baak3 gung1',,祖父之兄，外祖父之兄（面稱、背稱均可）,512,,已校,
11048,白䖳,,baak6 zaa6*2,,水母，海蜇 ‖ 䖳，廣韵禡韵除駕切：“水母也”,512,,已校,
11049,白瓜,,baak6 gwaa1,,一種瓜，形如長茄子，色淡綠，可生吃、炒吃或腌酸瓜。北方叫“老腌瓜”，可腌成醬瓜,512,,已校,
11050,白話,,baak6 waa6*2,,①口語（與“文言”相對） ②特指廣州話：講～，唔講客話,512,,已校,
11051,白蔗,,baak6 ze3,,皮色青綠的甘蔗，甜脆質佳 ‖ 也叫“青皮蔗 ceng1' pei4 ze3”、“脆皮蔗 ceoi3 pei4 ze3”或“肉蔗 juk6 ze3”,512,,已校,
11052,白快,,baak6 faai3,,專指生小孩生得乾凈利落：佢生仔生得～,513,,已校,
11053,白□□,,baak6 laai4 saai4,,①（膚色）蒼白，慘白 ②（菜肴）味淡，缺少調料：啲菜煮到～，白油都唔落啲多<連醬油都不放一點兒>,513,,已校,
11054,白契,,baak6 kai3,,未經官府蓋印的契約，無效的契約（與“紅契”相對） ‖ 也叫“紗紙契 saa1' zi2 kai3”,513,,已校,
11055,白鼻哥,,baak6 bei6 go1',,①戲裏的小丑，白粉塗鼻的三花臉 ②花花公子，輕薄之人：搽～<做下流事> ③指考試落第、榜上無名者,513,,已校,
11056,白地,,baak6 dei6,,空地，無建築物、無農作物等,513,,已校,
11057,白豆角,,baak6 dau6 gok3*2,,白豇豆角 ‖ 俗稱“珠仔豆 zyu1' zai2 dau6*2”,513,,已校,
11058,白豆,,baak6 dau6*2,,大豆，北京叫“黄豆”,513,,已校,
11059,白頭單,,baak6 tau4 daan1,,空頭支票,513,,已校,
11060,白頭帖,,baak6 tau4 tip3,,不署名的小字報，揭露人家隱私的 ‖ 也叫“抄白 caau1' baak3”或“白帖 baak6 tip3*2”,513,,已校,NA：原書“抄白”作詞頭時注音爲caau1' baak6。
11061,白酒,,baak6 zau2,,①燒酒 ②無菜肴下酒，對客人謙虛之辭：請你來我處飲杯～ ‖ ①也叫“燒酒 siu1' zau2”,513,,已校,
11062,白口白婪讒,,baak6 hau2 baak6 laam4 caam4,,言語中傷人，無中生有，亂説：唔好～咁講人喇,513,,已校,
11063,白油,,baak6 jau4*2,,淺色醬油，多指“生抽”,513,,已校,
11064,白欖,,baak6 laam2,,①生橄欖，青果 ②曲藝的一種：數～<類似急口令、順口溜>,513,,已校,
11065,白斬鷄,,baak6 zaam2 gai1,,白切鷄，最常見而簡單的鷄肴做法，把整鷄煮或蒸熟切好，再加調料 ‖ 也叫“白切鷄 baak6 cit3 gai1”,513,,已校,
11066,白滾水,,baak6 gwan2 seoi2,,白開水,513,,已校,
11067,白板仔,,baak6 baan2 zai2,,漂亮的小伙子，小白臉兒,513,,已校,
11068,白飯魚,,baak6 faan6*3 jyu4*2,,鮮的銀魚,513,,已校,
11069,白生生,,baak6 saang1' saang1',,①無緣無故，平白無故：我都唔識佢，佢～來搵我去做丨呢件事我都唔知，佢～話我講嘅 ②全無瓜葛，非親非故,513,,已校,
11070,白餅,,baak6 beng2,,炒米餅的一種，味較佳，沙灣産的最有名,513,,已校,
11071,白撞,,baak6 zong6,,撞騙者，入人家屋内偷盜者，詐言找錯人家，如無人則拿走錢物,513,,已校,
11072,白撞雨,,baak6 zong6 jyu5,,短時的驟雨，晴天時忽然下的陣雨，雨點大而疏,513,,已校,
11073,白濛濛,,baak6 mung1' mung1',,一片白，粉白：個天～丨篩粉篩到四圍都～,513,,已校,
11074,白通帽,,baak6 tung1' mou6*2,,舊時的一種上白粉的硬殼帽，高級的用水松木製作 ‖ 簡稱“通帽”,513,,已校,
11075,白鴿,,baak6 gap3*2,,鴿子：放～丨～蛋丨～籠,513,,已校,
11076,白鴿眼,,baak6 gap3 ngaan5,,喻勢利眼，指只看見有錢人，看不起窮人的人。因鴿子的眼睛向上看，故名,513,,已校,
11077,白日流流,,baak6 jat6 lau4 lau4,,白天，光天化日之下：～佢都會偷野,513,,已校,
11078,白雪雪,,baak6 syut1 syut1,,白凈凈的，非常潔白,513,,已校,
11079,白蝕,,baak6 sik6,,白斑病，白癜風：呢個人係～啊 ‖ 也叫“白面風 baak6 min6 fung1'”,513,,已校,
11080,白翼,,baak6 jik6,,①米蟲變的飛蛾 ②有翼的蟻，風雨欲來時滿天飛,514,,已校,
11081,白攉,,baak6 fok3,,浮誇，囂張；揚揚自得，好炫耀自己：佢好～丨沙塵兼～<不可一世> ‖ 攉，廣韵鐸韵虚郭切：“攉，盤手戲。”集韵：“手反覆也”,514,,已校,
11082,白攉友,,baak6 fok3 jau5*2,,好吹噓自己、傲慢的家伙,514,,已校,
11083,拍,,paak3,,①拍打：～手丨～心口丨～蚊丨～門 ②攆，趕：～扯佢<攆走他> ③拍攝（電影）：～片,514,,已校,
11084,拍烏蠅,,paak3 wu1' jing4*1,,打蒼蠅，轉義爲生意清淡或無事可做：～咁靜丨得閑到～,514,,已校,
11085,拍手無塵,,paak3 sau2 mou4 can4,,形容窮極，身無長物,514,,已校,
11086,拍心口,,paak3 sam1' hau2,,拍胸脯，表示擔保無問題,514,,已校,
11087,拍成,,paak3 sing4,,用口頭幫忙成全其事：你幫我～呢件親事喇,514,,已校,
11088,泊,,paak3,,（車、船）停靠：～車丨～船丨隻船～碼頭丨艇仔～岸嘞 ‖ 英文 park 的音譯。集韵陌韵匹陌切，音合義不合，故爲借音,514,,已校,
11089,䞟,,paak3,,①並排，併攏：兩隻船～拖丨我同你～埋行丨兩個人～住坐丨兩個人～行 ②合作，合伙：你同边個～檔？丨～手伙計 ③比較，對比：呢兩張紙，你～下佢，睇边張白啲 ‖ 集韵陌韵匹陌切：“逼也。”逼，集韵：“爾雅迫也。”迫，集韵：“説文近也”,514,,已校,
11090,䞟拖,,paak3 to1,,男女二人並行，轉義爲談戀愛。來源於兩船並排航行，如小火輪拖帶一隻木船：～行街,514,,已校,
11091,䞟手,,paak3 sau2,,合伙，合作，協力幹：～伙計丨～好戲丨上下有～，内外有照應,514,,已校,
11092,䞟手伙計,,paak3 sau2 fo2 gei6,,親密合作的人 ‖ 也説“䞟檔伙計 paak3 dong3 fo2 gei3”,514,,已校,
11093,䞟檔,,paak3 dong3,,①協作，合作：我同佢～丨䞟硬檔<大力協助>丨䞟下檔喇<協助一下吧> ②合作得很好，很默契：佢兩個好～噃 ③伙伴：你真係好～,514,,已校,
11094,䞟得住,,paak3 dak1 zyu6,,比得上，不分上下：佢兩個都～嘅喇,514,,已校,
11095,嘜,,maak1,,①牌子，商標：～頭丨雜～丨雙妹～ ②相貌：豬～<屬豬的，豬相。駡人話>丨牛～<駡人話> ③記號 ④盯着：佢畀人～住 ‖ 英文 mark 的音譯俗字,514,,已校,NA：現在（2020s）①②習讀mak1。
11096,嘜頭,,maak1 tau4,,①商標，牌子：乜野～㗎？ ②相貌：睇下佢個～，有乜野發達呀？丨睇你個～似乜樣啊？,514,,已校,NA：現在（2020s）習讀mak1 tau4*2。
11097,擘,,maak3,,①張開：～大個口丨～開口丨～大眼丨～開腳 ②扯，撕：將餅～開兩邊丨～爛張紙丨將塊布～開,514,,已校,
11098,擘大個口得個窿,,maak3 daai6 go3 hau2 dak1 go3 lung1,,熟語。啞口無言，回答不出,514,,已校,
11099,擘大眼瀨尿,,maak3 daai6 ngaan5 laai6 niu6,,熟語。明知不好的事，迫不得已去做,514,,已校,
11100,擘梯,,maak3 tai1',,兩邊岔開的梯子，用時不需靠牆 ‖ 也叫“人字梯 jan4 zi6 tai1'”,514,,已校,
11101,擘開眼屎,,maak3 hoi1' ngaan5 si2,,剛醒來，才睜開眼：一早～就喊<早上睜開眼就哭>,515,,已校,
11102,擘口仔,,maak3 hau2 zai2,,舊時指靠説唱爲生者,515,,已校,
11103,擘面,,maak3 min6*2,,撕破面子，拆台：我畀佢擘哂面<他全然不給我面子>丨我去擘佢個面至得！,515,,已校,
11104,麥豆,,maak6 dau6*2,,形同荷蘭豆的一種豆角，只能剝食其仁，豆子的皮較韌，也得剝去,515,,已校,NA：“麥”注音疑似應爲mak6。
11105,麥粉,,maak6 fan2,,舊時指麥片,515,,已校,NA：“麥”注音疑似應爲mak6。
11106,麥糠,,maak6 hong1',,麥皮，麥麩子,515,,已校,NA：“麥”注音疑似應爲mak6。
11107,𧻙䟐,,maak6 lek6,,麻利，爽快：呢個女人好～㗎 ‖ 𧻙，廣韵陌韵萌莫白切：“𧻙越。”䟐，廣韵錫韵郎擊切：“䟐𧻕，行貌。”《康熙字典》：“速行貌”,515,,已校,
11108,劃,,faak3,,策劃，周轉：～唔轉<周轉不開>丨～涴 ‖ 廣韵麥韵呼麥切：“劃，作事”,515,,已校,
11109,劃涴,,faak3 wo5,,（把事情）搞壞，使不成功。北京説“攪黄了” ‖ 涴，廣韵過韵烏卧切：“泥著物也，亦作污。”古清音去聲本應讀陰去，今口語變讀陽上,515,,已校,
11110,劃唔轉,,faak3 m4 zyun3,,資金周轉不開：銀根～就𰃴<⿱冖贛>斗嘅嘞<資金周轉不開就倒閉了>,515,,已校,
11111,劃汪,,faak3 waang1',,把好事搞砸了 ‖ 汪，集韵耕韵烏宏切：“水貌”,515,,已校,
11112,礊,,faak3,,①抽打，鞭打：～你一餐丨用竹仔～佢丨～佢兩鞭丨～塵丨～佢一身<抽他一通> ②（用筷子）打：～蛋丨～匀佢丨～爛佢 ③打稻脱粒：～禾丨～禾棍丨～禾桶 ‖ 廣韵麥韵呼麥切：“鞭聲”,515,,已校,
11113,礊禾棍,,faak3 wo4 gwan1,,打稻棒，即連枷 ‖ 也叫“打禾棒 daa2 wo4 paang5”,515,,已校,
11114,礊禾桶,,faak3 wo4 tung2,,打稻桶，人工脱粒用的 ‖ 也叫“礊桶”,515,,已校,
11115,礊水袖,,faak3 seoi2 zau6,,（舊劇演員）揮動袖子,515,,已校,
11116,礊水蛋,,faak3 seoi2 daan6*2,,加水蒸的鷄蛋羹,515,,已校,
11117,礊塵,,faak3 can4,,（用鷄毛帚）等撣去塵土,515,,已校,
11118,笮,,zaak3,,①壓，砸：大石～死蟹<熟語>丨用石～住佢丨～爛咗個箱丨～實晒<壓得緊緊的>丨～親腳<砸腳了>丨畀鬼～<夢魘> ②鎮壓物：銅紙～<銅質鎮紙> ‖ 集韵陌韵側格切：“説文迫也”,515,,已校,
11119,笮年,,zaak3 nin4,,壓歲。舊俗，過年時買生菜、芹菜等放在米缸上，又將果品、肉類、鯪魚、煎𩛍、油角等放在米缸中，叫“笮年”，過年後才食用,515,,已校,
11120,笮冬,,zaak3 dung1,,冬至節必定買鯪魚做菜，取“有零餘”之義，這叫“笮冬”。另一説，買鯪魚腌上，用大石壓住,515,,已校,
11121,擇,,zaak6,,選擇好的，挑揀：～芽菜丨～荷蘭豆丨～新婦丨～女婿丨～日丨揀飲～食<挑吃挑喝>,515,,已校,
11122,擇使,,zaak6 sai2,,①質差，不好用：呢枝筆咁～㗎丨佢真係～嘞丨呢啲銀～嘅，畀返你 ②棘手，不好辦：呢件事噉做法好～嘅,515,,已校,
11123,擇使銀,,zaak6 sai2 ngan4*2,,含銀量低的銀元,515,,已校,
11124,擇日,,zaak6 jat6*2,,挑選吉日：鬧人唔使～<熟語。指愛駡人>,515,,已校,
11125,拆,,caak3,,①開放，把合在一起的東西打開：～信｜～開包裹｜～洗機器 ②拆毀：～屋｜～牆｜～衫｜◇～臺<使人倒臺> ③分析及解説：～字｜～簽<解説求來的簽> ④揭露，揭開（陰謀、隱私）：～穿佢,516,,已校,
11126,拆簽,,caak3 cim1,,求簽後，請人解説簽中含意 ‖ 也説“解簽 gaai2 cim1”,516,,已校,
11127,拆棚做過,,caak3 paang4 zou6 gwo3,,重新開始，從頭做起,516,,已校,
11128,拆檔,,caak3 dong3,,①（合股生意）散伙 ②離婚，兩人分手 ‖ 也説“散檔 saan3 dong3”,516,,已校,
11129,坼,,caak3,,①裂開縫：摜～<摔裂>｜打～鑼噉聲<破鑼嗓子>｜條竹～咗 ②（聲音）嘶啞：把聲～晒<聲音全啞了>,516,,已校,
11130,賊阿爸,,caak6 aa3 baa1,,向盜賊集團敲竹杠的人,516,,已校,
11131,賊毛,,caak6 mou4*1,,小毛賊，舊時指受賊頭管束的小偷小摸者,516,,已校,
11132,賊公,,caak6 gung1,,强盜：～計，狀元才<指有計謀、有頭腦的賊>,516,,已校,
11133,索,,saak3,,勒索，强要人家請客：～錢｜～飲～食｜～佢飲茶｜開天～價<漫天要價> ‖ 廣韵麥韵山責切：“求也，取也”,516,,已校,
11134,□,,saak3,,量詞。①（瓜果）一部分：將佢切開兩～，畀一～我｜一大～｜切一～西瓜 ②四分之一：切一～橙畀我 ③塊：咬落一～餅 ④瓣：一～柑,516,,已校,
11135,胳肋底,,gaak3 laak6*1 dai2,,腋下，腋窩：～毛,516,,已校,
11136,格,,gaak3,,①抵擋：用手～住佢｜用條棍～開 ②格子：～仔布 ③一定的標準或樣式：規～｜合～｜～式 ④品格，風度：賤～｜衰～｜風～,516,,已校,
11137,格價,,gaak3 gaa3,,探問行情，打聽價格，互相比較：我想買頂帽，要格下價至買｜你想賣個金鏈，去格下價喇 ‖ 也説“打價 daa2 gaa3”,516,,已校,
11138,格仔,,gaak3 zai2,,格子：～簿<格子本兒>｜～布｜我要有～嘅紙,516,,已校,
11139,格眼,,gaak3 ngaan5,,①格子孔眼：由窗～望出去喇 ②看過之後評判，評定：幫我格下眼喇｜家下搵對象使鬼你～啊<不用你看啊>,516,,已校,
11140,格拳,,gaak3 kyun4,,二人用臂相擊以較力,516,,已校,
11141,格局,,gaak3 guk6,,①儀容態度：佢嘅～大方｜佢有啲～嘅 ②屋裏的陳設布置：西式～｜間房有～ ③文章的架構 ④字體的結構：某人嘅字有～,516,,已校,
11142,隔,,gaak3,,①遮斷，阻隔：～籬｜間房～開兩間 ②過濾：啲藥要～過渣再食｜用沙漏盆來～水 ③距離，間隔：我～幾日至去你處｜～夜飯｜相～五里,516,,已校,
11143,隔渣,,gaak3 zaa1',,①把渣滓濾出：斟藥時要～ ②喻人吝嗇：佢孤寒到～｜除咗褲～<吝嗇已極>,516,,已校,
11144,隔奶,,gaak3 naai5,,（斷母奶前的過渡期）間斷地喂嬰兒母奶,516,,已校,
11145,隔籬,,gaak3 lei4,,①旁邊：坐喺我～｜～屋<旁邊的房子> ②隔壁：住喺我～｜～房<隔壁房間>,516,,已校,
11146,隔籬鄰舍,,gaak3 lei4 leon4 se3,,左右四鄰，街坊四鄰,516,,已校,
11147,隔涉,,gaak3 sip3,,相隔遠而很費周折：去佢嗰處好～丨車到船到就唔～喇,517,,已校,
11148,□,,kaak2,,量詞。①某些果子天然的瓣：兩～柑丨一～碌柚 ②塊：𠝹一～木畀我<割一塊木頭給我>,517,,已校,
11149,逆意,,ngaak6 ji3,,不順從，不迎合人意：佢畀野你，你就要，唔好～喇丨唔好逆我意 ‖ ngaak6 白讀音，文讀 jik6,517,,已校,
11150,逆水貨,,ngaak6 seoi2 fo3,,難賣出去的貨,517,,已校,
11151,逆情,,ngaak6 cing4,,無情義，薄情,517,,已校,
11152,額,,ngaak6,,①名額：有幾個～位 ②前額，腦門兒：一～汗 ‖ ②也叫“額頭”,517,,已校,
11153,額,,ngaak6*2,,名額：滿～丨名～丨數～丨空～丨食空～,517,,已校,
11154,額頭,,ngaak6 tau4,,前額，腦門子：佢個～好闊,517,,已校,
11155,客仔,,haak3 zai2,,顧客，時常幫襯的主顧：佢好多～嘅丨熟～,517,,已校,
11156,客情,,haak3 cing4,,好客，客氣：佢鄉下待人好～㗎丨佢～好厚㗎丨好有～㗎,517,,已校,
11157,呃,,aak1,,以謊言欺騙：～人丨佢～得我過就～你咯丨做事唔好～騙人 ‖ 同音字,517,,已校,
11158,呃秤,,aak1 cing3,,賣東西少給分量以欺買主,517,,已校,
11159,鈪,,aak3*2,,手鐲：金～丨玉～丨藤～丨銀～丨珍珠～ ‖ 俗字，本字爲“扼”,517,,已校,
11160,喫,,jaak3,,吃的俗稱：～飯｜～魚｜啲豬肉好好～ ‖ 口語音，讀書音 hek3,518,,已校,
11161,摑,,gwaak3,,用手掌照頭面打：～一巴<打耳光>｜～醒佢,519,,已校,
11162,𥕏,,kwaak1,,①打（算盤），由打算盤的響聲而來：等我～下算盤喇 ②仔細盤算，考慮：～下先喇 ‖ 集韵麥韵口獲切：“石硬聲”,519,,已校,
11163,𥕏算盤,,kwaak1 syun3 pun4,,打算盤：睇個算盤𥕏唔𥕏得響<看看合算不合算> ‖ 也説“打算盤 daa2 syun3 pun4”,519,,已校,
11164,框,,kwaak1,,①圈兒，圈子：我行咗一個～｜打個～｜一～鐘<十二小時> ②框住，圈住，圍住：～住佢｜～住廣場個草地，唔畀人踩｜～住呢度<在這兒打個框框> ‖ 本音 kwaang1，此處變讀入聲,519,,已校,
11165,逛,,kwaak3,,游逛：～街｜同你出去～一下就返來｜我出去～下，睇有乜野賣 ‖ 變讀音，本音 kwaang3,519,,已校,
11166,繣,,kwaak3,,①用繩子攏住，粗粗地兜住：～住啲野 ②稀疏貌：藤椅織到疏零爛～<藤椅太不密實> ‖ 集韵卦韵古賣切：“徽也。”又忽麥切。徽，許歸切：“美也，又三糾繩也。”暫借字,519,,已校,
11167,嚄嚄仔,,waak1 waak1 zai2,,口出狂言之少年，多嘴者 ‖ 嚄，廣韵陌韵胡伯切：“嚄嘖，大喚”,519,,已校,
11168,畫,,waak6,,①用筆或似筆之物做出綫或作爲標記的文字：～綫｜～押 ②漢字的一筆叫“一畫”：呢個字有幾多～？｜筆～｜寫字要一筆一～噉寫 ③漢字的一横叫“一畫”：三～王｜一點一～,519,,已校,
11169,畫花口面,,waak6 faa1' hau2 min6,,散布謠言，把好人説成壞人：畀佢～ ‖ 也説“畫花個面 waak3 faa1' go3 min6”,519,,已校,
11170,畫耳埋牆,,waak6 ji5 maai4 coeng4,,充耳不聞 ‖ 也説“畫隻耳落牆 waak6 zek3 ji5 lok6 coeng4”,519,,已校,
11171,畫壞鐘馗,,waak6 waai3 zung1' kwai4,,譏笑人家長得醜：嗰個野正係～,519,,已校,NA：原書“壞”注音疑似應爲waai6。
11172,畫鬼腳,,waak6 gwai2 goek3,,一種拈鬮法，湊錢吃東西的一種遊戲,519,,已校,
11173,畫真,,waak6 zan1,,舊時指照着人畫像或照着相片畫像 ‖ 也説“寫真 se2 zan1”,519,,已校,
11174,畫則,,waak6 zik1,,（建築）畫圖：～師 ‖ zik1，變讀音，本讀 zak1,519,,已校,
11175,劃,,waak6,,①用尖銳之物把别的東西分開或在表面上擦過去：～火柴｜～面皮<用指擦臉以羞别人> ②劃分：～界｜～時代 ③計劃：籌～｜策～,519,,已校,
11176,嚜,,mak1,,小鐵罐頭盒：鐵～丨煙仔～丨牛奶～丨一～米 ‖ 俗字,520,,已校,
11177,癦,,mak6*2,,突出的痣：面上有粒～丨血～丨壽～<壽斑>丨脱～<去掉黑痣> ‖ 俗字,520,,已校,
11178,墨屎,,mak6 si2,,①衣服上的霉點 ②臉上的黑斑，比雀斑大些，黑些：滿面～,520,,已校,
11179,墨水筆,,mak6 seoi2 bat1,,①自來水筆 ②蘸墨水的鋼筆 ‖ ①也叫“自來水筆 zi6 loi4 seoi2 bat1”,520,,已校,
11180,墨硯,,mak6 jin6*2,,硯臺,520,,已校,
11181,墨筆,,mak6 bat1,,毛筆,520,,已校,
11182,墨七,,mak6 cat1,,夜晚作案的小偷 ‖ 也叫“鼠摸 syu2 mo2”,520,,已校,
11183,得,,dak1,,①能夠：你～好返，真係萬幸咯<你能恢復健康真幸運> ②行，成，可以：你唔去～唔～？丨噉點～㗎<這樣怎麼成啊>？丨～未呀<行了嗎，好了嗎>？ ③有本事，能幹：你係～嘅<你真行> ④得到：～食丨～手丨～米丨佢～幾多錢呢？ ⑤表示同意或禁止：～嘞，就噉喇<行了，就這樣吧> ⑥放在動詞後面，表示可能：你去～唔去～<你能去嗎>？丨你一餐食～幾多碗飯呢？丨你出～幾多人工呢<你能出多少工錢>？丨我好想買件衫，但係冇錢唔買～ ⑦放在動補結構中間，表示可能：食～多丨做～起丨買～平丨着～耐丨想～出丨去～晏丨來～早丨你講～着<你説得對> ⑧放在動詞後，表示很能、很會：佢好食～<他很能吃>丨好瞓～丨好打～<武功好>丨好做～<很會幹活兒>丨好飲～<很能喝酒>丨好講～丨好撈～<很會賺錢> ⑨在：我～呢處有半年咁耐咯 ⑩只有：我～一個仔一個女丨佢～八分地𫫊<⿰口隻><他只有八分地罷了>丨～把口丨擘大個口～個窿<啞口無言>丨就～咁多<只有這些>,520,,已校,
11184,得把口,,dak1 baa2 hau2,,只會説，不會做 ‖ 也説“得把嘴 dak1 baa2 zeoi2”,520,,已校,
11185,得個,,dak1 go3,,只剩下：～怕字丨～亂字丨～講字<光説不做>丨～名<徒有虛名>,520,,已校,
11186,得過,,dak1 gwo3,,①放在動詞後，表示合算，值得：食～丨着～丨買～丨呢沓樓住～丨賣～丨交～丨相與～丨識～<朋友值得交> ②放在動詞或形容詞之後，表示勝過，超過：你𥌮[lɛk˥]～佢咩<你比他聰明嗎>？丨我捱～佢<我比他能吃苦>丨佢打～你咩,520,,已校,
11187,得意,,dak1 ji3,,①有趣，好玩：馬留仔好～㗎丨呢個細路真係～ ②做事順利，如意：佢而家～喇，撈起喇<混得發財了>,520,,已校,
11188,得埋,,dak1 maai4,,用於某些動詞後，表示互相之間關係融洽：攪～丨傾～<談得來>丨撈～<合作得好>丨打～<合得來>丨滾～<合得來>,520,,已校,
11189,得米,,dak1 mai5,,得手，達到目的：佢呢次～嘞 ‖ 也説“得食”或“得手 dak1 sau2”,520,,已校,
11190,得滯,,dak1 zai6,,放在形容詞後，表示程度極深：好～<太好了>丨車開得快～，好危險丨啲菜鹹～,520,,已校,
11191,得掂,,dak1 dim6,,行，妥當：唔～丨噉重～嘅<這還了得>？,520,,已校,
11192,得啖笑,,dak1 daam6 siau3,,①只是笑話而已，不是真的 ②樂一樂：～啫<只不過樂一樂>,521,,已校,NA：原書“笑”注音有誤，應爲siu3。
11193,得閑,,dak1 haan4,,有空兒，有時間：我前日唔～，所以今日至來得,521,,已校,
11194,得人,,dak1 jan4,,放在某種動詞（表示情感、情緒）之前，表示令人、使人…：～厭<討人嫌>｜～驚<使人害怕>｜～歡喜｜～憎｜～惱｜～中意｜～怕,521,,已校,
11195,得撤,,dak1 cit3,,（時間）來得及：～唔～啊？——～喇<來得及呀>｜唔～咩，你<看你忙不迭地>,521,,已校,
11196,得敕,,dak1 cik1,,得意，洋洋自得，神氣：你～喇<反語>｜睇佢～到個樣<看他那神氣的樣子>,521,,已校,
11197,得色,,dak1 sik1,,露臉，喜形於色：佢家下撈起咯，好～喎,521,,已校,
11198,得食,,dak1 sik6,,①達到目的，成功：嗰單野～嘞<這事辦成了> ②到手，得到好處：噉做法唔～㗎｜黑狗～，白狗當災<熟語>,521,,已校,
11199,特登,,dak6 dang1,,專門，特地：我～買畀你食㗎 ‖ 也説“專登 zyun1' dang1”或“故登 gu3 dang1”,521,,已校,
11200,樴,,dak6,,木橛子：打個～來綯牛<打個橛子來拴牛>｜撞～<碰釘子> ‖ 廣韵德韵徒得切：“杙也。”杙，與職切：“橛也”,521,,已校,
11201,𪐌,,nak1,,①粘住：～住個封口｜將兩張紙～埋佢｜膠鞋裂咗口，～返佢喇 ②有黏性：今日啲飯～～地<今天的飯煮夾生了，黏糊糊的> ‖ 集韵職韵昵力切：“黏也”,521,,已校,
11202,𪐌牙,,nak1 ngaa4*2,,（小孩子）説話口齒不清楚,521,,已校,
11203,□,,nak1,,孫之孫，玄孫,521,,已校,
11204,㪐㩿,,lak1 kak1,,①説話不流利，結巴：佢講得～ ②事情難辦：呢件事好～，要幾方面協助至得 ③路難行：條路好～ ‖ 㪐，廣韵没韵勒没切：“㪐㩿，不穩，又不利也。”㩿，苦骨切：“㪐㩿，不穩。”集韵：“㪐㩿，不滑利，一曰物不安貌。”訓讀字。也可認爲韵尾變讀,521,,已校,
11205,肋膁,,lak6 jim2,,肋骨下邊部位，軟肋 ‖ 膁，廣韵黍韵苦簟切：“腰左右虛肉處”,521,,已校,
11206,勒,,lak6,,①用繩、帶束緊：用手巾～住個頭｜～緊褲頭帶抵肚餓｜～死 ②把住小孩，使其大小便：～佢屙尿｜～屎｜～尿 ③敲詐：～索｜～詐,521,,已校,
11207,𠢠,,lak6,,植物的刺：菠蘿～｜～竹｜～樹｜～林｜踩着～｜玫瑰有好多～ ‖ 廣韵職韵林直切：“趙魏間呼棘，出方言。”古曾攝三等韵，今口語讀如一等韵,521,,已校,
11208,𠢠罧,,lak6 lam6,,荆棘叢，比喻困難的環境，如生活艱難或碰到非常棘手的事：跌落～ ‖ 參看“罧”,521,,已校,
11209,𠢠樴,,lak6 dak6,,物表面不平滑，疙疙瘩瘩的：皮膚好～｜桂味荔枝嘅皮好～｜個面生瘡生到好～｜批蕩<抹牆灰>批到好～｜個地好～ ‖ 參看“樴”,521,,已校,
11210,則,,zak1,,測探，猜測；觀察：細路哥有病，唔好請醫生自，先～下佢｜唔好問佢自，等我～下佢先｜我～得佢多嘞，佢每到星期六都出門嘅,521,,已校,
11211,則劇,,zak1 kek6,,惡作劇，作弄；嘲笑：～下佢至得,521,,已校,
11212,側頭側腦,,zak1 tau4 zak1 nou5,,天生的歪脖子：佢生得～,521,,已校,
11213,側邊,,zak1 bin1,,旁邊：佢坐喺我～ ‖ 也説“側近 zak1 gan6*1”,522,,已校,
11214,測街,,cak1 gaai1,,逛街，無事閑逛：佢去咗，唔喺處 ‖ 也説“踱街 dok6 gaai1”或“逛街 kwaang3 gaai1”,522,,已校,
11215,測板,,cak1 baan2,,兩塊長木板做成的響器，用布條連結，説唱時用以打拍子：打～，唱木魚 ‖ 也叫“斥測板 cik1 cak1 baan2”，由聲音得名,522,,已校,
11216,測度,,cak1 dok6,,猜測，揣度,522,,已校,
11217,塞,,sak1,,①塞子：木～丨樽～ ②堵：～住個嘴丨流鼻血就要～鼻丨～坑渠<下水道不通> ③暗中給：～啲錢畀佢,522,,已校,
11218,塞車,,sak1 ce1,,車輛堵塞：呢處～啊丨冇～<交通順暢>丨好～<嚴重堵塞>,522,,已校,
11219,□,,sak1,,孫之子，重孫,522,,已校,
11220,棘手,,kak1（或 kik1）sau2,,（事情）難辦，扎手：呢件事好～ ‖ 古見母字，今口語讀如溪母,522,,已校,
11221,撠,,kak1（或 kik1）,,卡住，阻礙：搵塊磚來～住個車輪丨櫃桶～住咯，唔拉得出 ‖ 集韵陌韵訖逆切：“拘持也。”古見母字，今口語讀如溪母,522,,已校,
11222,剋治,,hak1 zi6,,苛刻待人，管制，整治（别人）：舊時家婆～新婦,522,,已校,
11223,黑,,hak1,,①烏黑色：～布丨～狗 ②（天色）黑暗：個天好～丨～麻麻 ③熄火：吹～盞燈丨火爐～咗 ④運氣不好：當～丨頭頭碰着～<處處碰釘子>丨呢牌好～<近來不走運> ⑤秘密的，不公開的：～市丨～貨丨～話丨～錢 ⑥壞，狠毒：～心丨～心鬼 ⑦板着（臉），陰沉着（臉）：～起個面丨～住個面唔講野,522,,已校,
11224,黑麻麻,,hak1 maa1' maa1',,形容天色黑，黑洞洞的 ‖ 也説“黑咪麻 hak1 mi1' maa1'”或“夜咪麻 je6 mi1' maa1'”,522,,已校,
11225,黑古勒□,,hak1 gu2 lak1 gwak6,,①形容面貌長得黑 ②形容黑色、黑暗：件黑衫～，唔好睇嘅丨間房～，成日都要着燈嘅,522,,已校,
11226,黑古勒特,,hak1 gu2 lak6 dak6,,形容人膚色長得黑,522,,已校,
11227,黑米,,hak1 mai5,,鴉片煙的俗稱：食～,522,,已校,
11228,黑膠綢,,hak1 gaau1' cau4*2,,薯莨綢，拷綢，黑色無花紋,522,,已校,
11229,黑豆,,hak1 dau6*2,,豆子的一種，可製作豆豉 ‖ 也叫“烏豆 wu1' dau6*2”,522,,已校,
11230,黑口黑面,,hak1 hau2 hak1 min6,,形容人臉色鐵青，態度惡劣 ‖ 也説“烏口烏面 wu1' hau2 wu1' min6”,522,,已校,
11231,黑面貓,,hak1 min6 maau1,,比喻臉上有很多污垢者 ‖ 也説“烏面貓 wu1' min6 maau1”,522,,已校,
11232,黑𥌯𥌯,,hak1 mang1' mang1',,形容黑暗，黑漆漆的 ‖ 𥌯，廣韵耕韵莫耕切：“𥉸甍，視不分明”,522,,已校,
11233,黑黢黢,,hak1 zeot1 zeot1,,形容物體黑 ‖ 也説“烏黢黢 wu1' zeot1 zeot1”。黢，集韵術韵促律切：“黑也。”古清母，今口語讀如精母,522,,已校,
11234,辟,,pek3,,去掉，消除：搵石灰～下濕氣丨灑啲香水～下啲臭氣丨搵酒來～下腥氣丨煲羊肉畀合桃～下臊味 ‖ 廣韵昔韵必益切：“亦除也。”古幫母字，今讀如滂母,523,,已校,
11235,辟暑,,pek3 syu2,,消暑，去暑氣：買多啲西瓜來～丨冬瓜煲蓮葉～嘅,523,,已校,
11236,劈,,pek3,,（用刀斧）破開：～柴丨將木頭～開佢丨～樹丨將豬頭～開兩邊丨～爛個箱丨雷公～你 ‖ 白讀音，文讀 pik1,523,,已校,
11237,劈涊鑿,,pek3 nan2 zoek6*2,,駡人話。説人太壞、太兇惡，連雷公想劈殺他也怕污了武器 ‖ 涊，集韵混韵弩本切：“淟涊，濁也”,523,,已校,
11238,擗,,pek6,,扔，丢棄：～咗佢，唔要嘞 ‖ 俗借字,523,,已校,
11239,趯,,dek3,,①跑，逃：快～開丨～返轉頭丨唔知佢～咗去边處丨～得好快丨走走～～ ②驅趕：～嗰隻狗出去 ‖ 廣韵錫韵他歷切：“跳貌。”借用字,523,,已校,
11240,趯路,,dek3 lou6*2,,逃走 ‖ 也説“走路 zau2 lou6*2”或“趯更”,523,,已校,
11241,趯更,,dek3 gaang1',,逃走：佢趯咗更咯,523,,已校,
11242,糴米,,dek3 mai5,,買米的舊稱 ‖ 現在説“買米 mai5 mai5”,523,,已校,
11243,踢燕,,tek3 jin3*2,,踢毽子 ‖ 也説“打燕 daa2 jin3*2”,523,,已校,
11244,踢着腳,,tek3 zoek6 goek3,,所遇到的，所碰到的之處：～你都唔啱<什麼都不合你意>丨～都係好嘅<碰到什麼都是好的>,523,,已校,
11245,𥌮,,lek1,,能幹，聰明，有本事：佢好～㗎丨佢唱歌跳舞最～丨精～<精明能幹>丨～仔丨～女丨你個仔夠～喇丨認～<自我感覺了不起> ‖ 廣韵錫韵郎擊切：“𥌮𥉶，視明貌”,523,,已校,
11246,𥌮麻,,lek1 maa4*2,,做事快當，精明能幹：做野好～ ‖ 也説“麻利 maa4 lei6”或“𧻙䟐 maak6 lek6”,523,,已校,
11247,𥌮唔撒,,lek1 m4 cit3,,形容人高傲、自大：睇佢好似～噉<看他好像多麼了不起似的>,523,,已校,
11248,𥌮仔,,lek1 zai2,,①聰明能幹的小伙子：佢係～來嘅 ②好樣兒的，棒：佢好～㗎<他可棒了>丨睇佢個樣都幾～,523,,已校,
11249,𥌮到□,,lek1 dou3 man3,,能幹到家了，棒極了，聰明透頂,523,,已校,
11250,𠠝,,lek6,,用刀劃開（不割斷）：～開片丨～破丨將條魚先～開佢，糝啲鹽落去再煎 ‖ 集韵錫韵狼狄切：“割也”,523,,已校,
11251,隻手隻腳,,zek3 sau2 zek3 goek3,,單手獨拳，無人幫忙：我～，做得乜野啊？,523,,已校,
11252,炙骨,,zek3 gwat1,,①利害：佢講野最～ ②譏諷，挑剔，挖苦：佢好會～人嘅丨～下佢喇,524,,已校,
11253,隻,,zek3,,①量詞。A）用於某些成對的東西：一～手套丨兩～眼 B）用於動物：一～狗丨三～鷄丨兩～蚊丨◇嗰兩～野<這兩個家伙> C）用於某些器具：一～皮箱丨三～碗丨一～筷子 D）用於船：一～船丨兩～渡丨三～艇 E）用於歌舞或某些玩具：唱～歌丨跳～舞丨摺～紙飛機 ②種，類。多用於貨物、原料等：呢～布幾靚噃丨呢～白糖好過嗰～丨嗰～酒都幾香<那種酒還挺香的>,524,,已校,
11254,隻褦隻,,zek3 naai3 zek3,,好壞搭配：南安臘鴨，～<歇後語> ‖ 褦，俗借字,524,,已校,
11255,績麻,,zek3 maa4,,將麻纖維捻成綫 ‖ 績，廣韵錫韵則歷切：“緝也”,524,,已校,
11256,席,,zek6,,草、竹等編的片狀物，用以鋪炕、席：一張～丨草～丨藤～丨竹～丨光邊竹～丨～袋,524,,已校,
11257,席𤗈底,,zek6 sip3 dai2,,牀之上、席子底下：將本書放喺～ ‖ 𤗈，廣韵帖韵蘇協切：“𤗈牒，小楔”,524,,已校,
11258,赤,,cek3（或 cik3）,,①（米類）紅色而粗：啲米咁～嘅<米粗，未舂細> ②裸露：打大～肋<光着上身>丨大～腳<天足>丨打～腳<赤足>丨除大～腳<赤足>,524,,已校,
11259,赤米,,cek3 mai5,,加工程度不夠精細的粗米（與“紅米”不同）,524,,已校,
11260,赤心赤肝,,cek3 sam1' cek1 gon1',,真心真意：我～對你㗎<我是真心實意對你的啊>,524,,已校,
11261,赤紅猛熱,,cek3 hung4 maang5 jit6,,猛烈的太陽：～你都唔擔遮<打傘>出街？,524,,已校,
11262,赤肋,,cek3 laak3,,光背：打大～<赤膊，不穿上衣>,524,,已校,
11263,𣤩,,cek3,,僵硬，疼痛：頭～丨腰骨～丨眼～丨凍到手～腳～丨◇肉～<心疼財物，憐惜子女> ‖ 廣韵錫韵丑歷切：“痛也”,524,,已校,
11264,𣤩手𣤩腳,,cek3 sau2 cek3 goek3,,手腳凍得生疼：天時冷就～嘅嘞,524,,已校,
11265,惜,,sek3,,①愛惜，疼愛：佢～住件白衫，唔肯多着丨～錢丨～野<惜物>丨細路哥丨鬧人唔～人丨～晒你<最疼你>丨～住對鞋，唔肯行爛路 ②親，吻：～佢一啖<親他一口> ‖ 口語音，文讀 sik1,524,,已校,
11266,惜荷包,,sek3 ho4 baau1,,過分慳吝，對自己也捨不得花錢,524,,已校,
11267,惜手惜腳,,sek3 sau2 sek3 goek3,,不願多幹事，怕幹活兒 ‖ 也説“惜力 sek3 lik6”,524,,已校,
11268,惜身,,sek3 san1,,①怕死：佢好～嘅 ②會養生，懂得養生之道：佢食野好揀擇嘅，好會～嘅,524,,已校,
11269,石屎,,sek6 si2,,水泥、碎石子混合的建材：～樓丨紅毛泥～樓丨打～樁,524,,已校,
11270,石屎頭腦,,sek6 si2 tau4 nou5,,頭腦僵化，頑固,524,,已校,
11271,石灰,,sek6 fui1',,白灰，塗牆壁的材料 ‖ 也叫“白灰 baak6 fui1'”或“蜆灰 hin2 fui1'”,524,,已校,
11272,石灰籮,,sek6 fui1' lo4,,指品行不良者，到處留下污點 ‖ 也説“白灰籮 baak6 fui1' lo4”,524,,已校,
11273,石榴,,sek6 lau4*2,,①觀賞用的種在大缸中的石榴 ②通常指“番石榴”,524,,已校,
11274,石山,,sek6 saan1,,①大石頭山 ②人工造的假山，盆景裏的小石山,524,,已校,
11275,石春,,sek6 ceon1,,卵石,525,,已校,
11276,戟,,kek3,,①刺激，使感到不適：食得過甜就～喉丨喉～～丨鹹到～喉 ②絆，繞：～腳<不順心> ‖ 古見母字，今口語讀如溪母,525,,已校,
11277,戟喉,,kek3 hau4,,齁嗓子：食咗油䭞嘅野就～ ‖ 也説“剌喉嚨 laa2 hau4 lung4”,525,,已校,
11278,□,,kek3,,①挑花用的針法 ②鎖扣眼用的針法,525,,已校,
11279,屐,,kek6,,木板拖鞋：～皮丨～釘丨～板 ‖ 也説“木屐 muk6 kek6”,525,,已校,
11280,屐釘錘,,kek6 deng1 ceoi4*2,,釘木屐用的小錘子 ‖ 現在叫“錘仔 ceoi4*2 zai2”或“手錘 sau2 ceoi4*2”,525,,已校,
11281,䭞,,jek3（或 jik1）,,油類變質的氣味：啲花生有油～𪡷<這花生有油敗味>,526,,已校,
11282,𤗚裂,,bik1 lit6,,瓷器上的不規則縱横紋：～花樽丨隻碗係～嘅喎 ‖ 𤗚，廣韵職韵芳逼切：“坼也”,527,,已校,
11283,逼,,bik1,,①壓迫，逼迫：强～丨～死人命 ②（因人多）擁擠：唔好入去咯，裏便好～丨架車～到死丨擠～丨～狹丨～窄 ③强行擠入：～車丨～巴士<擠公共汽車>丨～甩粒紐<擠掉一粒紐扣> ④箍緊，夾緊：對鞋太細，着咗～腳,527,,已校,
11284,逼身唔轉,,bik1 san1' m4 zyun3,,擠得轉不過身：唔好去趁墟咯，～咁多人,527,,已校,
11285,逼人,,bik1 jan4,,擁擠：年晚花市好～～,527,,已校,
11286,逼狹,,bik1 gip6,,窄小而擁擠：街市好～,527,,已校,
11287,逼窄,,bik1 zaak3,,狹窄：住得好～丨地方好～ ‖ 也説“逼狹 bik1 gip6”,527,,已校,
11288,揊㩧筒,,bik1 baak1 tung4*2,,竹筒做的玩具，將濕紙團當作子彈射出，類似水唧筒 ‖ 揊，廣韵職韵芳逼切：“擊聲。”㩧，集韵陌韵博陌切：“擊聲”,527,,已校,
11289,煏,,bik1,,猛火久煮：～乾佢丨加猛火～腍佢丨～圓蹄<燒肘子>丨～腍啲牛肉 ‖ 廣韵職韵符逼切：“火乾肉也”,527,,已校,
11290,壁櫃,,bik1 gwai6,,壁櫥,527,,已校,
11291,辟,,pik1,,①輕輕去掉，撥掉，挑去，剔去：菜葉裏便有條頭髮，～甩佢丨張枱條罅有啲菜渣、飯粒，～佢出來 ②禳除：～邪 ‖ 廣韵昔韵必益切：“亦除也。”古幫母字，今讀如滂母,527,,已校,
11292,掝,,fik6,,用手巾、手帕類使勁揮動：唔好～親人<别甩着人>丨搵條繩隨處～ ‖ 集韵職韵忽域切：“裂聲。”陰入變讀陽入,527,,已校,
11293,扚,,dik1,,提起（重物），限於短暫的動作：將個皮箱～上膊頭丨將個笈～上樓 ‖ 廣韵錫韵都歷切：“引也”,527,,已校,
11294,扚起心肝,,dik1 hei2 sam1 gon1,,發奮，決心：～去做人丨～做起佢至得<決心把它做完>,527,,已校,
11295,扚胸,,dik1 hung1',,胸部隆起：佢係～嘅,527,,已校,
11296,䄪穗,,dik1 seoi6*2,,鬢角的髮：留～丨～流流<鬢角長貌> ‖ 䄪，集韵錫韵丁歷切：“禾穗垂貌”,527,,已校,
11297,的士,,dik1 si6*2,,出租小汽車 ‖ 英文 taxi 的音譯,527,,已校,
11298,的當,,dik1 dong3,,（做事）得當,527,,已校,
11299,菂,,dik1,,物品上類似蓮子的東西，供手拿的部分：帽～<瓜皮帽頂>丨茶壺～<茶壺蓋的頂子>丨錶～<手錶上弦用的> ‖ 集韵錫韵丁歷切：“芙蕖中子”,527,,已校,
11300,菂式,,dik1 sik1,,①小巧，秀氣：啲菜整得咁～<言其少>丨呢件野好～<好小巧> ②放得不穩，位置有危險：隻碗放得好～嘅<這碗放不穩，易跌落>丨徛得咁～<站的地方有危險>,527,,已校,
11301,滴多,,dik1 doe1,,極少，一丁點兒：～都唔畀佢丨食～野喇 ‖ 多，本音 do1'，這裏變讀，義爲少。也説“滴咁多 dik1 gam3 doe1”,528,,已校,
11302,滴滴,,dik1 dik1,,一點點：落～糖落去<放一點兒糖進去>,528,,已校,
11303,剔,,tik1,,①挑選，揀：～佢出來丨將啲爛橙～出來 ②畫的鈎兒，表正確：打個～<打個鈎兒>,528,,已校,
11304,剔手邊,,tik1 sau2 bin1,,漢字偏旁，提手旁,528,,已校,
11305,惄,,nik1,,①想得入迷：個細路哥見到心愛嘅野，心都～晒 ②放心不下，緊記於心：惱到我心都～晒 ‖ 廣韵錫韵奴歷切：“心之飢也，憂也，思也”,528,,已校,
11306,搦,,nik1,,提，拿：佢～起皮箱就走咗丨～來丨～高啲丨～返畀我丨～住桶水 ‖ 也説“拎 ling1'”。廣韵覺韵女角切：“持也”,528,,已校,
11307,磿磿砳砳,,lik1 lik1 laak1 laak1,,由聲音來形容人地位顯赫，有權力：人地有權有勢，～ ‖ 磿，廣韵錫韵郎擊切：“石聲”。砳，集韵麥韵力摘切：“石聲”,528,,已校,
11308,即時,,zik1 si4,,馬上，立時：你～想做財主咩？丨叫佢～來呀 ‖ 也説“即刻 zik1 hak1”,528,,已校,
11309,即使間,,zik1 sai2 gaan1,,即使，即便 ‖ 也説“即使”,528,,已校,
11310,即係,,zik1 hai6,,就是：佢～噉樣講嘅丨呢張枱～嗰張咁大<這桌子就和那個一樣大>,528,,已校,
11311,即晚,,zik1 maan5,,當天晚上，加重語氣，肯定：我～就返去,528,,已校,
11312,即管,,zik1 gun2,,儘管：你～做落去喇丨你～試下喇，嗱<你敢試試嗎，啊>？,528,,已校,
11313,迹,,zik1,,①留下的痕迹，污痕：足～丨筆～丨汗～丨血～丨油～ ②前人遺留的事物：古～丨事～,528,,已校,
11314,積,,zik1,,①積纍：～埋<積起來>丨～少成多丨～德丨～福 ②堆積：啲塵～住晒<全堆積滿了塵土>丨～叠丨～木 ③中醫指小孩消化不良的病：食～丨生～ ④積垢：茶～丨尿～,528,,已校,
11315,積陰功,,zik1 jam1' gung1',,積德，積福：你好心積下陰功喇 ‖ 也説“積陰德 zik1 jam1' dak1”或“積陰隲 zik1 jam1' zat1”,528,,已校,
11316,積叠,,zik1 dip6,,擦：將啲書～埋<把書摞上去，摞起來>,528,,已校,
11317,積積埋埋,,zik1 zik1 maai4 maai4,,積攢，纍計起來。强調積纍有多時了：佢～有二百個 ‖ 也説“積埋積埋 zik1 maai4 zik1 maai4”,528,,已校,
11318,織卒,,zik1 zeot1,,蟋蟀：鬥～丨～盆,528,,已校,
11319,直頭,,zik6 tau4,,①直接：我～去你處，唔去第二處丨你～同佢講喇丨～搵佢 ②簡直，完全，確實：～係喇<根本就是>丨呢件事～係你唔對,528,,已校,
11320,直板,,zik6 baan2,,挺刮，不疲軟：新銀紙來㗎，～㗎<是新鈔票，挺刮哪>,528,,已校,
11321,直情,,zik6 cing4,,①根本，確實：唔使講嘞，～係你｜～係噉樣｜老實講，～唔得｜～唔理佢 ②直接：你～同佢講喇｜～搵佢｜～講畀你聽喇,528,,已校,
11322,直腸直肚,,zik6 coeng4 zik6 tou5,,性情爽直,529,,已校,
11323,直筆甩,,zik6 bat1 lat1,,①筆直：～去，唔使轉彎｜枝竹～嘅｜條褲綫燙到～ ②直接：我～去到你處 ③直爽：佢講野～嘅,529,,已校,
11324,直白,,zik6 baak6,,直截了當：有野就～講出來喇,529,,已校,
11325,斥白,,cik1 baak6,,看破人的心思，揭露，説破：你估我唔知，等我來～你至得｜～佢幾句,529,,已校,
11326,𱝑<⿺廴彳>,,cik1,,足有毛病行路貌：行路～～下｜行路～下～下<走路一瘸一瘸地> ‖ 集韵昔韵丑亦切：“跛也”,529,,已校,NA：按備註，《集韵》對應字頭爲“𨑠”。
11327,敕法,,cik1 faat3,,魔術的舊稱 ‖ 也叫“變戲法 bin3 hei3 faat3”或“耍把戲 saa2 baa2 hei3”,529,,已校,
11328,敕法佬,,cik1 faat3 lou2,,俗指會妖術者，可將物件攝去,529,,已校,
11329,𥄎,,cik1,,①猛一跳動，小範圍的跳動都可用：眼皮～一～ ②豎立：～起幢眼眉 ③撩：～起褲腳｜～開張被｜～起長衫尾 ④搊：～開個細路哥喇｜～佢出去｜～開張椅 ‖ 集韵昔韵七役切：“舉目使人，一曰小動也”,529,,已校,
11330,色仔,,sik1 zai2,,色子，賭博用具,529,,已校,
11331,色水,,sik1 seoi2,,①顔色：你件衫係乜野～㗎？｜呢隻布好～ ②泛指衣着打扮：唔通六七十歲老太婆，重整成咁好～咩！,529,,已校,
11332,息口,,sik1 hau2,,利率,529,,已校,
11333,息心,,sik1 sam1',,不要想，不再想：息下心｜息咗心<不想了>｜息晒心<完全不想了>,529,,已校,
11334,息香,,sik1 hoeng1,,細綫香，紅色，有香味，是拜神用的，也可做熏香,529,,已校,
11335,飾櫃,,sik1 gwai6*2,,①櫥窗 ②商店中陳列貨物的架子式櫃枱,529,,已校,
11336,適啱,,sik1 ngaam1,,①剛好，合適：呢對鞋～我着｜件衫～佢着 ②剛才：佢～走咗｜～來咗<剛來到>,529,,已校,
11337,識,,sik1,,①認識：唔～佢｜唔～字｜你～路唔呢？｜～得佢 ②會，能：你～去打電報唔呢？｜～得揸車<會開車>｜唔～做啊？｜～解 ③看透，識别：～穿｜～破 ④懂，明白：～規矩｜～野<懂事>｜～貨｜～大體｜～路數<懂門徑>｜～水性 ⑤見識，知識：學～｜常～ ⑥愛好，精於此道：～靚<愛打扮，愛漂亮>｜～飲～食｜～着<講究衣着>,529,,已校,
11338,識破字膽,,sik1 po3 zi6 daam2,,指讀錯字,529,,已校,
11339,識啲唔識啲,,sik1 di1 m4 sik1 di1,,一知半解，又會又不會,529,,已校,
11340,識書,,sik1 syu1',,（學生）會功課：唔～好丢架嘅啫,529,,已校,
11341,識做,,sik1 zou6,,①會做：呢件衫我～嘅嘞 ②懂得怎麼辦（處理）：你～㗎喇<你瞧着辦吧>｜我～㗎嘞<我知道該怎麼着的>,529,,已校,
11342,識飲識食,,sik1 jam2 sik1 sik6,,①會吃會喝，精於此道 ②駡人只會吃，好吃懶做,529,,已校,
11343,識碇,,sik1 deng6,,認識路綫及目的地：我都唔～，唔去得 ‖ 碇，俗借字，地方。也説“知碇 zi1' deng6”,529,,已校,
11344,識性,,sik6 sing3,,懂事，有出息。多用於小孩、年輕人,530,,已校,
11345,識得,,sik6 dak1,,①認識：我唔～佢丨佢～人多丨我～人少丨我～字好少 ②學得，懂得（事、學問）：你唔讀書，噉就點～野呢？,530,,已校,
11346,食,,sik6,,①吃：～飯丨～飽丨～厭丨～藥 ②專指吃飯：搵～丨煮～<做飯吃>丨搭～<入伙> ③用（碗吃飯）：你～呢隻碗喇 ④抽，吸：～煙仔丨～一口水煙 ⑤得到，受到：～孖圈<得到贊賞>丨～鷄蛋<得零分>,530,,已校,
11347,食霸王飯,,sik6 baa3 wong4 faan6,,在飯鋪吃飯不付錢,530,,已校,
11348,食孖圈,,sik6 maa1' hyun1,,喻受到贊賞。教師在字旁畫雙圈，表示字寫得好,530,,已校,
11349,食茶,,sik6 caa4,,婉辭。吃湯藥：某人病重未好，重食緊茶<某人的病還没好，還吃着藥哪>丨我煲啖茶你食,530,,已校,
11350,食家,,sik6 gaa1,,美食家，講究吃的人：正～來嘅丨呢件野又平又靚，益～<便宜了講吃的人>,530,,已校,
11351,食阿爺飯,,sik6 aa3 je4 faan6,,吃飯不要錢，白吃公家飯：五八年就係～嘞,530,,已校,
11352,食野打背脊落,,sik6 je5 daa2 bui3 zek3 lok6,,熟語。形容吃得很不舒服，處境很難堪。北方説“吃飯從脊梁骨下去”,530,,已校,
11353,食拖鞋飯,,sik6 to1' haai4*2 faan6,,指男人不做事，在家靠老婆養活,530,,已校,
11354,食咗草龍,,sik6 zo2 cou2 lung4*2,,比喻人高興起來不停嘴地説。草龍是飼鳥的蟲，鳥吃了唱得歡：你今日～啊？,530,,已校,
11355,食咗人茶禮,,sik6 zo2 jan4 caa4 lai5,,①俗指女子定婚，接受了婚聘 ②喻受過别人的恩惠 ‖ 義項①也説“受茶禮 sau6 caa4 lai5”,530,,已校,
11356,食過夜粥,,sik6 gwo3 je6 zuk1,,指學過武術，有兩下子。因從前練武術在夜間練，要吃消夜：佢～㗎，唔好睇小佢,530,,已校,
11357,食過返尋味,,sik6 gwo3 faan1' cam4 mei6,,吃過還想吃，吃過還回味,530,,已校,
11358,食屎屙飯,,sik6 si2 o1' faan6,,駡人話。畜類，不近人情，没良心,530,,已校,
11359,食胡,,sik6 wu4*2,,麻將術語。和牌了，即手中的牌達到要求，可以贏錢,530,,已校,
11360,食唔化,,sik6 m4 faa3,,①指人不近情理，頑固不化 ②食古不化,530,,已校,
11361,食齋,,sik6 zaai1',,①吃素（與“食雜”相對）：今日我～ ②指信佛修行：佢係～嘅噃,530,,已校,
11362,食滯,,sik6 zai6,,①吃多了，消化不良：食多就會～噃丨睇～你噃<小心撑着你呀> ②吃膩了,530,,已校,
11363,食貴米,,sik6 gwai3 mai5,,駡人無用，光吃不幹活兒，把米都吃貴了,530,,已校,
11364,食味,,sik6 mei6,,味道：呢碟餸唔好～嘅丨啲炒粉好～噃,530,,已校,
11365,食死貓,,sik6 sei2 maau1,,比喻受冤枉、委屈，吃了啞巴虧，不敢聲張,530,,已校,
11366,食貓麵,,sik6 maau1 min6,,喻挨一頓大駡，丢臉，難堪：畀貓面你食<讓你下不來臺>,530,,已校,
11367,食頭,,sik6 tau4,,吃頭：啲豬骨冇乜～啊丨食響螺又係冇乜～嘅！,530,,已校,
11368,食無情鷄,,sik6 mou4 cing4 gai1,,被解僱,530,,已校,
11369,食土鯪魚,,sik6 tou2 leng4 jyu4*2,,舊時指主人收女用人爲妾,530,,已校,
11370,食水,,sik6 seoi2,,船身入水的深度：隻船～幾深？,530,,已校,
11371,食鹹水,,sik6 haam4 seoi2,,舊時指去香港謀生,531,,已校,
11372,食晏,,sik6 aan3,,吃午飯 ‖ 也説“食晏仔 sik6 aan3 zai2”,531,,已校,
11373,食粉,,sik6 fan2,,烹調用的蘇打粉,531,,已校,
11374,食人唔𦧲骨,,sik6 jan4 m4 loe1' gwat1,,吃人不吐骨頭，形容人兇惡，剝削人很利害 ‖ 𦧲，俗字，吐,531,,已校,
11375,食人口水蚊,,sik6 jan4 hau2 seoi2 man1,,①拾人牙慧，拾人餘唾 ②吃人家剩飯菜 ‖ 蚊，同音字,531,,已校,
11376,食蓮子羹,,sik6 lin4 zi2 gang1,,指被槍斃：阿乜就要～咯,531,,已校,
11377,食軟飯,,sik6 jyun5 faan6,,指男人不會幹活兒，靠婦人過活,531,,已校,
11378,食生菜,,sik6 saang1' coi3,,比喻容易：重易過～｜～咁食<輕而易舉，像吃生菜似的>,531,,已校,
11379,食井水,,sik6 zeng2 seoi2,,舊時指艇上妓女嫁到岸上：佢而家～嘞 ‖ 也説“埋街 maai4 gaai1'”,531,,已校,
11380,食長糧,,sik6 coeng4 loeng4,,有退休金養老的舊稱：你家下～嘅喇,531,,已校,
11381,食皇家飯,,sik6 wong4 gaa1' faan6,,指坐牢,531,,已校,
11382,食黄泥,,sik6 wong4 nai4,,喻死亡,531,,已校,
11383,食枉米,,sik6 wong2 mai5,,駡人白吃飯，不做事，浪費米,531,,已校,
11384,食風,,sik6 fung1',,受風力而前進：使起𢃇就～喇｜個紙鷂好～㗎，唔好鬆手啊,531,,已校,
11385,食風栗,,sik6 fung1' leot6*2,,用一個手指節敲腦袋：畀個風栗你食,531,,已校,
11386,食雜,,sik6 zaap6,,吃葷（與“食齋”相對）：今日唔係齋期，我～,531,,已校,
11387,食佮搦,,sik6 gaap3 nik1,,形容人貪心太過，連吃帶拿,531,,已校,
11388,食物館,,sik6 mat6 gun2,,小飯鋪的舊稱，包括現在的小吃店，賣粥、粉、麵等的小店,531,,已校,
11389,食格籃,,sik6 gaak1 laam4*2,,木製長方形多層的食盒，盛食物，送飯用,531,,已校,
11390,食北風,,sik6 bak1 fung1',,指全無收入，生活没着落 ‖ 也説“食西北風 sik6 sai1' bak1 fung1'”,531,,已校,
11391,食塞米,,sik6 sak1 mai5,,白吃飯，駡人懵懂，無理智，愚鈍。也指人矮小，長不大 ‖ 也説“食塞心肝 sik6 sak1 sam1' gon1'”,531,,已校,
11392,食穀種,,sik6 guk1 zung2,,吃老本兒，到了絶路，生計全無：佢而家～咯,531,,已校,
11393,激,,gik1,,使人生氣：～到跳起｜～氣｜畀佢～奀<被他氣得瘦了>｜～死｜～到眼火爆,531,,已校,
11394,激頸,,gik1 geng2,,使人生氣：佢個仔好～嘅 ‖ 也説“激氣 gik1 hei3”,531,,已校,
11395,激㷫,,gik1 hing3,,激怒，使怒甚：你唔好～我,531,,已校,
11396,極之,,gik6 zi1',,副詞。非常，極爲：呢單野～論盡<這事兒非常麻煩>,531,,已校,
11397,撠,,kik1,,卡，揢：櫃桶～住,531,,已校,
11398,撠腳,,kik1 goek3,,繞腳，交通不便，路不順,531,,已校,
11399,抑或,,jik1 waak6,,連詞。或是，或者：你想食，～唔想食呢？｜你坐車去，～行路去？ ‖ 也説“定係 ding6 hai6”,532,,已校,
11400,益,,jik1,,①便宜，給好處：～人｜～己唔～人<自私自利>｜～咗你｜～人唔～自己｜～晒你嘞<太便宜你了>｜～下街坊<給街坊點兒好處> ②利益，好處：食噉嘅野冇～㗎｜有～嘅至好買<有益的才買>,532,,已校,
11401,憶奶,,jik1 naai5,,小兒因斷奶而啼哭,532,,已校,
11402,亦,,jik6,,副詞。也：～係｜～得｜～啱<也對>｜～好｜我～都唔肯,532,,已校,
11403,掝,,wik6,,揮動：～下枝旗仔丨～下手巾仔丨～下手丨你攞條竹～乜野呀？ ‖ 集韵職韵忽域切：“裂聲”,533,,已校,
11404,掝火,,wik6 fo2,,揮動燃着的竹枝或木條：細路哥～玩,533,,已校,
11405,剁,,doek3,,用刀向下砍：～肉｜～爛｜～開兩邊｜～碎 ‖ 訓讀字,534,,已校,
11406,略略,,loek6 loek6*2,,略微：我～知道｜～畀啲胡椒粉<放一點點胡椒末>｜今日～凍過昨日,534,,已校,
11407,雀,,zoek3,,鳥的總稱：～仔｜～乸｜～竇<鳥窩>｜～蛋,534,,已校,
11408,雀𪃏,,zoek3 mui4*2,,人工馴養的鳥，用以誘捕其同類 ‖ 𪃏，集韵灰韵謨杯切：“誘取禽者”,534,,已校,
11409,雀食,,zoek3 sik6*2,,鳥籠中盛飼料及水的瓷質小罐,534,,已校,
11410,着,,zoek3,,穿（衣服、鞋等）：～衫｜～褲｜～鞋,534,,已校,
11411,着瓦靴,,zoek3 ngaa5 hoe1,,被人弄得失了面子，難堪：佢着咗瓦靴返來｜今日我都～咯,534,,已校,
11412,着孝,,zoek3 haau3,,穿孝 ‖ 也叫“着服 zoek3 fuk6”,534,,已校,
11413,着人舊鞋,,zoek3 jan4 gau6 haai4,,舊時指娶再婚女人,534,,已校,
11414,着趿踭鞋,,zoek3 taat3 zaang1 haai4,,指閑居在家，無所事事：二世祖就～，坐住來食 ‖ 也説“拉趿踭鞋 laai1' taat3 zaang1 haai4”,534,,已校,
11415,着,,zoek6,,①正確，對：你講得好～｜～過頭<太對了>｜你講呢啲説話～唔～呢？ ②點燃，開（電燈）：點～燈｜透～火<生火>｜快啲～燈 ③用在動詞後，表示已經達到目的或有了結果：瞓～覺｜瞓唔～｜你好彩遇～我 ④下棋時走一步叫一着：走一～棋｜錯咗一～｜◇三十六～，走爲上～ ⑤感受，受到：～鬼迷｜～雷劈｜～迷｜～驚 ⑥使接觸别的事物：～手｜～眼｜～色 ⑦逐一，一個一個地：將啲生果～個洗乾凈｜將啲銀紙～張～張數過｜食飯～粒數<形容吃飯慢> ⑧合算，值得：呢啲菜好～食噃｜呢件衫好～着[tsœk˧]嘅，又平又靚 ⑨占：一人～五成<每人占五成>,534,,已校,
11416,着意,,zoek6 ji3,,上心，留意：喂，～下喇｜佢有冇來過我都唔～嘅啫,534,,已校,
11417,着數,,zoek6 sou3,,占便宜，上算：搵～<找人便宜>｜唔～｜有～<有便宜可占>｜你真係～<你真賺了>,534,,已校,
11418,着緊,,zoek6 gan2,,①副詞。加緊：夠鐘咯，～啲行｜～啲食喇，唔係就遲到嘞 ②在乎，看得重：錢上～ ③着急：我攞咗佢封信，等佢～下,534,,已校,
11419,着升唔着斗,,zoek6 sing1' m4 zoek6 dau2,,熟語。總是不合適，一頭合適，另一頭不合適：佢咁耐都搵唔到老婆，總係～呀,534,,已校,
11420,着用,,zoek6 joeng6,,①適宜用：今日嘅天氣，呢件衫～唔～呢？｜今日買嘅呢件衫都幾～噃 ②應該：你發噉嘅脾氣，唔～嘞！,534,,已校,NA：原書“用”注音疑似應爲jung6。
11421,着實,,zoek6 sat6,,人實在，老實，不浮誇：佢做事好～丨講野好～,535,,已校,
11422,着力,,zoek6 lik6,,副詞。下力，加一把力：～去做丨你～啲幫下佢 ‖ 也説“落力 lok6 lik6”,535,,已校,
11423,着落,,zoek6 lok6,,①可依靠或指望的來源：生活冇～ ②停留的地方：個人冇～ ‖ 也説“落着”,535,,已校,
11424,㪕,,coek3,,①提一句書，叫人往下背：～書丨～一～佢 ②探問，追問：佢唔講就～下佢喇丨～佢講 ③猛然用力拉：～下條牛繩丨牛～甩條繩丨～佢過來丨～下～下個紙鷂 ‖ 集韵藥韵尺約切：“奪取物也”,535,,已校,
11425,焯,,coek3,,用開水略燙片刻，多用於菜類：將啲菜心～一～佢丨～沙河粉,535,,已校,
11426,綽莫,,coek3 mok6*2,,做事粗心、魯莽（與“知慎”相對）：佢做事好～,535,,已校,
11427,戳,,coek3,,①刺：～穿佢<揭發他> ②刺激，嗆：～喉,535,,已校,
11428,戳喉,,coek3 hau4,,嗆嗓子：啲煙好～嘅,535,,已校,
11429,𣸛,,soek3,,①（布類）疏鬆，稀薄；（半固體物）太軟，水分多：呢隻布好薄～丨啲飯好～丨～屎丨啲麵搋得～，要加啲粉落去丨～糕 ②（肌肉）鬆弛，不結實；體虛：佢唔歡喜運動，手臂嘅肉好～丨身體～弱 ③（食物）性寒涼：食多龍牙蕉好寒～㗎 ④缺乏油水：肚裏便好～ ‖ 集韵覺韵色角切：“𣸛濯，潘也”,535,,已校,
11430,𣸛野,,soek3 je5,,①身體虛弱 ②不懂裝懂，無本事，無學問 ③無錢但充闊佬,535,,已校,
11431,𣸛屎官,,soek3 si2 gun1,,舊時駡無用、無本事的有錢子弟,535,,已校,
11432,𣸛仔,,soek3 zai2,,舊時稱身材清瘦，油頭粉面而舉止輕浮的紈袴子弟 ‖ 也叫“𣸛瓜 soek3 gwaa1”,535,,已校,
11433,腳,,goek3,,①人足：手～丨～趾 ②人和動物的腿：長～蜢丨佢～好長 ③器物的腿：枱～丨椅～丨牀～丨高～酒杯 ④物體最靠下相當於足的部分：碗～丨碟～丨冬菇～ ⑤容器中剩下的（吃剩或用剩）東西：飯～丨菜～丨湯～丨茶～丨酒～丨油～丨花生～<乾癟的花生> ⑥乘坐車船等的費用，運費：車～丨船～丨艇～丨水～丨貨～ ⑦人手（打牌時）：夠～丨爭隻～唔打得成丨唔夠～丨掹我去湊～<拉我去湊一把手> ⑧粵劇中的角色：丑～丨雜～ ⑨衣服的末端：衫～<下襬>丨褲～ ⑩某些物體的靠下部分：牆～丨塔～丨橋～丨山～丨雲～丨頭髮～<脖子上的頭髮> ⑪走路時腳步的姿勢：八字～丨内八字～,535,,已校,
11434,腳瓜,,goek3 gwaa1,,小腿,535,,已校,
11435,腳瓜囊,,goek3 gwaa1 nong4*1,,小腿肚子 ‖ 也叫“腳囊”,535,,已校,
11436,腳瘸,,goek3 koe4,,腿腳不能動，（暫時的）僵硬：冷到～丨抽筋抽到腳都瘸晒<抽筋抽得腿腳都硬了>,535,,已校,
11437,腳趾,,goek3 zi2,,腳趾頭：～公<大腳趾頭>丨～尾[mei˥]<小腳趾頭>丨～甲,535,,已校,
11438,腳帶,,goek3 daai3*2,,裹腳布,535,,已校,
11439,腳骹,,goek3 gaau3,,①腿關節 ②腳腕子,535,,已校,
11440,腳靿,,goek3 aau3,,腳腕子,535,,已校,
11441,腳爐,,goek3 lou4*2,,燒炭取暖用的矮爐子 ‖ 也叫“腳熏 goek3 san1”,535,,已校,
11442,腳橋,,goek3 kiu4,,腳底的拱形處：鴨乸蹄<扁平足>就有～嘅喇,536,,已校,
11443,腳板底,,goek3 baan2 dai2,,腳掌,536,,已校,
11444,腳板堂,,goek3 baan2 tong4,,腳心,536,,已校,
11445,腳眼,,goek3 ngaan5,,踝子骨,536,,已校,
11446,腳踭,,goek3 zaang1',,腳後跟,536,,已校,
11447,腳癭,,goek3 ang1,,大腳趾下方突出的骨頭，北京叫“腳孤拐”,536,,已校,
11448,腳香,,goek3 hoeng1,,敬神用的普通的粗製香（與“息香”相對）‖ 也叫“綫香 sin3 hoeng1”,536,,已校,
11449,腳綁,,goek3 bong2,,綁腿，纏腿用的布帶子，軍隊多用,536,,已校,
11450,腳甲,,goek3 gaap3,,腳趾甲 ‖ 也叫“腳趾甲 goek3 zi2 gaap3”,536,,已校,
11451,腳色,,goek3 sik3,,①舊時指出身、履歷：佢係秀才～｜大～ <有地位的人> ②東西，家伙：佢係壞～｜戲班凈請啲二打六～，冇睇頭 <戲班子全是些次家伙，没有看頭>,536,,已校,
11452,約,,joek3,,①提出，商量（共同遵守的事）：預～｜～定 ②邀請：佢～我去旅行 ③大概：大～｜～數,537,,已校,
11453,約莫,,joek3 mok6*2,,副詞。大約，大概 ‖ 也説“約略 joek3 loek6*2”,537,,已校,
11454,若果,,joek6 gwo2,,連詞。如果 ‖ 也説“如果 jyu4 gwo2”或“若然 joek6 jin4”,537,,已校,
11455,藥,,joek6,,①藥物：～材｜湯～｜生草～｜西～｜～粉｜～散｜～丸｜～餅<藥片>｜煲～<煎中藥> ②某些有化學作用的物質：火～｜炸～,537,,已校,
11456,藥煲,,joek6 bou1,,①煎中藥用的沙鍋 ②喻久病之人 ‖ ①也叫“茶煲 caa4 bou1”,537,,已校,
11457,藥水梘,,joek6 seoi2 gaan2,,藥皂,537,,已校,
11458,㩧,,bok1,,①用棍敲打：～佢一下｜～頭殼 ②形容聲音：～～聲｜～魚<木魚>｜～～齋<私塾> ‖ 集韵覺韵北角切：“擊也”,538,,已校,
11459,㩧帽,,bok1 mou6*2,,瓜皮帽，清代男人的便帽，瓜皮形。分兩種，一種能摺，一種不能摺 ‖ 㩧，同音字,538,,已校,
11460,㩧㩧齋,,bok1 bok1 zaai1,,私塾的俗稱。因私塾先生常用戒尺敲打，故名 ‖ 也叫“㩧齋”,538,,已校,
11461,嚗,,bok1,,土氣：～野<土玩藝兒>｜～佬<鄉巴佬，村夫> ‖ 同音字,538,,已校,
11462,嚗佬,,bok1 lou2,,鄉下人，鄉巴佬（男性）,538,,已校,
11463,嚗嚗脆,,bok1 bok1 ceoi3,,形容很脆：啲薄脆炸到～ ‖ 嚗，廣韵覺韵北角切：“李頤注：莊子云嚗放杖聲。”也説“岳岳脆 ngok1 ngok1 ceoi3”,538,,已校,
11464,䙏,,bok3 lau1,,小兒無袖之衣 ‖ 䙏，廣韵鐸韵補各切：“短袂衫”,538,,已校,
11465,博,,bok3,,碰（運氣）：～一下<試一試>｜～下運氣｜～彩<賭運氣>,538,,已校,
11466,博手,,bok3 sau2,,交手打架,538,,已校,
11467,博亂,,bok3 lyun6,,乘機撈一把，鑽空子：你想～嗱？,538,,已校,
11468,博懵,,bok3 mung2,,鑽空子，矇騙人,538,,已校,
11469,搏,,bok3,,拼搏：～過<較量>｜～門｜～命｜～到盡<玩兒命了>｜～殺<奔命>,538,,已校,
11470,搏命,,bok3 meng6,,拼命：搏埋老命都唔掂<㗎拼上老命也不成的呀>,538,,已校,
11471,膊,,bok3,,肩：起～上肩｜～頭｜換～｜托腫～<把肩扛腫了>,538,,已校,
11472,膊頭,,bok3 tau4,,肩膀：～生意｜～擔擔<小販>｜～搵食<挑擔爲生>,538,,已校,
11473,膊頭高過耳,,bok3 tau4 gou1' gwo3 ji5,,熟語。形容人瘦，鴉片煙鬼貌,538,,已校,
11474,膊巾,,bok3 gan1',,背物時墊在背上的布巾 ‖ 也叫“搭膊巾 daap3 bok3 gan1'”,538,,已校,
11475,駁,,bok3,,①辯駁：～道理｜～回｜頂～｜～到佢服｜～到佢冇聲｜～嘴｜～價｜佢嘅説話唔值得一～ ②連接，接駁：～枝｜～通句話｜～貨｜～火<交火，接火>｜～運<接運，轉運>｜～綫｜～骨<接骨>,538,,已校,
11476,駁手,,bok3 sau2,,①還手：我打佢，佢重～添 ②交手 ③搭把手：你駁下手喇，將個皮包躋[tsɐi˥˧]上枱面,538,,已校,
11477,駁口,,bok3 hau2,,①兩樣東西接頭之處 ②接口，接住話頭説：佢又～埋來講｜你都～講下,538,,已校,
11478,駁嘴,,bok3 zeoi2,,回嘴，犟嘴：人地講一句，佢都～ 駁舌 ‖ 也説“應嘴 jing3 zeoi2”,538,,已校,
11479,駁船,,bok3 syun4,,①當貨倉用的大船，長期停泊的 ②由碼頭運貨到大輪船上的船,538,,已校,
11480,駁艇,,bok3 teng5,,用做跳板的艇，乘客由大船上岸時乘坐,538,,已校,
11481,駁秤,,bok3 cing3,,顧客發現商品不足秤時，回來找售貨員復秤,538,,已校,
11482,駁長,,bok3 coeng4,,接續使長些：～條褲｜我～條命睇住佢,538,,已校,
11483,駁腳偵緝,,bok3 goek3 zing1' cap1,,舊時幫助偵探跑腿者，幫助釘梢的人 ‖ 也説“駁腳偵探 bok3 goek3 zing1' taam3”,538,,已校,
11484,㬍,,bok3,,一段時間，一段日子：呢一～我都冇去過 ‖ 集韵鐸韵伯各切：“暴也。”《康熙字典》引博雅：“曝也”,539,,已校,
11485,薄皮,,bok6 pei4*2,,臉皮薄，嬌氣，容易激動：個女好～㗎，唔好講佢啊,539,,已校,
11486,薄面,,bok6 min6*2,,謙辭。面子，情面：留返啲～都好啩丨畀啲～我喇,539,,已校,
11487,薄鐺,,bok6 caang1,,一種薄餅，用糯米粉漿攤成薄片，上面灑上白糖、花生、脂麻，捲而食之,539,,已校,
11488,薄英英,,bok6 jing1' jing1',,薄薄的 ‖ 也説“薄益益 bok6 jik1 jik1”,539,,已校,
11489,薄切切,,bok6 cit3*1 cit3*1,,形容物很薄,539,,已校,
11490,薄𣸛,,bok6 soek3,,（布類）稀鬆，不緻密結實（與“厚浪”相對）：呢隻布好～，唔做得衫嘅,539,,已校,
11491,𦢊,,pok1,,小包兒，泡：手指起咗個～丨撞親起咗個～丨㶧親起咗個～ <燙了一個泡>丨豆腐～ ‖ 集韵覺韵匹角切：“皮破起”,539,,已校,
11492,撲,,pok3,,①拍打，拍：搵啲爽身粉～下佢丨～熄個火爐 ②用力向前衝，伏在别的東西上：飛蛾～火丨～埋去 ③奔走並尋找：～飛<找票>丨～位<找座位>丨～料丨～水<張羅錢>丨～空 ④亂跑，瞎逛：～來～去丨四圍咁～丨兩頭～丨隨街～ ‖ 集韵覺韵匹角切：“博雅擊也”,539,,已校,
11493,撲水,,pok3 seoi2,,①跳水：追到佢～丨我都要去～<投水>喇 ②借錢，想辦法張羅錢,539,,已校,
11494,朴,,pok3,,①紙、布數層粘成的硬片：紙～丨布～ <做鞋用的>丨馬尾～ <最好的麻襯>丨麻～<衣領墊的麻襯> ②加襯，使硬挺：～硬佢丨～硬條領 ③禽類宰好開膛，去掉肉、翼、腳剩下的部分：鷄～丨鴨～ ‖ 集韵覺韵匹角切：“説文木皮也”,539,,已校,
11495,剝花生,,mok1 faa1' sang1,,介紹人夾在一對情侶之中，藉剝花生回避，你談你的，我剝我的,539,,已校,
11496,剝皮牛,,mok1 pei4 ngau4,,橡皮魚，學名“馬面魨”，又名“孜孜魚”，要剝去厚皮才可以吃,539,,已校,
11497,剝光豬,,mok1 gwong1' zyu1,,①搶得一乾二凈：畀土匪～ ②輸得精光：佢賭番攤畀人～丨捉棋下棋畀人～ <棋子被吃光>,539,,已校,
11498,度,,dok6（或 dou6）,,①量（長短）：～下塊布有幾長丨～高丨你嘅衫度畀過我喇丨～住屎胐<屁股>裁褲 <熟語。喻日子過得緊> ②琢磨，揣度：～下呢句話乜野意思丨我～佢今日會來噃丨忖～丨猜～丨你噉樣～人，人就噉樣～你,539,,已校,
11499,度度,,dok6 dou6*2,,量尺寸：度鞋度丨你度個衫度 <衣服的尺寸> 畀過我喇,539,,已校,
11500,度橋,,dok6 kiu4*2,,找竅門兒，思索妙計：度返條好橋 <琢磨出一個高招兒>,539,,已校,
11501,度身,,dok6 san1,,量身，量尺寸，做衣服：同我～做件面衫喇,539,,已校,
11502,鐸叔,,dok6 suk1,,指吝嗇的人 ‖ 也説“孤寒鐸 gu1' hon4 dok6”,539,,已校,
11503,托,,tok3,,①用手掌承物：～腮 ②用肩頭承物，扛：～起個箱丨唔～得起丨～上膊頭,539,,已校,
11504,托大杉,,tok3 daai6 caam3,,吃杠子，舊時指被老師用紅筆在作業本上打一竪杠，表示不好或有問題,540,,已校,
11505,托大腳,,tok3 daai6 goek3,,拍馬屁,540,,已校,
11506,托手踭,,tok3 sau2 zaang1,,①拒絶借錢、借物給别人：今日我畀佢托咗手踭丨我唔係故意托你手踭，真係冇錢嘅啫 ②拒絶或推搪别人的要求,540,,已校,
11507,犖,,lok1,,聰明，能幹（貶義）：乜你咁～㗎,540,,已校,
11508,𡁆𡁆聲,,lok1 lok1 seng1',,①有口才，能説會道：佢個野～㗎 ②插嘴：唔使你～ ‖ 𡁆，廣韵覺韵呂角切：“啅𡁆，有才辯”,540,,已校,
11509,絡,,lok3,,用網兜等兜起：用綫絡～好啲生果丨～住屎胐吊頸<歇後語>,540,,已校,
11510,絡,,lok3*2,,網兜及類似之物：綫～丨藤～<藤子編的兜，用來挑罎子>,540,,已校,
11511,落,,lok6,,①物件失去支持而下來，（雨、雪等）降下：樹葉～晒嘞丨～雨丨～雪丨～霧丨～雹 ②由高處到低處，下降：～樓丨～石級丨～臺丨～地行嘞丨～火車丨～飛機丨～轎丨熱頭<太陽>～山丨～價丨◇～葬 ③采摘（果子）：～荔枝丨～龍眼丨～橙 ④使脱落，使脱離：～牙丨～髮丨～仔<打胎> ⑤把捲着的東西放下：～蚊帳丨～幕丨～𢃇<降下船帆>丨～門簾 ⑥（做飯、菜時）放入：～幾多米煮飯呀？丨～油丨～糖丨～多啲鹽丨～少少醋丨～料 ⑦撒下，投下：～種丨～肥料丨～網捉魚丨～炸彈 ⑧投入，用：～力丨～本錢丨～注<下賭注>丨～心機丨～足嘴頭<費盡唇舌>丨～刑<用刑> ⑨去，到（處所）：～鄉丨～街丨～香港丨～南洋 ⑩陷入：～網丨～難丨～河 ⑪卸除，取下：戲子～裝<卸裝>丨新娘～妝丨～膊 ⑫裝入（箱、籠），吃下（肚）：～籠丨～肚丨～膈 ⑬上（船），登（艇）：～船丨～艇 ⑭到規定時間結束日常工作或學習：～班丨～堂<下課> ⑮付給，送交（錢、物）：～定<付定金>丨～帖丨～文定<男方送女方定婚禮物> ⑯開始使用：～筆丨～墨丨～刀丨～手丨～筷子 ⑰登記，寫上：～你個名丨～款丨～口供 ⑱縫在衣物上：～貼<加貼邊> ⑲停留，留下：～腳丨～户丨～身 ⑳停留的地方：下～丨着～ ㉑遺留在後面：～後丨～伍丨～選丨～榜 ㉒得到：～空 ㉓衰敗，飄零：衰～丨破～丨淪～ ㉔用在動詞後，表示由高處到低處：坐～來丨行～去丨瞓～牀丨一棍打～來丨跌～水丨吞～肚丨轆～地下 ㉕用在動詞後，表示脱落：大風吹～好多果丨掃～好多灰塵 ㉖用在動詞後，表示有空間，能容納：坐得～丨放得～丨唔夠地方，三個人瞓唔～ ㉗用在某些動詞後，表示略有持續：睇～都幾好吖<看起來都挺不錯的呀>丨睇～佢都唔算好矮啫<看上去他也不算很矮呀>丨恁[nɐm˧˥]～又係嘅<仔細想想也對> ㉘用在某些動詞後，表示結果，相當於“下”：領～啲禮物<收下這些禮物>丨剩～三文[mɐn˥]<剩下三元>,540,,已校,
11512,落牙骹,,lok6*1 ngaa4 gaau3,,喻使之無言回答，掃盡威風：佢咁牙擦<狂妄>，落佢牙骰至得 ‖ 也説“落朋牙 lok6*1 pang4 ngaa4”。骹，借用字,540,,已校,
11513,落貨,,lok6 fo3,,卸貨，把貨物由車或船上搬下來 ‖ 也説“卸貨 se3 fo3”,540,,已校,
11514,落河,,lok6 ho4,,舊時指女子爲娼，因過去妓女多在岸邊船上,540,,已校,
11515,落雨斯濕,,lok6 jyu5 si1 sap1,,下雨路滑：～唔好出街咯 ‖ 也説“落雨濕濕 lok6 jyu5 sap1 sap1”,540,,已校,
11516,落晒形,,lok6 saai3 jing4,,瘦得全變了樣：唔見咗佢十零日，就～，瘦到剩返一把骨丨日日捱夜，成個人～,541,,已校,
11517,落手打三更,,lok6 sau2 daa2 saam1' gaang1',,熟語。一下手就辦壞了（事情） ‖ 也説“落筆打三更 lok6 bat1 daa2 saam1' gaang1'”,541,,已校,
11518,落手落腳,,lok6 sau2 lok6 goek3,,①切實動手去做：佢肯～去做，唔係𢠹𢠹縮縮<退縮，膽小>嘅 ②動手動腳，不老實,541,,已校,
11519,落身,,lok6 san1,,插身（其中）：我落埋個身入去,541,,已校,
11520,落面,,lok6 min6*2,,使出醜，使丢臉：落我嘅面<丢我的臉>,541,,已校,
11521,落箱,,lok6 soeng1',,舊時指戲班在某處演出完畢，裝箱要離去 ‖ 也説“拉箱 laai1' soeng1'”,541,,已校,
11522,落降頭,,lok6 gong3 tau4,,舊時指下蠱毒 ‖ 也叫“落降 lok6 gong3”,541,,已校,
11523,落籠,,lok6 lung5,,①將嫁妝衣物裝箱 ②把燒給死者的紙衣雜物裝入紙箱中，然後燒掉,541,,已校,
11524,落帖,,lok6 tip3*2,,舊時男女雙方交換庚帖，表示定了婚,541,,已校,
11525,落筆之初,,lok6 bat1 zi1' co1',,副詞。起初，開頭：你～就應該去,541,,已校,
11526,落膈,,lok6 gaak3,,①吞入肚中：個細路食野未～就嘔返出來 ②侵吞財物：佢攞人啲野，以爲落咗膈嘅喇，誰不知又嘔返出來,541,,已校,
11527,落膊,,lok6 bok3,,把肩上的東西放下 ‖ 也説“卸膊 se3 bok3”,541,,已校,
11528,落力,,lok6 lik6,,賣力氣：做野好～丨好～做工夫丨～拍演<賣力合作> ‖ 也説“着力 zoek6 lik6”,541,,已校,
11529,作,,zok3,,①寫作：～文丨～詩丨著～丨～曲 ②作品：大～丨力～ ③假裝出（某種模樣）：～狀丨整古～怪丨做～丨～威～福丨裝模～樣 ④從事某種活動：～飲～食丨～反丨～弊丨自～自受丨～亂丨～對 ⑤當做，作爲：過期～廢丨～罷丨你講話～準<説話算話>唔～準啊？ ⑥發作：～嘔丨～悶<惡心> ⑦充當：請你～保丨～伴 ⑧敲竹杠：佢想～我嘅喇丨我本書畀佢～咗去丨～佢一筆<敲他一筆> ⑨用計謀，暗打主意,541,,已校,
11530,作罷,,zok3 baa6,,拉倒，算了：你唔應承就～,541,,已校,
11531,作家,,zok3 gaa1,,①有成就的文學創作者 ②愛好弄吃弄喝：佢好～嘅，成日都作飲作食 ③好收藏古董（字畫、古器皿等）者：佢係～來嘅，梗係多古董喇,541,,已校,
11532,作置,,zok3 zi3,,①下工夫精心製作：佢今日請客都好～㗎丨間屋嘅陳設好～ ②收拾，作弄，暗算：某某人今日領咗錢嘞，要～下佢，要佢請食野至得 ③好處：喂，有乜野～啊，帶挈<照顧>下喇,541,,已校,
11533,作雨,,zok3 jyu5,,天陰欲雨：個天～,541,,已校,
11534,作怪,,zok3 gwaai3,,①搗亂，搗鬼：整古～ ②説小孩肥胖好玩（取其反義）：呢個細路好～咯 ③婉辭。有些小病：呢個仔近幾日又～嘞 ‖ ①也説“做怪 zou3 gwaai3”,541,,已校,NA：備註“做”注音疑似有錯，應爲zou6。
11535,作死,,zok3 sei2,,找死，駡人惡作劇，搗蛋：～咩<找死呀>,541,,已校,
11536,作對,,zok3 deoi3,,對立，對着幹：佢唔聽老師嘅話，專同老師～,541,,已校,
11537,作反,,zok3 faan2,,造反：～咩<想造反哪>？ ‖ 也説“造反 zou6 faan2”,541,,已校,
11538,作飲作食,,zok3 jam2 zok3 sik6,,弄吃弄喝：佢成日咁得閑，喺屋企～丨你成日都～ <説小孩老是要東西吃>,542,,已校,
11539,作準,,zok3 zeon2,,準確，當真：你講話～唔～啊？  ‖ 也説“作數 zok3 sou3”,542,,已校,
11540,作賤,,zok3 zin6,,糟踐，虐待：～個妹仔<使女>丨唔好自～,542,,已校,
11541,作成,,zok3 sing4,,成全，玉成其事：你幫我～下喇,542,,已校,
11542,作狀,,zok3 zong6,,裝模作樣：影相就唔好～喇  ‖ 也説“整色水 zing2 sik1 seoi2”,542,,已校,
11543,作動,,zok3 dung6,,産婦開始陣痛,542,,已校,
11544,作福,,zok3 fuk1,,擺祭品來求神許願，正月十五前最多：年頭～，年底還神,542,,已校,
11545,戳,,cok3（或 coek3）,,①猛然用力擺動：洗菜時要～下佢丨洗衫時要～下件衫 ②用力搖動：～匀樽藥水至飲,542,,已校,
11546,箾,,sok1,,用一把（兩條以上）竹枝等打人：用筷子～佢丨用紙扇～佢  ‖ 廣韵覺韵所角切：“説文曰以竿擊人”,542,,已校,
11547,𦂗,,sok3,,用繩或帶子來勒緊，抽緊：～緊個袋口丨～住個衫袖丨～住褲腳丨個袋係～口<抽口>嘅  ‖ 廣韵覺韵所角切：“緘也”,542,,已校,
11548,𦂗帶,,sok3 daai3*2,,抽帶的（區别於鬆緊帶的）：～褲,542,,已校,
11549,𦂗緊荷包,,sok3 gan2 ho4 baau1,,喻吝嗇，不願出錢,542,,已校,
11550,欶,,sok3,,①吸，吮：～油丨～啖粥水丨～啖湯丨～骨髓丨～水丨呢件衫好～汗 ②嗅：咁香，你都～唔到丨用鼻～一～氣  ‖ 廣韵覺韵所角切：“中吸也”,542,,已校,
11551,欶氣,,sok3 hei3,,①氣喘，吃力：走到～<跑得氣喘>丨做到～ <幹得很累> ②哭泣之後急促呼吸,542,,已校,
11552,欶油,,sok3 jau4,,①吸油：炸煎𩛍好～㗎 ②揩油，占便宜  ‖ ②也説“軟野 sok3 je5”,542,,已校,
11553,宿,,sok3,,小睡：～覺丨～大覺丨等我～一陣先丨你睇佢～得幾大鼻鼾  ‖ 變讀音，本音 suk1,542,,已校,
11554,各適其適,,gok3 sik1 kei4 sik1,,愛做什麼就做什麼,542,,已校,
11555,各有各,,gok3 jau5 gok3,,副詞。各自：你地～去喇丨～食<分家各吃>丨～住<分開住>丨～路<各有門路>,542,,已校,
11556,各宅,,gok3 zaak6*2,,不同曾祖的，同族不同支的：我有個～嘅姑婆,542,,已校,
11557,角,,gok3,,①犄角：牛～丨羊～丨頭上出～丨犀～丨羚羊～ ②物體兩邊沿相接之處：牆～丨枱～丨箱～丨屋～ ③形狀像角的東西：菱～丨螺～丨眼～ ④幾何圖形的角：直～丨三～形,542,,已校,
11558,角,,gok3*2,,①帶尖角的食品：粉～丨酥～丨油～丨欖～丨鷄蛋～ ②有尖角之物：紙～ <三角形紙袋>,542,,已校,
11559,角仔,,gok3 zai2,,一種小餃子，麵粉或米粉做皮，白糖、脂麻做餡，用油炸熟  ‖ 也叫“油角 jau4 gok3*2”,542,,已校,
11560,角落頭,,gok3 lok1 tau4*2,,角落,542,,已校,
11561,閣仔,,gok3 zai2,,一樓和二樓之間的一層小房間，四周是走馬樓形式，即四周有房間，中間空：搭一個～,542,,已校,
11562,覺意,,gok3 ji3,,留意，留心：我唔～踩到佢丨你有冇見到佢呀？——我唔多～噃,543,,已校,
11563,覺眼,,gok3 ngaan5,,①理會，注意：你有冇見到我本書呀？——唔多～ ②起眼，顯眼：呢件野擺出來都唔～嘅,543,,已校,
11564,覺醒,,gok3 sing2,,自覺，明白：佢都唔～嘅，我講咗咁多都唔明白,543,,已校,
11565,搉,,kok1,,①敲擊，磕碰：～爛隻蛋丨～破隻碗 ②象聲詞：～～聲 ‖ 廣韵覺韵苦角切：“擊也”,543,,已校,
11566,毃,,kok1,,用手指節打頭：～頭殼丨～你兩下 ‖ 廣韵覺韵苦角切：“毃，打頭”,543,,已校,
11567,涸,,kok3,,①乾渴：我好～丨口好～丨喉～ ②乾燥：天氣好～丨魚塘乾～咗丨鼻好～,543,,已校,
11568,岳父,,ngok6 fu6*2,,妻之父（背稱） ‖ 舊式家庭面稱“岳丈 ngok6 zoeng6*2”，也稱“外父 ngoi6 fu6*2”,543,,已校,
11569,岳母,,ngok6 mou5*2,,妻之母（背稱）。舊式家庭當面也叫 ‖ 也稱“外母 ngoi6 mou5*2”,543,,已校,
11570,愕頭愕腦,,ngok6 tau4 ngok6 nou5,,傻頭傻腦,543,,已校,
11571,愕愕𢖲𢖲,,ngok6 ngok6 dok6 dok6,,呆立、呆想貌 ‖ 𢖲，集韵鐸韵達各切：“忖也，一曰企也”,543,,已校,
11572,𩓥,,ngok6,,仰頭，抬頭：～高頭丨頭～～<仰面> ‖ 廣韵覺韵五角切：“説文云面前岳岳也”,543,,已校,
11573,鰐魚頭,,ngok6 jyu4 tau4,,俗指最兇狠的惡霸,543,,已校,
11574,殼,,hok3,,①硬的外皮：鷄蛋～丨蝦～丨螺～丨蚌～丨蜆～丨龜～丨花生～丨瓜子～丨椰～丨綠豆～丨子彈～ ②舀子，勺子：飯～丨粥～丨水～丨銅～丨鐵～丨油～ ③某些動物的軀殼，指宰殺後去掉内臟、頭、翼、腳等的：鷄～丨鴨～丨蛇～,543,,已校,
11575,熇,,hok3,,乾炒、不放油，爲的是去掉水分：～花生丨～豆丨將羊肉～乾佢，再炒再煲丨～貓魚 ‖ 廣韵鐸韵呵各切：“熱貌。”集韵：“熾也”,543,,已校,
11576,學,,hok6,,①學校：返～丨放～丨辦～丨小～ ②學，學習：～野丨～裁縫丨～師丨～行<小孩學步>丨～壞咗丨～好 ③像，似：練到～人地咁靈擎<得心應手>丨～你話齊<像你説的> ④摹仿：～人打扮丨～人食野丨～口～舌丨有樣～樣,543,,已校,
11577,學師仔,,hok6 si1' zai2,,舊時指商店或作坊中的小徒弟,543,,已校,
11578,學是非,,hok6 si6 fei1',,①小兒學舌（將聽來的話轉告别人）：咁細隻野就會～㗎！ ②講閑話，挑撥是非 ‖ 也説“造是非 zou6 si6 fei1'”,543,,已校,
11579,學行車,,hok6 haang4 ce1,,小兒的學步車，下有輪子，支架上面有兩個圈，吊住一個座兒,543,,已校,
11580,學樣,,hok6 joeng6*2,,仿照着别人做：有樣～丨大牛過河，小牛～<熟語>,543,,已校,
11581,學堂,,hok6 tong4*2,,學校的舊稱：～仔<學生>,543,,已校,
11582,鶴嘴鋤,,hok6 zeoi2 co4,,尖頭鋤 ‖ 也叫“鷄嘴鋤 gai1 zeoi2 co4”,543,,已校,
11583,鶴絨,,hok6 jung4,,鴨絨的舊稱：～被丨～枕頭,543,,已校,
11584,惡,,ok3,,①兇狠：佢好～丨發～丨～婆丨～模丨～聲～氣丨～到貼地丨～到出骨丨～死<很兇>丨～到死 ②副詞。難，不易：呢件事真～做丨～開口丨～抵<難以忍受>丨～捱<難熬>丨～估丨～食<難吃>丨～瞓<難以入睡>丨～飯丨～行丨～相處丨～相與<難交往>丨～講<難説>,544,,已校,
11585,惡爺,,ok3 je4*1,,①利害，兇：佢好～㗎 ②活閻王：佢正～呀,544,,已校,
11586,惡婆啄,,ok3 po4*2 doeng1,,擅長駡人的女人 ‖ 啄，訓讀字,544,,已校,
11587,惡死睖覴,,ok3 sei2 lang4 dang1',,十分兇狠 ‖ 睖，集韵蒸韵閭承切：“睖瞪，直視。” 覴，集韵登韵都騰切：“久視也”,544,,已校,
11588,惡到突,,ok3 dou3 dat6,,兇得很：佢個老婆～,544,,已校,
11589,惡淋惡瀨,,ok3 lam4 ok3 laai6,,兇狠貌,544,,已校,
11590,惡心,,ok3 sam1',,反胃，想吐：佢一食肉就～,544,,已校,
11591,惡聞臭氣,,ok3 man4 cau3 hei3,,語重聲高，頂撞人：做乜咁～呀，你！,544,,已校,
11592,國字口面,,gwok3 zi6 hau2 min6,,四方臉，相貌端正,545,,已校,
11593,鑊,,wok6,,鍋：鐵～丨炒～丨飯～丨一～粥<一塌糊塗>丨一～熟<全死光>丨開大～<做大鍋飯，表示人多>丨～耳,545,,已校,
11594,鑊底噉面,,wok6 dai2 gam2 min6,,難看的臉色，滿臉怒色 ‖ 也説“黑口黑面 hak1 hau2 hak1 min6”,545,,已校,
11595,鑊氣,,wok6 hei3,,火候，火候恰當：啲菜炒得夠～丨～小炒丨～炒賣,545,,已校,
11596,鑊頭,,wok6 tau4,,大鐵鍋,545,,已校,
11597,鑊黸,,wok6 lou1',,鍋底上的黑灰，鍋煙子,545,,已校,
11598,鑊鏟,,wok6 caan2,,炒菜用的鏟子,545,,已校,
11599,卜綢,,buk1 cau4*2,,做衣服裏子用的薄綢子，顔色多爲白、深灰、淺灰 ‖ 舊時也叫“卜魚綢 buk1 jyu4 cau4*2”,546,,已校,
11600,伏,,buk6,,①藏：～匿匿 ②打埋伏：有人～我<有人打我埋伏> ‖ 廣韵屋韵房六切：“匿藏也，伺也。”古奉母字，今口語讀如並母，保留重唇音。讀書音 fuk6,546,,已校,
11601,伏匿匿,,buk6 nei1 nei1,,小兒遊戲，一人伏着，别人藏起來，然後伏者去尋 ‖ 匿，訓讀字，讀書音 nik1。也叫“捉匿匿 zuk1 nei1 nei1”,546,,已校,
11602,匐,,buk6,,趴下：～喺枱面丨～低丨～喺地下 ‖ 集韵屋韵步木切：“匍匐也”,546,,已校,
11603,仆,,puk1,,摔倒，向前倒：踢着腳就～倒丨～喺度<倒在這裏>丨一～一轆<連滾帶爬>,546,,已校,
11604,仆街,,puk1 gaai1,,駡人話。倒在街上：你～死呀,546,,已校,
11605,覆,,puk1,,①翻個兒：～轉隻碗丨將茶杯～轉便 ②（用器皿）蓋住：搵個盆～住佢 ‖ 廣韵屋韵芳福切：“反覆…倒也。”古敷母字，今口語讀如滂母，保留古重唇音。讀書音 fuk1,546,,已校,
11606,覆轉便,,puk1 zyun3 bin6,,①翻過來，底朝上：將個水缸～ ②戲言死：阿陳～咯,546,,已校,
11607,覆轉香爐,,puk1 zyun3 hoeng1' lou4,,駡人話。斷子絶孫,546,,已校,
11608,毣,,muk1,,猜測：我～佢都會來嘅丨～唔中<没猜中> ‖ 廣韵屋韵莫卜切：“思貌”,546,,已校,
11609,毣數,,muk1 sou3,,猜，估（事情）：我畀條數你毣下丨等我毣下數<估計一下>,546,,已校,
11610,木瓜,,muk6 gwaa1,,番木瓜，一種水果：酸～丨糖～丨～公<不結果的木瓜樹>,546,,已校,
11611,木菠蘿,,muk6 bo1' lo4,,一種果子，生長在大樹上，果實大如西瓜，味甜 ‖ 口語多叫“菠蘿蜜 bo1' lo4 mat6”，又名“大樹菠蘿 daai6 syu6 bo1' lo4”,546,,已校,
11612,木耳,,muk6 ji5,,特指一種粗厚的木耳，比“雲耳”（一般的木耳）質次，不好吃,546,,已校,
11613,木魚書,,muk6 jyu4 syu1,,舊時的一種民間唱本，有故事情節，中秋節有人大量叫賣,546,,已校,
11614,木頭公仔,,muk6 tau4 gung1 zai2,,①拉綫木偶 ②喻不能自主之人 ‖ ①也叫“扯綫公仔 ce2 sin3 gung1 zai2”,546,,已校,
11615,木棉,,muk6 min4,,木棉樹上産的棉絮 ‖ 木棉樹是嶺南特有的大樹之一,546,,已校,
11616,木糠,,muk6 hong1,,鋸末，木屑：啲板係～整嘅,546,,已校,
11617,木蝨,,muk6 sat1,,臭蟲：～春<臭蟲卵>丨～竇<臭蟲窩>,546,,已校,
11618,木獨,,muk6 duk6,,①表情呆板、麻木，不言不語 ②食物無味，不滑也不澀：啲魚肉咁～嘅，唔好食,546,,已校,
11619,幅,,fuk1,,量詞。①張，用於布帛、呢絨、圖畫等：一～被裏｜一～被面｜一～網｜一～布｜一～畫 ②塊，片：一～肉 ③片，用於較大的東西，比如田地等：一～田｜一～菜地｜一～牆,547,,已校,
11620,複,,fuk1,,反摺，叠爲雙層：～埋張被喇｜將地席～好佢喇<摺成雙層>｜～埋塊布｜～起件衫<將衣服下襬翻上來>,547,,已校,
11621,福心,,fuk1 sam1',,修好，積德：佢個老母好～㗎｜做下～喇，救濟下人喇<積德吧，救救人吧>,547,,已校,
11622,服,,fuk6,,①信服，服氣：口～心唔～｜佢～某人管，唔～我管｜唔～你｜佩～ ②孝服：着～｜脱～ ③量詞。劑，用於中藥：一～藥 ④吃（藥）：口～｜内～ ⑤適應：不～水土 ⑥承當：～刑｜～罪,547,,已校,
11623,服輸,,fuk6 syu1',,服氣，認輸：佢點都唔～ ‖ 也説“認輸 jing6 syu1'”,547,,已校,
11624,涿,,duk1,,量詞。泡，多用於排泄物：一～屎｜一～鼻涕｜一～口水｜一～屎 ‖ 集韵屋韵都木切：“流下滴”,547,,已校,
11625,督,,duk1 zeot1,,拱卒，本爲象棋術語，引申爲偷渡去香港,547,,已校,
11626,擉,,duk1,,①（用尖物）戳，捅，刺：～穿張紙｜～爛件衫咯｜～親肉｜～親手｜◇～穿佢嘅陰謀 ②指：～口～鼻<指着鼻子駡> ③壓，杵（使火熄滅）：～烏枝煙喇｜～熄條柴 ‖ 集韵燭韵株玉切：“刺也。”古知母字，今讀如端母，保留古重唇音,547,,已校,
11627,擉背脊,,duk1  bui3 zek3,,在背後説壞話，北京説“戳脊梁骨”：唔好畀人～啊,547,,已校,
11628,㞘,,duk1,,①臀，器物的底：沙梨～<豬臀部的肉>｜姣思扽～<形容浪蕩女人走路神態>｜碗～｜盆～｜缸～｜沙煲～｜桶～ ②盡頭：屋～｜村～｜巷～｜屈～巷<死胡同>｜行到～就到嘞 ‖ 集韵屋韵都木切：“博雅臀也”,547,,已校,
11629,㞘底,,duk1 dai2,,最裏邊，最底下，盡頭處,547,,已校,
11630,獨家村,,duk6 gaa1' cyun4,,不與人來往：也你咁～啊｜你都係～嘅喇，唔出去相與<結交>下人,547,,已校,
11631,獨市生意,,duk6 si5 saang1' ji3,,獨家買賣：佢做～嘅,547,,已校,
11632,獨耳煲,,duk6 ji5 bou1,,舊時指戴耳環的或穿有耳孔的男孩,547,,已校,
11633,獨頭婆,,duk6 tau4 po4,,孤老婆子,547,,已校,
11634,獨頭公,,duk6 tau4 gung1,,孤老頭子,547,,已校,
11635,獨頭物,,duk6 tau4 mat6,,唯一的東西或貨物,547,,已校,
11636,獨睡,,duk6 seoi6*2,,①單人牀：大～｜細～｜買張～ ②單人睡覺用的：呢張席係～嘅｜～被｜～牀｜～蚊帳,547,,已校,
11637,獨眼龍,,duk6 ngaan5 lung4*2,,獨眼者,547,,已校,
11638,獨食,,duk6 sik6,,吃獨食：乜你咁～㗎｜～仔,547,,已校,
11639,獨食罌,,duk6 sik6 aang1,,後頸窩，北方叫“爭嘴窩”,547,,已校,
11640,讀口黄,,duk6 hau2 wong4*2,,只會背書而不明其義，不知所云：教佢～啫，字都未識 ‖ 也説“念口黄 nim6 hau2 wong4*2”,547,,已校,
11641,讀枉書,,duk6 wong2 syu1',,説人不明道理，枉讀詩書,547,,已校,
11642,禿頭,,tuk1 tau4,,副詞。只，僅：今晚電視，～係相聲啫｜呢箱野～係碗嘅啫，冇其他野,547,,已校,
11642-缺1,禿碌,,tuk1 luk1,,副詞。①光身只穿外衣，不穿內衣：你点解～着一件衫？｜你～着棉衲唔暖嘅喎！｜褲就着～一條 ②光禿禿地：佢～冇頭髮 ‖ 也説“光禿碌 gwong1' tuk1 luk1”,548,,已校,
11643,𧿔,,nuk6,,光着腳踩，踐踏：～下啲泥｜～衫<洗衣用腳踩>｜踩踩～～｜洗蚊帳時～下佢 ‖ 集韵屋韵女六切：“行也”,548,,已校,
11644,碌,,luk1,,①圓柱形物：蝦～｜磨～｜石～ ②量詞。用於長條的東西，相當於“段、根”：一～蔗｜一～衫｜一～薯｜一～木,548,,已校,
11645,碌柚,,luk1 jau6*2,,①柚子，有沙田柚、桑麻柚、胭脂腳等三種 ②指人的屁股、臀部,548,,已校,
11646,睩,,luk1,,瞪（眼）：吹鬚～眼｜眼～～｜～起對眼 ‖ 廣韵屋韵夫谷切：“視貌”,548,,已校,NA：原書備註有誤，《廣韵》中該字爲“盧谷切”。
11647,轆,,luk1,,①輪子，軲轆：車～｜綫～ ②滾動：喺樓梯～落來｜～地<打滾兒> ③碾，軋：畀車～親腳｜～死人,548,,已校,
11648,轆架牀,,luk1 gaa3*2 cong4,,雙層木牀,548,,已校,
11649,轆地沙,,luk1 dei6 saa1,,睡在地上 ‖ 也説“轆地 luk1 dei6*2”,548,,已校,
11650,轆牛,,luk1 ngau4*2,,小兒遊戲，將一磚斜靠，以銅錢自磚上滾下，看誰最遠，以遠者擲近者，擲中者勝 ‖ 也叫“轆錢 luk1 cin4*2”,548,,已校,
11651,轆轉便,,luk1 zyun3 bin6,,翻身：瞓瞓下就～<睡着睡着就翻個個兒>,548,,已校,
11652,轆轆鞋,,luk1 luk1 haai4,,舊時新婦穿的船形底的鞋,548,,已校,
11653,六圍圍,,luk6 wai4 wai4,,划拳用語。代表六,548,,已校,
11654,陸軍裝,,luk6 gwan1' zong1,,舊時男子髮式，留一厘米頭髮，前面頭髮略長（與“平頭裝”、“西裝”相對）,548,,已校,
11655,綠豆沙,,luk6 dau6 saa1,,常見的一種甜食，以綠豆煮爛成稀粥狀，去殼，加糖做成,548,,已校,
11656,熝,,luk6,,①用液體燙：畀粥～親手｜滾水～腳<喻跑得快>｜～熟｜～下筷子<消毒> ②略煮開，相當於“涮、焯”：～魚生｜～漿來漿衫｜～麵<煮麵條>｜～生菜 ③氽，時間略長：～魚球<魚肉丸子> ‖ 集韵屋韵夫谷切：“煉也”,548,,已校,NA：原書備註有誤，《集韵》中該字爲“盧谷切”。
11657,熝粥,,luk6 zuk1,,把生魚片或其他原料放入滾開的粥中燙熟，做成各種肉粥,548,,已校,
11658,竹花頭,,zuk1 faa1' tau4*2,,漢字偏旁，竹字頭 ‖ 也叫“竹字頭 zuk1 zi6 tau4*2”,548,,已校,
11659,竹紗,,zuk1 saa1',,舊時的一種細棉布，類似府綢,548,,已校,
11660,竹蔗,,zuk1 ze3,,一種小甘蔗，桿細，汁不很甜，用來煮水，是一種清涼飲料：茅根–水,548,,已校,
11661,竹紙,,zuk1 zi2,,練習毛筆字用的一種白紙，薄而有韌性，吸水性能好 ‖ 俗稱“字簿紙 zi2 bou6*2 zi2”,548,,已校,
11662,竹絲鷄,,zuk1 si1' gai1,,一種白毛鷄，皮、肉、骨皆黑色，以黑腳、重冠、綠耳者爲正品，有滋補作用。養在竹樹下的最佳。清乾隆賜名“武山鷄”,548,,已校,
11663,竹樹,,zuk1 syu6,,竹子的統稱,548,,已校,
11664,竹茹,,zuk1 jyu4,,製竹器刮下來的細竹絲，可用來擦洗器皿，也可入藥,548,,已校,
11665,竹篙精,,zuk1 gou1 zing1,,喻高個子：佢好似～,548,,已校,
11666,竹心,,zuk1 sam1,,（尚未伸展開的）針狀嫩竹葉 ‖ 俗名也叫“竹滭 zuk1 bit1”,549,,已校,
11667,竹筍髻,,zuk1 seon2 gai3*2,,①粵劇中再婚婦梳的髻，尖如竹筍 ②指粵劇中的女丑，專扮演媒婆、老鴇等,549,,已校,
11668,竹青,,zuk1 ceng1,,①竹子外層部分，編器物較堅固：～織席最好 ②竹子表皮上的青色薄衣：刮咗～去，刮滑佢,549,,已校,
11669,竹升,,zuk1 sing1,,用整段粗毛竹做的竹杠 ‖ 原叫“竹杠”，杠與降同音，不吉利，改爲“升”,549,,已校,
11670,竹筒屋,,zuk1 tung4 uk1,,以前民間的一種房屋，單間數進，又窄又深，形如竹筒,549,,已校,
11671,竹莢,,zuk1 haap3,,由竹節處生出的莢，比竹籜軟些,549,,已校,
11672,竹笪,,zuk1 daat3,,①竹編的小薄片，在鍋中蒸食物時用做支架 ②竹編的大塊席，用以晾曬物品,549,,已校,
11673,竹滭,,zuk1 bit1,,尚未展開的針狀嫩竹葉，煮水喝可清内熱 ‖ 也叫“竹心 zuk1 sam1”。滭，同音字,549,,已校,
11674,竹綟,,zuk1 lit3,,竹節,549,,已校,
11675,竹白,,zuk1 baak6*2,,竹子最裏的一層，質較軟，可織成軟席，用來曬物品,549,,已校,
11676,竹□,,zuk1 laak2,,長形竹帚，洗刷馬桶、木盆等用,549,,已校,
11677,竹織鴨,,zuk1 zik1 aap3*2,,喻没有真心的人：～，冇心肝<歇後語>,549,,已校,
11678,竹殼,,zuk1 hok3,,竹𫾟<⿰扌⿱𥫗睪>，嫩竹成長過程中脱下的一片片弧形硬皮,549,,已校,NA：原書釋義中“𫾟<⿰扌⿱𥫗睪>”或即爲“籜”。
11679,足晒用神,,zuk1 saai3 jung6 san4,,全神貫注，用心盯住，一心一意打算做某事：佢聽見話去睇戲，就～噉 ‖ 也説“足硬用神 zuk1 ngaang6 jung6 san4”,549,,已校,
11680,足水,,zuk1 seoi2,,形容人滿以爲可以得償所願，但並非如此：唔好咁～，冇你份,549,,已校,
11681,足文,,zuk1 man4,,副詞。足足：～講咗一個鐘頭,549,,已校,
11682,足斤,,zuk1 gan1',,足夠一定的分量：～月餅<四個一斤的月餅>,549,,已校,
11683,粥,,zuk1,,大米煮成的稀飯：明火白～丨紅豆～丨及第～丨魚生～丨稀～,549,,已校,
11684,粥底,,zuk1 dai2,,做各種肉粥時，先下配料（如豬骨、大地魚等）和米一起煮，叫做“粥底”。煮好後再下主料（如魚、肉等）,549,,已校,
11685,粥䤍,,zuk1 mei4*1,,粥皮，粥面上凝結的一層薄皮,549,,已校,
11686,粥水,,zuk1 seoi2,,粥中潷出的汁水：隔<濾>咗～就剩粥渣,549,,已校,
11687,捉,,zuk3,,捕捉：～住佢丨～到鹿唔識脱角<熟語>丨～老鼠丨～賊丨～木蝨,549,,已校,NA：現在（2020s）“捉”習讀zuk1。
11688,捉字蝨,,zuk3 zi6 sat1,,摳字眼兒，挑錯字，引申爲找别人的漏洞,549,,已校,NA：現在（2020s）“捉”習讀zuk1。
11689,捉伊人,,zuk3 ji1 jan4*1,,①捉迷藏，一人蒙着眼睛捉其他人的遊戲 ②兩人互相尋訪而不能相見,549,,已校,NA：現在（2020s）“捉”習讀zuk1。
11690,捉鷄腳,,zuk3 gai1 goek3,,①捉奸 ②矇騙買主：佢專捉人鷄腳嘅,549,,已校,NA：現在（2020s）“捉”習讀zuk1。
11691,捉匿匿,,zuk3 nei1 nei1,,捉迷藏的一種，一人伏着，其餘的人四散藏起，由伏者去搜尋，被尋到者再伏着，輪流玩下去 ‖ 也叫“伏匿匿 buk6 nei1 nei1”。匿，訓讀字,549,,已校,NA：現在（2020s）“捉”習讀zuk1。
11692,捉棋,,zuk3 kei4*2,,下棋 ‖ 捉，可能是“着”的變讀,549,,已校,NA：現在（2020s）“捉”習讀zuk1。
11693,捉老襯,,zuk3 lou5 can3,,冤大頭，以劣貨騙人：畀人～丨捉佢老襯 ‖ 也説“搵老襯 wan2 lou5 can3”,549,,已校,NA：現在（2020s）“捉”習讀zuk1。
11694,捉盲盲,,zuk3 maang4 maang4*1,,捉迷藏 ‖ 也説“挱盲盲 saa2 maang4 maang4*1”或“摸盲盲 mo2 maang4 maang4*1”,550,,已校,NA：現在（2020s）“捉”習讀zuk1。
11695,捉黄腳鷄,,zuk3 wong4 goek3 gai1,,捉奸,550,,已校,NA：現在（2020s）“捉”習讀zuk1。
11696,捉蟲入屎胐,,zuk3 cung4 jap6 si2 pei5,,熟語。喻自己找麻煩，找倒霉,550,,已校,NA：現在（2020s）“捉”習讀zuk1。
11697,捉用神,,zuk3 jung6 san4,,猜測别人的意圖，然後去迎合他。原是占卦的術語：我捉佢用神丨呢個人專～嘅丨捉錯用神,550,,已校,NA：現在（2020s）“捉”習讀zuk1。
11698,俗例,,zuk6 lai6,,風俗，習慣：你呢處過年嘅～点樣㗎？,550,,已校,
11699,俗品,,zuk6 ban2,,俗氣,550,,已校,
11700,俗骨,,zuk6 gwat1,,粗俗：你講啲話咁～嘅，唔得斯文,550,,已校,
11701,噈,,zuk6,,嗆（嗓子）：～喉丨～親<嗆着了> ‖ 集韵屋韵就六切：“歍噈也”,550,,已校,
11702,噈喉,,zuk6 hau4,,（食物進入氣管而）嗆嗓子 ‖ 也説“吞錯喉 tan1' co3 hau4”,550,,已校,
11703,贖,,zuk6,,①找（錢）：呢本書八毫子，畀一文，～返兩毫子 ②用財物換回抵押品：～身丨～返間屋 ‖ ①多説“找 zaau2”,550,,已校,
11704,蹴,,cuk1,,按着東西躍上去：～上牆頭丨佢一～～上張枱 ‖ 集韵屋韵七六切：“説文躡也”,550,,已校,
11705,觸,,cuk1,,①提醒：佢唔記得咗由我～起佢想返丨～醒佢 ②想起，回憶起：我唔記得佢個名好耐嘞，今日～起啫,550,,已校,
11706,叔,,suk1,,①父之弟：佢係我阿～丨二～丨三～ ②大叔，對一般男性長輩的尊稱：劉～丨何～丨二～<特指姓陳的>丨强～<以名打頭的尊稱>,550,,已校,
11707,叔婆,,suk1 po4,,祖父之弟妻，外祖父之弟妻,550,,已校,
11708,叔仔,,suk1 zai2,,丈夫之弟（背稱）,550,,已校,
11709,叔公,,suk1 gung1,,祖父之弟，外祖父之弟,550,,已校,
11710,宿,,suk1,,①睡：～舍丨～大覺 ②餿味，汗臭味：酸酸～～丨～臭丨汗～丨～包<汗臭很重的人>丨～飯,550,,已校,
11711,宿大覺,,suk1 daai6 gaau3,,睡大覺 ‖ 也説“大覺宿”。宿，有人讀 sok1,550,,已校,
11712,宿馠馠,,suk1 ham1' ham1',,形容臊味，多指嬰兒的氣味 ‖ 也説“宿亨亨 suk1 hang1' hang1'”。馠，廣韵覃韵火含切：“小香”,550,,已校,
11713,粟米,,suk1 mai5*2,,玉米：～衣丨～鬚丨～心丨～油丨～粉,550,,已校,NA：現在（2020s）習讀suk1 mai5。
11714,粟仔,,suk1 zai2,,小米，比北方的小米小些，多用做鳥飼料,550,,已校,
11715,縮,,suk1,,①退縮：～手～腳丨閃閃～～ ②没展開，不伸出：～頭～頸丨～開手喇 ③挪：～開啲喇<挪開點吧> ④由大變小，由長變短，收縮：～短丨啲布～水嘅,550,,已校,
11716,縮沙,,suk1 saa1,,臨陣退縮：佢頭先話做，而家又～咯,550,,已校,
11717,縮頭龜,,suk1 tau4 gwai1,,喻膽小怕事、軟弱無能的人,550,,已校,
11718,縮數,,suk1 sou3,,爲自己打算，算計：呢個人好～嘅,550,,已校,
11719,縮水,,suk1 seoi2,,①布類下水之後縮短：縮下水先丨呢種布好～嘅丨啲布縮咗水嘅喇<這布已下過水> ②（貨幣）貶值：銀紙～丨荷包～ ‖ ②也説“折水 sit6 seoi2”,550,,已校,
11720,縮骨,,suk1 gwat1,,①藏頭露尾，有鬼主意，暗中占小便宜：佢個野好～㗎 ②説話俏皮帶譏諷但不露鋒芒,550,,已校,
11721,縮骨遮,,suk1 gwat1 ze1,,摺叠傘,550,,已校,
11722,熟,,suk6,,①植物的果實完全長成（與“生”相對）：荔枝～咯丨～透 ②（食物）加熱到可食用的程度：～食丨～肉丨～油 ③加工製造或鍛煉過的：～鹽丨～皮丨～鐵丨～灰丨～煙丨～紗 ④熟識的：～人丨～客丨～朋友丨～路 ⑤與之相熟，很懂得：我好～佢嘅丨～到爛丨～水性 ⑥熟練：～手,551,,已校,
11723,熟口熟面,,suk6 hau2 suk6 min6,,非常熟識，老相識,551,,已校,
11724,熟腍椗,,suk6 nam4 ding3,,形容果子熟透，熟得柄都爛了：鷄心柿熟到熟腍椗 ‖ 也説“熟到腍 suk6 dou3 nam4”。椗，俗字，柄,551,,已校,
11725,熟品,,suk6 ban2,,老生常談的，司空見慣的：你講啲説話都～咯，唔講我都知咯,551,,已校,
11726,熟人熟氏,,suk6 jan4 suk6 si6*2,,交情深的熟人：～，冇乜所謂呀,551,,已校,
11727,熟面口,,suk6 min6 hau2,,面孔熟，面善：呢個人好～噃,551,,已校,
11728,熟性,,suk6 sing3,,①通人情：你都唔～嘅 ②按别人的要求做：～下喇,551,,已校,
11729,熟行,,suk6 hong4,,懂行，内行：佢都唔～嘅,551,,已校,
11730,熟㶧㶧,,suk6 naat3 naat3,,形容人與人很熟識 ‖ 㶧，俗借字，燙,551,,已校,
11731,熟客仔,,suk6 haak3 zai2,,熟客，老主顧,551,,已校,
11732,熟食,,suk6 sik6,,（作爲商品賣的）煮熟的各種肉食,551,,已校,
11733,熟落,,suk6 lok6,,①人的關係很熟，無拘無束：我同佢好～㗎 ②做事、幹活兒熟練：佢做野都幾～噃,551,,已校,
11734,熟肉,,suk6 juk6,,喻受壓迫者、軟弱者：佢當我係～來謑[ha˥˧]<欺負>,551,,已校,
11735,贖參,,suk6 sam1,,贖票兒，用錢財換回被綁去的人質,551,,已校,
11736,趜,,guk1,,緊箍，約束：～鞋～襪<捂着鞋襪>丨對鞋好～腳<鞋緊，夾腳> ‖ 集韵屋韵居六切：“説文窮也。一曰趜䞭，足不伸”,551,,已校,
11737,穀,,guk1,,稻穀,551,,已校,
11738,穀圍,,guk1 wai4,,盛稻穀的囤，用竹編織的長條席圍成：軟～丨硬～,551,,已校,
11739,穀氣,,guk1 hei3,,竹織的長筒，插在糧食堆中用來透氣,551,,已校,
11740,穀埠,,guk1 fau6*2,,舊時做穀物集散生意的機構，相當於“欄頭”：佢係做～嘅,551,,已校,
11741,穀牛,,guk1 ngau4*2,,糧食中的黑色尖嘴小蟲，即象鼻蟲 ‖ 也叫“米牛 mai5 ngau4”,551,,已校,
11742,穀摪,,guk1 coeng3,,稻穀上的芒刺 ‖ 摪，集韵漾韵七亮切：“刺也”,551,,已校,
11743,䏱,,guk1,,①填（鷄鴨等使速肥）：～肥啲鷄丨～肥隻豬 ②肥而膨脹：～肉肥鷄丨～起泡腮丨肚～<肚脹> ③憋，鼓（氣）：～住道氣丨～下佢喇<給他鼓鼓勁兒吧> ‖ 《字彙》居六切：“身也，又肥也”,551,,已校,
11744,䏱奶,,guk1 naai5,,①乳房脹 ②（爲産婦）催奶，下奶：臊蝦<嬰兒>冇奶食，食啲豬腳來～喇,551,,已校,
11745,鞫,,guk1,,①説服：～佢承認 ②追問不放：唔肯去都要～佢去 ‖ 廣韵屋韵居六切：“説文日窮治罪人也”,551,,已校,
11746,局,,guk6,,①形勢，情况：～面丨～勢丨結～丨定～ ②圈套：騙～ ③拘束：～限丨～縮 ④部分：～部 ⑤暗中作弄人，使他出錢：佢請食野丨～佢出錢,551,,已校,
11747,局,,guk6*2,,①某些辦理業務的機構：衛生～丨郵～丨電話～ ②某些商店的名稱：書～,551,,已校,
11748,局縮,,guk6 suk1,,①不喜歡交際，不愛言語：佢個人好～嘅 ②（地方）窄小，擁擠：住得好～｜地方好～,552,,已校,
11749,局縮氣,,guk6 suk1 hei3,,窩囊氣：一肚～,552,,已校,
11750,焗,,guk6,,①憋悶，空氣不流通：房間冇開窗，好～｜～到死 ②微火燜煮或開水泡，不使透氣：～飯｜～鵪鶉｜～茶｜～熟佢 ③（密閉式）烘烤：～魚｜～番薯｜～麵包｜鹽～鷄 ‖ 俗字,552,,已校,
11751,焗暑,,guk6 syu2,,中暑 ‖ 也説“感暑 gam2 syu2”或“暑親 syu2 can1'”,552,,已校,
11752,焗雨,,guk6 jyu5,,天氣悶熱欲雨：個天～,552,,已校,
11753,焗爐,,guk6 lou4,,烤箱，烤食品的爐：電～,552,,已校,
11754,焗親,,guk6 can1',,中暑，受暑 ‖ 也説“焗暑”或“暑親 syu2 can1'”,552,,已校,
11755,焗汗,,guk6 hon6,,捂汗，發汗：食咗感冒藥要～,552,,已校,
11756,焗傷風,,guk6 soeng1' fung1',,熱傷風（與“冷傷風”相對）,552,,已校,
11757,焗盅,,guk6 zung1,,有蓋的茶碗，底下有碟子托着，北京叫“蓋碗兒” ‖ 也叫“茶盅 caa4 zung1”,552,,已校,
11758,焗腳,,guk6 goek3,,捂腳，腳汗不能散發出去：熱天着膠鞋好～,552,,已校,
11759,𤌍,,huk6,,熱氣蒸灼：～親手<灼傷了手>｜啲熱氣～埋來｜廚房裏便熱氣～住晒<廚房裏頭全是熱氣熏着> ‖ 廣韵沃韵胡沃切：“灼也”,552,,已校,
11760,屋,,uk1,,①整座的房屋：木～｜石～｜磚～｜吉～<空房子>｜一間～<一所房子>｜鷄～<鷄舍>｜～租｜～契｜～主｜同～住<同一座房子的鄰居> ②家：搬～｜～企 ③專賣某種商品的店：麵包～｜精品～｜肥人～<專賣胖人衣服的店>,552,,已校,
11761,屋企,,uk1 kei2,,家：返～｜我～有三口人｜～人<家眷>,552,,已校,
11762,屋檐,,uk1 jam4,,房檐 ‖ 也叫“瓦檐 ngaa5 jam4”。jam4，口語音，文讀 jim4,552,,已校,
11763,屋脊,,uk1 zek3,,房脊 ‖ 也叫“瓦脊 ngaa5 zek3”,552,,已校,
11764,屋㞘,,uk1 duk1,,房子的後部最深處：我間屋嘅～係廚房,552,,已校,
11765,㤢,,juk1,,動：心～～｜咪～<别動>｜～多兩～就摑你｜周身～｜樹頭未動，樹尾先～ ‖ 集韵屋韵乙六切：“心動”,553,,已校,
11766,㤢手,,juk1 sau2,,動手，開始做：佢都未曾～做,553,,已校,
11767,㤢手㤢腳,,juk1 sau2 juk1 goek3,,動手動腳,553,,已校,
11768,㤢身㤢勢,,juk1 san1 juk1 sai3,,老是動來動去，形容人坐得不斯文,553,,已校,
11769,㤢動,,juk1 dung6,,活動，移動：我都唔想～,553,,已校,
11770,㤢卒,,juk1 zeot1,,活動，動彈：咪～<别動>｜我成日睇住個細路哥，點㤢得卒呀？｜我一日都冇㤢到卒,553,,已校,
11771,㤢㤢貢,,juk1 juk1 gung3,,動來動去，坐立不安,553,,已校,
11772,肉,,juk6,,①人或動物體内接近皮的部分的柔韌物質：豬～ ②某些果實的仁，某些瓜果可吃的部分：花生～｜菱角～｜瓜子～｜合桃～｜蒜～｜龍眼～ ③肉多的，肥美的：～豬｜～蟹｜～蔗｜～排,553,,已校,
11773,肉,,juk6*2,,①某些肉食（多是豬肉）：買啲瘦～來煲粥｜晾～<風乾的瘦豬肉> ②事物的中心部分：錶～<錶的中心機件>｜信～<信瓤>｜戲～<戲的精華、高潮>,553,,已校,
11774,肉慽,,juk6 cek3,,揪心，心疼 ‖ 也説“肉痛”,553,,已校,
11775,肉蟹,,juk6 haai5,,一種肉多的螃蟹（與“膏蟹”相對）,553,,已校,
11776,肉地,,juk6 dei6*2,,皮膚：～好粗｜～好幼<皮膚很細嫩>,553,,已校,
11777,肉𣺶𣺶,,juk6 saan4 saan4,,形容肉類黏滑，口感不佳：啲乳豬～，唔好食嘅 ‖ 𣺶，集韵山韵棧山切：“魚龍身濡滑者”,553,,已校,
11778,肉緊,,juk6 gan2,,①緊張，揪心：唔使咁～ ②（爲某人或某事而）揪心：真～佢嘅啫,553,,已校,
11779,肉酸,,juk6 syun1',,①酸癢的感覺：唔好揤[tsit˥]<脇肢>得我咁～ ②難看，難聽，使人肉麻：件衫咁～,553,,已校,
11780,肉糠,,juk6 hong1',,（夾雜碎米的）細米糠 ‖ 也叫“幼糠 jau3 hong1'”,553,,已校,
11781,肉黄餅,,juk6 wong4 beng2,,用肥豬肉丁做餡，白麵做皮烙的餅，只限於清明掃墓時用以祭祖,553,,已校,
11782,肉痛,,juk6 tung3,,①心疼（錢財、愛物） ②心疼（親人遇到不幸）‖ 也説“肉慽”,553,,已校,
11783,肉滑,,juk6 waat6*2,,加調味料拌好的肉末，是供出售的半成品，可做肉丸、蒸肉餅等,553,,已校,
11784,肉月,,juk6 jyut6*2,,肉餡月餅的簡稱（與“素月”相對）,553,,已校,
11785,褥,,juk6*2,,褥子：薦～<墊褥>｜一張～,553,,已校,
補1,地,,dei6,dei6,借用同音字。相當於“們”：我~｜你~｜佢~。,,,未校對,
補2,啊,,aa3,aa3,表疑問、感嘆：你今晚去唔去睇戲~？｜呢幅畫幾靚~！,,,未校對,
補3,吖,,aa1,aa1,①表疑問（強調語氣）：你夠唔夠膽博過~？｜你講嘅真~假啊？ ②表感嘆（強調）：幾時得來~<遲早着哪>！｜呢件事唔出奇~！,,,未校對,
補4,呀,,aa4,aa4,表疑問、反問。帶有詫異語氣：你估佢歡喜你~？唔使想啊！｜咁壞嘅事你都肯做~？,,,未校對,
補5,喇,,laa1,laa1,①表肯定或回答别人問話，語氣輕鬆：係噉先~<先這麼着吧>｜去我處坐下好嗎？——費事~<别麻煩了>｜你食唔食辣㗎？——沙少~<略吃一點> ②表請求、勸告：快啲食~｜你去先~，我等陣至去 ③列舉事物：去野餐帶啲沙梨～，芒果～，花生～，鷄蛋糕～，汽水～…,,,未校對,
補6,喇,,laa3,laa3,①表肯定語氣：我食咗～，唔食～｜六點鐘你就要起身～ ②表疑問：攪成点～<弄得怎麼樣啦>？｜佢今年幾多歲～？,,,未校對,
補7,呢,,ne1,ne1,①表指示或提醒：～，喺嗰度<這不是，在那兒>｜～，唔見咗個荷包<這不是，把錢包兒丢了> ②表詢問、商量：我要買幾多尺布至夠～？｜你想買乜嘢～？ ③詢問在何處：你阿媽～<你媽媽在哪兒>？｜我件雨衣～？,,,未校對,
補8,㗎,,gaa3,gaa3,①表確定（加强語氣）：係噉～，冇錯｜噉樣做唔得～｜得～，有辦法，一定幫你攪掂 ②表疑問：你幾時來～？ ｜呢啲係乜野來～<這些是什麼玩意兒呀>？,,,未校對,
補9,嘞,,laak3,laak3,表示事情已發生或有新情况出現：啲人走晒～，唔使再講落去～｜落雨～，收衫喇。,,,未校對,
補10,啫,,ze1,ze1,①表示只不過…而已，罷了：我話咗佢兩句～，佢就喊起來<我只説了他兩句罷了，他就哭起來>｜百幾文[mɐn˥]～，我買得起<一百多元罷了，我買得起> ②表疑問，有微嗔之意：做乜野～<幹嗎呀>？｜有乜野事～<有什麼事兒呀>？,,,未校對,
補11,𫫊<⿰口隻>,,zek1,zek1,①表示只不過…罷了：凈係我一個人喺處～ ②表提醒，有誇張色彩：唔係嘅～<才不哪>｜我都食過呢啲菜～<我可也吃過這些菜呢>。,,,未校對,
補12,囉,,lo1,lo1,①表示解釋或説明：呢條路直行去唔係～<這條路一直走去不就是了嘛>｜点解你唔去旅行啊？——唔得閑～<没有空唄> ②表呼喚或催促：來～｜開始～｜食飯～｜去～，去～，快啲～。,,,未校對,
補13,啩,,gwaa3,gwaa3,表示半信半疑、估量或推測：佢大過你～<他大約比你大吧>？｜我估佢會來～<我猜他會來的吧 ②表示徵求對方意見，語氣緩和：而家我可以走嘞～？｜唔係～？,,,未校對,
補14,喎,,wo5,wo5,表示轉述别人的話或表示不以爲然：阿媽叫你一定來～｜你以爲你𥌮晒～<你以爲你比别人都聰明嗎>！,,,未校對,
補15,嗎,,maa5,maa5,表疑問：佢係你大佬～？｜玩多幾日至好走～？,,,未校對,
補16,噃,,bo3,bo3,①表叮囑或勸告：夜晚你唔好出街～<晚上你可别上街呀> ②表提醒、肯定：佢關心你～｜唔關我事～<與我可没關係的呀> ③經考慮後表示覺醒：係～，你講嘅説話到幾啱～<可也是，你説的話也挺對的哪>。,,,未校對,
補17,咩,,me1,me1,表反問：你重唔知～<你還不知道嗎>？｜係噉嘅～<是這樣的嗎>？｜你傻嘅～<你難道是傻子嗎>？,,,未校對,
